Workbook

Sheet 2024
A1: Evolución de las exportaciones con origen en la provincia de Santa Fe, según destino. Período enero - diciembre de 2024.
B4: Enero - diciembre 2024
A5: País de destino | B5: Valor F.O.B. | C5: Peso Neto
B6: (en Dólares) | C6: (en Kilos)
A8: TOTAL | B8: 1.4741189e+10 | C8: 2.7122805e+10
A10: AFRICA | B10: 1.1020422e+09 | C10: 2.5123924e+09
A11: Burkina Faso | B11: 31015.42 | C11: 55525.25
A12: Argelia | B12: 2.4129376e+08 | C12: 5.2202884e+08
A13: Camerún | B13: 32010378 | C13: 79977519
A14: Congo | B14: 4304223.5 | C14: 11921413
A15: Rep. Democrática del Congo (ex Zaire) | B15: 10976255 | C15: 14804866
A16: Costa de Marfil | B16: 52849964 | C16: 1.3351468e+08
A17: Benin | B17: 23401.21 | C17: 41900.6
A18: Egipto | B18: 1.5466429e+08 | C18: 4.1845477e+08
A19: Gabón | B19: 4658601.3 | C19: 1441291.9
A20: Gambia | B20: 610839.92 | C20: 2317593.6
... A75: Bahrein | B75: 702487.02 | C75: 160970.3
A76: Myanmar (ex Birmania) Unión de | B76: - | C76: -
A77: Camboya (ex Kampuchea) | B77: 2049541.5 | C77: 272570.6
A78: Corea Republicana | B78: 1.4803087e+08 | C78: 4.1755326e+08
A79: China | B79: 1.0848704e+09 | C79: 1.3916531e+09
A80: Filipinas | B80: 1.4139776e+08 | C80: 3.6373312e+08
A81: Taiwan | B81: 22514308 | C81: 43596891
A82: India | B82: 1.719881e+09 | C82: 1.8433775e+09
A83: Indonesia | B83: 2.8846134e+08 | C83: 8.1283454e+08
A84: Iraq | B84: 1.1761041e+08 | C84: 2.9692189e+08
A85: Israel | B85: 1.2987891e+08 | C85: 2.0021424e+08
A86: Japón | B86: 8439999.9 | C86: 13408132
A87: Jordania | B87: 97901110 | C87: 2.4852462e+08
A88: Qatar | B88: 3099972.4 | C88: 8023226.8
... A92: Omán | B92: 40661376 | C92: 98138089
A93: Mongolia | B93: - | C93: -
A94: Nepal | B94: 547100.19 | C94: 1091768.7
A95: Emiratos Arabes Unidos | B95: 48666738 | C95: 1.326091e+08
A96: Paquistán | B96: 1.1170687e+08 | C96: 1.1062023e+08
A97: Singapur | B97: 2015747.1 | C97: 1148455.4
A98: Siria | B98: 254129.88 | C98: 1371859.5
A99: Tailandia | B99: 79232978 | C99: 67910452
A100: Vietnam | B100: 1.1736001e+09 | C100: 3.2269568e+09
A101: Hong Kong | B101: 6170272.8 | C101: 2622048.4
A102: Bangladesh | B102: 2.7885139e+08 | C102: 4.7521706e+08
A103: Brunei | B103: 3329592.2 | C103: 9632755
A104: República de Yemen | B104: 78928885 | C104: 2.1981439e+08
A105: Azerbaiján | B105: - | C105: -
A106: Georgia | B106: 25156745 | C106: 63033056
A107: Kazajstán | B107: 154221.4 | C107: 31386.9
A109: EUROPA | B109: 2.6056483e+09 | C109: 5.8788895e+09
A110: Albania | B110: 22893.99 | C110: 27719.66
A111: Austria | B111: 880001.11 | C111: 44964.57
A112: Bélgica | B112: 85551877 | C112: 84663500
A113: Bulgaria | B113: 3546901.4 | C113: 472601.53
A114: Dinamarca | B114: 8959794.5 | C114: 22417774
A115: España | B115: 3.6066243e+08 | C115: 9.2628873e+08
A116: Finlandia | B116: 51906.65 | C116: 37881.18
A117: Francia | B117: 97335911 | C117: 2.5447841e+08
A118: Grecia | B118: 1.5465887e+08 | C118: 3.882355e+08
... A156: SIN DECLARAR - DESCONOCIDO - IGNORADO (CONTINENTE) | B156: 1.4262076e+08 | C156: 2.5062085e+08
A157: Nota: Los datos se presentan protegidos de acuerdo a la normativa vigente sobre secreto estadístico y protección de datos individuales (art. 10º de la ley 17.622; título VI del decreto 3.110; art. 1º de la disposición 176/99, entre otros).
A158: (-) dato igual a cero.
A159: /// Dato que no corresponde presentar debido a la naturaleza de las cosas o del cálculo.
A160: Fuente: IPEC - INDEC.

Sheet Hoja1
C1: =+SUM(C4:C209) -> 1 | D1: =+SUM(D4:D209) -> 0.99427098 | E1: =1-D1 -> 0.0057290164
C3: 2001 | D3: 2001
B4: Afganistán | C4: =IF(ISNA(VLOOKUP(B4,'2001'!$F$9:$G$142,2,FALSE)),"",VLOOKUP(B4,'2001'!$F$9:$G$142,2,FALSE)) | D4: =IF(ISNA(VLOOKUP(C4,'2001'!$F$9:$G$142,2,FALSE)),"",VLOOKUP(C4,'2001'!$F$9:$G$142,2,FALSE))
B5: Albania | C5: =IF(ISNA(VLOOKUP($B5,'2001'!$F$9:$G$142,2,FALSE)),"",VLOOKUP($B5,'2001'!$F$9:$G$142,2,FALSE)) -> 2.466326e-05 | D5: =IF(ISNA(VLOOKUP($B5,'2002'!$F$9:$G$142,2,FALSE)),"",VLOOKUP($B5,'2002'!$F$9:$G$142,2,FALSE)) -> 4.9415226e-05
B6: Argelia | C6: =IF(ISNA(VLOOKUP($B6,'2001'!$F$9:$G$142,2,FALSE)),"",VLOOKUP($B6,'2001'!$F$9:$G$142,2,FALSE)) -> 0.010150497 | D6: =IF(ISNA(VLOOKUP($B6,'2002'!$F$9:$G$142,2,FALSE)),"",VLOOKUP($B6,'2002'!$F$9:$G$142,2,FALSE)) -> 0.010615883
B7: Andorra | C7: =IF(ISNA(VLOOKUP($B7,'2001'!$F$9:$G$142,2,FALSE)),"",VLOOKUP($B7,'2001'!$F$9:$G$142,2,FALSE)) | D7: =IF(ISNA(VLOOKUP($B7,'2002'!$F$9:$G$142,2,FALSE)),"",VLOOKUP($B7,'2002'!$F$9:$G$142,2,FALSE))
B8: Angola | C8: =IF(ISNA(VLOOKUP($B8,'2001'!$F$9:$G$142,2,FALSE)),"",VLOOKUP($B8,'2001'!$F$9:$G$142,2,FALSE)) -> 0.00011048815 | D8: =IF(ISNA(VLOOKUP($B8,'2002'!$F$9:$G$142,2,FALSE)),"",VLOOKUP($B8,'2002'!$F$9:$G$142,2,FALSE)) -> 0.00030802196
B9: Antigua y Barbuda | C9: =IF(ISNA(VLOOKUP($B9,'2001'!$F$9:$G$142,2,FALSE)),"",VLOOKUP($B9,'2001'!$F$9:$G$142,2,FALSE)) -> 1.1037597e-05 | D9: =IF(ISNA(VLOOKUP($B9,'2002'!$F$9:$G$142,2,FALSE)),"",VLOOKUP($B9,'2002'!$F$9:$G$142,2,FALSE)) -> 5.0026492e-06
B10: Armenia | C10: =IF(ISNA(VLOOKUP($B10,'2001'!$F$9:$G$142,2,FALSE)),"",VLOOKUP($B10,'2001'!$F$9:$G$142,2,FALSE)) | D10: =IF(ISNA(VLOOKUP($B10,'2002'!$F$9:$G$142,2,FALSE)),"",VLOOKUP($B10,'2002'!$F$9:$G$142,2,FALSE))
B11: Aruba | C11: =IF(ISNA(VLOOKUP($B11,'2001'!$F$9:$G$142,2,FALSE)),"",VLOOKUP($B11,'2001'!$F$9:$G$142,2,FALSE)) | D11: =IF(ISNA(VLOOKUP($B11,'2002'!$F$9:$G$142,2,FALSE)),"",VLOOKUP($B11,'2002'!$F$9:$G$142,2,FALSE))
B12: Australia | C12: =IF(ISNA(VLOOKUP($B12,'2001'!$F$9:$G$142,2,FALSE)),"",VLOOKUP($B12,'2001'!$F$9:$G$142,2,FALSE)) -> 0.0049196107 | D12: =IF(ISNA(VLOOKUP($B12,'2002'!$F$9:$G$142,2,FALSE)),"",VLOOKUP($B12,'2002'!$F$9:$G$142,2,FALSE))
B13: Austria | C13: =IF(ISNA(VLOOKUP($B13,'2001'!$F$9:$G$142,2,FALSE)),"",VLOOKUP($B13,'2001'!$F$9:$G$142,2,FALSE)) -> 7.6266455e-05 | D13: =IF(ISNA(VLOOKUP($B13,'2002'!$F$9:$G$142,2,FALSE)),"",VLOOKUP($B13,'2002'!$F$9:$G$142,2,FALSE)) -> 7.3817205e-05
B14: Azerbaiján | C14: =IF(ISNA(VLOOKUP($B14,'2001'!$F$9:$G$142,2,FALSE)),"",VLOOKUP($B14,'2001'!$F$9:$G$142,2,FALSE)) | D14: =IF(ISNA(VLOOKUP($B14,'2002'!$F$9:$G$142,2,FALSE)),"",VLOOKUP($B14,'2002'!$F$9:$G$142,2,FALSE))
B15: Bahamas | C15: =IF(ISNA(VLOOKUP($B15,'2001'!$F$9:$G$142,2,FALSE)),"",VLOOKUP($B15,'2001'!$F$9:$G$142,2,FALSE)) | D15: =IF(ISNA(VLOOKUP($B15,'2002'!$F$9:$G$142,2,FALSE)),"",VLOOKUP($B15,'2002'!$F$9:$G$142,2,FALSE)) -> 1.2780752e-05
B16: Bahrein | C16: =IF(ISNA(VLOOKUP($B16,'2001'!$F$9:$G$142,2,FALSE)),"",VLOOKUP($B16,'2001'!$F$9:$G$142,2,FALSE)) -> 6.5546019e-05 | D16: =IF(ISNA(VLOOKUP($B16,'2002'!$F$9:$G$142,2,FALSE)),"",VLOOKUP($B16,'2002'!$F$9:$G$142,2,FALSE))
... B40: Comoras | C40: =IF(ISNA(VLOOKUP($B40,'2001'!$F$9:$G$142,2,FALSE)),"",VLOOKUP($B40,'2001'!$F$9:$G$142,2,FALSE)) | D40: =IF(ISNA(VLOOKUP($B40,'2002'!$F$9:$G$142,2,FALSE)),"",VLOOKUP($B40,'2002'!$F$9:$G$142,2,FALSE))
A41: Rep. Democrática del Congo (ex Zaire) | B41: Rep. Democrática del Congo | C41: =IF(ISNA(VLOOKUP($B41,'2001'!$F$9:$G$142,2,FALSE)),"",VLOOKUP($B41,'2001'!$F$9:$G$142,2,FALSE)) -> 5.1539717e-06 | D41: =IF(ISNA(VLOOKUP($B41,'2002'!$F$9:$G$142,2,FALSE)),"",VLOOKUP($B41,'2002'!$F$9:$G$142,2,FALSE)) -> 0.00010537804
B42: Congo | C42: =IF(ISNA(VLOOKUP($B42,'2001'!$F$9:$G$142,2,FALSE)),"",VLOOKUP($B42,'2001'!$F$9:$G$142,2,FALSE)) -> 0.00015674879 | D42: =IF(ISNA(VLOOKUP($B42,'2002'!$F$9:$G$142,2,FALSE)),"",VLOOKUP($B42,'2002'!$F$9:$G$142,2,FALSE)) -> 0.00081456361
B43: Costa Rica | C43: =IF(ISNA(VLOOKUP($B43,'2001'!$F$9:$G$142,2,FALSE)),"",VLOOKUP($B43,'2001'!$F$9:$G$142,2,FALSE)) -> 0.00087148173 | D43: =IF(ISNA(VLOOKUP($B43,'2002'!$F$9:$G$142,2,FALSE)),"",VLOOKUP($B43,'2002'!$F$9:$G$142,2,FALSE)) -> 0.00044245992
B44: Costa de Marfil | C44: =IF(ISNA(VLOOKUP($B44,'2001'!$F$9:$G$142,2,FALSE)),"",VLOOKUP($B44,'2001'!$F$9:$G$142,2,FALSE)) -> 0.00022874212 | D44: =IF(ISNA(VLOOKUP($B44,'2002'!$F$9:$G$142,2,FALSE)),"",VLOOKUP($B44,'2002'!$F$9:$G$142,2,FALSE)) -> 8.89659e-05
B45: Croacia | C45: =IF(ISNA(VLOOKUP($B45,'2001'!$F$9:$G$142,2,FALSE)),"",VLOOKUP($B45,'2001'!$F$9:$G$142,2,FALSE)) -> 0.00016490355 | D45: =IF(ISNA(VLOOKUP($B45,'2002'!$F$9:$G$142,2,FALSE)),"",VLOOKUP($B45,'2002'!$F$9:$G$142,2,FALSE))
B46: Curazao | C46: =IF(ISNA(VLOOKUP($B46,'2001'!$F$9:$G$142,2,FALSE)),"",VLOOKUP($B46,'2001'!$F$9:$G$142,2,FALSE)) | D46: =IF(ISNA(VLOOKUP($B46,'2002'!$F$9:$G$142,2,FALSE)),"",VLOOKUP($B46,'2002'!$F$9:$G$142,2,FALSE))
B47: Chipre | C47: =IF(ISNA(VLOOKUP($B47,'2001'!$F$9:$G$142,2,FALSE)),"",VLOOKUP($B47,'2001'!$F$9:$G$142,2,FALSE)) -> 0.0017523776 | D47: =IF(ISNA(VLOOKUP($B47,'2002'!$F$9:$G$142,2,FALSE)),"",VLOOKUP($B47,'2002'!$F$9:$G$142,2,FALSE)) -> 0.0020435775
B48: República Checa | C48: =IF(ISNA(VLOOKUP($B48,'2001'!$F$9:$G$142,2,FALSE)),"",VLOOKUP($B48,'2001'!$F$9:$G$142,2,FALSE)) -> 1.035711e-05 | D48: =IF(ISNA(VLOOKUP($B48,'2002'!$F$9:$G$142,2,FALSE)),"",VLOOKUP($B48,'2002'!$F$9:$G$142,2,FALSE))
B49: Dinamarca | C49: =IF(ISNA(VLOOKUP($B49,'2001'!$F$9:$G$142,2,FALSE)),"",VLOOKUP($B49,'2001'!$F$9:$G$142,2,FALSE)) -> 0.04001595 | D49: =IF(ISNA(VLOOKUP($B49,'2002'!$F$9:$G$142,2,FALSE)),"",VLOOKUP($B49,'2002'!$F$9:$G$142,2,FALSE)) -> 0.028932943
B50: Djibouti | C50: =IF(ISNA(VLOOKUP($B50,'2001'!$F$9:$G$142,2,FALSE)),"",VLOOKUP($B50,'2001'!$F$9:$G$142,2,FALSE)) | D50: =IF(ISNA(VLOOKUP($B50,'2002'!$F$9:$G$142,2,FALSE)),"",VLOOKUP($B50,'2002'!$F$9:$G$142,2,FALSE))
B51: Dominica | C51: =IF(ISNA(VLOOKUP($B51,'2001'!$F$9:$G$142,2,FALSE)),"",VLOOKUP($B51,'2001'!$F$9:$G$142,2,FALSE)) -> 4.651224e-06 | D51: =IF(ISNA(VLOOKUP($B51,'2002'!$F$9:$G$142,2,FALSE)),"",VLOOKUP($B51,'2002'!$F$9:$G$142,2,FALSE)) -> 3.6111378e-06
B52: República Dominicana | C52: =IF(ISNA(VLOOKUP($B52,'2001'!$F$9:$G$142,2,FALSE)),"",VLOOKUP($B52,'2001'!$F$9:$G$142,2,FALSE)) -> 0.0077331777 | D52: =IF(ISNA(VLOOKUP($B52,'2002'!$F$9:$G$142,2,FALSE)),"",VLOOKUP($B52,'2002'!$F$9:$G$142,2,FALSE)) -> 0.0082123724
B53: Ecuador | C53: =IF(ISNA(VLOOKUP($B53,'2001'!$F$9:$G$142,2,FALSE)),"",VLOOKUP($B53,'2001'!$F$9:$G$142,2,FALSE)) -> 0.0037146457 | D53: =IF(ISNA(VLOOKUP($B53,'2002'!$F$9:$G$142,2,FALSE)),"",VLOOKUP($B53,'2002'!$F$9:$G$142,2,FALSE)) -> 0.0054246268
... B75: Honduras | C75: =IF(ISNA(VLOOKUP($B75,'2001'!$F$9:$G$142,2,FALSE)),"",VLOOKUP($B75,'2001'!$F$9:$G$142,2,FALSE)) -> 0.00014160242 | D75: =IF(ISNA(VLOOKUP($B75,'2002'!$F$9:$G$142,2,FALSE)),"",VLOOKUP($B75,'2002'!$F$9:$G$142,2,FALSE)) -> 0.00013026875
A76: Hong Kong | B76: Hong Kong (China) | C76: =IF(ISNA(VLOOKUP($B76,'2001'!$F$9:$G$142,2,FALSE)),"",VLOOKUP($B76,'2001'!$F$9:$G$142,2,FALSE)) -> 0.0016344286 | D76: =IF(ISNA(VLOOKUP($B76,'2002'!$F$9:$G$142,2,FALSE)),"",VLOOKUP($B76,'2002'!$F$9:$G$142,2,FALSE)) -> 0.0020372793
B77: Hungría | C77: =IF(ISNA(VLOOKUP($B77,'2001'!$F$9:$G$142,2,FALSE)),"",VLOOKUP($B77,'2001'!$F$9:$G$142,2,FALSE)) -> 1.9979027e-05 | D77: =IF(ISNA(VLOOKUP($B77,'2002'!$F$9:$G$142,2,FALSE)),"",VLOOKUP($B77,'2002'!$F$9:$G$142,2,FALSE))
B78: Islandia | C78: =IF(ISNA(VLOOKUP($B78,'2001'!$F$9:$G$142,2,FALSE)),"",VLOOKUP($B78,'2001'!$F$9:$G$142,2,FALSE)) | D78: =IF(ISNA(VLOOKUP($B78,'2002'!$F$9:$G$142,2,FALSE)),"",VLOOKUP($B78,'2002'!$F$9:$G$142,2,FALSE))
B79: India | C79: =IF(ISNA(VLOOKUP($B79,'2001'!$F$9:$G$142,2,FALSE)),"",VLOOKUP($B79,'2001'!$F$9:$G$142,2,FALSE)) -> 0.057864148 | D79: =IF(ISNA(VLOOKUP($B79,'2002'!$F$9:$G$142,2,FALSE)),"",VLOOKUP($B79,'2002'!$F$9:$G$142,2,FALSE)) -> 0.060109724
B80: Indonesia | C80: =IF(ISNA(VLOOKUP($B80,'2001'!$F$9:$G$142,2,FALSE)),"",VLOOKUP($B80,'2001'!$F$9:$G$142,2,FALSE)) -> 0.0027500188 | D80: =IF(ISNA(VLOOKUP($B80,'2002'!$F$9:$G$142,2,FALSE)),"",VLOOKUP($B80,'2002'!$F$9:$G$142,2,FALSE)) -> 0.0061513217
B81: Irán | C81: =IF(ISNA(VLOOKUP($B81,'2001'!$F$9:$G$142,2,FALSE)),"",VLOOKUP($B81,'2001'!$F$9:$G$142,2,FALSE)) -> 0.02475185 | D81: =IF(ISNA(VLOOKUP($B81,'2002'!$F$9:$G$142,2,FALSE)),"",VLOOKUP($B81,'2002'!$F$9:$G$142,2,FALSE)) -> 0.021678065
B82: Iraq | C82: =IF(ISNA(VLOOKUP($B82,'2001'!$F$9:$G$142,2,FALSE)),"",VLOOKUP($B82,'2001'!$F$9:$G$142,2,FALSE)) -> 0.0017142542 | D82: =IF(ISNA(VLOOKUP($B82,'2002'!$F$9:$G$142,2,FALSE)),"",VLOOKUP($B82,'2002'!$F$9:$G$142,2,FALSE))
B83: Irlanda | C83: =IF(ISNA(VLOOKUP($B83,'2001'!$F$9:$G$142,2,FALSE)),"",VLOOKUP($B83,'2001'!$F$9:$G$142,2,FALSE)) -> 0.0026207736 | D83: =IF(ISNA(VLOOKUP($B83,'2002'!$F$9:$G$142,2,FALSE)),"",VLOOKUP($B83,'2002'!$F$9:$G$142,2,FALSE)) -> 0.0039012223
B84: Israel | C84: =IF(ISNA(VLOOKUP($B84,'2001'!$F$9:$G$142,2,FALSE)),"",VLOOKUP($B84,'2001'!$F$9:$G$142,2,FALSE)) -> 0.0038592713 | D84: =IF(ISNA(VLOOKUP($B84,'2002'!$F$9:$G$142,2,FALSE)),"",VLOOKUP($B84,'2002'!$F$9:$G$142,2,FALSE)) -> 0.0021933831
B85: Italia | C85: =IF(ISNA(VLOOKUP($B85,'2001'!$F$9:$G$142,2,FALSE)),"",VLOOKUP($B85,'2001'!$F$9:$G$142,2,FALSE)) -> 0.05925471 | D85: =IF(ISNA(VLOOKUP($B85,'2002'!$F$9:$G$142,2,FALSE)),"",VLOOKUP($B85,'2002'!$F$9:$G$142,2,FALSE)) -> 0.065343247
B86: Jamaica | C86: =IF(ISNA(VLOOKUP($B86,'2001'!$F$9:$G$142,2,FALSE)),"",VLOOKUP($B86,'2001'!$F$9:$G$142,2,FALSE)) -> 0.00041185608 | D86: =IF(ISNA(VLOOKUP($B86,'2002'!$F$9:$G$142,2,FALSE)),"",VLOOKUP($B86,'2002'!$F$9:$G$142,2,FALSE)) -> 0.000432051
B87: Japón | C87: =IF(ISNA(VLOOKUP($B87,'2001'!$F$9:$G$142,2,FALSE)),"",VLOOKUP($B87,'2001'!$F$9:$G$142,2,FALSE)) -> 0.0047928371 | D87: =IF(ISNA(VLOOKUP($B87,'2002'!$F$9:$G$142,2,FALSE)),"",VLOOKUP($B87,'2002'!$F$9:$G$142,2,FALSE)) -> 0.0028063868
B88: Jordania | C88: =IF(ISNA(VLOOKUP($B88,'2001'!$F$9:$G$142,2,FALSE)),"",VLOOKUP($B88,'2001'!$F$9:$G$142,2,FALSE)) -> 0.011902904 | D88: =IF(ISNA(VLOOKUP($B88,'2002'!$F$9:$G$142,2,FALSE)),"",VLOOKUP($B88,'2002'!$F$9:$G$142,2,FALSE)) -> 0.0084357466
... B104: Maldivas | C104: =IF(ISNA(VLOOKUP($B104,'2001'!$F$9:$G$142,2,FALSE)),"",VLOOKUP($B104,'2001'!$F$9:$G$142,2,FALSE)) | D104: =IF(ISNA(VLOOKUP($B104,'2002'!$F$9:$G$142,2,FALSE)),"",VLOOKUP($B104,'2002'!$F$9:$G$142,2,FALSE))
A105: Mali | B105: Malí | C105: =IF(ISNA(VLOOKUP($B105,'2001'!$F$9:$G$142,2,FALSE)),"",VLOOKUP($B105,'2001'!$F$9:$G$142,2,FALSE)) -> 2.2355883e-05 | D105: =IF(ISNA(VLOOKUP($B105,'2002'!$F$9:$G$142,2,FALSE)),"",VLOOKUP($B105,'2002'!$F$9:$G$142,2,FALSE)) -> 6.7071382e-05
B106: Malta | C106: =IF(ISNA(VLOOKUP($B106,'2001'!$F$9:$G$142,2,FALSE)),"",VLOOKUP($B106,'2001'!$F$9:$G$142,2,FALSE)) -> 0.00020680312 | D106: =IF(ISNA(VLOOKUP($B106,'2002'!$F$9:$G$142,2,FALSE)),"",VLOOKUP($B106,'2002'!$F$9:$G$142,2,FALSE)) -> 0.00016109067
B107: Mauritania | C107: =IF(ISNA(VLOOKUP($B107,'2001'!$F$9:$G$142,2,FALSE)),"",VLOOKUP($B107,'2001'!$F$9:$G$142,2,FALSE)) -> 9.4080528e-05 | D107: =IF(ISNA(VLOOKUP($B107,'2002'!$F$9:$G$142,2,FALSE)),"",VLOOKUP($B107,'2002'!$F$9:$G$142,2,FALSE)) -> 0.00016495179
B108: Mauricio | C108: =IF(ISNA(VLOOKUP($B108,'2001'!$F$9:$G$142,2,FALSE)),"",VLOOKUP($B108,'2001'!$F$9:$G$142,2,FALSE)) -> 0.0014710222 | D108: =IF(ISNA(VLOOKUP($B108,'2002'!$F$9:$G$142,2,FALSE)),"",VLOOKUP($B108,'2002'!$F$9:$G$142,2,FALSE)) -> 0.0022720959
B109: México | C109: =IF(ISNA(VLOOKUP($B109,'2001'!$F$9:$G$142,2,FALSE)),"",VLOOKUP($B109,'2001'!$F$9:$G$142,2,FALSE)) -> 0.012018495 | D109: =IF(ISNA(VLOOKUP($B109,'2002'!$F$9:$G$142,2,FALSE)),"",VLOOKUP($B109,'2002'!$F$9:$G$142,2,FALSE)) -> 0.023208526
B110: Moldavia | C110: =IF(ISNA(VLOOKUP($B110,'2001'!$F$9:$G$142,2,FALSE)),"",VLOOKUP($B110,'2001'!$F$9:$G$142,2,FALSE)) | D110: =IF(ISNA(VLOOKUP($B110,'2002'!$F$9:$G$142,2,FALSE)),"",VLOOKUP($B110,'2002'!$F$9:$G$142,2,FALSE))
B111: Mongolia | C111: =IF(ISNA(VLOOKUP($B111,'2001'!$F$9:$G$142,2,FALSE)),"",VLOOKUP($B111,'2001'!$F$9:$G$142,2,FALSE)) | D111: =IF(ISNA(VLOOKUP($B111,'2002'!$F$9:$G$142,2,FALSE)),"",VLOOKUP($B111,'2002'!$F$9:$G$142,2,FALSE))
B112: Montenegro | C112: =IF(ISNA(VLOOKUP($B112,'2001'!$F$9:$G$142,2,FALSE)),"",VLOOKUP($B112,'2001'!$F$9:$G$142,2,FALSE)) | D112: =IF(ISNA(VLOOKUP($B112,'2002'!$F$9:$G$142,2,FALSE)),"",VLOOKUP($B112,'2002'!$F$9:$G$142,2,FALSE))
B113: Marruecos | C113: =IF(ISNA(VLOOKUP($B113,'2001'!$F$9:$G$142,2,FALSE)),"",VLOOKUP($B113,'2001'!$F$9:$G$142,2,FALSE)) -> 0.012906051 | D113: =IF(ISNA(VLOOKUP($B113,'2002'!$F$9:$G$142,2,FALSE)),"",VLOOKUP($B113,'2002'!$F$9:$G$142,2,FALSE)) -> 0.010094896
B114: Mozambique | C114: =IF(ISNA(VLOOKUP($B114,'2001'!$F$9:$G$142,2,FALSE)),"",VLOOKUP($B114,'2001'!$F$9:$G$142,2,FALSE)) -> 0.0018974102 | D114: =IF(ISNA(VLOOKUP($B114,'2002'!$F$9:$G$142,2,FALSE)),"",VLOOKUP($B114,'2002'!$F$9:$G$142,2,FALSE)) -> 0.00072497151
B115: Myanmar (ex Birmania) Unión de | C115: =IF(ISNA(VLOOKUP($B115,'2001'!$F$9:$G$142,2,FALSE)),"",VLOOKUP($B115,'2001'!$F$9:$G$142,2,FALSE)) | D115: =IF(ISNA(VLOOKUP($B115,'2002'!$F$9:$G$142,2,FALSE)),"",VLOOKUP($B115,'2002'!$F$9:$G$142,2,FALSE))
B116: Namibia | C116: =IF(ISNA(VLOOKUP($B116,'2001'!$F$9:$G$142,2,FALSE)),"",VLOOKUP($B116,'2001'!$F$9:$G$142,2,FALSE)) | D116: =IF(ISNA(VLOOKUP($B116,'2002'!$F$9:$G$142,2,FALSE)),"",VLOOKUP($B116,'2002'!$F$9:$G$142,2,FALSE)) -> 4.0730042e-05
B117: Nepal | C117: =IF(ISNA(VLOOKUP($B117,'2001'!$F$9:$G$142,2,FALSE)),"",VLOOKUP($B117,'2001'!$F$9:$G$142,2,FALSE)) | D117: =IF(ISNA(VLOOKUP($B117,'2002'!$F$9:$G$142,2,FALSE)),"",VLOOKUP($B117,'2002'!$F$9:$G$142,2,FALSE))
... B209: Territ. vinc. a Países Bajos | C209: =IF(ISNA(VLOOKUP($B209,'2001'!$F$9:$G$142,2,FALSE)),"",VLOOKUP($B209,'2001'!$F$9:$G$142,2,FALSE)) -> 0.00048710573 | D209: =IF(ISNA(VLOOKUP($B209,'2002'!$F$9:$G$142,2,FALSE)),"",VLOOKUP($B209,'2002'!$F$9:$G$142,2,FALSE)) -> 0.00059419624

Sheet 2023
A1: Evolución de las exportaciones con origen en la provincia de Santa Fe, según destino. Período enero - diciembre de 2023.
B4: Enero - diciembre 2023
A5: País de destino | B5: Valor F.O.B. | C5: Peso Neto
B6: (en Dólares) | C6: (en Kilos)
A8: TOTAL | B8: 1.1632871e+10 | C8: 1.7467878e+10
A10: AFRICA | B10: 1.0606058e+09 | C10: 2.0531358e+09
A11: Burkina Faso | B11: 9852.18 | C11: 15304.5
A12: Argelia | B12: 2.2555616e+08 | C12: 4.6004873e+08
A13: Camerún | B13: 25269124 | C13: 43085774
A14: Congo | B14: 4140561.4 | C14: 6676966.9
A15: Rep. Democrática del Congo (ex Zaire) | B15: 7884983.6 | C15: 5483325.6
A16: Costa de Marfil | B16: 22854539 | C16: 40964314
A17: Benin | B17: 39528.69 | C17: 51518.11
A18: Egipto | B18: 3.512363e+08 | C18: 7.4721571e+08
A19: Gabón | B19: 4967264.5 | C19: 1154896.8
A20: Gambia | B20: - | C20: -
A21: Ghana | B21: 14082021 | C21: 26544971
A22: Guinea | B22: 73884.19 | C22: 94314.6
A23: Guinea Ecuatorial | B23: - | C23: -
A24: Kenya | B24: 101903.96 | C24: 14402.34
A25: Liberia | B25: 228817.45 | C25: 617978.64
A26: Libia | B26: 96928387 | C26: 1.9622151e+08
A27: Madagascar | B27: - | C27: -
A28: Malawi | B28: - | C28: -
A29: Mali | B29: 23057.86 | C29: 32598.16
A30: Marruecos | B30: 1.2837873e+08 | C30: 2.5195718e+08
A31: Mauricio | B31: 19492683 | C31: 32178532
A32: Mauritania | B32: - | C32: -
A33: Níger | B33: 18653.88 | C33: 25183.5
A34: Nigeria | B34: 4696656.3 | C34: 5142395.3
A35: Senegal | B35: 35177240 | C35: 80346121
A36: Tanzania | B36: 15694.38 | C36: 22671.91
A37: Togo | B37: 47071.75 | C37: 64841.4
A38: Túnez | B38: 801686.68 | C38: 3311104.2
A39: Uganda | B39: - | C39: -
A40: Angola | B40: 7101833.7 | C40: 10266782
A41: Cabo Verde | B41: 697272.39 | C41: 2427984.8
A42: Mozambique | B42: 52851944 | C42: 52939432
A43: Djibouti | B43: 80265.63 | C43: 106210.8
A44: Sudáfrica | B44: 57849719 | C44: 86125004
A45: Etiopía | B45: - | C45: -
A47: AMERICA | B47: 3.8313273e+09 | C47: 4.3312633e+09
A48: Bolivia | B48: 53977947 | C48: 32238023
A49: Brasil | B49: 1.3259124e+09 | C49: 1.0643327e+09
A50: Canadá | B50: 40392441 | C50: 34412678
A51: Colombia | B51: 1.4470096e+08 | C51: 2.0189299e+08
A52: Costa Rica | B52: 7289755 | C52: 5853702.1
A53: Cuba | B53: 49100674 | C53: 95034157
A54: Chile | B54: 6.0421371e+08 | C54: 7.3547821e+08
A55: República Dominicana | B55: 97984912 | C55: 99253495
A56: Ecuador | B56: 1.5541793e+08 | C56: 2.8320825e+08
A57: El Salvador | B57: 2122076.3 | C57: 1630280.2
A58: Estados Unidos | B58: 1.5194775e+08 | C58: 59688714
... A60: Guyana | B60: 1925316.8 | C60: 1090055.7
A61: Haití | B61: - | C61: -
A62: Honduras | B62: 4630455.8 | C62: 3729074.2
A63: Jamaica | B63: 16086975 | C63: 19902666
A64: México | B64: 1.9167229e+08 | C64: 1.4849591e+08
A65: Nicaragua | B65: 3466094.1 | C65: 682343.91
A66: Panamá | B66: 8106835.1 | C66: 7586783.2
A67: Paraguay | B67: 1.5013445e+08 | C67: 1.5170256e+08
A68: Perú | B68: 4.7767787e+08 | C68: 7.8368387e+08
A69: Puerto Rico(Estado Asociado) | B69: 17118150 | C69: 44863969
A70: Trinidad y Tobago | B70: 52505.69 | C70: 70665.78
A71: Uruguay | B71: 1.9336898e+08 | C71: 3.9988614e+08
A72: Venezuela | B72: 98773545 | C72: 1.2559299e+08
A73: Suriname | B73: 10483.47 | C73: 18198.7
... A86: Iraq | B86: 31003830 | C86: 65973442
A87: Irán | B87: - | C87: -
A88: Israel | B88: 76507758 | C88: 69779995
A89: Japón | B89: 32622614 | C89: 94177433
A90: Jordania | B90: 1.5055408e+08 | C90: 3.2236661e+08
A91: Qatar | B91: 3649075.6 | C91: 7619698
A92: Kuwait | B92: 4608788.5 | C92: 13153666
A93: Líbano | B93: 51089567 | C93: 1.0717059e+08
A94: Malasia | B94: 4.5693483e+08 | C94: 1.0243759e+09
A95: Omán | B95: 44568470 | C95: 95446412
A96: Mongolia | B96: 1685712.8 | C96: 366289.83
A97: Nepal | B97: 255640.12 | C97: 418425.56
A98: Emiratos Arabes Unidos | B98: 29861603 | C98: 65563885
A99: Paquistán | B99: 9169724.3 | C99: 8176631.2
A100: Singapur | B100: 1188469.6 | C100: 1070312.9
A101: Siria | B101: - | C101: -
A102: Tailandia | B102: 75585885 | C102: 56199362
A103: Vietnam | B103: 7.0707208e+08 | C103: 1.569329e+09
A104: Hong Kong | B104: 7220988.7 | C104: 2988975
A105: Bangladesh | B105: 2.0312592e+08 | C105: 2.9812142e+08
A106: Brunei | B106: 614654.11 | C106: 2513458
A107: República de Yemen | B107: 90222111 | C107: 2.1261861e+08
A108: Armenia | B108: - | C108: -
A109: Azerbaiján | B109: 15667.51 | C109: 9721.62
A110: Georgia | B110: 26060590 | C110: 53403070
A111: Kazajstán | B111: 101397.5 | C111: 60712.51
A113: EUROPA | B113: 1.666064e+09 | C113: 2.8771321e+09
A114: Albania | B114: 25652.84 | C114: 29690.91
A115: Austria | B115: 1382520 | C115: 57074.14
A116: Bélgica | B116: 15714592 | C116: 17315174
A117: Bulgaria | B117: 4528948.2 | C117: 689255.12
A118: Dinamarca | B118: 247120.84 | C118: 322062.32
A119: España | B119: 2.2412357e+08 | C119: 4.188376e+08
...

Sheet 2022
A1: Evolución de las exportaciones con origen en la provincia de Santa Fe, según destino. Período enero - diciembre de 2022.
B4: Enero - diciembre 2022
A5: País de destino | B5: Valor F.O.B. | C5: Peso Neto
B6: (en Dólares) | C6: (en Kilos)
A8: TOTAL | B8: 1.9196644e+10 | C8: 2.8893068e+10
A10: AFRICA | B10: 1.7555252e+09 | C10: 3.4920814e+09
A11: Burkina Faso | B11: 2074022.8 | C11: 6556734.6
A12: Argelia | B12: 3.9903363e+08 | C12: 6.9188183e+08
A13: Burundi | B13: - | C13: -
A14: Camerún | B14: 45463735 | C14: 1.0299861e+08
A15: Congo | B15: 15263369 | C15: 41625420
A16: Rep. Democrática del Congo (ex Zaire) | B16: 7594193.8 | C16: 16955103
A17: Costa de Marfil | B17: 53038316 | C17: 1.1869668e+08
A18: Benin | B18: 191822.45 | C18: 304584.41
A19: Egipto | B19: 2.0001908e+08 | C19: 4.4830544e+08
A20: Gabón | B20: 497293.48 | C20: 284645.48
A21: Gambia | B21: 4038342.8 | C21: 14075863
A22: Ghana | B22: 44306002 | C22: 99523046
A23: Guinea | B23: 1191080.1 | C23: 4052978.4
A24: Guinea Ecuatorial | B24: 123457 | C24: 57137.74
A25: Kenya | B25: 31180684 | C25: 1.0271687e+08
... A35: Nigeria | B35: 65804167 | C35: 1.7675226e+08
A36: Rwanda | B36: - | C36: -
A37: Senegal | B37: 59949928 | C37: 1.3261035e+08
A38: Sierra Leona | B38: - | C38: -
A39: Tanzania | B39: 12673930 | C39: 41578066
A40: Togo | B40: 2096692.2 | C40: 6974028.6
A41: Túnez | B41: 71213347 | C41: 1.5448145e+08
A42: Uganda | B42: 9521994 | C42: 31628898
A43: Angola | B43: 36248584 | C43: 80453553
A44: Cabo Verde | B44: 1787984.7 | C44: 6882564.6
A45: Mozambique | B45: 87159867 | C45: 68054906
A46: Djibouti | B46: 144283.79 | C46: 253106.4
A47: Sudáfrica | B47: 1.6975392e+08 | C47: 3.2501328e+08
A48: Etiopía | B48: 10587528 | C48: 34727633
A49: Sudán | B49: - | C49: -
A51: AMERICA | B51: 4.7842536e+09 | C51: 5.7544286e+09
A52: Bolivia | B52: 75572704 | C52: 64407880
A53: Brasil | B53: 1.5507331e+09 | C53: 1.5993442e+09
A54: Canadá | B54: 36573760 | C54: 26177898
A55: Colombia | B55: 2.0121094e+08 | C55: 2.9839906e+08
A56: Costa Rica | B56: 14914236 | C56: 10104945
A57: Cuba | B57: 48617367 | C57: 1.1170784e+08
A58: Chile | B58: 7.3269508e+08 | C58: 8.8220549e+08
A59: República Dominicana | B59: 1.9074654e+08 | C59: 1.6693545e+08
A60: Ecuador | B60: 3.3458651e+08 | C60: 6.9945305e+08
A61: El Salvador | B61: 3696472.5 | C61: 2642005.6
A62: Estados Unidos | B62: 2.4757386e+08 | C62: 1.1585675e+08
... A77: Suriname | B77: 709328.69 | C77: 297519.08
A78: Curazao | B78: - | C78: -
A80: ASIA | B80: 8.0967704e+09 | C80: 1.2514914e+10
A81: Arabia Saudita | B81: 2.7436273e+08 | C81: 6.9099107e+08
A82: Bahrein | B82: 364712.83 | C82: 105236.68
A83: Myanmar (ex Birmania) Unión de | B83: 27921122 | C83: 56196294
A84: Sri Lanka | B84: - | C84: -
A85: Corea Republicana | B85: 2.751369e+08 | C85: 6.5633494e+08
A86: China | B86: 1.423097e+09 | C86: 1.5881316e+09
A87: Filipinas | B87: 2.9840038e+08 | C87: 6.2031748e+08
A88: Taiwan | B88: 61695929 | C88: 1.4542391e+08
A89: India | B89: 1.8949037e+09 | C89: 1.3837772e+09
A90: Indonesia | B90: 8.3579642e+08 | C90: 1.8401075e+09
A91: Iraq | B91: 95113334 | C91: 1.2015127e+08
A92: Irán | B92: 2.401754e+08 | C92: 2.1053119e+08
A93: Israel | B93: 99882239 | C93: 1.1889974e+08
A94: Japón | B94: 83800703 | C94: 1.7742506e+08
A95: Jordania | B95: 1.1990765e+08 | C95: 2.6793675e+08
A96: Qatar | B96: 2332051.5 | C96: 4677120
... A109: Bangladesh | B109: 3.7337161e+08 | C109: 470352026
A110: Brunei | B110: - | C110: -
A111: República de Yemen | B111: 54994355 | C111: 1.4371617e+08
A112: Armenia | B112: 5524476 | C112: 1078806.6
A113: Azerbaiján | B113: - | C113: -
A114: Georgia | B114: 4500.71 | C114: 6298.98
A115: Kazajstán | B115: 716343.19 | C115: 154441.6
A116: Territorios Autónomos Palestinos (Gaza y Jericó) | B116: - | C116: -
A118: EUROPA | B118: 4.3728584e+09 | C118: 6.8600708e+09
A119: Albania | B119: 18728.8 | C119: 24600.16
A120: Austria | B120: 2563079.9 | C120: 118283.53
A121: Bélgica | B121: 38328187 | C121: 49896834
A122: Bulgaria | B122: 2868786.9 | C122: 642865.6
A123: Dinamarca | B123: 73289538 | C123: 1.4560832e+08
A124: España | B124: 5.9237049e+08 | C124: 1.1736514e+09
A125: Finlandia | B125: 31695.25 | C125: 33908.56
A126: Francia | B126: 1.269468e+08 | C126: 2.5027954e+08
A127: Grecia | B127: 1.0332307e+08 | C127: 2.0851689e+08
A128: Hungría | B128: 218130.47 | C128: 271910.49
A129: Irlanda | B129: 1.9424147e+08 | C129: 5.0027714e+08
A130: Italia | B130: 4.3400428e+08 | C130: 8.8626061e+08
A131: Malta | B131: - | C131: -
A132: Noruega | B132: 68643.27 | C132: 50360.68
A133: Países Bajos | B133: 1.5083228e+09 | C133: 1.3201192e+09
A134: Polonia | B134: 4.5787557e+08 | C134: 9.4715119e+08
A135: Portugal | B135: 32909396 | C135: 64572952
A136: Reino Unido | B136: 1.2596155e+08 | C136: 2.7274707e+08
A137: Rumania | B137: 42791982 | C137: 87643069
A138: Suecia | B138: 27766.55 | C138: 20036.38
A139: Suiza | B139: 3801910.6 | C139: 370454.26
A140: Chipre | B140: 26965.89 | C140: 32932.12
A141: Turquía | B141: 3.5493706e+08 | C141: 7.2534936e+08
A142: República Federal de Alemania | B142: 1.415403e+08 | C142: 56001631
...

Sheet 2021
A1: Evolución de las exportaciones con origen en la provincia de Santa Fe, según destino. Período enero - diciembre de 2021.
B4: Enero - diciembre 2021
A5: País de destino | B5: Valor F.O.B. | C5: Peso Neto
B6: (en Dólares) | C6: (en Kilos)
A8: TOTAL | B8: 17920340707 | C8: 31828253608
A10: AFRICA | B10: 1720665398 | C10: 3725660852
A11: Burkina Faso | B11: 102224 | C11: 349775
A12: Argelia | B12: 453526780 | C12: 865103592
A13: Burundi | B13: 295071 | C13: 1175460
A14: Camerún | B14: 6067502 | C14: 14246651
A15: Congo | B15: 5175469 | C15: 15241637
A16: Rep. Democrática del Congo (ex Zaire) | B16: - | C16: -
A17: Costa de Marfil | B17: 40163416 | C17: 109521817
A18: Benin | B18: 168087 | C18: 280185
A19: Egipto | B19: 407588137 | C19: 845564195
A20: Gabón | B20: 42428 | C20: 70173
A21: Gambia | B21: 1948075 | C21: 7968785
A22: Ghana | B22: 25783529 | C22: 67596153
A23: Guinea | B23: 2599797 | C23: 11513877
A24: Kenya | B24: 20384761 | C24: 77224803
A25: Liberia | B25: 580687 | C25: 2067808
A26: Libia | B26: 56825741 | C26: 130617387
A27: Madagascar | B27: - | C27: -
A28: Mali | B28: 1797707 | C28: 7313391
A29: Marruecos | B29: 175143996 | C29: 489320145
A30: Mauricio | B30: 24715131 | C30: 51365531
A31: Mauritania | B31: 8624364 | C31: 33498401
A32: Níger | B32: 39172 | C32: 66912
A33: Nigeria | B33: 40206135 | C33: 80350802
A34: Rwanda | B34: 1228959 | C34: 4973100
A35: Senegal | B35: 31951692 | C35: 100187595
A36: Sierra Leona | B36: 58767 | C36: 100975
A37: Tanzania | B37: 5254086 | C37: 21475716
A38: Togo | B38: 154883 | C38: 684744
A39: Túnez | B39: 49078528 | C39: 112670615
... A45: Sudáfrica | B45: 231934443 | C45: 491775475
A46: Etiopía | B46: - | C46: -
A47: Sudán | B47: 1185988 | C47: 120982
A49: AMERICA | B49: 3916572756 | C49: 5813369497
A50: Bolivia | B50: 84202736 | C50: 119605427
A51: Brasil | B51: 1221730592 | C51: 1612246597
A52: Canadá | B52: 3367150 | C52: 2434507
A53: Colombia | B53: 202009456 | C53: 450589449
A54: Costa Rica | B54: 4846413 | C54: 3955716
A55: Cuba | B55: 59920187 | C55: 162081015
A56: Chile | B56: 709739399 | C56: 1148312832
A57: República Dominicana | B57: 119291748 | C57: 131866417
A58: Ecuador | B58: 229402685 | C58: 532774090
A59: El Salvador | B59: 3210067 | C59: 2534486
... A75: Suriname | B75: 14587 | C75: 23087
A76: Aruba | B76: - | C76: -
A77: Curazao | B77: 1481801 | C77: 250443
A79: ASIA | B79: 8230084744 | C79: 15020831374
A80: Arabia Saudita | B80: 257853432 | C80: 712084946
A81: Bahrein | B81: 153625 | C81: 47424
A82: Myanmar (ex Birmania) Unión de | B82: 15767148 | C82: 37834988
A83: Camboya (ex Kampuchea) | B83: - | C83: -
A84: Sri Lanka | B84: 85281 | C84: 160680
A85: Corea Republicana | B85: 288255857 | C85: 800194178
A86: China | B86: 1388752951 | C86: 1708276638
A87: Filipinas | B87: 203721025 | C87: 482490585
A88: Taiwan | B88: 49379928 | C88: 143654338
A89: India | B89: 1951591549 | C89: 1788588661
A90: Indonesia | B90: 866520279 | C90: 2085732210
A91: Iraq | B91: 170042779 | C91: 311109021
A92: Irán | B92: 227645680 | C92: 324906040
A93: Israel | B93: 106463309 | C93: 158065035
A94: Japón | B94: 131189344 | C94: 366811136
A95: Jordania | B95: 118383624 | C95: 309157850
... A143: Bielorrusia | B143: 73704140 | C143: 183551890
A144: Estonia | B144: - | C144: -
A145: Letonia | B145: 36744491 | C145: 93782374
A146: Lituania | B146: 13694162 | C146: 33119626
A147: Moldavia | B147: 16365 | C147: 11936
A148: Rusia | B148: 99978045 | C148: 51209111
A149: Ucrania | B149: 393731 | C149: 110485
A150: Bosnia Herzegovina | B150: 15391 | C150: 23095
A151: Croacia | B151: 127170 | C151: 126289
A152: Eslovaquia | B152: 8634500 | C152: 932564
A153: Eslovenia | B153: 33347432 | C153: 81565013
A154: Macedonia | B154: 87289 | C154: 109243
A155: República Checa | B155: 2177149 | C155: 336100
A156: Montenegro | B156: 19350 | C156: 21155
... A165: SIN DECLARAR - DESCONOCIDO - IGNORADO (CONTINENTE) | B165: 33075440 | C165: 54091954
A166: Nota: Los datos se presentan protegidos de acuerdo a la normativa vigente sobre secreto estadístico y protección de datos individuales (art. 10º de la ley 17.622; título VI del decreto 3.110; art. 1º de la disposición 176/99, entre otros).
A167: (-) dato igual a cero.
A168: /// Dato que no corresponde presentar debido a la naturaleza de las cosas o del cálculo.
A169: Fuente: IPEC - INDEC.

Sheet 2020
A1: Evolución de las exportaciones con origen en la provincia de Santa Fe, según destino. Período enero - diciembre de 2020.
B4: Enero - diciembre 2020
A5: País de destino | B5: Valor F.O.B. | C5: Peso Neto
B6: (en Dólares) | C6: (en Kilos)
A8: TOTAL | B8: 11378190324 | C8: 27336662291
A10: AFRICA | B10: 1157908995 | C10: 3577642443
A11: Burkina Faso | B11: 8691 | C11: 16280
A12: Argelia | B12: 329641439 | C12: 972058346
A13: Camerún | B13: 8045153 | C13: 24442841
A14: Congo | B14: 1240847 | C14: 5676401
A15: Rep. Democrática del Congo (ex Zaire) | B15: 2711144 | C15: 9612601
A16: Costa de Marfil | B16: 18727371 | C16: 54726399
A17: Benin | B17: 38471 | C17: 71934
A18: Egipto | B18: 254233127 | C18: 860440434
A19: Gabón | B19: 28956 | C19: 55515
A20: Gambia | B20: 1009688 | C20: 4669380
... A29: Mauricio | B29: 17372100 | C29: 53744879
A30: Mauritania | B30: - | C30: -
A31: Níger | B31: 26811 | C31: 52247
A32: Nigeria | B32: 13751629 | C32: 74509821
A33: Senegal | B33: 20823099 | C33: 80325553
A34: Sierra Leona | B34: 30229 | C34: 59062
A35: Tanzania | B35: 2656636 | C35: 13821570
A36: Togo | B36: 14129 | C36: 29215
A37: Túnez | B37: 28528554 | C37: 95374730
A38: Uganda | B38: 6602896 | C38: 33200068
A39: Angola | B39: 2833139 | C39: 11452904
A40: Cabo Verde | B40: 801430 | C40: 4797660
A41: Mozambique | B41: 59381933 | C41: 84734148
A42: Djibouti | B42: 310005 | C42: 605328
... A47: AMERICA | B47: 2448502199 | C47: 4481800322
A48: Barbados | B48: - | C48: -
A49: Bolivia | B49: 78812364 | C49: 140826482
A50: Brasil | B50: 919799474 | C50: 1527756526
A51: Canadá | B51: 2106454 | C51: 923966
A52: Colombia | B52: 60121325 | C52: 131015837
A53: Costa Rica | B53: 6825717 | C53: 15087137
A54: Cuba | B54: 44741724 | C54: 172080579
A55: Chile | B55: 447857632 | C55: 911232135
A56: República Dominicana | B56: 16773447 | C56: 31952246
A57: Ecuador | B57: 59273627 | C57: 178740144
A58: El Salvador | B58: 1094307 | C58: 746720
A59: Estados Unidos | B59: 157004077 | C59: 98381767
A60: Guatemala | B60: 4409435 | C60: 3639245
... A76: Curazao | B76: 1949800 | C76: 352626
A77: Punta Arenas (Chile) | B77: - | C77: -
A79: ASIA | B79: 5265246671 | C79: 13002134805
A80: Arabia Saudita | B80: 199887895 | C80: 780664003
A81: Bahrein | B81: 786016 | C81: 246276
A82: Camboya (ex Kampuchea) | B82: 2030748 | C82: 1193198
A83: Sri Lanka | B83: 2983 | C83: 9942
A84: Corea Republicana | B84: 66095773 | C84: 367982455
A85: China | B85: 1100263489 | C85: 1573964104
A86: Filipinas | B86: 96998518 | C86: 295904739
A87: Taiwan | B87: 29947194 | C87: 98261342
A88: India | B88: 1115358536 | C88: 1558689428
A89: Indonesia | B89: 504428094 | C89: 1711671511
A90: Iraq | B90: 90066812 | C90: 252230163
... A108: Bangladesh | B108: 186978901 | C108: 363376434
A109: Brunei | B109: - | C109: -
A110: República de Yemen | B110: 76185956 | C110: 269985764
A111: Armenia | B111: 6154 | C111: 14447
A112: Azerbaiján | B112: 55762 | C112: 96761
A113: Georgia | B113: 22199 | C113: 45482
A114: Kazajstán | B114: 210772 | C114: 17601
A116: EUROPA | B116: 2359837270 | C116: 5898874175
A117: Albania | B117: 33460 | C117: 59127
A118: Austria | B118: 798507 | C118: 78595
A119: Bélgica | B119: 9485261 | C119: 21058724
A120: Bulgaria | B120: 4563009 | C120: 4758496
A121: Dinamarca | B121: 130229989 | C121: 380832682
A122: España | B122: 282235729 | C122: 889214785
... A163: SIN DECLARAR - DESCONOCIDO - IGNORADO (CONTINENTE) | B163: 29855308 | C163: 71394902
A164: Nota: Los datos se presentan protegidos de acuerdo a la normativa vigente sobre secreto estadístico y protección de datos individuales (art. 10º de la ley 17.622; título VI del decreto 3.110; art. 1º de la disposición 176/99, entre otros).
A165: (-) dato igual a cero.
A166: /// Dato que no corresponde presentar debido a la naturaleza de las cosas o del cálculo.
A167: Fuente: IPEC - INDEC.

Sheet 2019
A1: Evolución de las exportaciones con origen en la provincia de Santa Fe, según destino. Período enero - diciembre de 2019.
B4: Enero - diciembre 2019
A5: País de destino | B5: Valor F.O.B. | C5: Peso Neto
B6: (en Dólares) | C6: (en Kilos)
A8: TOTAL | B8: 14276570992 | C8: 34746482719
A10: AFRICA | B10: 1544908028 | C10: 4760784368
A11: Burkina Faso | B11: 14354 | C11: 30873
A12: Argelia | B12: 573207503 | C12: 1752652747
A13: Camerún | B13: 13470062 | C13: 42897335
A14: Congo | B14: 2265660 | C14: 9154326
A15: Rep. Democrática del Congo (ex Zaire) | B15: 1906265 | C15: 7235950
A16: Costa de Marfil | B16: 31820035 | C16: 101405706
A17: Benin | B17: 44078 | C17: 95807
A18: Egipto | B18: 308783549 | C18: 874922185
A19: Gabón | B19: 20231 | C19: 42745
A20: Gambia | B20: 439123 | C20: 1533187
... A44: Etiopía | B44: 3411563 | C44: 16774752
A45: Sudán | B45: - | C45: -
A47: AMERICA | B47: 2819432406 | C47: 4466607698
A48: Barbados | B48: 257081 | C48: 120870
A49: Bolivia | B49: 91336276 | C49: 116623517
A50: Brasil | B50: 1114937768 | C50: 1275127325
A51: Canadá | B51: 12577314 | C51: 15408754
A52: Colombia | B52: 78338486 | C52: 214481850
A53: Costa Rica | B53: 4507532 | C53: 10090554
A54: Cuba | B54: 57752831 | C54: 208065060
A55: Chile | B55: 409885093 | C55: 813625316
A56: República Dominicana | B56: 50537012 | C56: 96578116
A57: Ecuador | B57: 79490008 | C57: 229954800
A58: El Salvador | B58: 943247 | C58: 662456
... A63: Honduras | B63: 1825089 | C63: 892682
A64: Jamaica | B64: - | C64: -
A65: México | B65: 49196327 | C65: 27149087
A66: Nicaragua | B66: 1840043 | C66: 168599
A67: Panamá | B67: 7568435 | C67: 9102868
A68: Paraguay | B68: 153115869 | C68: 153083668
A69: Perú | B69: 389080602 | C69: 873740508
A70: Puerto Rico(Estado Asociado) | B70: 3972712 | C70: 15102126
A71: Trinidad y Tobago | B71: 376528 | C71: 586955
A72: Uruguay | B72: 105264418 | C72: 148962887
A73: Venezuela | B73: 36014100 | C73: 98490548
A74: Suriname | B74: 10115 | C74: 18376
A75: Aruba | B75: 291358 | C75: 51880
A76: Curazao | B76: - | C76: -
A77: Punta Arenas (Chile) | B77: 396 | C77: 390
A79: ASIA | B79: 6530769189 | C79: 16265008220
A80: Arabia Saudita | B80: 242562760 | C80: 967098705
A81: Bahrein | B81: 925731 | C81: 1751323
A82: Camboya (ex Kampuchea) | B82: 5401025 | C82: 1018470
A83: Sri Lanka | B83: - | C83: -
A84: Corea Republicana | B84: 142627903 | C84: 639118844
A85: China | B85: 1480761063 | C85: 2141981574
A86: Filipinas | B86: 205494347 | C86: 657033373
A87: Taiwan | B87: 25455542 | C87: 78814039
A88: India | B88: 1136402657 | C88: 1770730598
A89: Indonesia | B89: 722791127 | C89: 2432292175
A90: Iraq | B90: 64035188 | C90: 185547720
A91: Irán | B91: 419814629 | C91: 992594911
A92: Israel | B92: 46319041 | C92: 38818052
A93: Japón | B93: 40667823 | C93: 120864050
A94: Jordania | B94: 59706617 | C94: 205006456
A95: Qatar | B95: 1863696 | C95: 7328476
... A110: República de Yemen | B110: 47756560 | C110: 191775218
A111: Armenia | B111: - | C111: -
A112: Azerbaiján | B112: 8379 | C112: 17163
A113: Georgia | B113: 15554 | C113: 34152
A114: Kazajstán | B114: 320057 | C114: 16811
A116: EUROPA | B116: 3106842339 | C116: 8441510599
A117: Albania | B117: 24080 | C117: 49620
A118: Austria | B118: 502774 | C118: 33638
A119: Bélgica | B119: 36088624 | C119: 115208301
A120: Bulgaria | B120: 1258294 | C120: 253184
A121: Dinamarca | B121: 149737411 | C121: 474485830
A122: España | B122: 509499608 | C122: 1723754151
A123: Finlandia | B123: 3204 | C123: 4043
A124: Francia | B124: 31872614 | C124: 84073076
... A163: SIN DECLARAR - DESCONOCIDO - IGNORADO (CONTINENTE) | B163: 45756168 | C163: 98863722
A164: Nota: Los datos se presentan protegidos de acuerdo a la normativa vigente sobre secreto estadístico y protección de datos individuales (art. 10º de la ley 17.622; título VI del decreto 3.110; art. 1º de la disposición 176/99, entre otros).
A165: (-) dato igual a cero.
A166: /// Dato que no corresponde presentar debido a la naturaleza de las cosas o del cálculo.
A167: Fuente: IPEC - INDEC.

Sheet 2018
A1: Evolución de las exportaciones con origen en la provincia de Santa Fe, según destino. Período enero - diciembre de 2018.
B4: Enero - diciembre 2018
A5: País de destino | B5: Valor F.O.B. | C5: Peso Neto
B6: (en Dólares) | C6: (en Kilos)
A8: TOTAL | B8: 1.3659627e+10 | C8: 2.8231705e+10
A10: AFRICA | B10: 1.6556214e+09 | C10: 4.2499859e+09
A11: Burkina Faso | B11: 195781.29 | C11: 1080319.1
A12: Argelia | B12: 6.9360365e+08 | C12: 1.8451169e+09
A13: Camerún | B13: 20969821 | C13: 55735577
A14: Congo | B14: 2560641.3 | C14: 5880033.8
A15: Rep. Democrática del Congo (ex Zaire) | B15: 2368487.7 | C15: 9539603
A16: Costa de Marfil | B16: 29818106 | C16: 80041484
A17: Benin | B17: 55243.13 | C17: 107578.06
A18: Egipto | B18: 3.7551273e+08 | C18: 9.89435e+08
A19: Gabón | B19: 571528.09 | C19: 308213.99
A20: Gambia | B20: 267725.93 | C20: 1134871
... A30: Mauritania | B30: 5198406.9 | C30: 27770004
A31: Níger | B31: - | C31: -
A32: Nigeria | B32: 9740106.4 | C32: 40876411
A33: Senegal | B33: 21882286 | C33: 79664702
A34: Sierra Leona | B34: 56827.16 | C34: 110632.72
A35: Tanzania | B35: 1776387.8 | C35: 9619414
A36: Togo | B36: 26707.7 | C36: 53534.48
A37: Túnez | B37: 25285484 | C37: 52687706
A38: Uganda | B38: 2352904.2 | C38: 12415722
A39: Angola | B39: 2834534.8 | C39: 5835966.4
A40: Cabo Verde | B40: 741739.44 | C40: 4168667.8
A41: Mozambique | B41: 47817477 | C41: 68472670
A42: Djibouti | B42: 110984.07 | C42: 231697
A43: Sudáfrica | B43: 1.7390964e+08 | C43: 3.9380465e+08
... A47: AMERICA | B47: 3.0855284e+09 | C47: 4.1114306e+09
A48: Barbados | B48: - | C48: -
A49: Bolivia | B49: 90074748 | C49: 1.1366348e+08
A50: Brasil | B50: 1.27624e+09 | C50: 1.3223041e+09
A51: Canadá | B51: 28714765 | C51: 38515461
A52: Colombia | B52: 52406810 | C52: 79566487
A53: Costa Rica | B53: 2121448.3 | C53: 2257787.9
A54: Cuba | B54: 52715506 | C54: 1.6575137e+08
A55: Chile | B55: 3.9991855e+08 | C55: 6.9835331e+08
A56: República Dominicana | B56: 9564584.4 | C56: 16028825
A57: Ecuador | B57: 1.1124323e+08 | C57: 2.8295158e+08
A58: El Salvador | B58: 583150.18 | C58: 193813.72
A59: Estados Unidos | B59: 1.5025704e+08 | C59: 83073595
A60: Guatemala | B60: 12486334 | C60: 16511246
... A75: Antillas Holandesas | B75: 13208166 | C75: 33351906
A76: Aruba | B76: - | C76: -
A77: Punta Arenas (Chile) | B77: 28.05 | C77: 31.17
A79: ASIA | B79: 5.1060164e+09 | C79: 1.1156977e+10
A80: Arabia Saudita | B80: 1.9249099e+08 | C80: 6.5021274e+08
A81: Bahrein | B81: 968663.18 | C81: 2647406.5
A82: Camboya (ex Kampuchea) | B82: - | C82: -
A83: Sri Lanka | B83: 122150.48 | C83: 137435
A84: Corea Republicana | B84: 12464430 | C84: 64483192
A85: China | B85: 7.2276783e+08 | C85: 9.226172e+08
A86: Filipinas | B86: 2.2060104e+08 | C86: 5.7600911e+08
A87: Taiwan | B87: 17926659 | C87: 20954222
A88: India | B88: 9.9119942e+08 | C88: 1.4199958e+09
A89: Indonesia | B89: 6.0453932e+08 | C89: 1.6318064e+09
A90: Iraq | B90: 1.0842903e+08 | C90: 2.9051856e+08
A91: Irán | B91: 2.1549404e+08 | C91: 4.6299801e+08
A92: Israel | B92: 66457574 | C92: 75571383
A93: Japón | B93: 36538179 | C93: 63173129
A94: Jordania | B94: 1.013619e+08 | C94: 2.9347337e+08
... A108: Bangladesh | B108: 2.7227954e+08 | C108: 4.429224e+08
A109: Brunei | B109: - | C109: -
A110: República de Yemen | B110: 76336172 | C110: 2.2207629e+08
A111: Armenia | B111: 10779.5 | C111: 21486.52
A112: Azerbaiján | B112: - | C112: -
A113: Georgia | B113: 8936.86 | C113: 18294.4
A114: Kazajstán | B114: 444436.4 | C114: 22147.34
A116: EUROPA | B116: 3.5057143e+09 | C116: 7.9610996e+09
A117: Albania | B117: 20429.32 | C117: 37971.27
A118: Austria | B118: 884021.97 | C118: 34498.76
A119: Bélgica | B119: 93767381 | C119: 1.741821e+08
A120: Bulgaria | B120: 551980.68 | C120: 98116.07
A121: Dinamarca | B121: 1.8123957e+08 | C121: 4.7112528e+08
A122: España | B122: 4.3458597e+08 | C122: 1.22343e+09
A123: Finlandia | B123: 7304.14 | C123: 8934.61
A124: Francia | B124: 33146527 | C124: 79355619
A125: Grecia | B125: 70948707 | C125: 1.9278578e+08
... A141: Bielorrusia | B141: 33749039 | C141: 96109055
A142: Estonia | B142: - | C142: -
A143: Letonia | B143: 37040448 | C143: 99769168
A144: Lituania | B144: 22124866 | C144: 63667476
A145: Moldavia | B145: - | C145: -
A146: Rusia | B146: 1.2974104e+08 | C146: 55701452
A147: Ucrania | B147: 762430.9 | C147: 122417.57
A148: Bosnia Herzegovina | B148: 24573.18 | C148: 47586.2
A149: Croacia | B149: 25979.11 | C149: 39064.42
A150: Eslovaquia | B150: 1467.28 | C150: 2597.5
A151: Eslovenia | B151: 1330.09 | C151: 2597.5
A152: Macedonia | B152: 28815.94 | C152: 55170.9
A153: República Checa | B153: 1652589.7 | C153: 403106.51
A154: Montenegro | B154: 11590.68 | C154: 15482.71
A155: Serbia | B155: 33667.51 | C155: 7960.32
A157: OCEANIA | B157: 2.6000778e+08 | C157: 7.0528421e+08
A158: Australia | B158: 2.345131e+08 | C158: 6.1112474e+08
... A161: DESCONOCIDO | B161: 46738946 | C161: 46928075
A162: Demás países | B162: - | C162: -
A163: SIN DECLARAR - DESCONOCIDO - IGNORADO (CONTINENTE) | B163: 46738946 | C163: 46928075
...

Sheet 2017
A1: Evolución de las exportaciones con origen en la provincia de Santa Fe, según destino. Período enero - diciembre de 2017.
B4: Enero - diciembre 2017
A5: País de destino | B5: Valor F.O.B. | C5: Peso Neto
B6: (en Dólares) | C6: (en Kilos)
A8: TOTAL | B8: 13760730242 | C8: 32478765441
A10: AFRICA | B10: 1657302681 | C10: 5046525614
A11: Burkina Faso | B11: 496327 | C11: 2627186
A12: Argelia | B12: 512609156 | C12: 1656412330
A13: Burundi | B13: 551533 | C13: 3010866
A14: Camerún | B14: 8551764 | C14: 32113917
A15: Congo | B15: 1446228 | C15: 3227467
A16: Rep. Democrática del Congo (ex Zaire) | B16: 3794232 | C16: 14689775
A17: Costa de Marfil | B17: 16481267 | C17: 56816169
A18: Benin | B18: 154144 | C18: 161179
A19: Egipto | B19: 531252094 | C19: 1549214272
A20: Gabón | B20: 1052316 | C20: 2843521
... A178: Islas Salomón | B178: 17907 | C178: 33329
A180: DESCONOCIDO | B180: - | C180: -
A181: SIN DECLARAR - DESCONOCIDO - IGNORADO (CONTINENTE) | B181: - | C181: -
A182: Nota: Los datos se presentan protegidos de acuerdo a la normativa vigente sobre secreto estadístico y protección de datos individuales (art. 10º de la ley 17.622; título VI del decreto 3.110; art. 1º de la disposición 176/99, entre otros).
A183: (-) dato igual a cero.
A184: /// Dato que no corresponde presentar debido a la naturaleza de las cosas o del cálculo.
A185: Fuente: IPEC - INDEC.

Sheet 2016
A1: Evolución de las exportaciones con origen en la provincia de Santa Fe, según destino. Enero - diciembre de 2016.
B4: A Ñ O 2 0 1 6
A5: PAIS DE DESTINO | B5: VALOR F.O.B. | C5: PESO NETO
B6: (en Dólares) | C6: (en Kilos)
A8: TOTAL | B8: 13829380695 | C8: 32170096041
A10: AFRICA | B10: 1858395967 | C10: 5239322058 | D10: =+B10/$B$8 -> 0.13438027 | F10: {=+_xlfn.UNIQUE(A10:A155)} -> AFRICA | G10: =+SUMIF(A10:A155,F10,D10:D155) -> 0.13438027
A11: Burkina Faso | B11: 216064 | C11: 115436 | D11: =+B11/$B$8 -> 1.5623548e-05 | F11: Burkina Faso | G11: =+SUMIF(A11:A156,F11,D11:D156) -> 1.5623548e-05
A12: Argelia | B12: 517143557 | C12: 1476332755 | D12: =+B12/$B$8 -> 0.037394556 | F12: Argelia | G12: =+SUMIF(A12:A157,F12,D12:D157) -> 0.037394556
A13: Botswana | B13: 94624 | C13: 12460 | D13: =+B13/$B$8 -> 6.8422442e-06 | F13: Botswana | G13: =+SUMIF(A13:A158,F13,D13:D158) -> 6.8422442e-06
A14: Burundi | B14: 58989 | C14: 331400 | D14: =+B14/$B$8 -> 4.2654838e-06 | F14: Burundi | G14: =+SUMIF(A14:A159,F14,D14:D159) -> 4.2654838e-06
A15: Camerún | B15: 9049337 | C15: 26705595 | D15: =+B15/$B$8 -> 0.00065435591 | F15: Camerún | G15: =+SUMIF(A15:A160,F15,D15:D160) -> 0.00065435591
A16: Congo | B16: 403642 | C16: 450418 | D16: =+B16/$B$8 -> 2.918728e-05 | F16: Congo | G16: =+SUMIF(A16:A161,F16,D16:D161) -> 2.918728e-05
A17: Rep. Democrática del Congo (ex Zaire) | B17: 975837 | C17: 2784665 | D17: =+B17/$B$8 -> 7.0562596e-05 | F17: Rep. Democrática del Congo (ex Zaire) | G17: =+SUMIF(A17:A162,F17,D17:D162) -> 7.0562596e-05
A18: Costa de Marfil | B18: 8879317 | C18: 27183300 | D18: =+B18/$B$8 -> 0.0006420618 | F18: Costa de Marfil | G18: =+SUMIF(A18:A163,F18,D18:D163) -> 0.0006420618
A19: Chad | B19: - | C19: - | D19: =+B19/$B$8 -> #VALUE! | F19: Chad | G19: =+SUMIF(A19:A164,F19,D19:D164) -> #VALUE!
A20: Benin | B20: 45281 | C20: 94740 | D20: =+B20/$B$8 -> 3.2742609e-06 | F20: Benin | G20: =+SUMIF(A20:A165,F20,D20:D165) -> 3.2742609e-06
A21: Egipto | B21: 741395315 | C21: 1875674186 | D21: =+B21/$B$8 -> 0.05361016 | F21: Egipto | G21: =+SUMIF(A21:A166,F21,D21:D166) -> 0.05361016
A22: Gabón | B22: 43570 | C22: 65830 | D22: =+B22/$B$8 -> 3.1505388e-06 | F22: Gabón | G22: =+SUMIF(A22:A167,F22,D22:D167) -> 3.1505388e-06
A23: Gambia | B23: 388143 | C23: 1324584 | D23: =+B23/$B$8 -> 2.806655e-05 | F23: Gambia | G23: =+SUMIF(A23:A168,F23,D23:D168) -> 2.806655e-05
A24: Ghana | B24: 5558807 | C24: 18992784 | D24: =+B24/$B$8 -> 0.00040195632 | F24: Ghana | G24: =+SUMIF(A24:A169,F24,D24:D169) -> 0.00040195632
A25: Guinea | B25: 104926 | C25: 91183 | D25: =+B25/$B$8 -> 7.58718e-06 | F25: Guinea | G25: =+SUMIF(A25:A170,F25,D25:D170) -> 7.58718e-06
A26: Kenya | B26: 3121770 | C26: 15296708 | D26: =+B26/$B$8 -> 0.00022573462 | F26: Kenya | G26: =+SUMIF(A26:A171,F26,D26:D171) -> 0.00022573462
A27: Lesotho | B27: 107397 | C27: 74631 | D27: =+B27/$B$8 -> 7.7658575e-06 | F27: Lesotho | G27: =+SUMIF(A27:A172,F27,D27:D172) -> 7.7658575e-06
A28: Liberia | B28: 73519 | C28: 154140 | D28: =+B28/$B$8 -> 5.3161455e-06 | F28: Liberia | G28: =+SUMIF(A28:A173,F28,D28:D173) -> 5.3161455e-06
A29: Libia | B29: 40022967 | C29: 116256469 | D29: =+B29/$B$8 -> 0.0028940535 | F29: Libia | G29: =+SUMIF(A29:A174,F29,D29:D174) -> 0.0028940535
A30: Madagascar | B30: 10661247 | C30: 16288530 | D30: =+B30/$B$8 -> 0.00077091283 | F30: Madagascar | G30: =+SUMIF(A30:A175,F30,D30:D175) -> 0.00077091283
A31: Malawi | B31: 855343 | C31: 4805300 | D31: =+B31/$B$8 -> 6.1849697e-05 | F31: Malawi | G31: =+SUMIF(A31:A176,F31,D31:D176) -> 6.1849697e-05
... A47: Angola | B47: 2375988 | C47: 4897423 | D47: =+B47/$B$8 -> 0.00017180726 | F47: Angola | G47: =+SUMIF(A47:A192,F47,D47:D192) -> 0.00017180726
A48: Cabo Verde | B48: 169143 | C48: 1040315 | D48: =+B48/$B$8 -> 1.22307e-05 | F48: Cabo Verde
A49: Mozambique | B49: 17815115 | C49: 34497462 | D49: =+B49/$B$8 -> 0.0012882077 | F49: Mozambique | G49: =+SUMIF(A49:A194,F49,D49:D194) -> 0.0012882077
A50: Djibouti | B50: 30284 | C50: 56685 | D50: =+B50/$B$8 -> 2.1898305e-06 | F50: Djibouti | G50: =+SUMIF(A50:A195,F50,D50:D195) -> 2.1898305e-06
A51: Namibia | B51: 566898 | C51: 3425831 | D51: =+B51/$B$8 -> 4.0992291e-05 | F51: Namibia | G51: =+SUMIF(A51:A196,F51,D51:D196) -> 4.0992291e-05
A52: Sudáfrica | B52: 241646237 | C52: 819756341 | D52: =+B52/$B$8 -> 0.017473395 | F52: Sudáfrica | G52: =+SUMIF(A52:A197,F52,D52:D197) -> 0.017473395
A53: Eritrea | B53: 6786 | C53: 12635 | D53: =+B53/$B$8 -> 4.9069442e-07 | F53: Eritrea | G53: =+SUMIF(A53:A198,F53,D53:D198) -> 4.9069442e-07
A54: Etiopía | B54: 110115 | C54: 229805 | D54: =+B54/$B$8 -> 7.9623956e-06 | F54: Etiopía | G54: =+SUMIF(A54:A199,F54,D54:D199) -> 7.9623956e-06
A55: Sudán | B55: 6703375 | C55: 16028142 | D55: =+B55/$B$8 -> 0.00048471983 | F55: Sudán | G55: =+SUMIF(A55:A200,F55,D55:D200) -> 0.00048471983
A56: Sudán del Sur | B56: 2931 | C56: 5151 | D56: =+B56/$B$8 -> 2.1194008e-07 | F56: Sudán del Sur | G56: =+SUMIF(A56:A201,F56,D56:D201) -> 2.1194008e-07
D57: =+B57/$B$8 -> #VALUE! | G57: =+SUMIF(A57:A202,F57,D57:D202) -> #VALUE!
A58: AMERICA | B58: 3347218593 | C58: 4521443325 | D58: =+B58/$B$8 -> 0.24203677 | F58: AMERICA | G58: =+SUMIF(A58:A203,F58,D58:D203) -> 0.24203677
A59: Barbados | B59: 1880 | C59: 5 | D59: =+B59/$B$8 -> 1.3594246e-07 | F59: Barbados | G59: =+SUMIF(A59:A204,F59,D59:D204) -> 1.3594246e-07
A60: Bolivia | B60: 76916172 | C60: 92048603 | D60: =+B60/$B$8 -> 0.0055617944 | F60: Bolivia | G60: =+SUMIF(A60:A205,F60,D60:D205) -> 0.0055617944
A61: Brasil | B61: 964374241 | C61: 1147120260 | D61: =+B61/$B$8 -> 0.069733726 | F61: Brasil | G61: =+SUMIF(A61:A206,F61,D61:D206) -> 0.069733726
A62: Canadá | B62: 2466991 | C62: 944656 | D62: =+B62/$B$8 -> 0.00017838767 | F62: Canadá | G62: =+SUMIF(A62:A207,F62,D62:D207) -> 0.00017838767
A63: Colombia | B63: 48276184 | C63: 77066690 | D63: =+B63/$B$8 -> 0.0034908421 | F63: Colombia | G63: =+SUMIF(A63:A208,F63,D63:D208) -> 0.0034908421
A64: Costa Rica | B64: 3085879 | C64: 3385438 | D64: =+B64/$B$8 -> 0.00022313935 | F64: Costa Rica | G64: =+SUMIF(A64:A209,F64,D64:D209) -> 0.00022313935
A65: Cuba | B65: 51206457 | C65: 174100127 | D65: =+B65/$B$8 -> 0.0037027296 | F65: Cuba | G65: =+SUMIF(A65:A210,F65,D65:D210) -> 0.0037027296
A66: Chile | B66: 256892339 | C66: 398334950 | D66: =+B66/$B$8 -> 0.018575838 | F66: Chile | G66: =+SUMIF(A66:A211,F66,D66:D211) -> 0.018575838
A67: República Dominicana | B67: 35778448 | C67: 74802140 | D67: =+B67/$B$8 -> 0.0025871331 | F67: República Dominicana | G67: =+SUMIF(A67:A212,F67,D67:D212) -> 0.0025871331
A68: Ecuador | B68: 62232000 | C68: 182435472 | D68: =+B68/$B$8 -> 0.0044999846 | F68: Ecuador | G68: =+SUMIF(A68:A213,F68,D68:D213) -> 0.0044999846
A69: El Salvador | B69: 1238583 | C69: 1237753 | D69: =+B69/$B$8 -> 8.9561711e-05 | F69: El Salvador | G69: =+SUMIF(A69:A214,F69,D69:D214) -> 8.9561711e-05
... A84: Venezuela | B84: 193221423 | C84: 305696111 | D84: =+B84/$B$8 -> 0.013971806 | F84: Venezuela | G84: =+SUMIF(A84:A229,F84,D84:D229) -> 0.013971806
A85: Territorios vinculados al Reino Unido | B85: - | C85: - | D85: =+B85/$B$8 -> #VALUE! | F85: Territorios vinculados al Reino Unido | G85: =+SUMIF(A85:A230,F85,D85:D230) -> #VALUE!
A86: Suriname | B86: 5594 | C86: 8534 | D86: =+B86/$B$8 -> 4.0450112e-07 | F86: Suriname | G86: =+SUMIF(A86:A231,F86,D86:D231) -> 4.0450112e-07
A87: Santa Lucía | B87: - | C87: - | D87: =+B87/$B$8 -> #VALUE! | F87: Santa Lucía | G87: =+SUMIF(A87:A232,F87,D87:D232) -> #VALUE!
A88: San Vicente y las Granadinas | B88: 63836 | C88: 22399 | D88: =+B88/$B$8 -> 4.6159695e-06 | F88: San Vicente y las Granadinas | G88: =+SUMIF(A88:A233,F88,D88:D233) -> 4.6159695e-06
A89: Bahamas | B89: 226951 | C89: 493500 | D89: =+B89/$B$8 -> 1.6410785e-05 | F89: Bahamas | G89: =+SUMIF(A89:A234,F89,D89:D234) -> 1.6410785e-05
A90: Antillas Holandesas | B90: 1275167 | C90: 238822 | D90: =+B90/$B$8 -> 9.2207094e-05 | F90: Antillas Holandesas | G90: =+SUMIF(A90:A235,F90,D90:D235) -> 9.2207094e-05
A91: Aruba | B91: 259133 | C91: 49538 | D91: =+B91/$B$8 -> 1.873786e-05 | F91: Aruba | G91: =+SUMIF(A91:A236,F91,D91:D236) -> 1.873786e-05
A92: Iquique (Chile) | B92: - | C92: - | D92: =+B92/$B$8 -> #VALUE! | F92: Iquique (Chile) | G92: =+SUMIF(A92:A237,F92,D92:D237) -> #VALUE!
A93: Punta Arenas (Chile) | B93: 70015 | C93: 6822 | D93: =+B93/$B$8 -> 5.0627719e-06 | F93: Punta Arenas (Chile) | G93: =+SUMIF(A93:A238,F93,D93:D238) -> 5.0627719e-06
A94: Colonia (Uruguay) | B94: 145163 | C94: 407500 | D94: =+B94/$B$8 -> 1.049671e-05 | F94: Colonia (Uruguay) | G94: =+SUMIF(A94:A239,F94,D94:D239) -> 1.049671e-05
A95: Florida (Uruguay) | B95: - | C95: - | D95: =+B95/$B$8 -> #VALUE! | F95: Florida (Uruguay) | G95: =+SUMIF(A95:A240,F95,D95:D240) -> #VALUE!
D96: =+B96/$B$8 -> #VALUE! | F96: ASIA | G96: =+SUMIF(A96:A241,F96,D96:D241) -> 0.41253769
A97: ASIA | B97: 5705140770 | C97: 13926748773 | D97: =+B97/$B$8 -> 0.41253769 | F97: Arabia Saudita | G97: =+SUMIF(A97:A242,F97,D97:D242) -> 0.0098449481
A98: Arabia Saudita | B98: 136149535 | C98: 518275173 | D98: =+B98/$B$8 -> 0.0098449481 | F98: Bahrein | G98: =+SUMIF(A98:A243,F98,D98:D243) -> 3.681517e-05
A99: Bahrein | B99: 509131 | C99: 597551 | D99: =+B99/$B$8 -> 3.681517e-05 | F99: Myanmar (ex Birmania) Unión de | G99: =+SUMIF(A99:A244,F99,D99:D244) -> 6.5207548e-06
A100: Myanmar (ex Birmania) Unión de | B100: 90178 | C100: 146627 | D100: =+B100/$B$8 -> 6.5207548e-06 | F100: Camboya (ex Kampuchea) | G100: =+SUMIF(A100:A245,F100,D100:D245) -> 0.00044517474
A101: Camboya (ex Kampuchea) | B101: 6156491 | C101: 300621 | D101: =+B101/$B$8 -> 0.00044517474 | F101: Sri Lanka | G101: =+SUMIF(A101:A246,F101,D101:D246) -> 7.95408e-10
A102: Sri Lanka | B102: 11 | C102: 11 | D102: =+B102/$B$8 -> 7.95408e-10 | F102: Corea Republicana | G102: =+SUMIF(A102:A247,F102,D102:D247) -> 0.022136407
A103: Corea Republicana | B103: 306132804 | C103: 828342047 | D103: =+B103/$B$8 -> 0.022136407 | F103: China | G103: =+SUMIF(A103:A248,F103,D103:D248) -> 0.04080248
A104: China | B104: 564273035 | C104: 1243899793 | D104: =+B104/$B$8 -> 0.04080248 | F104: Filipinas | G104: =+SUMIF(A104:A249,F104,D104:D249) -> 0.015096084
A105: Filipinas | B105: 208769494 | C105: 639867330 | D105: =+B105/$B$8 -> 0.015096084 | F105: Taiwan | G105: =+SUMIF(A105:A250,F105,D105:D250) -> 0.00087777814
A106: Taiwan | B106: 12139128 | C106: 6150992 | D106: =+B106/$B$8 -> 0.00087777814 | F106: India | G106: =+SUMIF(A106:A251,F106,D106:D251) -> 0.092702227
A107: India | B107: 1282014389 | C107: 1831589948 | D107: =+B107/$B$8 -> 0.092702227 | F107: Indonesia | G107: =+SUMIF(A107:A252,F107,D107:D252) -> 0.037842004
A108: Indonesia | B108: 523331473 | C108: 1623787849 | D108: =+B108/$B$8 -> 0.037842004 | F108: Iraq | G108: =+SUMIF(A108:A253,F108,D108:D253) -> 0.0025371688
... A136: Territorios Autónomos Palestinos (Gaza y Jericó) | B136: 10401 | C136: 217 | D136: =+B136/$B$8 -> 7.5209442e-07 | F136: EUROPA | G136: =+SUMIF(A136:A281,F136,D136:D281) -> 0.19245004
D137: =+B137/$B$8 -> #VALUE! | F137: Albania | G137: =+SUMIF(A137:A282,F137,D137:D282) -> 5.4200113e-05
A138: EUROPA | B138: 2661464826 | C138: 7759156720 | D138: =+B138/$B$8 -> 0.19245004 | F138: Austria | G138: =+SUMIF(A138:A283,F138,D138:D283) -> 0.00019633236
A139: Albania | B139: 749554 | C139: 111464 | D139: =+B139/$B$8 -> 5.4200113e-05 | F139: Bélgica | G139: =+SUMIF(A139:A284,F139,D139:D284) -> 0.0044134639
A140: Austria | B140: 2715155 | C140: 69596 | D140: =+B140/$B$8 -> 0.00019633236 | F140: Bulgaria | G140: =+SUMIF(A140:A285,F140,D140:D285) -> 6.3852462e-06
A141: Bélgica | B141: 61035472 | C141: 169737457 | D141: =+B141/$B$8 -> 0.0044134639 | F141: Dinamarca | G141: =+SUMIF(A141:A286,F141,D141:D286) -> 0.0099676469
A142: Bulgaria | B142: 88304 | C142: 36361 | D142: =+B142/$B$8 -> 6.3852462e-06 | F142: España | G142: =+SUMIF(A142:A287,F142,D142:D287) -> 0.036684887
A143: Dinamarca | B143: 137846384 | C143: 413182606 | D143: =+B143/$B$8 -> 0.0099676469 | F143: Finlandia | G143: =+SUMIF(A143:A288,F143,D143:D288) -> 1.9131732e-06
A144: España | B144: 507329270 | C144: 1594814846 | D144: =+B144/$B$8 -> 0.036684887 | F144: Francia | G144: =+SUMIF(A144:A289,F144,D144:D289) -> 0.0053554784
A145: Finlandia | B145: 26458 | C145: 8183 | D145: =+B145/$B$8 -> 1.9131732e-06 | F145: Grecia | G145: =+SUMIF(A145:A290,F145,D145:D290) -> 0.0035892925
A146: Francia | B146: 74062950 | C146: 221606138 | D146: =+B146/$B$8 -> 0.0053554784 | F146: Hungría | G146: =+SUMIF(A146:A291,F146,D146:D291) -> 2.7330725e-05
A147: Grecia | B147: 49637692 | C147: 138919614 | D147: =+B147/$B$8 -> 0.0035892925 | F147: Irlanda | G147: =+SUMIF(A147:A292,F147,D147:D292) -> 0.0085132212
A148: Hungría | B148: 377967 | C148: 3507 | D148: =+B148/$B$8 -> 2.7330725e-05 | F148: Italia | G148: =+SUMIF(A148:A293,F148,D148:D293) -> 0.024428867
A149: Irlanda | B149: 117732577 | C149: 476752650 | D149: =+B149/$B$8 -> 0.0085132212 | F149: Luxemburgo | G149: =+SUMIF(A149:A294,F149,D149:D294) -> 5.3737041e-06
... A151: Luxemburgo | B151: 74315 | C151: 5120 | D151: =+B151/$B$8 -> 5.3737041e-06 | F151: Noruega | G151: =+SUMIF(A151:A296,F151,D151:D296) -> 2.5172494e-06
A152: Malta | B152: 19 | C152: 16 | D152: =+B152/$B$8 -> 1.3738865e-09 | F152: Países Bajos
A153: Noruega | B153: 34812 | C153: 28451 | D153: =+B153/$B$8 -> 2.5172494e-06 | F153: Polonia
A154: Países Bajos | B154: 227487516 | C154: 794148316 | D154: =+B154/$B$8 -> 0.016449581
A155: Polonia | B155: 357830976 | C155: 1083565774 | D155: =+B155/$B$8 -> 0.025874693
A156: Portugal | B156: 29744101 | C156: 85116756
A157: Reino Unido | B157: 168907174 | C157: 554853407
A158: Rumania | B158: 19527811 | C158: 62008095
A159: Suecia | B159: 3735427 | C159: 94615
A160: Suiza | B160: 3447323 | C160: 397688
A161: Territorios vinculados al Reino Unido | B161: - | C161: -
...

Sheet 2015
A1: Evolución de las exportaciones con origen en la provincia de Santa Fe, según destino. Enero - diciembre de 2015.
B4: A Ñ O 2 0 1 5
A5: PAIS DE DESTINO | B5: VALOR F.O.B. | C5: PESO NETO
B6: (en Dólares) | C6: (en Kilos)
A8: TOTAL | B8: 13206825658 | C8: 29734481208
A10: AFRICA | B10: 1560117758 | C10: 4275619294 | D10: =+B10/$B$8 -> 0.11812965 | F10: {=+_xlfn.UNIQUE(A10:A155)} -> AFRICA | G10: =+SUMIF(A10:A155,F10,D10:D155) -> 0.11812965
A11: Burkina Faso | B11: 205106 | C11: 106912 | D11: =+B11/$B$8 -> 1.5530303e-05 | F11: Burkina Faso | G11: =+SUMIF(A11:A156,F11,D11:D156) -> 1.5530303e-05
A12: Argelia | B12: 555954051 | C12: 1551384496 | D12: =+B12/$B$8 -> 0.042095964 | F12: Argelia | G12: =+SUMIF(A12:A157,F12,D12:D157) -> 0.042095964
A13: Burundi | B13: 2243 | C13: 6776 | D13: =+B13/$B$8 -> 1.6983642e-07 | F13: Burundi | G13: =+SUMIF(A13:A158,F13,D13:D158) -> 1.6983642e-07
A14: Camerún | B14: 14934902 | C14: 40476596 | D14: =+B14/$B$8 -> 0.0011308472 | F14: Camerún | G14: =+SUMIF(A14:A159,F14,D14:D159) -> 0.0011308472
A15: Congo | B15: 3474628 | C15: 9539609 | D15: =+B15/$B$8 -> 0.00026309335 | F15: Congo | G15: =+SUMIF(A15:A160,F15,D15:D160) -> 0.00026309335
A16: Rep. Democrática del Congo (ex Zaire) | B16: 1018883 | C16: 1223506 | D16: =+B16/$B$8 -> 7.7148213e-05 | F16: Rep. Democrática del Congo (ex Zaire) | G16: =+SUMIF(A16:A161,F16,D16:D161) -> 7.7148213e-05
A17: Costa de Marfil | B17: 9667983 | C17: 25734840 | D17: =+B17/$B$8 -> 0.00073204442 | F17: Costa de Marfil | G17: =+SUMIF(A17:A162,F17,D17:D162) -> 0.00073204442
A18: Chad | B18: 145920 | C18: 45600 | D18: =+B18/$B$8 -> 1.1048832e-05 | F18: Chad | G18: =+SUMIF(A18:A163,F18,D18:D163) -> 1.1048832e-05
A19: Benin | B19: 152634 | C19: 220665 | D19: =+B19/$B$8 -> 1.1557206e-05 | F19: Benin | G19: =+SUMIF(A19:A164,F19,D19:D164) -> 1.1557206e-05
A20: Egipto | B20: 433722377 | C20: 1175075228 | D20: =+B20/$B$8 -> 0.032840774 | F20: Egipto | G20: =+SUMIF(A20:A165,F20,D20:D165) -> 0.032840774
A21: Gabón | B21: 233324 | C21: 222649 | D21: =+B21/$B$8 -> 1.7666925e-05 | F21: Gabón | G21: =+SUMIF(A21:A166,F21,D21:D166) -> 1.7666925e-05
A22: Gambia | B22: 45310 | C22: 119800 | D22: =+B22/$B$8 -> 3.4308017e-06 | F22: Gambia | G22: =+SUMIF(A22:A167,F22,D22:D167) -> 3.4308017e-06
... A24: Guinea | B24: 26103 | C24: 64108 | D24: =+B24/$B$8 -> 1.976478e-06 | F24: Guinea | G24: =+SUMIF(A24:A169,F24,D24:D169) -> 1.976478e-06
A25: Guinea Ecuatorial | B25: - | C25: - | D25: =+B25/$B$8 -> #VALUE! | F25: Guinea Ecuatorial | G25: =+SUMIF(A25:A170,F25,D25:D170) -> #VALUE!
A26: Kenya | B26: 1779286 | C26: 5952987 | D26: =+B26/$B$8 -> 0.00013472473 | F26: Kenya | G26: =+SUMIF(A26:A171,F26,D26:D171) -> 0.00013472473
A27: Liberia | B27: 64764 | C27: 158419 | D27: =+B27/$B$8 -> 4.9038279e-06 | F27: Liberia | G27: =+SUMIF(A27:A172,F27,D27:D172) -> 4.9038279e-06
A28: Libia | B28: 46926291 | C28: 127295746 | D28: =+B28/$B$8 -> 0.0035531847 | F28: Libia | G28: =+SUMIF(A28:A173,F28,D28:D173) -> 0.0035531847
A29: Madagascar | B29: 7404349 | C29: 12622365 | D29: =+B29/$B$8 -> 0.00056064562 | F29: Madagascar | G29: =+SUMIF(A29:A174,F29,D29:D174) -> 0.00056064562
A30: Mali | B30: 66177 | C30: 78840 | D30: =+B30/$B$8 -> 5.010818e-06 | F30: Mali | G30: =+SUMIF(A30:A175,F30,D30:D175) -> 5.010818e-06
A31: Marruecos | B31: 110438927 | C31: 397023911 | D31: =+B31/$B$8 -> 0.0083622613 | F31: Marruecos | G31: =+SUMIF(A31:A176,F31,D31:D176) -> 0.0083622613
A32: Mauricio | B32: 20275553 | C32: 53062925 | D32: =+B32/$B$8 -> 0.0015352329 | F32: Mauricio | G32: =+SUMIF(A32:A177,F32,D32:D177) -> 0.0015352329
A33: Mauritania | B33: 71305 | C33: 31090 | D33: =+B33/$B$8 -> 5.3991021e-06 | F33: Mauritania | G33: =+SUMIF(A33:A178,F33,D33:D178) -> 5.3991021e-06
A34: Níger | B34: 9619189 | C34: 2976123 | D34: =+B34/$B$8 -> 0.00072834981 | F34: Níger | G34: =+SUMIF(A34:A179,F34,D34:D179) -> 0.00072834981
A35: Nigeria | B35: 53087677 | C35: 142749679 | D35: =+B35/$B$8 -> 0.0040197151 | F35: Nigeria | G35: =+SUMIF(A35:A180,F35,D35:D180) -> 0.0040197151
A36: Zimbabwe | B36: 3270 | C36: 120 | D36: =+B36/$B$8 -> 2.4759924e-07 | F36: Zimbabwe | G36: =+SUMIF(A36:A181,F36,D36:D181) -> 2.4759924e-07
A37: Rwanda | B37: - | C37: - | D37: =+B37/$B$8 -> #VALUE! | F37: Rwanda | G37: =+SUMIF(A37:A182,F37,D37:D182) -> #VALUE!
A38: Senegal | B38: 14879187 | C38: 50132300 | D38: =+B38/$B$8 -> 0.0011266286 | F38: Senegal | G38: =+SUMIF(A38:A183,F38,D38:D183) -> 0.0011266286
A39: Sierra Leona | B39: 35181 | C39: 91078 | D39: =+B39/$B$8 -> 2.6638498e-06 | F39: Sierra Leona | G39: =+SUMIF(A39:A184,F39,D39:D184) -> 2.6638498e-06
A40: Tanzania | B40: 10297 | C40: 29917 | D40: =+B40/$B$8 -> 7.7967259e-07 | F40: Tanzania | G40: =+SUMIF(A40:A185,F40,D40:D185) -> 7.7967259e-07
A41: Togo | B41: 45429 | C41: 27736 | D41: =+B41/$B$8 -> 3.4398122e-06 | F41: Togo | G41: =+SUMIF(A41:A186,F41,D41:D186) -> 3.4398122e-06
A42: Túnez | B42: 4406479 | C42: 15120089 | D42: =+B42/$B$8 -> 0.00033365164 | F42: Túnez | G42: =+SUMIF(A42:A187,F42,D42:D187) -> 0.00033365164
A43: Uganda | B43: 392016 | C43: 1270502 | D43: =+B43/$B$8 -> 2.9682833e-05 | F43: Uganda | G43: =+SUMIF(A43:A188,F43,D43:D188) -> 2.9682833e-05
A44: Zambia | B44: - | C44: - | D44: =+B44/$B$8 -> #VALUE! | F44: Zambia | G44: =+SUMIF(A44:A189,F44,D44:D189) -> #VALUE!
A45: Territorios vinculados a Francia | B45: 7570316 | C45: 24726000 | D45: =+B45/$B$8 -> 0.00057321238 | F45: Territorios vinculados a Francia | G45: =+SUMIF(A45:A190,F45,D45:D190) -> 0.00057321238
A46: Angola | B46: 9854758 | C46: 10415395 | D46: =+B46/$B$8 -> 0.00074618673 | F46: Angola | G46: =+SUMIF(A46:A191,F46,D46:D191) -> 0.00074618673
A47: Cabo Verde | B47: 510242 | C47: 2671150 | D47: =+B47/$B$8 -> 3.8634719e-05 | F47: Cabo Verde | G47: =+SUMIF(A47:A192,F47,D47:D192) -> 3.8634719e-05
A48: Mozambique | B48: 25693166 | C48: 39485965 | D48: =+B48/$B$8 -> 0.001945446 | F48: Mozambique
A49: Djibouti | B49: 5259 | C49: 13551 | D49: =+B49/$B$8 -> 3.9820318e-07 | F49: Djibouti | G49: =+SUMIF(A49:A194,F49,D49:D194) -> 3.9820318e-07
A50: Sudáfrica | B50: 220781812 | C50: 574251995 | D50: =+B50/$B$8 -> 0.01671725 | F50: Sudáfrica | G50: =+SUMIF(A50:A195,F50,D50:D195) -> 0.01671725
A51: Eritrea | B51: 3007 | C51: 6723 | D51: =+B51/$B$8 -> 2.276853e-07 | F51: Eritrea | G51: =+SUMIF(A51:A196,F51,D51:D196) -> 2.276853e-07
A52: Etiopía | B52: 104775 | C52: 289983 | D52: =+B52/$B$8 -> 7.9333977e-06 | F52: Etiopía | G52: =+SUMIF(A52:A197,F52,D52:D197) -> 7.9333977e-06
A53: Sudán | B53: 3340694 | C53: 1310973 | D53: =+B53/$B$8 -> 0.00025295208 | F53: Sudán | G53: =+SUMIF(A53:A198,F53,D53:D198) -> 0.00025295208
A54: Sudán del Sur | B54: 2710 | C54: 6776 | D54: =+B54/$B$8 -> 2.0519692e-07 | F54: Sudán del Sur | G54: =+SUMIF(A54:A199,F54,D54:D199) -> 2.0519692e-07
D55: =+B55/$B$8 -> #VALUE! | G55: =+SUMIF(A55:A200,F55,D55:D200) -> #VALUE!
A56: AMERICA | B56: 2862821621 | C56: 3862976778 | D56: =+B56/$B$8 -> 0.21676834 | F56: AMERICA | G56: =+SUMIF(A56:A201,F56,D56:D201) -> 0.21676834
A57: Barbados | B57: 22221 | C57: 24154 | D57: =+B57/$B$8 -> 1.6825391e-06 | F57: Barbados | G57: =+SUMIF(A57:A202,F57,D57:D202) -> 1.6825391e-06
A58: Bolivia | B58: 74199520 | C58: 55474590 | D58: =+B58/$B$8 -> 0.0056182706 | F58: Bolivia | G58: =+SUMIF(A58:A203,F58,D58:D203) -> 0.0056182706
A59: Brasil | B59: 786462369 | C59: 919819531 | D59: =+B59/$B$8 -> 0.05954969 | F59: Brasil | G59: =+SUMIF(A59:A204,F59,D59:D204) -> 0.05954969
A60: Canadá | B60: 1907003 | C60: 1514833 | D60: =+B60/$B$8 -> 0.00014439526 | F60: Canadá | G60: =+SUMIF(A60:A205,F60,D60:D205) -> 0.00014439526
A61: Colombia | B61: 23885275 | C61: 33516058 | D61: =+B61/$B$8 -> 0.0018085553 | F61: Colombia | G61: =+SUMIF(A61:A206,F61,D61:D206) -> 0.0018085553
A62: Costa Rica | B62: 2545114 | C62: 2532717 | D62: =+B62/$B$8 -> 0.00019271202 | F62: Costa Rica | G62: =+SUMIF(A62:A207,F62,D62:D207) -> 0.00019271202
A63: Cuba | B63: 51344936 | C63: 172215599 | D63: =+B63/$B$8 -> 0.0038877575 | F63: Cuba | G63: =+SUMIF(A63:A208,F63,D63:D208) -> 0.0038877575
A64: Chile | B64: 283600544 | C64: 446644178 | D64: =+B64/$B$8 -> 0.021473786 | F64: Chile | G64: =+SUMIF(A64:A209,F64,D64:D209) -> 0.021473786
A65: República Dominicana | B65: 34769326 | C65: 59013620 | D65: =+B65/$B$8 -> 0.0026326785 | F65: República Dominicana | G65: =+SUMIF(A65:A210,F65,D65:D210) -> 0.0026326785
A66: Ecuador | B66: 42729460 | C66: 103474008 | D66: =+B66/$B$8 -> 0.0032354073 | F66: Ecuador | G66: =+SUMIF(A66:A211,F66,D66:D211) -> 0.0032354073
A67: El Salvador | B67: 1715321 | C67: 2046456 | D67: =+B67/$B$8 -> 0.0001298814 | F67: El Salvador | G67: =+SUMIF(A67:A212,F67,D67:D212) -> 0.0001298814
... A85: Santa Lucía | B85: 15521 | C85: 18048 | D85: =+B85/$B$8 -> 1.1752256e-06 | F85: Santa Lucía | G85: =+SUMIF(A85:A230,F85,D85:D230) -> 1.1752256e-06
A86: San Vicente y las Granadinas | B86: - | C86: - | D86: =+B86/$B$8 -> #VALUE! | F86: San Vicente y las Granadinas | G86: =+SUMIF(A86:A231,F86,D86:D231) -> #VALUE!
A87: Belice | B87: - | C87: - | D87: =+B87/$B$8 -> #VALUE! | F87: Belice | G87: =+SUMIF(A87:A232,F87,D87:D232) -> #VALUE!
A88: Antillas Holandesas | B88: 723122 | C88: 167422 | D88: =+B88/$B$8 -> 5.4753657e-05 | F88: Antillas Holandesas | G88: =+SUMIF(A88:A233,F88,D88:D233) -> 5.4753657e-05
A89: Aruba | B89: 110725 | C89: 27900 | D89: =+B89/$B$8 -> 8.3839223e-06 | F89: Aruba | G89: =+SUMIF(A89:A234,F89,D89:D234) -> 8.3839223e-06
A90: Iquique (Chile) | B90: 104640 | C90: 22000 | D90: =+B90/$B$8 -> 7.9231757e-06 | F90: Iquique (Chile) | G90: =+SUMIF(A90:A235,F90,D90:D235) -> 7.9231757e-06
A91: Punta Arenas (Chile) | B91: 87391 | C91: 8114 | D91: =+B91/$B$8 -> 6.6171086e-06 | F91: Punta Arenas (Chile) | G91: =+SUMIF(A91:A236,F91,D91:D236) -> 6.6171086e-06
A92: Colonia (Uruguay) | B92: 105375 | C92: 275000 | D92: =+B92/$B$8 -> 7.9788287e-06 | F92: Colonia (Uruguay) | G92: =+SUMIF(A92:A237,F92,D92:D237) -> 7.9788287e-06
A93: Florida (Uruguay) | B93: 7688 | C93: 786 | D93: =+B93/$B$8 -> 5.8212323e-07 | F93: Florida (Uruguay) | G93: =+SUMIF(A93:A238,F93,D93:D238) -> 5.8212323e-07
D94: =+B94/$B$8 -> #VALUE! | F94: ASIA | G94: =+SUMIF(A94:A239,F94,D94:D239) -> 0.43585792
A95: ASIA | B95: 5756299569 | C95: 13307510955 | D95: =+B95/$B$8 -> 0.43585792 | F95: Arabia Saudita | G95: =+SUMIF(A95:A240,F95,D95:D240) -> 0.010438095
A96: Arabia Saudita | B96: 137854099 | C96: 505763734 | D96: =+B96/$B$8 -> 0.010438095 | F96: Bahrein | G96: =+SUMIF(A96:A241,F96,D96:D241) -> 3.7175549e-05
A97: Bahrein | B97: 490971 | C97: 187182 | D97: =+B97/$B$8 -> 3.7175549e-05 | F97: Myanmar (ex Birmania) Unión de | G97: =+SUMIF(A97:A242,F97,D97:D242) -> 7.6878428e-06
A98: Myanmar (ex Birmania) Unión de | B98: 101532 | C98: 691140 | D98: =+B98/$B$8 -> 7.6878428e-06 | F98: Camboya (ex Kampuchea) | G98: =+SUMIF(A98:A243,F98,D98:D243) -> 0.00043445542
A99: Camboya (ex Kampuchea) | B99: 5737777 | C99: 244872 | D99: =+B99/$B$8 -> 0.00043445542 | F99: Sri Lanka | G99: =+SUMIF(A99:A244,F99,D99:D244) -> #VALUE!
A100: Sri Lanka | B100: - | C100: - | D100: =+B100/$B$8 -> #VALUE! | F100: Corea Republicana | G100: =+SUMIF(A100:A245,F100,D100:D245) -> 0.022923389
A101: Corea Republicana | B101: 302745205 | C101: 766609799 | D101: =+B101/$B$8 -> 0.022923389 | F101: China | G101: =+SUMIF(A101:A246,F101,D101:D246) -> 0.081768951
A102: China | B102: 1079908274 | C102: 2348288679 | D102: =+B102/$B$8 -> 0.081768951 | F102: Filipinas | G102: =+SUMIF(A102:A247,F102,D102:D247) -> 0.012497956
A103: Filipinas | B103: 165058324 | C103: 464602820 | D103: =+B103/$B$8 -> 0.012497956 | F103: Taiwan | G103: =+SUMIF(A103:A248,F103,D103:D248) -> 0.0011462599
A104: Taiwan | B104: 15138455 | C104: 11389629 | D104: =+B104/$B$8 -> 0.0011462599 | F104: India | G104: =+SUMIF(A104:A249,F104,D104:D249) -> 0.091031958
A105: India | B105: 1202243193 | C105: 1760554776 | D105: =+B105/$B$8 -> 0.091031958 | F105: Indonesia | G105: =+SUMIF(A105:A250,F105,D105:D250) -> 0.035256051
A106: Indonesia | B106: 465620519 | C106: 1367770098 | D106: =+B106/$B$8 -> 0.035256051 | F106: Iraq | G106: =+SUMIF(A106:A251,F106,D106:D251) -> 0.00064463288
A107: Iraq | B107: 8513554 | C107: 17770596 | D107: =+B107/$B$8 -> 0.00064463288 | F107: Irán | G107: =+SUMIF(A107:A252,F107,D107:D252) -> 0.029205018
A108: Irán | B108: 385705579 | C108: 835517266 | D108: =+B108/$B$8 -> 0.029205018 | F108: Israel | G108: =+SUMIF(A108:A253,F108,D108:D253) -> 0.0028648206
A109: Israel | B109: 37835186 | C109: 15218894 | D109: =+B109/$B$8 -> 0.0028648206 | F109: Japón | G109: =+SUMIF(A109:A254,F109,D109:D254) -> 0.0029149478
A110: Japón | B110: 38497207 | C110: 134443991 | D110: =+B110/$B$8 -> 0.0029149478 | F110: Jordania | G110: =+SUMIF(A110:A255,F110,D110:D255) -> 0.0075335683
A111: Jordania | B111: 99494523 | C111: 309391724 | D111: =+B111/$B$8 -> 0.0075335683 | F111: Qatar | G111: =+SUMIF(A111:A256,F111,D111:D256) -> 2.8175961e-05
A112: Qatar | B112: 372115 | C112: 34424 | D112: =+B112/$B$8 -> 2.8175961e-05 | F112: Kuwait | G112: =+SUMIF(A112:A257,F112,D112:D257) -> 0.00022026247
... A134: Territorios Autónomos Palestinos (Gaza y Jericó) | B134: 6841 | C134: 3511 | D134: =+B134/$B$8 -> 5.1798973e-07 | F134: EUROPA | G134: =+SUMIF(A134:A279,F134,D134:D279) -> 0.21571788
D135: =+B135/$B$8 -> #VALUE! | F135: Albania | G135: =+SUMIF(A135:A280,F135,D135:D280) -> 6.5744034e-05
A136: EUROPA | B136: 2848948381 | C136: 7840084650 | D136: =+B136/$B$8 -> 0.21571788 | F136: Austria | G136: =+SUMIF(A136:A281,F136,D136:D281) -> 0.00019580375
A137: Albania | B137: 868270 | C137: 151104 | D137: =+B137/$B$8 -> 6.5744034e-05 | F137: Bélgica | G137: =+SUMIF(A137:A282,F137,D137:D282) -> 0.0049073825
A138: Austria | B138: 2585946 | C138: 62159 | D138: =+B138/$B$8 -> 0.00019580375 | F138: Bulgaria | G138: =+SUMIF(A138:A283,F138,D138:D283) -> 8.8707917e-06
A139: Bélgica | B139: 64810945 | C139: 159124814 | D139: =+B139/$B$8 -> 0.0049073825 | F139: Dinamarca | G139: =+SUMIF(A139:A284,F139,D139:D284) -> 0.013808129
A140: Bulgaria | B140: 117155 | C140: 99207 | D140: =+B140/$B$8 -> 8.8707917e-06 | F140: España | G140: =+SUMIF(A140:A285,F140,D140:D285) -> 0.034677516
A141: Dinamarca | B141: 182361551 | C141: 489953997 | D141: =+B141/$B$8 -> 0.013808129 | F141: Finlandia | G141: =+SUMIF(A141:A286,F141,D141:D286) -> 4.4034048e-06
A142: España | B142: 457979913 | C142: 1424899734 | D142: =+B142/$B$8 -> 0.034677516 | F142: Francia | G142: =+SUMIF(A142:A287,F142,D142:D287) -> 0.0078271045
A143: Finlandia | B143: 58155 | C143: 11913 | D143: =+B143/$B$8 -> 4.4034048e-06 | F143: Grecia | G143: =+SUMIF(A143:A288,F143,D143:D288) -> 0.0044786885
...

Sheet 2014
A1: Evolución de las exportaciones con origen en la provincia de Santa Fe, según destino. Enero - diciembre de 2014.
B4: A Ñ O 2 0 1 4
A5: PAIS DE DESTINO | B5: VALOR F.O.B. | C5: PESO NETO
B6: (en Dólares) | C6: (en Kilos)
A8: TOTAL | B8: 16079051363 | C8: 2.6262937e+10
A10: AFRICA | B10: 1784390303 | C10: 3.548443e+09 | D10: =+B10/$B$8 -> 0.11097609 | F10: {=+_xlfn.UNIQUE(A10:A155)} -> AFRICA | G10: =+SUMIF(A10:A155,F10,D10:D155) -> 0.11097609
A11: Burkina Faso | B11: 123396 | C11: 53697.6 | D11: =+B11/$B$8 -> 7.6743333e-06 | F11: Burkina Faso | G11: =+SUMIF(A11:A156,F11,D11:D156) -> 7.6743333e-06
A12: Argelia | B12: 735216401 | C12: 1.3973032e+09 | D12: =+B12/$B$8 -> 0.045725111 | F12: Argelia | G12: =+SUMIF(A12:A157,F12,D12:D157) -> 0.045725111
A13: Camerún | B13: 10268011 | C13: 17511306 | D13: =+B13/$B$8 -> 0.00063859557 | F13: Camerún | G13: =+SUMIF(A13:A158,F13,D13:D158) -> 0.00063859557
A14: Congo | B14: 1064906 | C14: 1732307.9 | D14: =+B14/$B$8 -> 6.6229405e-05 | F14: Congo | G14: =+SUMIF(A14:A159,F14,D14:D159) -> 6.6229405e-05
A15: Rep Democrática del Congo (ex Zaire) | B15: 4136217 | C15: 8191813 | D15: =+B15/$B$8 -> 0.0002572426 | F15: Rep Democrática del Congo (ex Zaire) | G15: =+SUMIF(A15:A160,F15,D15:D160) -> 0.0002572426
A16: Costa de Marfil | B16: 21963252 | C16: 29987108 | D16: =+B16/$B$8 -> 0.0013659545 | F16: Costa de Marfil | G16: =+SUMIF(A16:A161,F16,D16:D161) -> 0.0013659545
A17: Chad | B17: 256000 | C17: 50000 | D17: =+B17/$B$8 -> 1.5921337e-05 | F17: Chad | G17: =+SUMIF(A17:A162,F17,D17:D162) -> 1.5921337e-05
A18: Benin | B18: 77822 | C18: 83840.95 | D18: =+B18/$B$8 -> 4.8399621e-06 | F18: Benin | G18: =+SUMIF(A18:A163,F18,D18:D163) -> 4.8399621e-06
A19: Egipto | B19: 342626265 | C19: 7.8376433e+08 | D19: =+B19/$B$8 -> 0.021308861 | F19: Egipto | G19: =+SUMIF(A19:A164,F19,D19:D164) -> 0.021308861
A20: Gabón | B20: 657885 | C20: 232170.94 | D20: =+B20/$B$8 -> 4.091566e-05 | F20: Gabón | G20: =+SUMIF(A20:A165,F20,D20:D165) -> 4.091566e-05
A21: Gambia | B21: 2324 | C21: 2735.24 | D21: =+B21/$B$8 -> 1.4453589e-07 | F21: Gambia | G21: =+SUMIF(A21:A166,F21,D21:D166) -> 1.4453589e-07
A22: Ghana | B22: 51760 | C22: 61491.76 | D22: =+B22/$B$8 -> 3.2190954e-06 | F22: Ghana | G22: =+SUMIF(A22:A167,F22,D22:D167) -> 3.2190954e-06
... A28: Madagascar | B28: 6827742 | C28: 8081200 | D28: =+B28/$B$8 -> 0.00042463587 | F28: Madagascar | G28: =+SUMIF(A28:A173,F28,D28:D173) -> 0.00042463587
A29: Malawi | B29: - | C29: - | D29: =+B29/$B$8 -> #VALUE! | F29: Malawi | G29: =+SUMIF(A29:A174,F29,D29:D174) -> #VALUE!
A30: Mali | B30: 47811 | C30: 51607.71 | D30: =+B30/$B$8 -> 2.9734963e-06 | F30: Mali | G30: =+SUMIF(A30:A175,F30,D30:D175) -> 2.9734963e-06
A31: Marruecos | B31: 200362614 | C31: 4.698787e+08 | D31: =+B31/$B$8 -> 0.012461097 | F31: Marruecos | G31: =+SUMIF(A31:A176,F31,D31:D176) -> 0.012461097
A32: Mauricio | B32: 24059334 | C32: 46767921 | D32: =+B32/$B$8 -> 0.0014963155 | F32: Mauricio | G32: =+SUMIF(A32:A177,F32,D32:D177) -> 0.0014963155
A33: Mauritania | B33: 206310 | C33: 34501 | D33: =+B33/$B$8 -> 1.2830981e-05 | F33: Mauritania | G33: =+SUMIF(A33:A178,F33,D33:D178) -> 1.2830981e-05
A34: Níger | B34: 15236558 | C34: 2974560 | D34: =+B34/$B$8 -> 0.00094760304 | F34: Níger | G34: =+SUMIF(A34:A179,F34,D34:D179) -> 0.00094760304
A35: Nigeria | B35: 18157286 | C35: 16341040 | D35: =+B35/$B$8 -> 0.0011292511 | F35: Nigeria | G35: =+SUMIF(A35:A180,F35,D35:D180) -> 0.0011292511
A36: Zimbabwe | B36: 77474 | C36: 25837.94 | D36: =+B36/$B$8 -> 4.8183191e-06 | F36: Zimbabwe | G36: =+SUMIF(A36:A181,F36,D36:D181) -> 4.8183191e-06
A37: Rwanda | B37: 18 | C37: 11.58 | D37: =+B37/$B$8 -> 1.119469e-09 | F37: Rwanda | G37: =+SUMIF(A37:A182,F37,D37:D182) -> 1.119469e-09
A38: Senegal | B38: 12335721 | C38: 29074652 | D38: =+B38/$B$8 -> 0.00076719209 | F38: Senegal | G38: =+SUMIF(A38:A183,F38,D38:D183) -> 0.00076719209
A39: Sierra Leona | B39: 637932 | C39: 2129868.3 | D39: =+B39/$B$8 -> 3.9674729e-05 | F39: Sierra Leona | G39: =+SUMIF(A39:A184,F39,D39:D184) -> 3.9674729e-05
A40: Tanzania | B40: 1300062 | C40: 1530348.8 | D40: =+B40/$B$8 -> 8.0854397e-05 | F40: Tanzania | G40: =+SUMIF(A40:A185,F40,D40:D185) -> 8.0854397e-05
A41: Togo | B41: 22025 | C41: 31780.35 | D41: =+B41/$B$8 -> 1.3697947e-06 | F41: Togo | G41: =+SUMIF(A41:A186,F41,D41:D186) -> 1.3697947e-06
... A47: Cabo Verde | B47: 201494 | C47: 1011569.6 | D47: =+B47/$B$8 -> 1.2531461e-05 | F47: Cabo Verde | G47: =+SUMIF(A47:A192,F47,D47:D192) -> 1.2531461e-05
A48: Mozambique | B48: 17575837 | C48: 20672282 | D48: =+B48/$B$8 -> 0.0010930892 | F48: Mozambique
A49: Djibouti | B49: 3555 | C49: 5829.2 | D49: =+B49/$B$8 -> 2.2109513e-07 | F49: Djibouti | G49: =+SUMIF(A49:A194,F49,D49:D194) -> 2.2109513e-07
A50: Namibia | B50: - | C50: - | D50: =+B50/$B$8 -> #VALUE! | F50: Namibia | G50: =+SUMIF(A50:A195,F50,D50:D195) -> #VALUE!
A51: Sudáfrica | B51: 214480531 | C51: 3.9209451e+08 | D51: =+B51/$B$8 -> 0.013339128 | F51: Sudáfrica | G51: =+SUMIF(A51:A196,F51,D51:D196) -> 0.013339128
A52: Eritrea | B52: 66495 | C52: 100901.21 | D52: =+B52/$B$8 -> 4.1355052e-06 | F52: Eritrea | G52: =+SUMIF(A52:A197,F52,D52:D197) -> 4.1355052e-06
A53: Etiopía | B53: 156773 | C53: 248581.75 | D53: =+B53/$B$8 -> 9.7501399e-06 | F53: Etiopía | G53: =+SUMIF(A53:A198,F53,D53:D198) -> 9.7501399e-06
A54: Sudán | B54: 3711694 | C54: 869105 | D54: =+B54/$B$8 -> 0.00023084036 | F54: Sudán | G54: =+SUMIF(A54:A199,F54,D54:D199) -> 0.00023084036
A55: Sudán del Sur | B55: 3364 | C55: 5829.2 | D55: =+B55/$B$8 -> 2.0921632e-07 | F55: Sudán del Sur | G55: =+SUMIF(A55:A200,F55,D55:D200) -> 2.0921632e-07
D56: =+B56/$B$8 -> 0 | F56: 0 | G56: =+SUMIF(A56:A201,F56,D56:D201) -> 0
A57: AMERICA | B57: 3909001913 | C57: 3.69178e+09 | D57: =+B57/$B$8 -> 0.24311148 | F57: AMERICA | G57: =+SUMIF(A57:A202,F57,D57:D202) -> 0.24311148
A58: Barbados | B58: 522676 | C58: 524501.45 | D58: =+B58/$B$8 -> 3.2506644e-05 | F58: Barbados | G58: =+SUMIF(A58:A203,F58,D58:D203) -> 3.2506644e-05
A59: Bolivia | B59: 103068513 | C59: 78160891 | D59: =+B59/$B$8 -> 0.0064101116 | F59: Bolivia | G59: =+SUMIF(A59:A204,F59,D59:D204) -> 0.0064101116
A60: Brasil | B60: 1222870092 | C60: 5.9180023e+08 | D60: =+B60/$B$8 -> 0.076053622 | F60: Brasil | G60: =+SUMIF(A60:A205,F60,D60:D205) -> 0.076053622
A61: Canadá | B61: 2664306 | C61: 1586698.5 | D61: =+B61/$B$8 -> 0.00016570045 | F61: Canadá | G61: =+SUMIF(A61:A206,F61,D61:D206) -> 0.00016570045
A62: Colombia | B62: 151771134 | C62: 2.8564375e+08 | D62: =+B62/$B$8 -> 0.0094390602 | F62: Colombia | G62: =+SUMIF(A62:A207,F62,D62:D207) -> 0.0094390602
A63: Costa Rica | B63: 6248055 | C63: 5591243.7 | D63: =+B63/$B$8 -> 0.00038858356 | F63: Costa Rica | G63: =+SUMIF(A63:A208,F63,D63:D208) -> 0.00038858356
A64: Cuba | B64: 118212230 | C64: 2.5240983e+08 | D64: =+B64/$B$8 -> 0.0073519406 | F64: Cuba | G64: =+SUMIF(A64:A209,F64,D64:D209) -> 0.0073519406
A65: Chile | B65: 299321839 | C65: 3.327898e+08 | D65: =+B65/$B$8 -> 0.01861564 | F65: Chile | G65: =+SUMIF(A65:A210,F65,D65:D210) -> 0.01861564
A66: República Dominicana | B66: 43845557 | C66: 69026005 | D66: =+B66/$B$8 -> 0.0027268746 | F66: República Dominicana | G66: =+SUMIF(A66:A211,F66,D66:D211) -> 0.0027268746
A67: Ecuador | B67: 91601226 | C67: 1.7195189e+08 | D67: =+B67/$B$8 -> 0.0056969297 | F67: Ecuador | G67: =+SUMIF(A67:A212,F67,D67:D212) -> 0.0056969297
A68: El Salvador | B68: 3053410 | C68: 3326153.5 | D68: =+B68/$B$8 -> 0.00018989988 | F68: El Salvador | G68: =+SUMIF(A68:A213,F68,D68:D213) -> 0.00018989988
... A87: Belice | B87: 362 | C87: 6.98 | D87: =+B87/$B$8 -> 2.2513766e-08 | F87: Belice | G87: =+SUMIF(A87:A232,F87,D87:D232) -> 2.2513766e-08
A88: San Cristóbal y Nevis | B88: - | C88: - | D88: =+B88/$B$8 -> #VALUE! | F88: San Cristóbal y Nevis | G88: =+SUMIF(A88:A233,F88,D88:D233) -> #VALUE!
A89: Antillas Holandesas | B89: 1718378 | C89: 337040.98 | D89: =+B89/$B$8 -> 0.00010687061 | F89: Antillas Holandesas | G89: =+SUMIF(A89:A234,F89,D89:D234) -> 0.00010687061
A90: Aruba | B90: 296298 | C90: 49541.42 | D90: =+B90/$B$8 -> 1.842758e-05 | F90: Aruba | G90: =+SUMIF(A90:A235,F90,D90:D235) -> 1.842758e-05
A91: Iquique (Chile) | B91: 126859 | C91: 22000 | D91: =+B91/$B$8 -> 7.8897067e-06 | F91: Iquique (Chile) | G91: =+SUMIF(A91:A236,F91,D91:D236) -> 7.8897067e-06
A92: Punta Arenas (Chile) | B92: 285566 | C92: 38317.74 | D92: =+B92/$B$8 -> 1.7760127e-05 | F92: Punta Arenas (Chile) | G92: =+SUMIF(A92:A237,F92,D92:D237) -> 1.7760127e-05
A93: Colonia (Uruguay) | B93: 94750 | C93: 225000 | D93: =+B93/$B$8 -> 5.8927606e-06 | F93: Colonia (Uruguay) | G93: =+SUMIF(A93:A238,F93,D93:D238) -> 5.8927606e-06
D94: =+B94/$B$8 -> 0 | F94: ASIA | G94: =+SUMIF(A94:A239,F94,D94:D239) -> 0.39182425
A95: ASIA | B95: 6300162214 | C95: 1.1423628e+10 | D95: =+B95/$B$8 -> 0.39182425 | F95: Arabia Saudita | G95: =+SUMIF(A95:A240,F95,D95:D240) -> 0.011922634
A96: Arabia Saudita | B96: 191704642 | C96: 5.0482684e+08 | D96: =+B96/$B$8 -> 0.011922634 | F96: Bahrein | G96: =+SUMIF(A96:A241,F96,D96:D241) -> 7.9093596e-06
A97: Bahrein | B97: 127175 | C97: 106336.64 | D97: =+B97/$B$8 -> 7.9093596e-06 | F97: Myanmar (ex Birmania) Unión de | G97: =+SUMIF(A97:A242,F97,D97:D242) -> 0.00013491791
A98: Myanmar (ex Birmania) Unión de | B98: 2169352 | C98: 4124786.2 | D98: =+B98/$B$8 -> 0.00013491791 | F98: Camboya (ex Kampuchea) | G98: =+SUMIF(A98:A243,F98,D98:D243) -> 0.00046865116
A99: Camboya (ex Kampuchea) | B99: 7535466 | C99: 335473.25 | D99: =+B99/$B$8 -> 0.00046865116 | F99: Sri Lanka | G99: =+SUMIF(A99:A244,F99,D99:D244) -> 1.2097107e-06
A100: Sri Lanka | B100: 19451 | C100: 19385.22 | D100: =+B100/$B$8 -> 1.2097107e-06 | F100: Corea Republicana | G100: =+SUMIF(A100:A245,F100,D100:D245) -> 0.010835086
A101: Corea Republicana | B101: 174217901 | C101: 3.7181821e+08 | D101: =+B101/$B$8 -> 0.010835086 | F101: China | G101: =+SUMIF(A101:A246,F101,D101:D246) -> 0.05657371
A102: China | B102: 909651583 | C102: 1.4496059e+09 | D102: =+B102/$B$8 -> 0.05657371 | F102: Filipinas | G102: =+SUMIF(A102:A247,F102,D102:D247) -> 0.02859555
A103: Filipinas | B103: 459789317 | C103: 9.5691154e+08 | D103: =+B103/$B$8 -> 0.02859555 | F103: Taiwan | G103: =+SUMIF(A103:A248,F103,D103:D248) -> 0.0021082529
A104: Taiwan | B104: 33898706 | C104: 24396958 | D104: =+B104/$B$8 -> 0.0021082529 | F104: India | G104: =+SUMIF(A104:A249,F104,D104:D249) -> 0.062152396
A105: India | B105: 999351560 | C105: 1.1831188e+09 | D105: =+B105/$B$8 -> 0.062152396 | F105: Indonesia | G105: =+SUMIF(A105:A250,F105,D105:D250) -> 0.042601588
A106: Indonesia | B106: 684993117 | C106: 1.4416446e+09 | D106: =+B106/$B$8 -> 0.042601588 | F106: Iraq | G106: =+SUMIF(A106:A251,F106,D106:D251) -> 0.0010258452
... A115: Malasia | B115: 516238664 | C115: 1.0975523e+09 | D115: =+B115/$B$8 -> 0.032106289 | F115: Maldivas | G115: =+SUMIF(A115:A260,F115,D115:D260) -> #VALUE!
A116: Maldivas | B116: - | C116: - | D116: =+B116/$B$8 -> #VALUE! | F116: Omán | G116: =+SUMIF(A116:A261,F116,D116:D261) -> 0.00013578749
A117: Omán | B117: 2183334 | C117: 9990155.4 | D117: =+B117/$B$8 -> 0.00013578749 | F117: Mongolia | G117: =+SUMIF(A117:A262,F117,D117:D262) -> 3.9458298e-05
A118: Mongolia | B118: 634452 | C118: 140528.16 | D118: =+B118/$B$8 -> 3.9458298e-05 | F118: Nepal | G118: =+SUMIF(A118:A263,F118,D118:D263) -> 4.5124739e-05
A119: Nepal | B119: 725563 | C119: 1422264.2 | D119: =+B119/$B$8 -> 4.5124739e-05 | F119: Emiratos Arabes Unidos | G119: =+SUMIF(A119:A264,F119,D119:D264) -> 0.0014676603
A120: Emiratos Arabes Unidos | B120: 23598586 | C120: 53412674 | D120: =+B120/$B$8 -> 0.0014676603 | F120: Paquistán | G120: =+SUMIF(A120:A265,F120,D120:D265) -> 0.0040327534
A121: Paquistán | B121: 64842849 | C121: 1.1241044e+08 | D121: =+B121/$B$8 -> 0.0040327534 | F121: Singapur | G121: =+SUMIF(A121:A266,F121,D121:D266) -> 0.00012559584
A122: Singapur | B122: 2019462 | C122: 1082041.4 | D122: =+B122/$B$8 -> 0.00012559584 | F122: Siria | G122: =+SUMIF(A122:A267,F122,D122:D267) -> 0.0029088829
A123: Siria | B123: 46772078 | C123: 99344297 | D123: =+B123/$B$8 -> 0.0029088829 | F123: Tailandia | G123: =+SUMIF(A123:A268,F123,D123:D268) -> 0.021145302
A124: Tailandia | B124: 339996397 | C124: 5.9843639e+08 | D124: =+B124/$B$8 -> 0.021145302 | F124: Vietnam | G124: =+SUMIF(A124:A269,F124,D124:D269) -> 0.041263297
A125: Vietnam | B125: 663474675 | C125: 1.3720572e+09 | D125: =+B125/$B$8 -> 0.041263297 | F125: Hong Kong | G125: =+SUMIF(A125:A270,F125,D125:D270) -> 0.0028778103
A126: Hong Kong | B126: 46272460 | C126: 13813038 | D126: =+B126/$B$8 -> 0.0028778103 | F126: Bangladesh | G126: =+SUMIF(A126:A271,F126,D126:D271) -> 0.013630577
A127: Bangladesh | B127: 219166741 | C127: 2.6915517e+08 | D127: =+B127/$B$8 -> 0.013630577 | F127: Brunei | G127: =+SUMIF(A127:A272,F127,D127:D272) -> 0.0001885929
A128: Brunei | B128: 3032395 | C128: 7260200 | D128: =+B128/$B$8 -> 0.0001885929 | F128: República de Yemen | G128: =+SUMIF(A128:A273,F128,D128:D273) -> 0.0033545477
... A134: Territorios Autónomos Palestinos (Gaza y Jericó) | B134: 9050 | C134: 203 | D134: =+B134/$B$8 -> 5.6284415e-07 | F134: EUROPA | G134: =+SUMIF(A134:A279,F134,D134:D279) -> 0.2487341
D135: =+B135/$B$8 -> 0 | F135: Albania | G135: =+SUMIF(A135:A280,F135,D135:D280) -> 9.8656318e-07
A136: EUROPA | B136: 3999408438 | C136: 7.4813785e+09 | D136: =+B136/$B$8 -> 0.2487341 | F136: Austria | G136: =+SUMIF(A136:A281,F136,D136:D281) -> 0.00020071277
A137: Albania | B137: 15863 | C137: 22634.31 | D137: =+B137/$B$8 -> 9.8656318e-07 | F137: Bélgica | G137: =+SUMIF(A137:A282,F137,D137:D282) -> 0.003678618
A138: Austria | B138: 3227271 | C138: 70921.49 | D138: =+B138/$B$8 -> 0.00020071277 | F138: Bulgaria | G138: =+SUMIF(A138:A283,F138,D138:D283) -> 4.0775415e-06
A139: Bélgica | B139: 59148688 | C139: 1.0579143e+08 | D139: =+B139/$B$8 -> 0.003678618 | F139: Dinamarca | G139: =+SUMIF(A139:A284,F139,D139:D284) -> 0.010105114
A140: Bulgaria | B140: 65563 | C140: 46043.43 | D140: =+B140/$B$8 -> 4.0775415e-06 | F140: España | G140: =+SUMIF(A140:A285,F140,D140:D285) -> 0.045599342
A141: Dinamarca | B141: 162480653 | C141: 3.3870958e+08 | D141: =+B141/$B$8 -> 0.010105114 | F141: Finlandia | G141: =+SUMIF(A141:A286,F141,D141:D286) -> 4.321959e-06
A142: España | B142: 733194167 | C142: 1.2892268e+09 | D142: =+B142/$B$8 -> 0.045599342 | F142: Francia | G142: =+SUMIF(A142:A287,F142,D142:D287) -> 0.0032932608
A143: Finlandia | B143: 69493 | C143: 13472.94 | D143: =+B143/$B$8 -> 4.321959e-06 | F143: Grecia | G143: =+SUMIF(A143:A288,F143,D143:D288) -> 0.003483187
A144: Francia | B144: 52952509 | C144: 93979561 | D144: =+B144/$B$8 -> 0.0032932608 | F144: Hungría | G144: =+SUMIF(A144:A289,F144,D144:D289) -> 2.771059e-05
A145: Grecia | B145: 56006342 | C145: 1.2075909e+08 | D145: =+B145/$B$8 -> 0.003483187 | F145: Irlanda | G145: =+SUMIF(A145:A290,F145,D145:D290) -> 0.0089824034
...

Sheet 2013
A1: Evolución de las exportaciones con origen en la provincia de Santa Fe, según destino. Enero - diciembre de 2013.
B4: A Ñ O 2 0 1 3
A5: PAIS DE DESTINO | B5: VALOR F.O.B. | C5: PESO NETO
B6: (en Dólares) | C6: (en Kilos)
A8: TOTAL | B8: 16794654401 | C8: 2.6601621e+10
A10: AFRICA | B10: 1909750581 | C10: 3.5133766e+09 | D10: =+B10/$B$8 -> 0.11371181 | F10: {=+_xlfn.UNIQUE(A10:A155)} -> AFRICA | G10: =+SUMIF(A10:A155,F10,D10:D155) -> 0.11371181
A11: Burkina Faso | B11: 25279 | C11: 30447.9 | D11: =+B11/$B$8 -> 1.5051813e-06 | F11: Burkina Faso | G11: =+SUMIF(A11:A156,F11,D11:D156) -> 1.5051813e-06
A12: Argelia | B12: 805160756 | C12: 1.5076616e+09 | D12: =+B12/$B$8 -> 0.04794149 | F12: Argelia | G12: =+SUMIF(A12:A157,F12,D12:D157) -> 0.04794149
A13: Camerún | B13: 24034203 | C13: 40158419 | D13: =+B13/$B$8 -> 0.0014310627 | F13: Camerún | G13: =+SUMIF(A13:A158,F13,D13:D158) -> 0.0014310627
A14: Congo | B14: 2114781 | C14: 3502096.1 | D14: =+B14/$B$8 -> 0.00012591989 | F14: Congo | G14: =+SUMIF(A14:A159,F14,D14:D159) -> 0.00012591989
A15: Rep Democrática del Congo (ex Zaire) | B15: 1319925 | C15: 2830576.9 | D15: =+B15/$B$8 -> 7.8591971e-05 | F15: Rep Democrática del Congo (ex Zaire) | G15: =+SUMIF(A15:A160,F15,D15:D160) -> 7.8591971e-05
A16: Costa de Marfil | B16: 2966420 | C16: 3402660.8 | D16: =+B16/$B$8 -> 0.00017662882 | F16: Costa de Marfil | G16: =+SUMIF(A16:A161,F16,D16:D161) -> 0.00017662882
A17: Chad | B17: 635370 | C17: 147800 | D17: =+B17/$B$8 -> 3.7831681e-05 | F17: Chad | G17: =+SUMIF(A17:A162,F17,D17:D162) -> 3.7831681e-05
A18: Benin | B18: 126165 | C18: 151559.1 | D18: =+B18/$B$8 -> 7.5122117e-06 | F18: Benin | G18: =+SUMIF(A18:A163,F18,D18:D163) -> 7.5122117e-06
A19: Egipto | B19: 402411934 | C19: 8.0272711e+08 | D19: =+B19/$B$8 -> 0.023960715 | F19: Egipto | G19: =+SUMIF(A19:A164,F19,D19:D164) -> 0.023960715
A20: Gabón | B20: 279262 | C20: 198110.64 | D20: =+B20/$B$8 -> 1.6628029e-05 | F20: Gabón | G20: =+SUMIF(A20:A165,F20,D20:D165) -> 1.6628029e-05
A21: Gambia | B21: 141050 | C21: 73000 | D21: =+B21/$B$8 -> 8.3985057e-06 | F21: Gambia | G21: =+SUMIF(A21:A166,F21,D21:D166) -> 8.3985057e-06
A22: Ghana | B22: 5164751 | C22: 9394332.7 | D22: =+B22/$B$8 -> 0.00030752351 | F22: Ghana | G22: =+SUMIF(A22:A167,F22,D22:D167) -> 0.00030752351
A23: Guinea | B23: 52011 | C23: 61576.2 | D23: =+B23/$B$8 -> 3.0968783e-06 | F23: Guinea | G23: =+SUMIF(A23:A168,F23,D23:D168) -> 3.0968783e-06
A24: Guinea Ecuatorial | B24: - | C24: - | D24: =+B24/$B$8 -> #VALUE! | F24: Guinea Ecuatorial | G24: =+SUMIF(A24:A169,F24,D24:D169) -> #VALUE!
A25: Kenya | B25: 2153040 | C25: 2359370 | D25: =+B25/$B$8 -> 0.00012819793 | F25: Kenya | G25: =+SUMIF(A25:A170,F25,D25:D170) -> 0.00012819793
A26: Liberia | B26: 74191 | C26: 86904.09 | D26: =+B26/$B$8 -> 4.4175366e-06 | F26: Liberia | G26: =+SUMIF(A26:A171,F26,D26:D171) -> 4.4175366e-06
A27: Libia | B27: 56931664 | C27: 1.1302132e+08 | D27: =+B27/$B$8 -> 0.0033898681 | F27: Libia | G27: =+SUMIF(A27:A172,F27,D27:D172) -> 0.0033898681
A28: Madagascar | B28: 6794775 | C28: 7133500 | D28: =+B28/$B$8 -> 0.00040457963 | F28: Madagascar | G28: =+SUMIF(A28:A173,F28,D28:D173) -> 0.00040457963
A29: Malawi | B29: 185360 | C29: 50025 | D29: =+B29/$B$8 -> 1.1036845e-05 | F29: Malawi | G29: =+SUMIF(A29:A174,F29,D29:D174) -> 1.1036845e-05
A30: Mali | B30: 1105774 | C30: 273172.32 | D30: =+B30/$B$8 -> 6.5840831e-05 | F30: Mali | G30: =+SUMIF(A30:A175,F30,D30:D175) -> 6.5840831e-05
A31: Marruecos | B31: 178864204 | C31: 3.4324709e+08 | D31: =+B31/$B$8 -> 0.010650068 | F31: Marruecos | G31: =+SUMIF(A31:A176,F31,D31:D176) -> 0.010650068
A32: Mauricio | B32: 22640155 | C32: 43558929 | D32: =+B32/$B$8 -> 0.0013480572 | F32: Mauricio | G32: =+SUMIF(A32:A177,F32,D32:D177) -> 0.0013480572
A33: Mauritania | B33: 477715 | C33: 789420 | D33: =+B33/$B$8 -> 2.8444467e-05 | F33: Mauritania | G33: =+SUMIF(A33:A178,F33,D33:D178) -> 2.8444467e-05
A34: Níger | B34: 8007382 | C34: 1878680 | D34: =+B34/$B$8 -> 0.00047678159 | F34: Níger | G34: =+SUMIF(A34:A179,F34,D34:D179) -> 0.00047678159
A35: Nigeria | B35: 28877947 | C35: 39307121 | D35: =+B35/$B$8 -> 0.0017194725 | F35: Nigeria | G35: =+SUMIF(A35:A180,F35,D35:D180) -> 0.0017194725
A36: Zimbabwe | B36: 68420 | C36: 24770.44 | D36: =+B36/$B$8 -> 4.0739153e-06 | F36: Zimbabwe | G36: =+SUMIF(A36:A181,F36,D36:D181) -> 4.0739153e-06
A37: Rwanda | B37: - | C37: - | D37: =+B37/$B$8 -> #VALUE! | F37: Rwanda | G37: =+SUMIF(A37:A182,F37,D37:D182) -> #VALUE!
A38: Senegal | B38: 15798363 | C38: 24906742 | D38: =+B38/$B$8 -> 0.00094067806 | F38: Senegal | G38: =+SUMIF(A38:A183,F38,D38:D183) -> 0.00094067806
A39: Sierra Leona | B39: 535093 | C39: 152628.94 | D39: =+B39/$B$8 -> 3.1860912e-05 | F39: Sierra Leona | G39: =+SUMIF(A39:A184,F39,D39:D184) -> 3.1860912e-05
A40: Sudán | B40: - | C40: - | D40: =+B40/$B$8 -> #VALUE! | F40: Sudán | G40: =+SUMIF(A40:A185,F40,D40:D185) -> #VALUE!
A41: Tanzania | B41: 1463543 | C41: 3813390.2 | D41: =+B41/$B$8 -> 8.7143383e-05 | F41: Tanzania | G41: =+SUMIF(A41:A186,F41,D41:D186) -> 8.7143383e-05
A42: Togo | B42: 437365 | C42: 219779.69 | D42: =+B42/$B$8 -> 2.6041917e-05 | F42: Togo | G42: =+SUMIF(A42:A187,F42,D42:D187) -> 2.6041917e-05
A43: Túnez | B43: 49563183 | C43: 1.0219804e+08 | D43: =+B43/$B$8 -> 0.0029511285 | F43: Túnez | G43: =+SUMIF(A43:A188,F43,D43:D188) -> 0.0029511285
A44: Uganda | B44: 524692 | C44: 1434240.7 | D44: =+B44/$B$8 -> 3.1241607e-05 | F44: Uganda | G44: =+SUMIF(A44:A189,F44,D44:D189) -> 3.1241607e-05
A45: Zambia | B45: - | C45: - | D45: =+B45/$B$8 -> #VALUE! | F45: Zambia | G45: =+SUMIF(A45:A190,F45,D45:D190) -> #VALUE!
A46: Territorios vinculados a Francia | B46: 8769625 | C46: 19570795 | D46: =+B46/$B$8 -> 0.00052216764 | F46: Territorios vinculados a Francia | G46: =+SUMIF(A46:A191,F46,D46:D191) -> #VALUE!
A47: Angola | B47: 20838165 | C47: 18536221 | D47: =+B47/$B$8 -> 0.0012407618 | F47: Angola | G47: =+SUMIF(A47:A192,F47,D47:D192) -> 0.0012407618
A48: Cabo Verde | B48: 498927 | C48: 1672508.1 | D48: =+B48/$B$8 -> 2.9707488e-05 | F48: Cabo Verde
A49: Mozambique | B49: 18730761 | C49: 21961852 | D49: =+B49/$B$8 -> 0.0011152811 | F49: Mozambique | G49: =+SUMIF(A49:A194,F49,D49:D194) -> 0.0011152811
A50: Djibouti | B50: 33487 | C50: 39208.05 | D50: =+B50/$B$8 -> 1.9939083e-06 | F50: Djibouti | G50: =+SUMIF(A50:A195,F50,D50:D195) -> 1.9939083e-06
A51: Guinea Bissau | B51: - | C51: - | D51: =+B51/$B$8 -> #VALUE! | F51: Guinea Bissau | G51: =+SUMIF(A51:A196,F51,D51:D196) -> #VALUE!
A52: Namibia | B52: 2227 | C52: 43 | D52: =+B52/$B$8 -> 1.3260172e-07 | F52: Namibia | G52: =+SUMIF(A52:A197,F52,D52:D197) -> 1.3260172e-07
A53: Sudáfrica | B53: 236479874 | C53: 3.9529576e+08 | D53: =+B53/$B$8 -> 0.014080663 | F53: Sudáfrica | G53: =+SUMIF(A53:A198,F53,D53:D198) -> 0.014080663
A54: Eritrea | B54: 110547 | C54: 134719.2 | D54: =+B54/$B$8 -> 6.582273e-06 | F54: Eritrea | G54: =+SUMIF(A54:A199,F54,D54:D199) -> 6.582273e-06
A55: Etiopía | B55: 389053 | C55: 191677.83 | D55: =+B55/$B$8 -> 2.3165288e-05 | F55: Etiopía | G55: =+SUMIF(A55:A200,F55,D55:D200) -> 2.3165288e-05
A56: Sudán | B56: 4963125 | C56: 1179413.5 | D56: =+B56/$B$8 -> 0.00029551814 | F56: 0 | G56: =+SUMIF(A56:A201,F56,D56:D201) -> 0
D57: =+B57/$B$8 -> 0 | F57: AMERICA | G57: =+SUMIF(A57:A202,F57,D57:D202) -> 0.2985269
A58: AMERICA | B58: 5013656167 | C58: 5.0202647e+09 | D58: =+B58/$B$8 -> 0.2985269 | F58: Barbados | G58: =+SUMIF(A58:A203,F58,D58:D203) -> 2.1533757e-05
A59: Barbados | B59: 361652 | C59: 217488.54 | D59: =+B59/$B$8 -> 2.1533757e-05 | F59: Bolivia | G59: =+SUMIF(A59:A204,F59,D59:D204) -> 0.0063259099
A60: Bolivia | B60: 106241471 | C60: 63182496 | D60: =+B60/$B$8 -> 0.0063259099 | F60: Brasil | G60: =+SUMIF(A60:A205,F60,D60:D205) -> 0.10024806
A61: Brasil | B61: 1683631487 | C61: 8.4170232e+08 | D61: =+B61/$B$8 -> 0.10024806 | F61: Canadá | G61: =+SUMIF(A61:A206,F61,D61:D206) -> 0.00052357398
A62: Canadá | B62: 8793244 | C62: 1903013.5 | D62: =+B62/$B$8 -> 0.00052357398 | F62: Colombia | G62: =+SUMIF(A62:A207,F62,D62:D207) -> 0.021951817
A63: Colombia | B63: 368673182 | C63: 8.1898537e+08 | D63: =+B63/$B$8 -> 0.021951817 | F63: Costa Rica | G63: =+SUMIF(A63:A208,F63,D63:D208) -> 0.00080822223
A64: Costa Rica | B64: 13573813 | C64: 37647626 | D64: =+B64/$B$8 -> 0.00080822223 | F64: Cuba | G64: =+SUMIF(A64:A209,F64,D64:D209) -> 0.0062859144
A65: Cuba | B65: 105569760 | C65: 2.1718572e+08 | D65: =+B65/$B$8 -> 0.0062859144 | F65: Chile | G65: =+SUMIF(A65:A210,F65,D65:D210) -> 0.021567023
A66: Chile | B66: 362210704 | C66: 4.5497824e+08 | D66: =+B66/$B$8 -> 0.021567023 | F66: República Dominicana | G66: =+SUMIF(A66:A211,F66,D66:D211) -> 0.0060704127
A67: República Dominicana | B67: 101950483 | C67: 1.5586955e+08 | D67: =+B67/$B$8 -> 0.0060704127 | F67: Ecuador | G67: =+SUMIF(A67:A212,F67,D67:D212) -> 0.0038626119
A68: Ecuador | B68: 64871232 | C68: 1.0896989e+08 | D68: =+B68/$B$8 -> 0.0038626119 | F68: El Salvador | G68: =+SUMIF(A68:A213,F68,D68:D213) -> 0.00021486646
A69: El Salvador | B69: 3608608 | C69: 8143346.3 | D69: =+B69/$B$8 -> 0.00021486646 | F69: Estados Unidos | G69: =+SUMIF(A69:A214,F69,D69:D214) -> 0.028415582
... A84: Venezuela | B84: 592936430 | C84: 4.9123026e+08 | D84: =+B84/$B$8 -> 0.035305069 | F84: Suriname | G84: =+SUMIF(A84:A229,F84,D84:D229) -> 8.0042552e-05
A85: Territorios vinculados a Francia | B85: - | C85: - | D85: =+B85/$B$8 -> #VALUE! | F85: Santa Lucía | G85: =+SUMIF(A85:A230,F85,D85:D230) -> 2.6435793e-06
A86: Suriname | B86: 1344287 | C86: 1020618.8 | D86: =+B86/$B$8 -> 8.0042552e-05 | F86: San Vicente y las Granadinas | G86: =+SUMIF(A86:A231,F86,D86:D231) -> 7.1823449e-06
A87: Santa Lucía | B87: 44398 | C87: 54144 | D87: =+B87/$B$8 -> 2.6435793e-06 | F87: Belice | G87: =+SUMIF(A87:A232,F87,D87:D232) -> #VALUE!
A88: San Vicente y las Granadinas | B88: 120625 | C88: 25000 | D88: =+B88/$B$8 -> 7.1823449e-06 | F88: San Cristóbal y Nevis | G88: =+SUMIF(A88:A233,F88,D88:D233) -> 4.9685452e-06
A89: Belice | B89: - | C89: - | D89: =+B89/$B$8 -> #VALUE! | F89: Grenada | G89: =+SUMIF(A89:A234,F89,D89:D234) -> #VALUE!
A90: San Cristóbal y Nevis | B90: 83445 | C90: 14920.28 | D90: =+B90/$B$8 -> 4.9685452e-06 | F90: Antillas Holandesas | G90: =+SUMIF(A90:A235,F90,D90:D235) -> 5.4368133e-05
A91: Grenada | B91: - | C91: - | D91: =+B91/$B$8 -> #VALUE! | F91: Aruba | G91: =+SUMIF(A91:A236,F91,D91:D236) -> 1.1264715e-05
A92: Antillas Holandesas | B92: 913094 | C92: 244879.78 | D92: =+B92/$B$8 -> 5.4368133e-05 | F92: Iquique (Chile) | G92: =+SUMIF(A92:A237,F92,D92:D237) -> 1.7874676e-05
A93: Aruba | B93: 189187 | C93: 40714.18 | D93: =+B93/$B$8 -> 1.1264715e-05 | F93: Punta Arenas (Chile) | G93: =+SUMIF(A93:A238,F93,D93:D238) -> 2.5348244e-05
A94: Iquique (Chile) | B94: 300199 | C94: 66000 | D94: =+B94/$B$8 -> 1.7874676e-05 | F94: Colonia (Uruguay) | G94: =+SUMIF(A94:A239,F94,D94:D239) -> 1.1447095e-05
A95: Punta Arenas (Chile) | B95: 425715 | C95: 61693.15 | D95: =+B95/$B$8 -> 2.5348244e-05 | F95: ASIA | G95: =+SUMIF(A95:A240,F95,D95:D240) -> 0.37731756
A96: Colonia (Uruguay) | B96: 192250 | C96: 400000 | D96: =+B96/$B$8 -> 1.1447095e-05 | F96: Arabia Saudita | G96: =+SUMIF(A96:A241,F96,D96:D241) -> 0.012952289
D97: =+B97/$B$8 -> 0 | F97: Bahrein | G97: =+SUMIF(A97:A242,F97,D97:D242) -> 2.1547809e-05
A98: ASIA | B98: 6336918061 | C98: 1.1406827e+10 | D98: =+B98/$B$8 -> 0.37731756 | F98: Myanmar (ex Birmania) Unión de | G98: =+SUMIF(A98:A243,F98,D98:D243) -> 1.9919493e-05
A99: Arabia Saudita | B99: 217529214 | C99: 5.472502e+08 | D99: =+B99/$B$8 -> 0.012952289 | F99: Camboya (ex Kampuchea) | G99: =+SUMIF(A99:A244,F99,D99:D244) -> 0.00044874308
A100: Bahrein | B100: 361888 | C100: 816559.05 | D100: =+B100/$B$8 -> 2.1547809e-05 | F100: Sri Lanka | G100: =+SUMIF(A100:A245,F100,D100:D245) -> 1.0365798e-06
A101: Myanmar (ex Birmania) Unión de | B101: 334541 | C101: 732160 | D101: =+B101/$B$8 -> 1.9919493e-05 | F101: Corea Republicana | G101: =+SUMIF(A101:A246,F101,D101:D246) -> 0.01401088
A102: Camboya (ex Kampuchea) | B102: 7536485 | C102: 371839.51 | D102: =+B102/$B$8 -> 0.00044874308 | F102: China | G102: =+SUMIF(A102:A247,F102,D102:D247) -> 0.071419204
A103: Sri Lanka | B103: 17409 | C103: 13462.83 | D103: =+B103/$B$8 -> 1.0365798e-06 | F103: Filipinas | G103: =+SUMIF(A103:A248,F103,D103:D248) -> 0.018807552
A104: Corea Republicana | B104: 235307884 | C104: 5.4148345e+08 | D104: =+B104/$B$8 -> 0.01401088 | F104: Taiwan | G104: =+SUMIF(A104:A249,F104,D104:D249) -> 0.0043842353
A105: China | B105: 1199460854 | C105: 1.7886235e+09 | D105: =+B105/$B$8 -> 0.071419204 | F105: India | G105: =+SUMIF(A105:A250,F105,D105:D250) -> 0.040085255
A106: Filipinas | B106: 315866335 | C106: 6.7513736e+08 | D106: =+B106/$B$8 -> 0.018807552 | F106: Indonesia | G106: =+SUMIF(A106:A251,F106,D106:D251) -> 0.045373756
A107: Taiwan | B107: 73631716 | C107: 1.6634556e+08 | D107: =+B107/$B$8 -> 0.0043842353 | F107: Iraq | G107: =+SUMIF(A107:A252,F107,D107:D252) -> 0.00057020471
A108: India | B108: 673218009 | C108: 6.8288941e+08 | D108: =+B108/$B$8 -> 0.040085255 | F108: Irán | G108: =+SUMIF(A108:A253,F108,D108:D253) -> 0.030808633
A109: Indonesia | B109: 762036552 | C109: 1.5961017e+09 | D109: =+B109/$B$8 -> 0.045373756 | F109: Israel | G109: =+SUMIF(A109:A254,F109,D109:D254) -> 0.0034606298
... A137: Territorios Autónomos Palestinos (Gaza y Jericó) | B137: 5834 | C137: 156.52 | D137: =+B137/$B$8 -> 3.4737244e-07 | F137: Austria | G137: =+SUMIF(A137:A282,F137,D137:D282) -> 0.0002083535
D138: =+B138/$B$8 -> 0 | F138: Bélgica | G138: =+SUMIF(A138:A283,F138,D138:D283) -> 0.0052791083
A139: EUROPA | B139: 3277532137 | C139: 6.1906979e+09 | D139: =+B139/$B$8 -> 0.19515329 | F139: Bulgaria | G139: =+SUMIF(A139:A284,F139,D139:D284) -> 6.2898585e-06
A140: Albania | B140: 4461220 | C140: 5304197.9 | D140: =+B140/$B$8 -> 0.00026563333 | F140: Dinamarca | G140: =+SUMIF(A140:A285,F140,D140:D285) -> 0.0097940966
A141: Austria | B141: 3499225 | C141: 102913.96 | D141: =+B141/$B$8 -> 0.0002083535 | F141: España | G141: =+SUMIF(A141:A286,F141,D141:D286) -> 0.031029764
A142: Bélgica | B142: 88660800 | C142: 1.0217616e+08 | D142: =+B142/$B$8 -> 0.0052791083 | F142: Finlandia | G142: =+SUMIF(A142:A287,F142,D142:D287) -> 5.9933296e-05
A143: Bulgaria | B143: 105636 | C143: 93275.59 | D143: =+B143/$B$8 -> 6.2898585e-06 | F143: Francia | G143: =+SUMIF(A143:A288,F143,D143:D288) -> 0.0083783412
A144: Dinamarca | B144: 164488467 | C144: 3.386039e+08 | D144: =+B144/$B$8 -> 0.0097940966 | F144: Grecia | G144: =+SUMIF(A144:A289,F144,D144:D289) -> 0.0031149418
A145: España | B145: 521134163 | C145: 8.878816e+08 | D145: =+B145/$B$8 -> 0.031029764 | F145: Hungría | G145: =+SUMIF(A145:A290,F145,D145:D290) -> 4.8330021e-05
...

Sheet 2012
A1: Evolución de las exportaciones con origen en la provincia de Santa Fe, según destino. Enero - diciembre de 2012.
B4: A Ñ O 2 0 1 2
A5: PAIS DE DESTINO | B5: VALOR F.O.B. | C5: PESO NETO
B6: (en Dólares) | C6: (en Kilos)
A8: TOTAL | B8: 17931537295 | C8: 2.8561926e+10
A10: AFRICA | B10: 1602535825 | C10: 3.3890123e+09 | D10: =+B10/$B$8 -> 0.089369684 | F10: {=+_xlfn.UNIQUE(A10:A155)} -> AFRICA | G10: =+SUMIF(A10:A155,F10,D10:D155) -> 0.089369684
A11: Burkina Faso | B11: 508445 | C11: 187239.3 | D11: =+B11/$B$8 -> 2.8354791e-05 | F11: Burkina Faso | G11: =+SUMIF(A11:A156,F11,D11:D156) -> 2.8354791e-05
A12: Argelia | B12: 594729970 | C12: 1.2729916e+09 | D12: =+B12/$B$8 -> 0.033166703 | F12: Argelia | G12: =+SUMIF(A12:A157,F12,D12:D157) -> 0.033166703
A13: Burundi | B13: - | C13: - | D13: =+B13/$B$8 -> #VALUE! | F13: Burundi | G13: =+SUMIF(A13:A158,F13,D13:D158) -> #VALUE!
A14: Camerún | B14: 7752616 | C14: 11043429 | D14: =+B14/$B$8 -> 0.00043234531 | F14: Camerún | G14: =+SUMIF(A14:A159,F14,D14:D159) -> 0.00043234531
A15: Congo | B15: 3698985 | C15: 9751609.9 | D15: =+B15/$B$8 -> 0.00020628376 | F15: Congo | G15: =+SUMIF(A15:A160,F15,D15:D160) -> 0.00020628376
A16: Rep Democrática del Congo (ex Zaire) | B16: 7080364 | C16: 10378593 | D16: =+B16/$B$8 -> 0.00039485538 | F16: Rep Democrática del Congo (ex Zaire) | G16: =+SUMIF(A16:A161,F16,D16:D161) -> 0.00039485538
A17: Costa de Marfil | B17: 4445804 | C17: 8600044.5 | D17: =+B17/$B$8 -> 0.00024793212 | F17: Costa de Marfil | G17: =+SUMIF(A17:A162,F17,D17:D162) -> 0.00024793212
A18: Chad | B18: 572420 | C18: 171600 | D18: =+B18/$B$8 -> 3.1922528e-05 | F18: Chad | G18: =+SUMIF(A18:A163,F18,D18:D163) -> 3.1922528e-05
A19: Benin | B19: 795396 | C19: 468057.56 | D19: =+B19/$B$8 -> 4.4357379e-05 | F19: Benin | G19: =+SUMIF(A19:A164,F19,D19:D164) -> 4.4357379e-05
A20: Egipto | B20: 339738636 | C20: 6.6645281e+08 | D20: =+B20/$B$8 -> 0.018946431 | F20: Egipto | G20: =+SUMIF(A20:A165,F20,D20:D165) -> 0.018946431
A21: Gabón | B21: 393446 | C21: 120879.36 | D21: =+B21/$B$8 -> 2.1941565e-05 | F21: Gabón | G21: =+SUMIF(A21:A166,F21,D21:D166) -> 2.1941565e-05
A22: Gambia | B22: - | C22: - | D22: =+B22/$B$8 -> #VALUE! | F22: Gambia | G22: =+SUMIF(A22:A167,F22,D22:D167) -> #VALUE!
A23: Ghana | B23: 4583710 | C23: 13478357 | D23: =+B23/$B$8 -> 0.00025562281 | F23: Ghana | G23: =+SUMIF(A23:A168,F23,D23:D168) -> 0.00025562281
A24: Guinea | B24: 606926 | C24: 260908.35 | D24: =+B24/$B$8 -> 3.3846847e-05 | F24: Guinea | G24: =+SUMIF(A24:A169,F24,D24:D169) -> 3.3846847e-05
A25: Guinea Ecuatorial | B25: 48840 | C25: 28531.81 | D25: =+B25/$B$8 -> 2.7236929e-06 | F25: Guinea Ecuatorial | G25: =+SUMIF(A25:A170,F25,D25:D170) -> 2.7236929e-06
A26: Kenya | B26: 10812518 | C26: 41981191 | D26: =+B26/$B$8 -> 0.0006029889 | F26: Kenya | G26: =+SUMIF(A26:A171,F26,D26:D171) -> 0.0006029889
A27: Liberia | B27: 292966 | C27: 155386.95 | D27: =+B27/$B$8 -> 1.633803e-05 | F27: Liberia | G27: =+SUMIF(A27:A172,F27,D27:D172) -> 1.633803e-05
A28: Libia | B28: 51557764 | C28: 1.2004329e+08 | D28: =+B28/$B$8 -> 0.0028752562 | F28: Libia | G28: =+SUMIF(A28:A173,F28,D28:D173) -> 0.0028752562
A29: Madagascar | B29: 3843905 | C29: 3252795.3 | D29: =+B29/$B$8 -> 0.00021436561 | F29: Madagascar | G29: =+SUMIF(A29:A174,F29,D29:D174) -> 0.00021436561
A30: Malawi | B30: 171608 | C30: 83331 | D30: =+B30/$B$8 -> 9.5701778e-06 | F30: Malawi | G30: =+SUMIF(A30:A175,F30,D30:D175) -> 9.5701778e-06
A31: Mali | B31: 847034 | C31: 1310828.4 | D31: =+B31/$B$8 -> 4.723711e-05 | F31: Mali | G31: =+SUMIF(A31:A176,F31,D31:D176) -> 4.723711e-05
A32: Marruecos | B32: 95356292 | C32: 3.1272613e+08 | D32: =+B32/$B$8 -> 0.0053177979 | F32: Marruecos | G32: =+SUMIF(A32:A177,F32,D32:D177) -> 0.0053177979
A33: Mauricio | B33: 30845730 | C33: 57668766 | D33: =+B33/$B$8 -> 0.0017201944 | F33: Mauricio | G33: =+SUMIF(A33:A178,F33,D33:D178) -> 0.0017201944
A34: Mauritania | B34: 4906939 | C34: 15187666 | D34: =+B34/$B$8 -> 0.00027364854 | F34: Mauritania | G34: =+SUMIF(A34:A179,F34,D34:D179) -> 0.00027364854
... A47: Territorios vinculados a Francia | B47: 8221428 | C47: 18310144 | D47: =+B47/$B$8 -> 0.00045848986 | F47: Territorios vinculados a Francia | G47: =+SUMIF(A47:A192,F47,D47:D192) -> 0.00046285134
A48: Angola | B48: 27381089 | C48: 23649350 | D48: =+B48/$B$8 -> 0.0015269795 | F48: Angola
A49: Cabo Verde | B49: 742125 | C49: 2880467.4 | D49: =+B49/$B$8 -> 4.138658e-05 | F49: Cabo Verde | G49: =+SUMIF(A49:A194,F49,D49:D194) -> 4.138658e-05
A50: Mozambique | B50: 30424807 | C50: 32682990 | D50: =+B50/$B$8 -> 0.0016967205 | F50: Mozambique | G50: =+SUMIF(A50:A195,F50,D50:D195) -> 0.0016967205
A51: Djibouti | B51: 4018115 | C51: 17503584 | D51: =+B51/$B$8 -> 0.0002240809 | F51: Djibouti | G51: =+SUMIF(A51:A196,F51,D51:D196) -> 0.0002240809
A52: Guinea Bissau | B52: 44200 | C52: 13000 | D52: =+B52/$B$8 -> 2.4649309e-06 | F52: Guinea Bissau | G52: =+SUMIF(A52:A197,F52,D52:D197) -> 2.4649309e-06
A53: Namibia | B53: 2168946 | C53: 3059413.6 | D53: =+B53/$B$8 -> 0.00012095706 | F53: Namibia | G53: =+SUMIF(A53:A198,F53,D53:D198) -> 0.00012095706
A54: Sudáfrica | B54: 208720520 | C54: 4.2180594e+08 | D54: =+B54/$B$8 -> 0.011639856 | F54: Sudáfrica | G54: =+SUMIF(A54:A199,F54,D54:D199) -> 0.011639856
A55: Eritrea | B55: 50761 | C55: 69441.4 | D55: =+B55/$B$8 -> 2.8308225e-06 | F55: Eritrea | G55: =+SUMIF(A55:A200,F55,D55:D200) -> 2.8308225e-06
A56: Etiopía | B56: 79592 | C56: 97146 | D56: =+B56/$B$8 -> 4.4386601e-06 | F56: Etiopía | G56: =+SUMIF(A56:A201,F56,D56:D201) -> 4.4386601e-06
A57: Sudán | B57: 2161042 | C57: 6309950 | D57: =+B57/$B$8 -> 0.00012051627 | F57: 0 | G57: =+SUMIF(A57:A202,F57,D57:D202) -> 0
D58: =+B58/$B$8 -> 0 | F58: AMERICA | G58: =+SUMIF(A58:A203,F58,D58:D203) -> 0.29431253
A59: AMERICA | B59: 5277476116 | C59: 5.5428542e+09 | D59: =+B59/$B$8 -> 0.29431253 | F59: Barbados | G59: =+SUMIF(A59:A204,F59,D59:D204) -> 4.7726248e-05
A60: Barbados | B60: 855805 | C60: 377909.36 | D60: =+B60/$B$8 -> 4.7726248e-05 | F60: Bolivia | G60: =+SUMIF(A60:A205,F60,D60:D205) -> 0.0059960993
A61: Bolivia | B61: 107519278 | C61: 81001222 | D61: =+B61/$B$8 -> 0.0059960993 | F61: Brasil | G61: =+SUMIF(A61:A206,F61,D61:D206) -> 0.10433595
A62: Brasil | B62: 1870903984 | C62: 1.1623959e+09 | D62: =+B62/$B$8 -> 0.10433595 | F62: Canadá | G62: =+SUMIF(A62:A207,F62,D62:D207) -> 0.00040187352
A63: Canadá | B63: 7206210 | C63: 1755605.7 | D63: =+B63/$B$8 -> 0.00040187352 | F63: Colombia | G63: =+SUMIF(A63:A208,F63,D63:D208) -> 0.02874056
A64: Colombia | B64: 515362418 | C64: 1.2412214e+09 | D64: =+B64/$B$8 -> 0.02874056 | F64: Costa Rica | G64: =+SUMIF(A64:A209,F64,D64:D209) -> 0.00056536737
A65: Costa Rica | B65: 10137906 | C65: 30649270 | D65: =+B65/$B$8 -> 0.00056536737 | F65: Cuba | G65: =+SUMIF(A65:A210,F65,D65:D210) -> 0.0016483349
A66: Cuba | B66: 29557179 | C66: 48746752 | D66: =+B66/$B$8 -> 0.0016483349 | F66: Chile | G66: =+SUMIF(A66:A211,F66,D66:D211) -> 0.02773268
A67: Chile | B67: 497289580 | C67: 7.6609456e+08 | D67: =+B67/$B$8 -> 0.02773268 | F67: República Dominicana | G67: =+SUMIF(A67:A212,F67,D67:D212) -> 0.0067556115
A68: República Dominicana | B68: 121138500 | C68: 1.3484783e+08 | D68: =+B68/$B$8 -> 0.0067556115 | F68: Ecuador | G68: =+SUMIF(A68:A213,F68,D68:D213) -> 0.0023122263
A69: Ecuador | B69: 41461773 | C69: 68524502 | D69: =+B69/$B$8 -> 0.0023122263 | F69: El Salvador | G69: =+SUMIF(A69:A214,F69,D69:D214) -> 0.00020112018
A70: El Salvador | B70: 3606394 | C70: 7312236.7 | D70: =+B70/$B$8 -> 0.00020112018 | F70: Estados Unidos | G70: =+SUMIF(A70:A215,F70,D70:D215) -> 0.011056609
... A87: Suriname | B87: 707406 | C87: 476994.4 | D87: =+B87/$B$8 -> 3.9450382e-05 | F87: Santa Lucía | G87: =+SUMIF(A87:A232,F87,D87:D232) -> 2.4357086e-06
A88: Dominica | B88: - | C88: - | D88: =+B88/$B$8 -> #VALUE! | F88: San Vicente y las Granadinas | G88: =+SUMIF(A88:A233,F88,D88:D233) -> 4.3219942e-06
A89: Santa Lucía | B89: 43676 | C89: 54144 | D89: =+B89/$B$8 -> 2.4357086e-06 | F89: Belice | G89: =+SUMIF(A89:A234,F89,D89:D234) -> 1.112565e-07
A90: San Vicente y las Granadinas | B90: 77500 | C90: 25000 | D90: =+B90/$B$8 -> 4.3219942e-06 | F90: San Cristóbal y Nevis | G90: =+SUMIF(A90:A235,F90,D90:D235) -> 8.3979414e-06
A91: Belice | B91: 1995 | C91: 57.15 | D91: =+B91/$B$8 -> 1.112565e-07 | F91: Grenada | G91: =+SUMIF(A91:A236,F91,D91:D236) -> 2.7214621e-06
A92: San Cristóbal y Nevis | B92: 150588 | C92: 32973.7 | D92: =+B92/$B$8 -> 8.3979414e-06 | F92: Antillas Holandesas | G92: =+SUMIF(A92:A237,F92,D92:D237) -> 8.0301537e-05
A93: Grenada | B93: 48800 | C93: 16000 | D93: =+B93/$B$8 -> 2.7214621e-06 | F93: Aruba | G93: =+SUMIF(A93:A238,F93,D93:D238) -> 9.1876116e-06
A94: Antillas Holandesas | B94: 1439930 | C94: 408252.2 | D94: =+B94/$B$8 -> 8.0301537e-05 | F94: Iquique (Chile) | G94: =+SUMIF(A94:A239,F94,D94:D239) -> 2.4790401e-06
A95: Aruba | B95: 164748 | C95: 42526.03 | D95: =+B95/$B$8 -> 9.1876116e-06 | F95: Punta Arenas (Chile) | G95: =+SUMIF(A95:A240,F95,D95:D240) -> 3.8441601e-05
A96: Iquique (Chile) | B96: 44453 | C96: 5932.22 | D96: =+B96/$B$8 -> 2.4790401e-06 | F96: Colonia (Uruguay) | G96: =+SUMIF(A96:A241,F96,D96:D241) -> 1.2943676e-05
A97: Punta Arenas (Chile) | B97: 689317 | C97: 108131.32 | D97: =+B97/$B$8 -> 3.8441601e-05 | F97: Nueva Palmira (Uruguay) | G97: =+SUMIF(A97:A242,F97,D97:D242) -> #VALUE!
A98: Colonia (Uruguay) | B98: 232100 | C98: 522500 | D98: =+B98/$B$8 -> 1.2943676e-05 | F98: ASIA | G98: =+SUMIF(A98:A243,F98,D98:D243) -> 0.3410526
A99: Nueva Palmira (Uruguay) | B99: - | C99: - | D99: =+B99/$B$8 -> #VALUE! | F99: Afganistán | G99: =+SUMIF(A99:A244,F99,D99:D244) -> #VALUE!
D100: =+B100/$B$8 -> 0 | F100: Arabia Saudita | G100: =+SUMIF(A100:A245,F100,D100:D245) -> 0.0065345653
A101: ASIA | B101: 6115597410 | C101: 1.0607982e+10 | D101: =+B101/$B$8 -> 0.3410526 | F101: Bahrein | G101: =+SUMIF(A101:A246,F101,D101:D246) -> 9.8049876e-05
A102: Afganistán | B102: - | C102: - | D102: =+B102/$B$8 -> #VALUE! | F102: Myanmar (ex Birmania) Unión de | G102: =+SUMIF(A102:A247,F102,D102:D247) -> #VALUE!
A103: Arabia Saudita | B103: 117174802 | C103: 3.4961941e+08 | D103: =+B103/$B$8 -> 0.0065345653 | F103: Camboya (ex Kampuchea) | G103: =+SUMIF(A103:A248,F103,D103:D248) -> 0.00024657942
A104: Bahrein | B104: 1758185 | C104: 5288731.2 | D104: =+B104/$B$8 -> 9.8049876e-05 | F104: Sri Lanka | G104: =+SUMIF(A104:A249,F104,D104:D249) -> 2.0627902e-06
A105: Myanmar (ex Birmania) Unión de | B105: - | C105: - | D105: =+B105/$B$8 -> #VALUE! | F105: Corea Republicana | G105: =+SUMIF(A105:A250,F105,D105:D250) -> 0.019346304
A106: Camboya (ex Kampuchea) | B106: 4421548 | C106: 199461.29 | D106: =+B106/$B$8 -> 0.00024657942 | F106: China | G106: =+SUMIF(A106:A251,F106,D106:D251) -> 0.066399705
A107: Sri Lanka | B107: 36989 | C107: 72052.5 | D107: =+B107/$B$8 -> 2.0627902e-06 | F107: Filipinas | G107: =+SUMIF(A107:A252,F107,D107:D252) -> 0.012432061
A108: Corea Republicana | B108: 346908976 | C108: 6.8431617e+08 | D108: =+B108/$B$8 -> 0.019346304 | F108: Taiwan | G108: =+SUMIF(A108:A253,F108,D108:D253) -> 0.0033075799
A109: China | B109: 1190648787 | C109: 1.6170976e+09 | D109: =+B109/$B$8 -> 0.066399705 | F109: India | G109: =+SUMIF(A109:A254,F109,D109:D254) -> 0.045600042
A110: Filipinas | B110: 222925957 | C110: 5.1489761e+08 | D110: =+B110/$B$8 -> 0.012432061 | F110: Indonesia | G110: =+SUMIF(A110:A255,F110,D110:D255) -> 0.043906041
A111: Taiwan | B111: 59309993 | C111: 1.3912092e+08 | D111: =+B111/$B$8 -> 0.0033075799 | F111: Iraq | G111: =+SUMIF(A111:A256,F111,D111:D256) -> 0.00030949951
A112: India | B112: 817678849 | C112: 7.0812434e+08 | D112: =+B112/$B$8 -> 0.045600042 | F112: Irán | G112: =+SUMIF(A112:A257,F112,D112:D257) -> 0.028384275
A113: Indonesia | B113: 787302811 | C113: 1.7467845e+09 | D113: =+B113/$B$8 -> 0.043906041 | F113: Israel | G113: =+SUMIF(A113:A258,F113,D113:D258) -> 0.003271617
A114: Iraq | B114: 5549802 | C114: 9900826.7 | D114: =+B114/$B$8 -> 0.00030949951 | F114: Japón | G114: =+SUMIF(A114:A259,F114,D114:D259) -> 0.0059745388
A115: Irán | B115: 508973689 | C115: 7.2462027e+08 | D115: =+B115/$B$8 -> 0.028384275 | F115: Jordania | G115: =+SUMIF(A115:A260,F115,D115:D260) -> 0.0059941126
A116: Israel | B116: 58665122 | C116: 30851410 | D116: =+B116/$B$8 -> 0.003271617 | F116: Qatar | G116: =+SUMIF(A116:A261,F116,D116:D261) -> 1.996594e-06
A117: Japón | B117: 107132665 | C117: 3.0431349e+08 | D117: =+B117/$B$8 -> 0.0059745388 | F117: Kuwait | G117: =+SUMIF(A117:A262,F117,D117:D262) -> 0.00017418813
... A122: Malasia | B122: 540499390 | C122: 1.2382697e+09 | D122: =+B122/$B$8 -> 0.03014239 | F122: Mongolia | G122: =+SUMIF(A122:A267,F122,D122:D267) -> 8.6583207e-06
A123: Maldivas | B123: - | C123: - | D123: =+B123/$B$8 -> #VALUE! | F123: Nepal | G123: =+SUMIF(A123:A268,F123,D123:D268) -> 5.1908544e-07
A124: Omán | B124: 3664150 | C124: 13046643 | D124: =+B124/$B$8 -> 0.0002043411 | F124: Emiratos Arabes Unidos | G124: =+SUMIF(A124:A269,F124,D124:D269) -> 0.0019407654
A125: Mongolia | B125: 155257 | C125: 42111.25 | D125: =+B125/$B$8 -> 8.6583207e-06 | F125: Paquistán | G125: =+SUMIF(A125:A270,F125,D125:D270) -> 0.0010680506
A126: Nepal | B126: 9308 | C126: 9354.8 | D126: =+B126/$B$8 -> 5.1908544e-07 | F126: Singapur | G126: =+SUMIF(A126:A271,F126,D126:D271) -> 0.00012172916
A127: Emiratos Arabes Unidos | B127: 34800908 | C127: 98676539 | D127: =+B127/$B$8 -> 0.0019407654 | F127: Siria | G127: =+SUMIF(A127:A272,F127,D127:D272) -> 0.0017900235
A128: Paquistán | B128: 19151790 | C128: 16120621 | D128: =+B128/$B$8 -> 0.0010680506 | F128: Tailandia | G128: =+SUMIF(A128:A273,F128,D128:D273) -> 0.022056347
A129: Singapur | B129: 2182791 | C129: 639159.81 | D129: =+B129/$B$8 -> 0.00012172916 | F129: Vietnam | G129: =+SUMIF(A129:A274,F129,D129:D274) -> 0.021171406
A130: Siria | B130: 32097873 | C130: 72606015 | D130: =+B130/$B$8 -> 0.0017900235 | F130: Hong Kong | G130: =+SUMIF(A130:A275,F130,D130:D275) -> 0.0026940541
A131: Tailandia | B131: 395504209 | C131: 8.0155829e+08 | D131: =+B131/$B$8 -> 0.022056347 | F131: Bangladesh | G131: =+SUMIF(A131:A276,F131,D131:D276) -> 0.013627982
A132: Vietnam | B132: 379635861 | C132: 8.2963406e+08 | D132: =+B132/$B$8 -> 0.021171406 | F132: República de Yemen | G132: =+SUMIF(A132:A277,F132,D132:D277) -> 0.0026576402
A133: Hong Kong | B133: 48308531 | C133: 9159997.6 | D133: =+B133/$B$8 -> 0.0026940541 | F133: Armenia | G133: =+SUMIF(A133:A278,F133,D133:D278) -> 1.4463344e-06
A134: Bangladesh | B134: 244370665 | C134: 2.2395083e+08 | D134: =+B134/$B$8 -> 0.013627982 | F134: Azerbaiján | G134: =+SUMIF(A134:A279,F134,D134:D279) -> 3.177558e-05
A135: República de Yemen | B135: 47655574 | C135: 1.5578166e+08 | D135: =+B135/$B$8 -> 0.0026576402 | F135: Georgia | G135: =+SUMIF(A135:A280,F135,D135:D280) -> 1.9739523e-06
... A140: Territorios Autónomos Palestinos (Gaza y Jericó) | B140: 16053 | C140: 283.3 | D140: =+B140/$B$8 -> 8.9523836e-07 | F140: Austria | G140: =+SUMIF(A140:A285,F140,D140:D285) -> 0.00025031819
...

Sheet 2011
A1: Evolución de las exportaciones con origen en la provincia de Santa Fe, según destino. Enero - diciembre de 2011.
B4: A Ñ O 2 0 1 1
A5: PAIS DE DESTINO | B5: VALOR F.O.B. | C5: PESO NETO
B6: (en Dólares) | C6: (en Kilos)
A8: TOTAL | B8: 18852657175 | C8: 3.0838193e+10
A10: AFRICA | B10: 2052467955 | C10: 3.8274555e+09 | D10: =+B10/$B$8 -> 0.1088689 | F10: {=+_xlfn.UNIQUE(A10:A155)} -> AFRICA | G10: =+SUMIF(A10:A155,F10,D10:D155) -> 0.1088689
A11: Burkina Faso | B11: 1161725 | C11: 319660.8 | D11: =+B11/$B$8 -> 6.1621287e-05 | F11: Burkina Faso | G11: =+SUMIF(A11:A156,F11,D11:D156) -> 6.1621287e-05
A12: Argelia | B12: 757269769 | C12: 1.4940834e+09 | D12: =+B12/$B$8 -> 0.0401678 | F12: Argelia | G12: =+SUMIF(A12:A157,F12,D12:D157) -> 0.0401678
A13: Burundi | B13: 75275 | C13: 345300 | D13: =+B13/$B$8 -> 3.9928059e-06 | F13: Burundi | G13: =+SUMIF(A13:A158,F13,D13:D158) -> 3.9928059e-06
A14: Camerún | B14: 9871032 | C14: 19977767 | D14: =+B14/$B$8 -> 0.00052358837 | F14: Camerún | G14: =+SUMIF(A14:A159,F14,D14:D159) -> 0.00052358837
A15: Congo | B15: 4459039 | C15: 10354135 | D15: =+B15/$B$8 -> 0.00023652045 | F15: Congo | G15: =+SUMIF(A15:A160,F15,D15:D160) -> 0.00023652045
A16: Rep Democrática del Congo (ex Zaire) | B16: 4944851 | C16: 5466600.2 | D16: =+B16/$B$8 -> 0.00026228934 | F16: Rep Democrática del Congo (ex Zaire) | G16: =+SUMIF(A16:A161,F16,D16:D161) -> 0.00026228934
A17: Costa de Marfil | B17: 7607577 | C17: 13886079 | D17: =+B17/$B$8 -> 0.0004035281 | F17: Costa de Marfil | G17: =+SUMIF(A17:A162,F17,D17:D162) -> 0.0004035281
A18: Chad | B18: 431250 | C18: 100000 | D18: =+B18/$B$8 -> 2.287476e-05 | F18: Chad | G18: =+SUMIF(A18:A163,F18,D18:D163) -> 2.287476e-05
A19: Benin | B19: 395557 | C19: 259166.4 | D19: =+B19/$B$8 -> 2.0981499e-05 | F19: Benin | G19: =+SUMIF(A19:A164,F19,D19:D164) -> 2.0981499e-05
A20: Egipto | B20: 606887768 | C20: 1.0731355e+09 | D20: =+B20/$B$8 -> 0.0321911 | F20: Egipto | G20: =+SUMIF(A20:A165,F20,D20:D165) -> 0.0321911
A21: Gabón | B21: 1407376 | C21: 548684.06 | D21: =+B21/$B$8 -> 7.4651334e-05 | F21: Gabón | G21: =+SUMIF(A21:A166,F21,D21:D166) -> 7.4651334e-05
A22: Gambia | B22: 358794 | C22: 159493.5 | D22: =+B22/$B$8 -> 1.9031482e-05 | F22: Gambia | G22: =+SUMIF(A22:A167,F22,D22:D167) -> 1.9031482e-05
... A47: Territorios vinculados a Francia | B47: 3568708 | C47: 9420443.8 | D47: =+B47/$B$8 -> 0.0001892947 | F47: Territorios vinculados a Francia | G47: =+SUMIF(A47:A192,F47,D47:D192) -> 0.00019670124
A48: Angola | B48: 32260006 | C48: 28727922 | D48: =+B48/$B$8 -> 0.0017111649 | F48: Angola
A49: Cabo Verde | B49: 922276 | C49: 3318004.8 | D49: =+B49/$B$8 -> 4.8920213e-05 | F49: Cabo Verde | G49: =+SUMIF(A49:A194,F49,D49:D194) -> 4.8920213e-05
A50: Mozambique | B50: 40665760 | C50: 44477773 | D50: =+B50/$B$8 -> 0.0021570307 | F50: Mozambique | G50: =+SUMIF(A50:A195,F50,D50:D195) -> 0.0021570307
A51: Seychelles | B51: - | C51: - | D51: =+B51/$B$8 -> #VALUE! | F51: Seychelles | G51: =+SUMIF(A51:A196,F51,D51:D196) -> #VALUE!
A52: Djibouti | B52: 1214051 | C52: 5374241.6 | D52: =+B52/$B$8 -> 6.4396811e-05 | F52: Djibouti | G52: =+SUMIF(A52:A197,F52,D52:D197) -> 6.4396811e-05
A53: Guinea Bissau | B53: 15132 | C53: 38358.6 | D53: =+B53/$B$8 -> 8.0264548e-07 | F53: Guinea Bissau | G53: =+SUMIF(A53:A198,F53,D53:D198) -> 8.0264548e-07
A54: Namibia | B54: 330454 | C54: 992393 | D54: =+B54/$B$8 -> 1.7528245e-05 | F54: Namibia | G54: =+SUMIF(A54:A199,F54,D54:D199) -> 1.7528245e-05
A55: Sudáfrica | B55: 243332224 | C55: 5.7532813e+08 | D55: =+B55/$B$8 -> 0.012907052 | F55: Sudáfrica | G55: =+SUMIF(A55:A200,F55,D55:D200) -> 0.012907052
A56: Etiopía | B56: 48430 | C56: 82944 | D56: =+B56/$B$8 -> 2.5688687e-06 | F56: Etiopía | G56: =+SUMIF(A56:A201,F56,D56:D201) -> 2.5688687e-06
D57: =+B57/$B$8 -> 0 | F57: 0 | G57: =+SUMIF(A57:A202,F57,D57:D202) -> 0
A58: AMERICA | B58: 5357222496 | C58: 4.9629729e+09 | D58: =+B58/$B$8 -> 0.28416273 | F58: AMERICA | G58: =+SUMIF(A58:A203,F58,D58:D203) -> 0.28416273
A59: Barbados | B59: 1627215 | C59: 719658.99 | D59: =+B59/$B$8 -> 8.6312236e-05 | F59: Barbados | G59: =+SUMIF(A59:A204,F59,D59:D204) -> 8.6312236e-05
A60: Bolivia | B60: 112235922 | C60: 91085456 | D60: =+B60/$B$8 -> 0.0059533211 | F60: Bolivia | G60: =+SUMIF(A60:A205,F60,D60:D205) -> 0.0059533211
A61: Brasil | B61: 1979589230 | C61: 1.026317e+09 | D61: =+B61/$B$8 -> 0.10500319 | F61: Brasil | G61: =+SUMIF(A61:A206,F61,D61:D206) -> 0.10500319
A62: Canadá | B62: 6242977 | C62: 1508420.7 | D62: =+B62/$B$8 -> 0.00033114573 | F62: Canadá | G62: =+SUMIF(A62:A207,F62,D62:D207) -> 0.00033114573
A63: Colombia | B63: 464256954 | C63: 1.1281098e+09 | D63: =+B63/$B$8 -> 0.024625545 | F63: Colombia | G63: =+SUMIF(A63:A208,F63,D63:D208) -> 0.024625545
A64: Costa Rica | B64: 17072514 | C64: 6965280.7 | D64: =+B64/$B$8 -> 0.00090557601 | F64: Costa Rica | G64: =+SUMIF(A64:A209,F64,D64:D209) -> 0.00090557601
A65: Cuba | B65: 18159015 | C65: 28612780 | D65: =+B65/$B$8 -> 0.00096320719 | F65: Cuba | G65: =+SUMIF(A65:A210,F65,D65:D210) -> 0.00096320719
A66: Chile | B66: 365095958 | C66: 4.7497661e+08 | D66: =+B66/$B$8 -> 0.019365756 | F66: Chile | G66: =+SUMIF(A66:A211,F66,D66:D211) -> 0.019365756
A67: República Dominicana | B67: 124941112 | C67: 1.2696154e+08 | D67: =+B67/$B$8 -> 0.0066272415 | F67: República Dominicana | G67: =+SUMIF(A67:A212,F67,D67:D212) -> 0.0066272415
A68: Ecuador | B68: 75921925 | C68: 1.3581996e+08 | D68: =+B68/$B$8 -> 0.0040271206 | F68: Ecuador | G68: =+SUMIF(A68:A213,F68,D68:D213) -> 0.0040271206
A69: El Salvador | B69: 435760 | C69: 166603.76 | D69: =+B69/$B$8 -> 2.3113983e-05 | F69: El Salvador | G69: =+SUMIF(A69:A214,F69,D69:D214) -> 2.3113983e-05
... A90: Belice | B90: 1616 | C90: 523.22 | D90: =+B90/$B$8 -> 8.571736e-08 | F90: Antigua y Barbuda | G90: =+SUMIF(A90:A235,F90,D90:D235) -> #VALUE!
A91: Antigua y Barbuda | B91: - | C91: - | D91: =+B91/$B$8 -> #VALUE! | F91: San Cristóbal y Nevis | G91: =+SUMIF(A91:A236,F91,D91:D236) -> 1.3337642e-05
A92: San Cristóbal y Nevis | B92: 251450 | C92: 48946.18 | D92: =+B92/$B$8 -> 1.3337642e-05 | F92: Grenada | G92: =+SUMIF(A92:A237,F92,D92:D237) -> #VALUE!
A93: Grenada | B93: - | C93: - | D93: =+B93/$B$8 -> #VALUE! | F93: Antillas Holandesas | G93: =+SUMIF(A93:A238,F93,D93:D238) -> 0.0003060236
A94: Antillas Holandesas | B94: 5769358 | C94: 6065667.8 | D94: =+B94/$B$8 -> 0.0003060236 | F94: Aruba | G94: =+SUMIF(A94:A239,F94,D94:D239) -> 4.0309862e-05
A95: Aruba | B95: 759948 | C95: 194242.94 | D95: =+B95/$B$8 -> 4.0309862e-05 | F95: Iquique (Chile) | G95: =+SUMIF(A95:A240,F95,D95:D240) -> #VALUE!
A96: Iquique (Chile) | B96: - | C96: - | D96: =+B96/$B$8 -> #VALUE! | F96: Punta Arenas (Chile) | G96: =+SUMIF(A96:A241,F96,D96:D241) -> 7.4028185e-05
A97: Punta Arenas (Chile) | B97: 1395628 | C97: 215324.59 | D97: =+B97/$B$8 -> 7.4028185e-05 | F97: Colonia (Uruguay) | G97: =+SUMIF(A97:A242,F97,D97:D242) -> 3.5883536e-06
A98: Colonia (Uruguay) | B98: 67650 | C98: 137500 | D98: =+B98/$B$8 -> 3.5883536e-06 | F98: Nueva Palmira (Uruguay) | G98: =+SUMIF(A98:A243,F98,D98:D243) -> 7.7893529e-07
A99: Nueva Palmira (Uruguay) | B99: 14685 | C99: 750 | D99: =+B99/$B$8 -> 7.7893529e-07 | F99: ASIA | G99: =+SUMIF(A99:A244,F99,D99:D244) -> 0.30251628
D100: =+B100/$B$8 -> 0 | F100: Afganistán | G100: =+SUMIF(A100:A245,F100,D100:D245) -> 4.103029e-06
A101: ASIA | B101: 5703235754 | C101: 1.0854487e+10 | D101: =+B101/$B$8 -> 0.30251628 | F101: Arabia Saudita | G101: =+SUMIF(A101:A246,F101,D101:D246) -> 0.0063807833
A102: Afganistán | B102: 77353 | C102: 15767.89 | D102: =+B102/$B$8 -> 4.103029e-06 | F102: Bahrein | G102: =+SUMIF(A102:A247,F102,D102:D247) -> 7.9131604e-05
A103: Arabia Saudita | B103: 120294720 | C103: 3.6065479e+08 | D103: =+B103/$B$8 -> 0.0063807833 | F103: Myanmar (ex Birmania) Unión de | G103: =+SUMIF(A103:A248,F103,D103:D248) -> 7.110934e-07
A104: Bahrein | B104: 1491841 | C104: 4709157.9 | D104: =+B104/$B$8 -> 7.9131604e-05 | F104: Camboya (ex Kampuchea) | G104: =+SUMIF(A104:A249,F104,D104:D249) -> 0.00031941805
A105: Myanmar (ex Birmania) Unión de | B105: 13406 | C105: 18048 | D105: =+B105/$B$8 -> 7.110934e-07 | F105: Sri Lanka | G105: =+SUMIF(A105:A250,F105,D105:D250) -> 7.0806624e-05
A106: Camboya (ex Kampuchea) | B106: 6021879 | C106: 281925.45 | D106: =+B106/$B$8 -> 0.00031941805 | F106: Corea Republicana | G106: =+SUMIF(A106:A251,F106,D106:D251) -> 0.015699041
A107: Sri Lanka | B107: 1334893 | C107: 467868 | D107: =+B107/$B$8 -> 7.0806624e-05 | F107: China | G107: =+SUMIF(A107:A252,F107,D107:D252) -> 0.067711719
A108: Corea Republicana | B108: 295968645 | C108: 5.5726674e+08 | D108: =+B108/$B$8 -> 0.015699041 | F108: Filipinas | G108: =+SUMIF(A108:A253,F108,D108:D253) -> 0.015006368
A109: China | B109: 1276545824 | C109: 2.0304892e+09 | D109: =+B109/$B$8 -> 0.067711719 | F109: Taiwan | G109: =+SUMIF(A109:A254,F109,D109:D254) -> 0.0018409693
A110: Filipinas | B110: 282909907 | C110: 7.5577643e+08 | D110: =+B110/$B$8 -> 0.015006368 | F110: India | G110: =+SUMIF(A110:A255,F110,D110:D255) -> 0.035865559
A111: Taiwan | B111: 34707163 | C111: 36456757 | D111: =+B111/$B$8 -> 0.0018409693 | F111: Indonesia | G111: =+SUMIF(A111:A256,F111,D111:D256) -> 0.032457515
A112: India | B112: 676161082 | C112: 5.7014576e+08 | D112: =+B112/$B$8 -> 0.035865559 | F112: Iraq | G112: =+SUMIF(A112:A257,F112,D112:D257) -> 0.00025842553
... A133: Hong Kong | B133: 65045327 | C133: 14273329 | D133: =+B133/$B$8 -> 0.0034501941 | F133: Bangladesh | G133: =+SUMIF(A133:A278,F133,D133:D278) -> 0.016773462
A134: Macao | B134: - | C134: - | D134: =+B134/$B$8 -> #VALUE! | F134: República de Yemen | G134: =+SUMIF(A134:A279,F134,D134:D279) -> 0.0016491404
A135: Bangladesh | B135: 316224337 | C135: 2.8946346e+08 | D135: =+B135/$B$8 -> 0.016773462 | F135: Armenia | G135: =+SUMIF(A135:A280,F135,D135:D280) -> 3.7352825e-07
A136: República de Yemen | B136: 31090679 | C136: 99129929 | D136: =+B136/$B$8 -> 0.0016491404 | F136: Azerbaiján | G136: =+SUMIF(A136:A281,F136,D136:D281) -> 0.00012215647
A137: Armenia | B137: 7042 | C137: 11874.2 | D137: =+B137/$B$8 -> 3.7352825e-07 | F137: Georgia | G137: =+SUMIF(A137:A282,F137,D137:D282) -> 2.342264e-05
A138: Azerbaiján | B138: 2302974 | C138: 466080 | D138: =+B138/$B$8 -> 0.00012215647 | F138: Kazajstán | G138: =+SUMIF(A138:A283,F138,D138:D283) -> 0.00016957095
A139: Georgia | B139: 441579 | C139: 151963.94 | D139: =+B139/$B$8 -> 2.342264e-05 | F139: Territorios Autónomos Palestinos (Gaza y Jericó) | G139: =+SUMIF(A139:A284,F139,D139:D284) -> 2.5851528e-06
A140: Kazajstán | B140: 3196863 | C140: 426370.82 | D140: =+B140/$B$8 -> 0.00016957095 | F140: EUROPA | G140: =+SUMIF(A140:A285,F140,D140:D285) -> 0.28782319
A141: Territorios Autónomos Palestinos (Gaza y Jericó) | B141: 48737 | C141: 115129.3 | D141: =+B141/$B$8 -> 2.5851528e-06 | F141: Albania | G141: =+SUMIF(A141:A286,F141,D141:D286) -> 1.2073152e-05
D142: =+B142/$B$8 -> 0 | F142: Austria | G142: =+SUMIF(A142:A287,F142,D142:D287) -> 0.00015018737
A143: EUROPA | B143: 5426231958 | C143: 1.0432977e+10 | D143: =+B143/$B$8 -> 0.28782319 | F143: Bélgica | G143: =+SUMIF(A143:A288,F143,D143:D288) -> 0.0061658545
A144: Albania | B144: 227611 | C144: 70549.96 | D144: =+B144/$B$8 -> 1.2073152e-05 | F144: Bulgaria | G144: =+SUMIF(A144:A289,F144,D144:D289) -> 1.2526086e-05
A145: Austria | B145: 2831431 | C145: 103606.21 | D145: =+B145/$B$8 -> 0.00015018737 | F145: Dinamarca | G145: =+SUMIF(A145:A290,F145,D145:D290) -> 0.013177844
A146: Bélgica | B146: 116242741 | C146: 1.8990903e+08 | D146: =+B146/$B$8 -> 0.0061658545 | F146: España | G146: =+SUMIF(A146:A291,F146,D146:D291) -> 0.075352882
A147: Bulgaria | B147: 236150 | C147: 275982.11 | D147: =+B147/$B$8 -> 1.2526086e-05 | F147: Finlandia | G147: =+SUMIF(A147:A292,F147,D147:D292) -> 0.0014505727
A148: Dinamarca | B148: 248437375 | C148: 6.6113346e+08 | D148: =+B148/$B$8 -> 0.013177844 | F148: Francia | G148: =+SUMIF(A148:A293,F148,D148:D293) -> 0.010531246
A149: España | B149: 1420602046 | C149: 2.04887e+09 | D149: =+B149/$B$8 -> 0.075352882 | F149: Grecia | G149: =+SUMIF(A149:A294,F149,D149:D294) -> 0.0030011084
A150: Finlandia | B150: 27347149 | C150: 24201492 | D150: =+B150/$B$8 -> 0.0014505727 | F150: Hungría | G150: =+SUMIF(A150:A295,F150,D150:D295) -> 7.2447612e-06
A151: Francia | B151: 198541972 | C151: 2.0777388e+08 | D151: =+B151/$B$8 -> 0.010531246 | F151: Irlanda | G151: =+SUMIF(A151:A296,F151,D151:D296) -> 0.0041589717
A152: Grecia | B152: 56578868 | C152: 155312399 | D152: =+B152/$B$8 -> 0.0030011084 | F152: Italia
A153: Hungría | B153: 136583 | C153: 134834.12 | D153: =+B153/$B$8 -> 7.2447612e-06
A154: Irlanda | B154: 78407668 | C154: 2.8561849e+08 | D154: =+B154/$B$8 -> 0.0041589717
A155: Italia | B155: 1026131307 | C155: 1.9025952e+09 | D155: =+B155/$B$8 -> 0.054429002
A156: Luxemburgo | B156: 414373 | C156: 24940.34
A157: Malta | B157: 223176 | C157: 33127.82
A158: Noruega | B158: 399588 | C158: 326114.38
A159: Países Bajos | B159: 1051703985 | C159: 2.4148708e+09
A160: Polonia | B160: 364513050 | C160: 9.8623808e+08
A161: Portugal | B161: 35493058 | C161: 65654514
A162: Reino Unido | B162: 327631195 | C162: 8.4017988e+08
A163: Rumania | B163: 9899527 | C163: 25450800
A164: Suecia | B164: 7321093 | C164: 509187.72
A165: Suiza | B165: 4438320 | C165: 450101.36
A166: Chipre | B166: 12498440 | C166: 32740007
A167: Turquía | B167: 98387883 | C167: 2.4163707e+08
... A179: Eslovenia | B179: 10637481 | C179: 27142983
...

Sheet 2010
A1: Evolución de las exportaciones con origen en la provincia de Santa Fe, según destino. Enero - diciembre de 2010.
B4: A Ñ O 2 0 1 0
A5: PAIS DE DESTINO | B5: VALOR F.O.B. | C5: PESO NETO
B6: (en Dólares) | C6: (en Kilos)
A8: TOTAL | B8: 15448056685 | C8: 3.1950609e+10
A10: AFRICA | B10: 1493756341 | C10: 3.6166664e+09 | D10: =+B10/$B$8 -> 0.096695421 | F10: {=+_xlfn.UNIQUE(A10:A155)} -> AFRICA | G10: =+SUMIF(A10:A155,F10,D10:D155) -> 0.096695421
A11: Burkina Faso | B11: 716895 | C11: 222810.3 | D11: =+B11/$B$8 -> 4.6406808e-05 | F11: Burkina Faso | G11: =+SUMIF(A11:A156,F11,D11:D156) -> 4.6406808e-05
A12: Argelia | B12: 480471321 | C12: 1.3059559e+09 | D12: =+B12/$B$8 -> 0.031102379 | F12: Argelia | G12: =+SUMIF(A12:A157,F12,D12:D157) -> 0.031102379
A13: Botswana | B13: - | C13: - | D13: =+B13/$B$8 -> #VALUE! | F13: Botswana | G13: =+SUMIF(A13:A158,F13,D13:D158) -> #VALUE!
A14: Camerún | B14: 7293089 | C14: 11976446 | D14: =+B14/$B$8 -> 0.00047210398 | F14: Camerún | G14: =+SUMIF(A14:A159,F14,D14:D159) -> 0.00047210398
A15: República Centroafricana | B15: - | C15: - | D15: =+B15/$B$8 -> #VALUE! | F15: República Centroafricana | G15: =+SUMIF(A15:A160,F15,D15:D160) -> #VALUE!
A16: Congo | B16: 3169256 | C16: 2900225.8 | D16: =+B16/$B$8 -> 0.00020515564 | F16: Congo | G16: =+SUMIF(A16:A161,F16,D16:D161) -> 0.00020515564
A17: Rep Democrática del Congo (ex Zaire) | B17: 4681308 | C17: 6250003.6 | D17: =+B17/$B$8 -> 0.0003030354 | F17: Rep Democrática del Congo (ex Zaire) | G17: =+SUMIF(A17:A162,F17,D17:D162) -> 0.0003030354
A18: Costa de Marfil | B18: 8833639 | C18: 17761175 | D18: =+B18/$B$8 -> 0.00057182849 | F18: Costa de Marfil | G18: =+SUMIF(A18:A163,F18,D18:D163) -> 0.00057182849
A19: Chad | B19: 669000 | C19: 200000 | D19: =+B19/$B$8 -> 4.3306418e-05 | F19: Chad | G19: =+SUMIF(A19:A164,F19,D19:D164) -> 4.3306418e-05
A20: Benin | B20: 231596 | C20: 150086.41 | D20: =+B20/$B$8 -> 1.4991918e-05 | F20: Benin | G20: =+SUMIF(A20:A165,F20,D20:D165) -> 1.4991918e-05
A21: Egipto | B21: 392887917 | C21: 9.2949735e+08 | D21: =+B21/$B$8 -> 0.025432838 | F21: Egipto | G21: =+SUMIF(A21:A166,F21,D21:D166) -> 0.025432838
A22: Gabón | B22: 896395 | C22: 434140.15 | D22: =+B22/$B$8 -> 5.8026392e-05 | F22: Gabón | G22: =+SUMIF(A22:A167,F22,D22:D167) -> 5.8026392e-05
A23: Gambia | B23: 162255 | C23: 86084 | D23: =+B23/$B$8 -> 1.0503263e-05 | F23: Gambia | G23: =+SUMIF(A23:A168,F23,D23:D168) -> 1.0503263e-05
A24: Ghana | B24: 2617253 | C24: 1338060.5 | D24: =+B24/$B$8 -> 0.0001694228 | F24: Ghana | G24: =+SUMIF(A24:A169,F24,D24:D169) -> 0.0001694228
A25: Guinea | B25: 75175 | C25: 106074.1 | D25: =+B25/$B$8 -> 4.8663079e-06 | F25: Guinea | G25: =+SUMIF(A25:A170,F25,D25:D170) -> 4.8663079e-06
A26: Guinea Ecuatorial | B26: 196601 | C26: 52657.75 | D26: =+B26/$B$8 -> 1.2726585e-05 | F26: Guinea Ecuatorial | G26: =+SUMIF(A26:A171,F26,D26:D171) -> 1.2726585e-05
A27: Kenya | B27: 670512 | C27: 1466274.7 | D27: =+B27/$B$8 -> 4.3404294e-05 | F27: Kenya | G27: =+SUMIF(A27:A172,F27,D27:D172) -> 4.3404294e-05
... A46: Uganda | B46: 574769 | C46: 2430065 | D46: =+B46/$B$8 -> 3.7206557e-05 | F46: Uganda | G46: =+SUMIF(A46:A191,F46,D46:D191) -> 3.7206557e-05
A47: Zambia | B47: - | C47: - | D47: =+B47/$B$8 -> #VALUE! | F47: Zambia | G47: =+SUMIF(A47:A192,F47,D47:D192) -> #VALUE!
A48: Territorios vinculados a España | B48: - | C48: - | D48: =+B48/$B$8 -> #VALUE! | F48: Territorios vinculados a España
A49: Territorios vinculados a Francia | B49: 8096809 | C49: 22287006 | D49: =+B49/$B$8 -> 0.00052413123 | F49: Territorios vinculados a Francia | G49: =+SUMIF(A49:A194,F49,D49:D194) -> 0.00052737792
A50: Angola | B50: 8196638 | C50: 8961566.7 | D50: =+B50/$B$8 -> 0.00053059347 | F50: Angola | G50: =+SUMIF(A50:A195,F50,D50:D195) -> 0.00053059347
A51: Cabo Verde | B51: 363611 | C51: 2192861.1 | D51: =+B51/$B$8 -> 2.3537653e-05 | F51: Cabo Verde | G51: =+SUMIF(A51:A196,F51,D51:D196) -> 2.3537653e-05
A52: Mozambique | B52: 15595698 | C52: 23428051 | D52: =+B52/$B$8 -> 0.0010095573 | F52: Mozambique | G52: =+SUMIF(A52:A197,F52,D52:D197) -> 0.0010095573
A53: Seychelles | B53: 11731 | C53: 18048 | D53: =+B53/$B$8 -> 7.5938354e-07 | F53: Seychelles | G53: =+SUMIF(A53:A198,F53,D53:D198) -> 7.5938354e-07
A54: Djibouti | B54: 32086 | C54: 86639.54 | D54: =+B54/$B$8 -> 2.077025e-06 | F54: Djibouti | G54: =+SUMIF(A54:A199,F54,D54:D199) -> 2.077025e-06
A55: Comoras | B55: - | C55: - | D55: =+B55/$B$8 -> #VALUE! | F55: Comoras | G55: =+SUMIF(A55:A200,F55,D55:D200) -> #VALUE!
A56: Guinea Bissau | B56: - | C56: - | D56: =+B56/$B$8 -> #VALUE! | F56: Guinea Bissau | G56: =+SUMIF(A56:A201,F56,D56:D201) -> #VALUE!
A57: Santo Tomé y Príncipe | B57: - | C57: - | D57: =+B57/$B$8 -> #VALUE! | F57: Santo Tomé y Príncipe | G57: =+SUMIF(A57:A202,F57,D57:D202) -> #VALUE!
A58: Namibia | B58: 271633 | C58: 1082231.1 | D58: =+B58/$B$8 -> 1.7583636e-05 | F58: Namibia | G58: =+SUMIF(A58:A203,F58,D58:D203) -> 1.7583636e-05
A59: Sudáfrica | B59: 262243150 | C59: 6.4815279e+08 | D59: =+B59/$B$8 -> 0.016975802 | F59: Sudáfrica | G59: =+SUMIF(A59:A204,F59,D59:D204) -> 0.016975802
A60: Etiopía | B60: 135756 | C60: 272421.88 | D60: =+B60/$B$8 -> 8.7879015e-06 | F60: Etiopía | G60: =+SUMIF(A60:A205,F60,D60:D205) -> 8.7879015e-06
D61: =+B61/$B$8 -> 0 | F61: 0 | G61: =+SUMIF(A61:A206,F61,D61:D206) -> 0
A62: AMERICA | B62: 3910666790 | C62: 4.5761528e+09 | D62: =+B62/$B$8 -> 0.25314943 | F62: AMERICA | G62: =+SUMIF(A62:A207,F62,D62:D207) -> 0.25314943
A63: Barbados | B63: 957966 | C63: 612052.14 | D63: =+B63/$B$8 -> 6.2012072e-05 | F63: Barbados | G63: =+SUMIF(A63:A208,F63,D63:D208) -> 6.2012072e-05
A64: Bolivia | B64: 81624310 | C64: 80527859 | D64: =+B64/$B$8 -> 0.0052837915 | F64: Bolivia | G64: =+SUMIF(A64:A209,F64,D64:D209) -> 0.0052837915
A65: Brasil | B65: 1511431849 | C65: 8.9752153e+08 | D65: =+B65/$B$8 -> 0.09783961 | F65: Brasil | G65: =+SUMIF(A65:A210,F65,D65:D210) -> 0.09783961
A66: Canadá | B66: 8642868 | C66: 2022598 | D66: =+B66/$B$8 -> 0.0005594793 | F66: Canadá | G66: =+SUMIF(A66:A211,F66,D66:D211) -> 0.0005594793
A67: Colombia | B67: 336576419 | C67: 1.1123039e+09 | D67: =+B67/$B$8 -> 0.021787622 | F67: Colombia | G67: =+SUMIF(A67:A212,F67,D67:D212) -> 0.021787622
A68: Costa Rica | B68: 22579218 | C68: 2474117.1 | D68: =+B68/$B$8 -> 0.0014616219 | F68: Costa Rica | G68: =+SUMIF(A68:A213,F68,D68:D213) -> 0.0014616219
A69: Cuba | B69: 13910237 | C69: 29276441 | D69: =+B69/$B$8 -> 0.00090045222 | F69: Cuba | G69: =+SUMIF(A69:A214,F69,D69:D214) -> 0.00090045222
A70: Chile | B70: 332697414 | C70: 5.528708e+08 | D70: =+B70/$B$8 -> 0.021536522 | F70: Chile | G70: =+SUMIF(A70:A215,F70,D70:D215) -> 0.021536522
A71: República Dominicana | B71: 99361800 | C71: 1.0342024e+08 | D71: =+B71/$B$8 -> 0.0064319935 | F71: República Dominicana | G71: =+SUMIF(A71:A216,F71,D71:D216) -> 0.0064319935
A72: Ecuador | B72: 113895164 | C72: 3.0549976e+08 | D72: =+B72/$B$8 -> 0.0073727826 | F72: Ecuador | G72: =+SUMIF(A72:A217,F72,D72:D217) -> 0.0073727826
A73: El Salvador | B73: 1254670 | C73: 149361.63 | D73: =+B73/$B$8 -> 8.121863e-05 | F73: El Salvador | G73: =+SUMIF(A73:A218,F73,D73:D218) -> 8.121863e-05
... A90: Suriname | B90: 78881 | C90: 64484.32 | D90: =+B90/$B$8 -> 5.1062086e-06 | F90: Dominica | G90: =+SUMIF(A90:A235,F90,D90:D235) -> #VALUE!
A91: Dominica | B91: - | C91: - | D91: =+B91/$B$8 -> #VALUE! | F91: Santa Lucía | G91: =+SUMIF(A91:A236,F91,D91:D236) -> 1.3779856e-05
A92: Santa Lucía | B92: 212872 | C92: 123105.03 | D92: =+B92/$B$8 -> 1.3779856e-05 | F92: San Vicente y las Granadinas | G92: =+SUMIF(A92:A237,F92,D92:D237) -> 9.6627688e-06
A93: San Vicente y las Granadinas | B93: 149271 | C93: 46108.48 | D93: =+B93/$B$8 -> 9.6627688e-06 | F93: Belice | G93: =+SUMIF(A93:A238,F93,D93:D238) -> 3.1963891e-06
A94: Belice | B94: 49378 | C94: 16278.55 | D94: =+B94/$B$8 -> 3.1963891e-06 | F94: Antigua y Barbuda | G94: =+SUMIF(A94:A239,F94,D94:D239) -> 3.2582092e-06
A95: Antigua y Barbuda | B95: 50333 | C95: 31211.89 | D95: =+B95/$B$8 -> 3.2582092e-06 | F95: San Cristóbal y Nevis | G95: =+SUMIF(A95:A240,F95,D95:D240) -> 1.1730149e-05
A96: San Cristóbal y Nevis | B96: 181208 | C96: 48928.13 | D96: =+B96/$B$8 -> 1.1730149e-05 | F96: Bahamas | G96: =+SUMIF(A96:A241,F96,D96:D241) -> #VALUE!
A97: Bahamas | B97: - | C97: - | D97: =+B97/$B$8 -> #VALUE! | F97: Grenada | G97: =+SUMIF(A97:A242,F97,D97:D242) -> 6.0849078e-06
A98: Grenada | B98: 94000 | C98: 30343.2 | D98: =+B98/$B$8 -> 6.0849078e-06 | F98: Antillas Holandesas | G98: =+SUMIF(A98:A243,F98,D98:D243) -> 0.00044810271
A99: Antillas Holandesas | B99: 6922316 | C99: 12544481 | D99: =+B99/$B$8 -> 0.00044810271 | F99: Aruba | G99: =+SUMIF(A99:A244,F99,D99:D244) -> 0.00012554796
A100: Aruba | B100: 1939472 | C100: 434947.92 | D100: =+B100/$B$8 -> 0.00012554796 | F100: Iquique (Chile) | G100: =+SUMIF(A100:A245,F100,D100:D245) -> 8.3736099e-06
A101: Iquique (Chile) | B101: 129356 | C101: 27178.19 | D101: =+B101/$B$8 -> 8.3736099e-06 | F101: Punta Arenas (Chile) | G101: =+SUMIF(A101:A246,F101,D101:D246) -> 2.245441e-05
A102: Punta Arenas (Chile) | B102: 346877 | C102: 78578.9 | D102: =+B102/$B$8 -> 2.245441e-05 | F102: Colonia (Uruguay) | G102: =+SUMIF(A102:A247,F102,D102:D247) -> 1.0321363e-05
A103: Colonia (Uruguay) | B103: 159445 | C103: 412500 | D103: =+B103/$B$8 -> 1.0321363e-05 | F103: ASIA | G103: =+SUMIF(A103:A248,F103,D103:D248) -> 0.34383649
D104: =+B104/$B$8 -> 0 | F104: Afganistán | G104: =+SUMIF(A104:A249,F104,D104:D249) -> 3.4151868e-06
A105: ASIA | B105: 5311605584 | C105: 1.2475787e+10 | D105: =+B105/$B$8 -> 0.34383649 | F105: Arabia Saudita | G105: =+SUMIF(A105:A250,F105,D105:D250) -> 0.0051413314
A106: Afganistán | B106: 52758 | C106: 20052.63 | D106: =+B106/$B$8 -> 3.4151868e-06 | F106: Bahrein | G106: =+SUMIF(A106:A251,F106,D106:D251) -> 3.0083266e-05
A107: Arabia Saudita | B107: 79423579 | C107: 2.6956663e+08 | D107: =+B107/$B$8 -> 0.0051413314 | F107: Myanmar (ex Birmania) Unión de | G107: =+SUMIF(A107:A252,F107,D107:D252) -> #VALUE!
A108: Bahrein | B108: 464728 | C108: 1525651.2 | D108: =+B108/$B$8 -> 3.0083266e-05 | F108: Camboya (ex Kampuchea) | G108: =+SUMIF(A108:A253,F108,D108:D253) -> 0.0002400399
A109: Myanmar (ex Birmania) Unión de | B109: - | C109: - | D109: =+B109/$B$8 -> #VALUE! | F109: Sri Lanka | G109: =+SUMIF(A109:A254,F109,D109:D254) -> 1.0853145e-06
A110: Camboya (ex Kampuchea) | B110: 3708150 | C110: 204319.3 | D110: =+B110/$B$8 -> 0.0002400399 | F110: Corea Republicana | G110: =+SUMIF(A110:A255,F110,D110:D255) -> 0.015051164
A111: Sri Lanka | B111: 16766 | C111: 3000 | D111: =+B111/$B$8 -> 1.0853145e-06 | F111: China | G111: =+SUMIF(A111:A256,F111,D111:D256) -> 0.074680958
A112: Corea Republicana | B112: 232511231 | C112: 4.9740425e+08 | D112: =+B112/$B$8 -> 0.015051164 | F112: Filipinas | G112: =+SUMIF(A112:A257,F112,D112:D257) -> 0.012142098
A113: China | B113: 1153675679 | C113: 2.6563887e+09 | D113: =+B113/$B$8 -> 0.074680958 | F113: Taiwan | G113: =+SUMIF(A113:A258,F113,D113:D258) -> 0.0026563842
A114: Filipinas | B114: 187571812 | C114: 5.6991299e+08 | D114: =+B114/$B$8 -> 0.012142098 | F114: India | G114: =+SUMIF(A114:A259,F114,D114:D259) -> 0.054032794
A115: Taiwan | B115: 41035974 | C115: 1.2310773e+08 | D115: =+B115/$B$8 -> 0.0026563842 | F115: Indonesia | G115: =+SUMIF(A115:A260,F115,D115:D260) -> 0.030435845
A116: India | B116: 834701660 | C116: 1.0075231e+09 | D116: =+B116/$B$8 -> 0.054032794 | F116: Iraq | G116: =+SUMIF(A116:A261,F116,D116:D261) -> 6.0064901e-05
A117: Indonesia | B117: 470174654 | C117: 1.4565799e+09 | D117: =+B117/$B$8 -> 0.030435845 | F117: Irán | G117: =+SUMIF(A117:A262,F117,D117:D262) -> 0.045922395
A118: Iraq | B118: 927886 | C118: 353773.2 | D118: =+B118/$B$8 -> 6.0064901e-05 | F118: Israel | G118: =+SUMIF(A118:A263,F118,D118:D263) -> 0.0027386957
A119: Irán | B119: 709411755 | C119: 1.8551073e+09 | D119: =+B119/$B$8 -> 0.045922395 | F119: Japón | G119: =+SUMIF(A119:A264,F119,D119:D264) -> 0.005148676
A120: Israel | B120: 42307526 | C120: 44904696 | D120: =+B120/$B$8 -> 0.0027386957 | F120: Jordania | G120: =+SUMIF(A120:A265,F120,D120:D265) -> 0.0016978134
A121: Japón | B121: 79537039 | C121: 3.5562491e+08 | D121: =+B121/$B$8 -> 0.005148676 | F121: Qatar | G121: =+SUMIF(A121:A266,F121,D121:D266) -> 1.0659787e-05
... A145: Territorios Autónomos Palestinos (Gaza y Jericó) | B145: 152713 | C145: 52474.61 | D145: =+B145/$B$8 -> 9.88558e-06 | F145: Albania | G145: =+SUMIF(A145:A290,F145,D145:D290) -> 7.1852533e-05
D146: =+B146/$B$8 -> 0 | F146: Austria | G146: =+SUMIF(A146:A291,F146,D146:D291) -> 8.6447961e-05
A147: EUROPA | B147: 4579982104 | C147: 1.090278e+10 | D147: =+B147/$B$8 -> 0.29647626 | F147: Bélgica | G147: =+SUMIF(A147:A292,F147,D147:D292) -> 0.0038843527
A148: Albania | B148: 1109982 | C148: 269158.06 | D148: =+B148/$B$8 -> 7.1852533e-05 | F148: Bulgaria | G148: =+SUMIF(A148:A293,F148,D148:D293) -> 1.2791123e-05
A149: Austria | B149: 1335453 | C149: 31678.91 | D149: =+B149/$B$8 -> 8.6447961e-05 | F149: Dinamarca | G149: =+SUMIF(A149:A294,F149,D149:D294) -> 0.013552494
A150: Bélgica | B150: 60005700 | C150: 1.0136553e+08 | D150: =+B150/$B$8 -> 0.0038843527 | F150: España | G150: =+SUMIF(A150:A295,F150,D150:D295) -> 0.062846804
A151: Bulgaria | B151: 197598 | C151: 228584.74 | D151: =+B151/$B$8 -> 1.2791123e-05 | F151: Finlandia | G151: =+SUMIF(A151:A296,F151,D151:D296) -> 5.6819639e-05
A152: Dinamarca | B152: 209359699 | C152: 6.3042295e+08 | D152: =+B152/$B$8 -> 0.013552494 | F152: Francia
A153: España | B153: 970860990 | C153: 2.0621808e+09 | D153: =+B153/$B$8 -> 0.062846804
A154: Finlandia | B154: 877753 | C154: 174086.06 | D154: =+B154/$B$8 -> 5.6819639e-05
A155: Francia | B155: 191898372 | C155: 3.3329852e+08 | D155: =+B155/$B$8 -> 0.012422169
A156: Grecia | B156: 63982298 | C156: 1.9856742e+08
A157: Hungría | B157: 24330 | C157: 5009.89
A158: Irlanda | B158: 49252312 | C158: 1.8361956e+08
A159: Islandia | B159: - | C159: -
A160: Italia | B160: 764006730 | C160: 1.7851839e+09
A161: Luxemburgo | B161: 338180 | C161: 20236.45
...

Sheet 2009
A1: Evolución de las exportaciones con origen en la provincia de Santa Fe, según destino. Enero - diciembre de 2009
B4: A Ñ O 2 0 0 9
A5: PAIS DE DESTINO | B5: VALOR F.O.B. | C5: PESO NETO
B6: (en Dólares) | C6: (en Kilos)
A8: TOTAL | B8: 1.2287189e+10 | C8: 2.4687893e+10
A10: AFRICA | B10: 1.0115025e+09 | C10: 2.2112556e+09 | D10: =+B10/$B$8 -> 0.082321719 | F10: {=+_xlfn.UNIQUE(A10:A155)} -> AFRICA | G10: =+SUMIF(A10:A155,F10,D10:D155) -> 0.082321719
A11: Burkina Faso | B11: 157250 | C11: 75000 | D11: =+B11/$B$8 -> 1.2797882e-05 | F11: Burkina Faso | G11: =+SUMIF(A11:A156,F11,D11:D156) -> 1.2797882e-05
A12: Argelia | B12: 2.7490828e+08 | C12: 6.8151933e+08 | D12: =+B12/$B$8 -> 0.02237357 | F12: Argelia | G12: =+SUMIF(A12:A157,F12,D12:D157) -> 0.02237357
A13: Botswana | B13: 26373.68 | C13: 25346 | D13: =+B13/$B$8 -> 2.1464372e-06 | F13: Botswana | G13: =+SUMIF(A13:A158,F13,D13:D158) -> 2.1464372e-06
A14: Camerún | B14: 3243786.9 | C14: 5117278.3 | D14: =+B14/$B$8 -> 0.00026399748 | F14: Camerún | G14: =+SUMIF(A14:A159,F14,D14:D159) -> 0.00026399748
A15: República Centroafricana | B15: 52500 | C15: 25000 | D15: =+B15/$B$8 -> 4.272743e-06 | F15: República Centroafricana | G15: =+SUMIF(A15:A160,F15,D15:D160) -> 4.272743e-06
A16: Congo | B16: 1848825.5 | C16: 2249552.1 | D16: =+B16/$B$8 -> 0.00015046774 | F16: Congo | G16: =+SUMIF(A16:A161,F16,D16:D161) -> 0.00015046774
A17: Rep. Democrática del Congo (ex Zaire) | B17: 5640476.2 | C17: 5731571.7 | D17: =+B17/$B$8 -> 0.00045905343 | F17: Rep. Democrática del Congo (ex Zaire) | G17: =+SUMIF(A17:A162,F17,D17:D162) -> 0.00045905343
A18: Costa de Marfil | B18: 5232716.5 | C18: 5959121.5 | D18: =+B18/$B$8 -> 0.00042586767 | F18: Costa de Marfil | G18: =+SUMIF(A18:A163,F18,D18:D163) -> 0.00042586767
A19: Chad | B19: 756000 | C19: 300000 | D19: =+B19/$B$8 -> 6.1527499e-05 | F19: Chad | G19: =+SUMIF(A19:A164,F19,D19:D164) -> 6.1527499e-05
A20: Benin | B20: 84929.51 | C20: 162897.23 | D20: =+B20/$B$8 -> 6.9120374e-06 | F20: Benin | G20: =+SUMIF(A20:A165,F20,D20:D165) -> 6.9120374e-06
A21: Egipto | B21: 2.3553972e+08 | C21: 4.6257446e+08 | D21: =+B21/$B$8 -> 0.019169537 | F21: Egipto | G21: =+SUMIF(A21:A166,F21,D21:D166) -> 0.019169537
A22: Gabón | B22: 1523259.5 | C22: 820188.95 | D22: =+B22/$B$8 -> 0.00012397135 | F22: Gabón | G22: =+SUMIF(A22:A167,F22,D22:D167) -> 0.00012397135
... A47: Zambia | B47: 118500 | C47: 50000 | D47: =+B47/$B$8 -> 9.6441913e-06 | F47: Zambia | G47: =+SUMIF(A47:A192,F47,D47:D192) -> 9.6441913e-06
A48: Territorios vinculados a España | B48: 1581.23 | C48: 3006.15 | D48: =+B48/$B$8 -> 1.2868932e-07 | F48: Territorios vinculados a España
A49: Territorios vinculados a Francia | B49: 9257766.4 | C49: 24468651 | D49: =+B49/$B$8 -> 0.00075344869 | F49: Territorios vinculados a Francia | G49: =+SUMIF(A49:A194,F49,D49:D194) -> 0.00076053928
A50: Angola | B50: 14939470 | C50: 15271408 | D50: =+B50/$B$8 -> 0.0012158574 | F50: Angola | G50: =+SUMIF(A50:A195,F50,D50:D195) -> 0.0012158574
A51: Cabo Verde | B51: 128217.66 | C51: 577787.65 | D51: =+B51/$B$8 -> 1.0435069e-05 | F51: Cabo Verde | G51: =+SUMIF(A51:A196,F51,D51:D196) -> 1.0435069e-05
A52: Mozambique | B52: 4055332.9 | C52: 7225450.1 | D52: =+B52/$B$8 -> 0.00033004562 | F52: Mozambique | G52: =+SUMIF(A52:A197,F52,D52:D197) -> 0.00033004562
A53: Djibouti | B53: 17669.09 | C53: 34300 | D53: =+B53/$B$8 -> 1.4380091e-06 | F53: Djibouti | G53: =+SUMIF(A53:A198,F53,D53:D198) -> 1.4380091e-06
A54: Comoras | B54: 24032.2 | C54: 38639.2 | D54: =+B54/$B$8 -> 1.9558745e-06 | F54: Comoras | G54: =+SUMIF(A54:A199,F54,D54:D199) -> 1.9558745e-06
A55: Guinea Bissau | B55: 253353.07 | C55: 861113.51 | D55: =+B55/$B$8 -> 2.0619287e-05 | F55: Guinea Bissau | G55: =+SUMIF(A55:A200,F55,D55:D200) -> 2.0619287e-05
A56: Santo Tomé y Príncipe | B56: 42690.4 | C56: 14625 | D56: =+B56/$B$8 -> 3.474383e-06 | F56: Santo Tomé y Príncipe | G56: =+SUMIF(A56:A201,F56,D56:D201) -> 3.474383e-06
A57: Namibia | B57: 63634.44 | C57: 39845.92 | D57: =+B57/$B$8 -> 5.1789258e-06 | F57: Namibia | G57: =+SUMIF(A57:A202,F57,D57:D202) -> 5.1789258e-06
A58: Sudáfrica | B58: 2.2393984e+08 | C58: 5.2078378e+08 | D58: =+B58/$B$8 -> 0.018225474 | F58: Sudáfrica | G58: =+SUMIF(A58:A203,F58,D58:D203) -> 0.018225474
A59: Etiopía | B59: 21975.23 | C59: 41035.05 | D59: =+B59/$B$8 -> 1.7884668e-06 | F59: Etiopía | G59: =+SUMIF(A59:A204,F59,D59:D204) -> 1.7884668e-06
D60: =+B60/$B$8 -> #VALUE! | G60: =+SUMIF(A60:A205,F60,D60:D205) -> #VALUE!
A61: AMERICA | B61: 2.6715671e+09 | C61: 3.3717642e+09 | D61: =+B61/$B$8 -> 0.21742704 | F61: AMERICA | G61: =+SUMIF(A61:A206,F61,D61:D206) -> 0.21742704
A62: Barbados | B62: 682830.49 | C62: 215873.76 | D62: =+B62/$B$8 -> 5.5572556e-05 | F62: Barbados | G62: =+SUMIF(A62:A207,F62,D62:D207) -> 5.5572556e-05
A63: Bolivia | B63: 75862632 | C63: 87742821 | D63: =+B63/$B$8 -> 0.0061741243 | F63: Bolivia | G63: =+SUMIF(A63:A208,F63,D63:D208) -> 0.0061741243
A64: Brasil | B64: 9.5550329e+08 | C64: 7.6114224e+08 | D64: =+B64/$B$8 -> 0.07776419 | F64: Brasil | G64: =+SUMIF(A64:A209,F64,D64:D209) -> 0.07776419
A65: Canadá | B65: 7647827.8 | C65: 1927982.7 | D65: =+B65/$B$8 -> 0.0006224229 | F65: Canadá | G65: =+SUMIF(A65:A210,F65,D65:D210) -> 0.0006224229
A66: Colombia | B66: 2.206948e+08 | C66: 5.9957997e+08 | D66: =+B66/$B$8 -> 0.017961374 | F66: Colombia | G66: =+SUMIF(A66:A211,F66,D66:D211) -> 0.017961374
A67: Costa Rica | B67: 4202108.6 | C67: 1013567.9 | D67: =+B67/$B$8 -> 0.00034199105 | F67: Costa Rica | G67: =+SUMIF(A67:A212,F67,D67:D212) -> 0.00034199105
A68: Cuba | B68: 5295213.5 | C68: 4319275.7 | D68: =+B68/$B$8 -> 0.00043095402 | F68: Cuba | G68: =+SUMIF(A68:A213,F68,D68:D213) -> 0.00043095402
A69: Chile | B69: 2.5051125e+08 | C69: 4.1090451e+08 | D69: =+B69/$B$8 -> 0.020388003 | F69: Chile | G69: =+SUMIF(A69:A214,F69,D69:D214) -> 0.020388003
A70: República Dominicana | B70: 69111873 | C70: 76714730 | D70: =+B70/$B$8 -> 0.0056247099 | F70: República Dominicana | G70: =+SUMIF(A70:A215,F70,D70:D215) -> 0.0056247099
A71: Ecuador | B71: 1.5439963e+08 | C71: 3.7884431e+08 | D71: =+B71/$B$8 -> 0.012565903 | F71: Ecuador | G71: =+SUMIF(A71:A216,F71,D71:D216) -> 0.012565903
A72: El Salvador | B72: 434830.81 | C72: 76935.3 | D72: =+B72/$B$8 -> 3.5388958e-05 | F72: El Salvador | G72: =+SUMIF(A72:A217,F72,D72:D217) -> 3.5388958e-05
... A101: Punta Arenas (Chile) | B101: 172634.16 | C101: 39438.72 | D101: =+B101/$B$8 -> 1.4049931e-05 | F101: ASIA | G101: =+SUMIF(A101:A246,F101,D101:D246) -> 0.3506828
D102: =+B102/$B$8 -> #VALUE! | F102: Afganistán | G102: =+SUMIF(A102:A247,F102,D102:D247) -> 4.5658767e-05
A103: ASIA | B103: 4.3089058e+09 | C103: 8.8183897e+09 | D103: =+B103/$B$8 -> 0.3506828 | F103: Arabia Saudita | G103: =+SUMIF(A103:A248,F103,D103:D248) -> 0.0058243775
A104: Afganistán | B104: 561017.9 | C104: 206255.12 | D104: =+B104/$B$8 -> 4.5658767e-05 | F104: Bahrein | G104: =+SUMIF(A104:A249,F104,D104:D249) -> 1.7139841e-05
A105: Arabia Saudita | B105: 71565227 | C105: 1.942193e+08 | D105: =+B105/$B$8 -> 0.0058243775 | F105: Myanmar (ex Birmania) Unión de | G105: =+SUMIF(A105:A250,F105,D105:D250) -> 2.313792e-07
A106: Bahrein | B106: 210600.47 | C106: 86307.17 | D106: =+B106/$B$8 -> 1.7139841e-05 | F106: Camboya (ex Kampuchea) | G106: =+SUMIF(A106:A251,F106,D106:D251) -> 0.00028383998
A107: Myanmar (ex Birmania) Unión de | B107: 2843 | C107: 88.67 | D107: =+B107/$B$8 -> 2.313792e-07 | F107: Corea Republicana | G107: =+SUMIF(A107:A252,F107,D107:D252) -> 0.013529694
A108: Camboya (ex Kampuchea) | B108: 3487595.5 | C108: 245752.61 | D108: =+B108/$B$8 -> 0.00028383998 | F108: China | G108: =+SUMIF(A108:A253,F108,D108:D253) -> 0.10882687
A109: Corea Republicana | B109: 1.6624191e+08 | C109: 3.2414735e+08 | D109: =+B109/$B$8 -> 0.013529694 | F109: Filipinas | G109: =+SUMIF(A109:A254,F109,D109:D254) -> 0.018060759
A110: China | B110: 1.3371763e+09 | C110: 2.1913836e+09 | D110: =+B110/$B$8 -> 0.10882687 | F110: Taiwan | G110: =+SUMIF(A110:A255,F110,D110:D255) -> 0.0009320021
A111: Filipinas | B111: 2.2191596e+08 | C111: 5.8300022e+08 | D111: =+B111/$B$8 -> 0.018060759 | F111: India | G111: =+SUMIF(A111:A256,F111,D111:D256) -> 0.031346856
A112: Taiwan | B112: 11451686 | C112: 6959789.6 | D112: =+B112/$B$8 -> 0.0009320021 | F112: Indonesia | G112: =+SUMIF(A112:A257,F112,D112:D257) -> 0.024460338
A113: India | B113: 3.8516475e+08 | C113: 5.0598152e+08 | D113: =+B113/$B$8 -> 0.031346856 | F113: Iraq | G113: =+SUMIF(A113:A258,F113,D113:D258) -> 0.00045816341
A114: Indonesia | B114: 3.005488e+08 | C114: 7.8041115e+08 | D114: =+B114/$B$8 -> 0.024460338 | F114: Irán | G114: =+SUMIF(A114:A259,F114,D114:D259) -> 0.027553849
... A141: Territorios Autónomos Palestinos (Gaza y Jericó) | B141: 186211.59 | C141: 86253.27 | D141: =+B141/$B$8 -> 1.5154938e-05 | F141: Albania | G141: =+SUMIF(A141:A286,F141,D141:D286) -> 0.00022617539
D142: =+B142/$B$8 -> #VALUE! | F142: Austria | G142: =+SUMIF(A142:A287,F142,D142:D287) -> 0.00011798906
A143: EUROPA | B143: 4.1385384e+09 | C143: 9.9152434e+09 | D143: =+B143/$B$8 -> 0.33681735 | F143: Bélgica | G143: =+SUMIF(A143:A288,F143,D143:D288) -> 0.012497651
A144: Albania | B144: 2779059.8 | C144: 892908.52 | D144: =+B144/$B$8 -> 0.00022617539 | F144: Bulgaria | G144: =+SUMIF(A144:A289,F144,D144:D289) -> 2.0934835e-05
A145: Austria | B145: 1449753.9 | C145: 92213.04 | D145: =+B145/$B$8 -> 0.00011798906 | F145: Dinamarca | G145: =+SUMIF(A145:A290,F145,D145:D290) -> 0.027924269
A146: Bélgica | B146: 1.53561e+08 | C146: 3.6508614e+08 | D146: =+B146/$B$8 -> 0.012497651 | F146: España | G146: =+SUMIF(A146:A291,F146,D146:D291) -> 0.059397135
A147: Bulgaria | B147: 257230.27 | C147: 330589.17 | D147: =+B147/$B$8 -> 2.0934835e-05 | F147: Finlandia | G147: =+SUMIF(A147:A292,F147,D147:D292) -> 7.4848349e-06
A148: Dinamarca | B148: 3.4311077e+08 | C148: 9.1474088e+08 | D148: =+B148/$B$8 -> 0.027924269 | F148: Francia | G148: =+SUMIF(A148:A293,F148,D148:D293) -> 0.0084803329
A149: España | B149: 7.2982381e+08 | C149: 1.9353103e+09 | D149: =+B149/$B$8 -> 0.059397135 | F149: Grecia | G149: =+SUMIF(A149:A294,F149,D149:D294) -> 0.0033700414
A150: Finlandia | B150: 91967.58 | C150: 26304.25 | D150: =+B150/$B$8 -> 7.4848349e-06 | F150: Hungría | G150: =+SUMIF(A150:A295,F150,D150:D295) -> 6.2540481e-06
A151: Francia | B151: 1.0419945e+08 | C151: 2.1888951e+08 | D151: =+B151/$B$8 -> 0.0084803329 | F151: Irlanda | G151: =+SUMIF(A151:A296,F151,D151:D296) -> 0.0021585713
A152: Grecia | B152: 41408335 | C152: 1.0828902e+08 | D152: =+B152/$B$8 -> 0.0033700414 | F152: Islandia
A153: Hungría | B153: 76844.67 | C153: 43981.65 | D153: =+B153/$B$8 -> 6.2540481e-06
A154: Irlanda | B154: 26522773 | C154: 91009488 | D154: =+B154/$B$8 -> 0.0021585713
A155: Islandia | B155: 45.72 | C155: 3.36 | D155: =+B155/$B$8 -> 3.7209487e-09
A156: Italia | B156: 7.43551e+08 | C156: 1.8080481e+09
A157: Luxemburgo | B157: 319871.56 | C157: 26156.59
A158: Malta | B158: 1660534.7 | C158: 124422.76
A159: Noruega | B159: 2331165.4 | C159: 634917.6
A160: Países Bajos | B160: 9.0207374e+08 | C160: 2.1772126e+09
A161: Polonia | B161: 3.4123086e+08 | C161: 8.9860939e+08
A162: Portugal | B162: 32160133 | C162: 73875463
A163: Reino Unido | B163: 2.6828802e+08 | C163: 7.2513499e+08
A164: Rumania | B164: 19186224 | C164: 50097404
A165: Suecia | B165: 4365631.7 | C165: 681709.32
A166: Suiza | B166: 2750544 | C166: 453003.83
A167: Chipre | B167: 18469474 | C167: 47535617
... A190: Resto Países (*) | B190: 1121.25 | C190: 375
A192: Fuente: INDEC-IPEC

Sheet 2008
A1: Evolución de las exportaciones con origen en la provincia de Santa Fe, según destino. Enero - diciembre de 2008
B4: A Ñ O 2 0 0 8
A5: PAIS DE DESTINO | B5: VALOR F.O.B. | C5: PESO NETO
B6: (en Dólares) | C6: (en Kilos)
A8: TOTAL | B8: 1.5243846e+10 | C8: 2.996225e+10
A10: AFRICA | B10: 1647947480 | C10: 3.337859e+09 | D10: =+B10/$B$8 -> 0.10810576 | F10: {=+_xlfn.UNIQUE(A10:A155)} -> AFRICA | G10: =+SUMIF(A10:A155,F10,D10:D155) -> 0.10810576
A11: Burkina Faso | B11: 2085250 | C11: 500000 | D11: =+B11/$B$8 -> 0.00013679291 | F11: Burkina Faso | G11: =+SUMIF(A11:A156,F11,D11:D156) -> 0.00013679291
A12: Argelia | B12: 3.1350876e+08 | C12: 7.2985951e+08 | D12: =+B12/$B$8 -> 0.020566251 | F12: Argelia | G12: =+SUMIF(A12:A157,F12,D12:D157) -> 0.020566251
A13: Camerún | B13: 4446201 | C13: 3134288.9 | D13: =+B13/$B$8 -> 0.00029167187 | F13: Camerún | G13: =+SUMIF(A13:A158,F13,D13:D158) -> 0.00029167187
A14: Congo | B14: 6852436.7 | C14: 13451271 | D14: =+B14/$B$8 -> 0.00044952151 | F14: Congo | G14: =+SUMIF(A14:A159,F14,D14:D159) -> 0.00044952151
A15: Rep. Democrática del Congo (ex Zaire) | B15: 10331078 | C15: 14639233 | D15: =+B15/$B$8 -> 0.00067772124 | F15: Rep. Democrática del Congo (ex Zaire) | G15: =+SUMIF(A15:A160,F15,D15:D160) -> 0.00067772124
A16: Costa de Marfil | B16: 13806555 | C16: 21552278 | D16: =+B16/$B$8 -> 0.00090571335 | F16: Costa de Marfil | G16: =+SUMIF(A16:A161,F16,D16:D161) -> 0.00090571335
A17: Chad | B17: 180000 | C17: 50000 | D17: =+B17/$B$8 -> 1.1808044e-05 | F17: Chad | G17: =+SUMIF(A17:A162,F17,D17:D162) -> 1.1808044e-05
A18: Benin | B18: 389563.4 | C18: 186392.18 | D18: =+B18/$B$8 -> 2.5555454e-05 | F18: Benin | G18: =+SUMIF(A18:A163,F18,D18:D163) -> 2.5555454e-05
A19: Egipto | B19: 4.2967673e+08 | C19: 6.3444157e+08 | D19: =+B19/$B$8 -> 0.028186898 | F19: Egipto | G19: =+SUMIF(A19:A164,F19,D19:D164) -> 0.028186898
A20: Gabón | B20: 1175858.9 | C20: 511433.73 | D20: =+B20/$B$8 -> 7.7136628e-05 | F20: Gabón | G20: =+SUMIF(A20:A165,F20,D20:D165) -> 7.7136628e-05
A21: Gambia | B21: 143095.16 | C21: 314021 | D21: =+B21/$B$8 -> 9.3870773e-06 | F21: Gambia | G21: =+SUMIF(A21:A166,F21,D21:D166) -> 9.3870773e-06
A22: Ghana | B22: 6988224.2 | C22: 15781799 | D22: =+B22/$B$8 -> 0.00045842921 | F22: Ghana | G22: =+SUMIF(A22:A167,F22,D22:D167) -> 0.00045842921
... A47: Territorios vinculados a Francia | B47: 9110759.7 | C47: 31196200 | D47: =+B47/$B$8 -> 0.00059766805 | F47: Territorios vinculados a Francia | G47: =+SUMIF(A47:A192,F47,D47:D192) -> 0.00060291347
A48: Angola | B48: 10673355 | C48: 10111253 | D48: =+B48/$B$8 -> 0.00070017468 | F48: Angola
A49: Cabo Verde | B49: 751304.93 | C49: 3107391.9 | D49: =+B49/$B$8 -> 4.9285786e-05 | F49: Cabo Verde | G49: =+SUMIF(A49:A194,F49,D49:D194) -> 4.9285786e-05
A50: Mozambique | B50: 20876855 | C50: 37665074 | D50: =+B50/$B$8 -> 0.0013695268 | F50: Mozambique | G50: =+SUMIF(A50:A195,F50,D50:D195) -> 0.0013695268
A51: Djibouti | B51: 115083.53 | C51: 237727.8 | D51: =+B51/$B$8 -> 7.5495075e-06 | F51: Djibouti | G51: =+SUMIF(A51:A196,F51,D51:D196) -> 7.5495075e-06
A52: Comoras | B52: 20390.16 | C52: 26323.2 | D52: =+B52/$B$8 -> 1.3375995e-06 | F52: Comoras | G52: =+SUMIF(A52:A197,F52,D52:D197) -> 1.3375995e-06
A53: Namibia | B53: 1016195.3 | C53: 2890298 | D53: =+B53/$B$8 -> 6.6662656e-05 | F53: Namibia | G53: =+SUMIF(A53:A198,F53,D53:D198) -> 6.6662656e-05
A54: Sudáfrica | B54: 2.8148747e+08 | C54: 7.4032166e+08 | D54: =+B54/$B$8 -> 0.018465646 | F54: Sudáfrica | G54: =+SUMIF(A54:A199,F54,D54:D199) -> 0.018465646
A55: Etiopía | B55: 500.4 | C55: 24 | D55: =+B55/$B$8 -> 3.2826362e-08 | F55: Etiopía | G55: =+SUMIF(A55:A200,F55,D55:D200) -> 3.2826362e-08
D56: =+B56/$B$8 -> #VALUE! | G56: =+SUMIF(A56:A201,F56,D56:D201) -> #VALUE!
A57: AMERICA | B57: 4.2434348e+09 | C57: 4.5041571e+09 | D57: =+B57/$B$8 -> 0.27837035 | F57: AMERICA | G57: =+SUMIF(A57:A202,F57,D57:D202) -> 0.27837035
A58: Barbados | B58: 1042055.8 | C58: 272941.72 | D58: =+B58/$B$8 -> 6.8359111e-05 | F58: Barbados | G58: =+SUMIF(A58:A203,F58,D58:D203) -> 6.8359111e-05
A59: Bolivia | B59: 79743381 | C59: 78727123 | D59: =+B59/$B$8 -> 0.0052311852 | F59: Bolivia | G59: =+SUMIF(A59:A204,F59,D59:D204) -> 0.0052311852
A60: Brasil | B60: 1.5289603e+09 | C60: 1.3568249e+09 | D60: =+B60/$B$8 -> 0.10030017 | F60: Brasil | G60: =+SUMIF(A60:A205,F60,D60:D205) -> 0.10030017
A61: Canadá | B61: 16671456 | C61: 3592704.7 | D61: =+B61/$B$8 -> 0.0010936516 | F61: Canadá | G61: =+SUMIF(A61:A206,F61,D61:D206) -> 0.0010936516
A62: Colombia | B62: 1.7563887e+08 | C62: 4.071029e+08 | D62: =+B62/$B$8 -> 0.011521952 | F62: Colombia | G62: =+SUMIF(A62:A207,F62,D62:D207) -> 0.011521952
A63: Costa Rica | B63: 4226630.5 | C63: 569541.34 | D63: =+B63/$B$8 -> 0.00027726799 | F63: Costa Rica | G63: =+SUMIF(A63:A208,F63,D63:D208) -> 0.00027726799
A64: Cuba | B64: 7002903.5 | C64: 1599292.4 | D64: =+B64/$B$8 -> 0.00045939217 | F64: Cuba | G64: =+SUMIF(A64:A209,F64,D64:D209) -> 0.00045939217
A65: Chile | B65: 3.9291228e+08 | C65: 7.0586243e+08 | D65: =+B65/$B$8 -> 0.025775141 | F65: Chile | G65: =+SUMIF(A65:A210,F65,D65:D210) -> 0.025775141
A66: República Dominicana | B66: 87572628 | C66: 65184785 | D66: =+B66/$B$8 -> 0.0057447857 | F66: República Dominicana | G66: =+SUMIF(A66:A211,F66,D66:D211) -> 0.0057447857
A67: Ecuador | B67: 1.7436945e+08 | C67: 3.0626112e+08 | D67: =+B67/$B$8 -> 0.011438678 | F67: Ecuador | G67: =+SUMIF(A67:A212,F67,D67:D212) -> 0.011438678
A68: El Salvador | B68: 2033655.2 | C68: 506396.44 | D68: =+B68/$B$8 -> 0.00013340828 | F68: El Salvador | G68: =+SUMIF(A68:A213,F68,D68:D213) -> 0.00013340828
... A99: Florida (Uruguay) | B99: 2951 | C99: 496 | D99: =+B99/$B$8 -> 1.9358632e-07 | F99: ASIA | G99: =+SUMIF(A99:A244,F99,D99:D244) -> 0.30260804
D100: =+B100/$B$8 -> #VALUE! | F100: Afganistán | G100: =+SUMIF(A100:A245,F100,D100:D245) -> 1.6390826e-05
A101: ASIA | B101: 4.6129103e+09 | C101: 9.2492533e+09 | D101: =+B101/$B$8 -> 0.30260804 | F101: Arabia Saudita | G101: =+SUMIF(A101:A246,F101,D101:D246) -> 0.0036312128
A102: Afganistán | B102: 249859.22 | C102: 96070.66 | D102: =+B102/$B$8 -> 1.6390826e-05 | F102: Bahrein | G102: =+SUMIF(A102:A247,F102,D102:D247) -> 3.4671935e-05
A103: Arabia Saudita | B103: 55353648 | C103: 1.8117125e+08 | D103: =+B103/$B$8 -> 0.0036312128 | F103: Myanmar (ex Birmania) Unión de | G103: =+SUMIF(A103:A248,F103,D103:D248) -> 1.5721754e-07
A104: Bahrein | B104: 528533.63 | C104: 1509309.2 | D104: =+B104/$B$8 -> 3.4671935e-05 | F104: Camboya (ex Kampuchea) | G104: =+SUMIF(A104:A249,F104,D104:D249) -> 0.00011705093
A105: Myanmar (ex Birmania) Unión de | B105: 2396.6 | C105: 47.23 | D105: =+B105/$B$8 -> 1.5721754e-07 | F105: Sri Lanka | G105: =+SUMIF(A105:A250,F105,D105:D250) -> 0.00010510081
A106: Camboya (ex Kampuchea) | B106: 1784306.4 | C106: 93636.55 | D106: =+B106/$B$8 -> 0.00011705093 | F106: Corea Republicana | G106: =+SUMIF(A106:A251,F106,D106:D251) -> 0.015808062
A107: Sri Lanka | B107: 1602140.6 | C107: 3839824 | D107: =+B107/$B$8 -> 0.00010510081 | F107: China | G107: =+SUMIF(A107:A252,F107,D107:D252) -> 0.13385565
A108: Corea Republicana | B108: 2.4097565e+08 | C108: 5.5819648e+08 | D108: =+B108/$B$8 -> 0.015808062 | F108: Filipinas | G108: =+SUMIF(A108:A253,F108,D108:D253) -> 0.014922782
A109: China | B109: 2.0404749e+09 | C109: 3.3555598e+09 | D109: =+B109/$B$8 -> 0.13385565 | F109: Taiwan | G109: =+SUMIF(A109:A254,F109,D109:D254) -> 0.00089691287
A110: Filipinas | B110: 2.2748059e+08 | C110: 7.4909638e+08 | D110: =+B110/$B$8 -> 0.014922782 | F110: India | G110: =+SUMIF(A110:A255,F110,D110:D255) -> 0.034421497
A111: Taiwan | B111: 13672402 | C111: 6356051.7 | D111: =+B111/$B$8 -> 0.00089691287 | F111: Indonesia | G111: =+SUMIF(A111:A256,F111,D111:D256) -> 0.011977414
A112: India | B112: 5.24716e+08 | C112: 5.6268871e+08 | D112: =+B112/$B$8 -> 0.034421497 | F112: Iraq | G112: =+SUMIF(A112:A257,F112,D112:D257) -> 0.00011788728
... A137: Territorios Autónomos Palestinos (Gaza y Jericó) | B137: 511811.27 | C137: 171278.55 | D137: =+B137/$B$8 -> 3.3574944e-05 | F137: Albania | G137: =+SUMIF(A137:A282,F137,D137:D282) -> 5.7564312e-05
D138: =+B138/$B$8 -> #VALUE! | F138: Austria | G138: =+SUMIF(A138:A283,F138,D138:D283) -> 8.9891856e-05
A139: EUROPA | B139: 4.601949e+09 | C139: 1.2578483e+10 | D139: =+B139/$B$8 -> 0.30188897 | F139: Bélgica | G139: =+SUMIF(A139:A284,F139,D139:D284) -> 0.011642725
A140: Albania | B140: 877501.5 | C140: 496590.97 | D140: =+B140/$B$8 -> 5.7564312e-05 | F140: Bulgaria | G140: =+SUMIF(A140:A285,F140,D140:D285) -> 1.3433697e-05
A141: Austria | B141: 1370297.6 | C141: 46811.05 | D141: =+B141/$B$8 -> 8.9891856e-05 | F141: Dinamarca | G141: =+SUMIF(A141:A286,F141,D141:D286) -> 0.01691742
A142: Bélgica | B142: 1.7747991e+08 | C142: 5.3282811e+08 | D142: =+B142/$B$8 -> 0.011642725 | F142: España | G142: =+SUMIF(A142:A287,F142,D142:D287) -> 0.063408524
A143: Bulgaria | B143: 204781.21 | C143: 209881.7 | D143: =+B143/$B$8 -> 1.3433697e-05 | F143: Finlandia | G143: =+SUMIF(A143:A288,F143,D143:D288) -> 6.9645816e-05
A144: Dinamarca | B144: 2.5788654e+08 | C144: 8.4467997e+08 | D144: =+B144/$B$8 -> 0.01691742 | F144: Francia | G144: =+SUMIF(A144:A289,F144,D144:D289) -> 0.015515317
A145: España | B145: 9.6658977e+08 | C145: 3.1663974e+09 | D145: =+B145/$B$8 -> 0.063408524 | F145: Grecia | G145: =+SUMIF(A145:A290,F145,D145:D290) -> 0.001578072
A146: Finlandia | B146: 1061670.1 | C146: 80272.91 | D146: =+B146/$B$8 -> 6.9645816e-05 | F146: Hungría | G146: =+SUMIF(A146:A291,F146,D146:D291) -> 9.7423735e-06
A147: Francia | B147: 2.3651311e+08 | C147: 3.5183402e+08 | D147: =+B147/$B$8 -> 0.015515317 | F147: Irlanda | G147: =+SUMIF(A147:A292,F147,D147:D292) -> 0.0047576214
A148: Grecia | B148: 24055886 | C148: 77655698 | D148: =+B148/$B$8 -> 0.001578072 | F148: Italia | G148: =+SUMIF(A148:A293,F148,D148:D293) -> 0.043507924
A149: Hungría | B149: 148511.24 | C149: 28530.48 | D149: =+B149/$B$8 -> 9.7423735e-06 | F149: Luxemburgo | G149: =+SUMIF(A149:A294,F149,D149:D294) -> 3.5488696e-05
A150: Irlanda | B150: 72524448 | C150: 2.7651464e+08 | D150: =+B150/$B$8 -> 0.0047576214 | F150: Malta | G150: =+SUMIF(A150:A295,F150,D150:D295) -> 5.076384e-05
A151: Italia | B151: 6.6322809e+08 | C151: 1.8522602e+09 | D151: =+B151/$B$8 -> 0.043507924 | F151: Noruega | G151: =+SUMIF(A151:A296,F151,D151:D296) -> 0.0011949233
A152: Luxemburgo | B152: 540984.22 | C152: 27977.48 | D152: =+B152/$B$8 -> 3.5488696e-05 | F152: Países Bajos
A153: Malta | B153: 773836.15 | C153: 2225013.2 | D153: =+B153/$B$8 -> 5.076384e-05
A154: Noruega | B154: 18215227 | C154: 13902723 | D154: =+B154/$B$8 -> 0.0011949233
A155: Países Bajos | B155: 9.0330228e+08 | C155: 2.5353999e+09 | D155: =+B155/$B$8 -> 0.059256849
A156: Polonia | B156: 3.1323327e+08 | C156: 1.0177261e+09
A157: Portugal | B157: 89699880 | C157: 2.8530756e+08
A158: Reino Unido | B158: 2.8185204e+08 | C158: 7.8986286e+08
A159: Rumania | B159: 20103940 | C159: 53251292
A160: Suecia | B160: 5813587.1 | C160: 599878.4
A161: Suiza | B161: 2908755.6 | C161: 633912.36
A162: Chipre | B162: 17104670 | C162: 55701017
A163: Turquía | B163: 1.8861859e+08 | C163: 3.6200479e+08
A164: República Federal de Alemania | B164: 2.2025736e+08 | C164: 2.4950188e+08
A165: Estonia | B165: 548590.97 | C165: 29605.52
A166: Letonia | B166: 8670242.6 | C166: 32645596
A167: Lituania | B167: 2919244.3 | C167: 433480.66
... A182: Territorios vinculados a Francia | B182: 85875 | C182: 41400
A184: Fuente: INDEC-IPEC

Sheet 2007
A1: Evolución de las exportaciones con origen en la provincia de Santa Fe, según destino. Enero - diciembre de 2007
B4: A Ñ O 2 0 0 7
A5: PAIS DE DESTINO | B5: VALOR F.O.B. | C5: PESO NETO
B6: (en Dólares) | C6: (en Kilos)
A8: TOTAL | B8: 1.2567216e+10 | C8: 3.3765493e+10
A10: AFRICA | B10: 1.1943939e+09 | C10: 3.4711858e+09 | D10: =+B10/$B$8 -> 0.095040452 | F10: {=+_xlfn.UNIQUE(A10:A155)} -> AFRICA | G10: =+SUMIF(A10:A155,F10,D10:D155) -> 0.095040452
A11: Burkina Faso | B11: 263150 | C11: 66480 | D11: =+B11/$B$8 -> 2.0939403e-05 | F11: Burkina Faso | G11: =+SUMIF(A11:A156,F11,D11:D156) -> 2.0939403e-05
A12: Argelia | B12: 2.9798788e+08 | C12: 7.9389953e+08 | D12: =+B12/$B$8 -> 0.023711527 | F12: Argelia | G12: =+SUMIF(A12:A157,F12,D12:D157) -> 0.023711527
A13: Camerún | B13: 1371168.3 | C13: 538908.15 | D13: =+B13/$B$8 -> 0.00010910677 | F13: Camerún | G13: =+SUMIF(A13:A158,F13,D13:D158) -> 0.00010910677
A14: República Centroafricana | B14: 28531 | C14: 11080 | D14: =+B14/$B$8 -> 2.2702721e-06 | F14: República Centroafricana | G14: =+SUMIF(A14:A159,F14,D14:D159) -> 2.2702721e-06
A15: Congo | B15: 7794047.3 | C15: 15502221 | D15: =+B15/$B$8 -> 0.00062018885 | F15: Congo | G15: =+SUMIF(A15:A160,F15,D15:D160) -> 0.00062018885
A16: Rep. Democrática del Congo (ex Zaire) | B16: 3140333.7 | C16: 13365754 | D16: =+B16/$B$8 -> 0.000249883 | F16: Rep. Democrática del Congo (ex Zaire) | G16: =+SUMIF(A16:A161,F16,D16:D161) -> 0.000249883
A17: Costa de Marfil | B17: 2954248.4 | C17: 4009940.5 | D17: =+B17/$B$8 -> 0.0002350758 | F17: Costa de Marfil | G17: =+SUMIF(A17:A162,F17,D17:D162) -> 0.0002350758
A18: Chad | B18: 248521.02 | C18: 95056.55 | D18: =+B18/$B$8 -> 1.9775344e-05 | F18: Chad | G18: =+SUMIF(A18:A163,F18,D18:D163) -> 1.9775344e-05
A19: Benin | B19: 218812.6 | C19: 104184.98 | D19: =+B19/$B$8 -> 1.7411382e-05 | F19: Benin | G19: =+SUMIF(A19:A164,F19,D19:D164) -> 1.7411382e-05
A20: Egipto | B20: 1.5961846e+08 | C20: 4.7977489e+08 | D20: =+B20/$B$8 -> 0.012701179 | F20: Egipto | G20: =+SUMIF(A20:A165,F20,D20:D165) -> 0.012701179
A21: Gabón | B21: 945285.37 | C21: 555428.81 | D21: =+B21/$B$8 -> 7.5218359e-05 | F21: Gabón | G21: =+SUMIF(A21:A166,F21,D21:D166) -> 7.5218359e-05
A22: Gambia | B22: 463398.67 | C22: 1008037.3 | D22: =+B22/$B$8 -> 3.6873613e-05 | F22: Gambia | G22: =+SUMIF(A22:A167,F22,D22:D167) -> 3.6873613e-05
... A47: Angola | B47: 7019995.8 | C47: 12012007 | D47: =+B47/$B$8 -> 0.00055859593 | F47: Angola | G47: =+SUMIF(A47:A192,F47,D47:D192) -> 0.00055859593
A48: Cabo Verde | B48: 121189.12 | C48: 994397.11 | D48: =+B48/$B$8 -> 9.6432749e-06 | F48: Cabo Verde
A49: Mozambique | B49: 16477515 | C49: 41643976 | D49: =+B49/$B$8 -> 0.0013111508 | F49: Mozambique | G49: =+SUMIF(A49:A194,F49,D49:D194) -> 0.0013111508
A50: Djibouti | B50: 2480.61 | C50: 5933.9 | D50: =+B50/$B$8 -> 1.9738739e-07 | F50: Djibouti | G50: =+SUMIF(A50:A195,F50,D50:D195) -> 1.9738739e-07
A51: Comoras | B51: 14694.68 | C51: 9354.61 | D51: =+B51/$B$8 -> 1.1692868e-06 | F51: Comoras | G51: =+SUMIF(A51:A196,F51,D51:D196) -> 1.1692868e-06
A52: Guinea Bissau | B52: 154990.59 | C52: 57128.48 | D52: =+B52/$B$8 -> 1.2332929e-05 | F52: Guinea Bissau | G52: =+SUMIF(A52:A197,F52,D52:D197) -> 1.2332929e-05
A53: Namibia | B53: 186986.26 | C53: 46162.37 | D53: =+B53/$B$8 -> 1.4878893e-05 | F53: Namibia | G53: =+SUMIF(A53:A198,F53,D53:D198) -> 1.4878893e-05
A54: Sudáfrica | B54: 3.091289e+08 | C54: 1.0623336e+09 | D54: =+B54/$B$8 -> 0.024598041 | F54: Sudáfrica | G54: =+SUMIF(A54:A199,F54,D54:D199) -> 0.024598041
D55: =+B55/$B$8 -> #VALUE! | G55: =+SUMIF(A55:A200,F55,D55:D200) -> #VALUE!
A56: AMERICA | B56: 3.4475039e+09 | C56: 4.8778707e+09 | D56: =+B56/$B$8 -> 0.27432519 | F56: AMERICA | G56: =+SUMIF(A56:A201,F56,D56:D201) -> 0.27432519
A57: Barbados | B57: 388040.63 | C57: 136336.69 | D57: =+B57/$B$8 -> 3.0877215e-05 | F57: Barbados | G57: =+SUMIF(A57:A202,F57,D57:D202) -> 3.0877215e-05
A58: Bolivia | B58: 54484725 | C58: 79267213 | D58: =+B58/$B$8 -> 0.0043354649 | F58: Bolivia | G58: =+SUMIF(A58:A203,F58,D58:D203) -> 0.0043354649
A59: Brasil | B59: 1.3982147e+09 | C59: 1.5698715e+09 | D59: =+B59/$B$8 -> 0.11125891 | F59: Brasil | G59: =+SUMIF(A59:A204,F59,D59:D204) -> 0.11125891
A60: Canadá | B60: 12723242 | C60: 2066569.6 | D60: =+B60/$B$8 -> 0.0010124153 | F60: Canadá | G60: =+SUMIF(A60:A205,F60,D60:D205) -> 0.0010124153
A61: Colombia | B61: 1.3521402e+08 | C61: 4.2864797e+08 | D61: =+B61/$B$8 -> 0.010759266 | F61: Colombia | G61: =+SUMIF(A61:A206,F61,D61:D206) -> 0.010759266
A62: Costa Rica | B62: 2590150.7 | C62: 552945.67 | D62: =+B62/$B$8 -> 0.00020610378 | F62: Costa Rica | G62: =+SUMIF(A62:A207,F62,D62:D207) -> 0.00020610378
A63: Cuba | B63: 10972675 | C63: 20398660 | D63: =+B63/$B$8 -> 0.000873119 | F63: Cuba | G63: =+SUMIF(A63:A208,F63,D63:D208) -> 0.000873119
A64: Chile | B64: 3.5531727e+08 | C64: 7.6637077e+08 | D64: =+B64/$B$8 -> 0.028273348 | F64: Chile | G64: =+SUMIF(A64:A209,F64,D64:D209) -> 0.028273348
A65: República Dominicana | B65: 99330626 | C65: 1.1980191e+08 | D65: =+B65/$B$8 -> 0.0079039483 | F65: República Dominicana | G65: =+SUMIF(A65:A210,F65,D65:D210) -> 0.0079039483
A66: Ecuador | B66: 1.1179047e+08 | C66: 3.210623e+08 | D66: =+B66/$B$8 -> 0.008895404 | F66: Ecuador | G66: =+SUMIF(A66:A211,F66,D66:D211) -> 0.008895404
A67: El Salvador | B67: 5856631.7 | C67: 5158211.2 | D67: =+B67/$B$8 -> 0.00046602458 | F67: El Salvador | G67: =+SUMIF(A67:A212,F67,D67:D212) -> 0.00046602458
... A100: Río Negro (Uruguay) | B100: 59850 | C100: 27750 | D100: =+B100/$B$8 -> 4.7623912e-06 | F100: ASIA | G100: =+SUMIF(A100:A245,F100,D100:D245) -> 0.353014
D101: =+B101/$B$8 -> #VALUE! | F101: Afganistán | G101: =+SUMIF(A101:A246,F101,D101:D246) -> 4.9611067e-06
A102: ASIA | B102: 4.4364032e+09 | C102: 1.151793e+10 | D102: =+B102/$B$8 -> 0.353014 | F102: Arabia Saudita | G102: =+SUMIF(A102:A247,F102,D102:D247) -> 0.004511658
A103: Afganistán | B103: 62347.3 | C103: 23974.66 | D103: =+B103/$B$8 -> 4.9611067e-06 | F103: Bahrein | G103: =+SUMIF(A103:A248,F103,D103:D248) -> 5.0093107e-06
A104: Arabia Saudita | B104: 56698982 | C104: 2.835052e+08 | D104: =+B104/$B$8 -> 0.004511658 | F104: Myanmar (ex Birmania) Unión de | G104: =+SUMIF(A104:A249,F104,D104:D249) -> 3.4451799e-06
A105: Bahrein | B105: 62953.09 | C105: 49718.01 | D105: =+B105/$B$8 -> 5.0093107e-06 | F105: Camboya (ex Kampuchea) | G105: =+SUMIF(A105:A250,F105,D105:D250) -> 0.00010242376
A106: Myanmar (ex Birmania) Unión de | B106: 43296.32 | C106: 5647.33 | D106: =+B106/$B$8 -> 3.4451799e-06 | F106: Sri Lanka | G106: =+SUMIF(A106:A251,F106,D106:D251) -> 7.4216985e-05
A107: Camboya (ex Kampuchea) | B107: 1287181.5 | C107: 65764 | D107: =+B107/$B$8 -> 0.00010242376 | F107: Corea Republicana | G107: =+SUMIF(A107:A252,F107,D107:D252) -> 0.018586915
A108: Sri Lanka | B108: 932700.89 | C108: 610394 | D108: =+B108/$B$8 -> 7.4216985e-05 | F108: China | G108: =+SUMIF(A108:A253,F108,D108:D253) -> 0.15034092
A109: Corea Republicana | B109: 2.3358578e+08 | C109: 6.7935509e+08 | D109: =+B109/$B$8 -> 0.018586915 | F109: Filipinas | G109: =+SUMIF(A109:A254,F109,D109:D254) -> 0.016436092
A110: China | B110: 1.8893668e+09 | C110: 3.8691745e+09 | D110: =+B110/$B$8 -> 0.15034092 | F110: Taiwan | G110: =+SUMIF(A110:A255,F110,D110:D255) -> 0.0012694131
A111: Filipinas | B111: 2.0655592e+08 | C111: 9.4352126e+08 | D111: =+B111/$B$8 -> 0.016436092 | F111: India | G111: =+SUMIF(A111:A256,F111,D111:D256) -> 0.042922877
A112: Taiwan | B112: 15952989 | C112: 19337938 | D112: =+B112/$B$8 -> 0.0012694131 | F112: Indonesia | G112: =+SUMIF(A112:A257,F112,D112:D257) -> 0.016042913
A113: India | B113: 5.3942107e+08 | C113: 7.9991968e+08 | D113: =+B113/$B$8 -> 0.042922877 | F113: Iraq | G113: =+SUMIF(A113:A258,F113,D113:D258) -> 9.1980885e-05
... A140: Territorios Autónomos Palestinos (Gaza y Jericó) | B140: 27781.13 | C140: 17014.87 | D140: =+B140/$B$8 -> 2.2106033e-06 | F140: Albania | G140: =+SUMIF(A140:A285,F140,D140:D285) -> 1.5771832e-05
D141: =+B141/$B$8 -> #VALUE! | F141: Austria | G141: =+SUMIF(A141:A286,F141,D141:D286) -> 0.00010948637
A142: EUROPA | B142: 3.4038462e+09 | C142: 1.3652755e+10 | D142: =+B142/$B$8 -> 0.27085125 | F142: Bélgica | G142: =+SUMIF(A142:A287,F142,D142:D287) -> 0.0096236386
A143: Albania | B143: 198208.02 | C143: 86567.79 | D143: =+B143/$B$8 -> 1.5771832e-05 | F143: Bulgaria | G143: =+SUMIF(A143:A288,F143,D143:D288) -> 1.5119665e-05
A144: Austria | B144: 1375938.9 | C144: 73481.03 | D144: =+B144/$B$8 -> 0.00010948637 | F144: Dinamarca | G144: =+SUMIF(A144:A289,F144,D144:D289) -> 0.019766849
A145: Bélgica | B145: 1.2094235e+08 | C145: 5.2131539e+08 | D145: =+B145/$B$8 -> 0.0096236386 | F145: España | G145: =+SUMIF(A145:A290,F145,D145:D290) -> 0.062338052
A146: Bulgaria | B146: 190012.1 | C146: 230609.51 | D146: =+B146/$B$8 -> 1.5119665e-05 | F146: Finlandia | G146: =+SUMIF(A146:A291,F146,D146:D291) -> 0.00022852319
A147: Dinamarca | B147: 2.4841427e+08 | C147: 1.1416259e+09 | D147: =+B147/$B$8 -> 0.019766849 | F147: Francia | G147: =+SUMIF(A147:A292,F147,D147:D292) -> 0.014020747
A148: España | B148: 7.8341577e+08 | C148: 3.5701447e+09 | D148: =+B148/$B$8 -> 0.062338052 | F148: Grecia | G148: =+SUMIF(A148:A293,F148,D148:D293) -> 0.0038515164
A149: Finlandia | B149: 2871900.4 | C149: 202326.18 | D149: =+B149/$B$8 -> 0.00022852319 | F149: Hungría | G149: =+SUMIF(A149:A294,F149,D149:D294) -> 1.3136354e-05
A150: Francia | B150: 1.7620176e+08 | C150: 5.583128e+08 | D150: =+B150/$B$8 -> 0.014020747 | F150: Irlanda | G150: =+SUMIF(A150:A295,F150,D150:D295) -> 0.0050631022
A151: Grecia | B151: 48402838 | C151: 2.0938536e+08 | D151: =+B151/$B$8 -> 0.0038515164 | F151: Italia | G151: =+SUMIF(A151:A296,F151,D151:D296) -> 0.035911252
A152: Hungría | B152: 165087.4 | C152: 68407.99 | D152: =+B152/$B$8 -> 1.3136354e-05 | F152: Luxemburgo
A153: Irlanda | B153: 63629100 | C153: 3.0143197e+08 | D153: =+B153/$B$8 -> 0.0050631022
A154: Italia | B154: 4.5130446e+08 | C154: 1.8027533e+09 | D154: =+B154/$B$8 -> 0.035911252
A155: Luxemburgo | B155: 431815.29 | C155: 30415.45 | D155: =+B155/$B$8 -> 3.4360457e-05
A156: Malta | B156: 200794.34 | C156: 66470.71
A157: Noruega | B157: 1116715.3 | C157: 2273634.4
A158: Países Bajos | B158: 5.3749277e+08 | C158: 2.3515263e+09
A159: Polonia | B159: 2.887067e+08 | C159: 1.2665907e+09
A160: Portugal | B160: 43036024 | C160: 1.7284568e+08
A161: Reino Unido | B161: 2.1947614e+08 | C161: 8.3694454e+08
A162: Rumania | B162: 28036774 | C162: 1.0998453e+08
A163: Suecia | B163: 5979559.9 | C163: 490317.37
A164: Suiza | B164: 408714.78 | C164: 89052.33
A165: Territorios vinculados al Reino Unido | B165: 2710 | C165: 200
A166: Chipre | B166: 15471685 | C166: 75934965
A167: Turquía | B167: 73437246 | C167: 2.7387384e+08
... A187: Islas Marshall | B187: 387214.2 | C187: 2059650
A189: Fuente: INDEC-IPEC

Sheet 2006
A1: Evolución de las exportaciones con origen en la provincia de Santa Fe, según destino. Enero - diciembre de 2006
B4: A Ñ O 2 0 0 6
A5: PAIS DE DESTINO | B5: VALOR F.O.B. | C5: PESO NETO
B6: (en Dólares) | C6: (en Kilos)
A8: TOTAL | B8: 8.9309271e+09 | C8: 2.9688615e+10
A10: AFRICA | B10: 1.0280945e+09 | C10: 3.3385771e+09 | D10: =+B10/$B$8 -> 0.11511622 | F10: {=+_xlfn.UNIQUE(A10:A155)} -> AFRICA | G10: =+SUMIF(A10:A155,F10,D10:D155) -> 0.11511622
A11: Burkina Faso | B11: 781750 | C11: 375000 | D11: =+B11/$B$8 -> 8.7532906e-05 | F11: Burkina Faso | G11: =+SUMIF(A11:A156,F11,D11:D156) -> 8.7532906e-05
A12: Argelia | B12: 2.5631818e+08 | C12: 7.3087251e+08 | D12: =+B12/$B$8 -> 0.028700065 | F12: Argelia | G12: =+SUMIF(A12:A157,F12,D12:D157) -> 0.028700065
A13: Camerún | B13: 3603185.5 | C13: 2621768 | D13: =+B13/$B$8 -> 0.00040345033 | F13: Camerún | G13: =+SUMIF(A13:A158,F13,D13:D158) -> 0.00040345033
A14: Congo | B14: 10695644 | C14: 12358417 | D14: =+B14/$B$8 -> 0.0011975961 | F14: Congo | G14: =+SUMIF(A14:A159,F14,D14:D159) -> 0.0011975961
A15: Rep. Democrática del Congo | B15: 6544697.1 | C15: 30042553 | D15: =+B15/$B$8 -> 0.00073281273 | F15: Rep. Democrática del Congo | G15: =+SUMIF(A15:A160,F15,D15:D160) -> 0.00073281273
A16: Costa de Marfil | B16: 3244669.1 | C16: 2149733.5 | D16: =+B16/$B$8 -> 0.00036330708 | F16: Costa de Marfil | G16: =+SUMIF(A16:A161,F16,D16:D161) -> 0.00036330708
A17: Chad | B17: 206625 | C17: 100000 | D17: =+B17/$B$8 -> 2.3135896e-05 | F17: Chad | G17: =+SUMIF(A17:A162,F17,D17:D162) -> 2.3135896e-05
A18: Benin | B18: 981510.74 | C18: 523455.37 | D18: =+B18/$B$8 -> 0.00010990021 | F18: Benin | G18: =+SUMIF(A18:A163,F18,D18:D163) -> 0.00010990021
A19: Egipto | B19: 1.4224834e+08 | C19: 4.4794069e+08 | D19: =+B19/$B$8 -> 0.015927612 | F19: Egipto | G19: =+SUMIF(A19:A164,F19,D19:D164) -> 0.015927612
A20: Gabón | B20: 917037.53 | C20: 566822.37 | D20: =+B20/$B$8 -> 0.00010268111 | F20: Gabón | G20: =+SUMIF(A20:A165,F20,D20:D165) -> 0.00010268111
A21: Gambia | B21: 156811.65 | C21: 567071.46 | D21: =+B21/$B$8 -> 1.7558272e-05 | F21: Gambia | G21: =+SUMIF(A21:A166,F21,D21:D166) -> 1.7558272e-05
A22: Ghana | B22: 1908348.3 | C22: 1315717.4 | D22: =+B22/$B$8 -> 0.00021367863 | F22: Ghana | G22: =+SUMIF(A22:A167,F22,D22:D167) -> 0.00021367863
... A47: Cabo Verde | B47: 296021.26 | C47: 2247129.3 | D47: =+B47/$B$8 -> 3.3145636e-05 | F47: Cabo Verde | G47: =+SUMIF(A47:A192,F47,D47:D192) -> 3.3145636e-05
A48: Mozambique | B48: 11060399 | C48: 42822232 | D48: =+B48/$B$8 -> 0.001238438 | F48: Mozambique
A49: Comoras | B49: 10255.44 | C49: 4152 | D49: =+B49/$B$8 -> 1.1483063e-06 | F49: Comoras | G49: =+SUMIF(A49:A194,F49,D49:D194) -> 1.1483063e-06
A50: Guinea Bissau | B50: 102500 | C50: 50000 | D50: =+B50/$B$8 -> 1.1476972e-05 | F50: Guinea Bissau | G50: =+SUMIF(A50:A195,F50,D50:D195) -> 1.1476972e-05
A51: Sudáfrica | B51: 2.4361671e+08 | C51: 1.0545283e+09 | D51: =+B51/$B$8 -> 0.027277874 | F51: Sudáfrica | G51: =+SUMIF(A51:A196,F51,D51:D196) -> 0.027277874
A52: Eritrea | B52: 14975.74 | C52: 36096 | D52: =+B52/$B$8 -> 1.6768405e-06 | F52: Eritrea | G52: =+SUMIF(A52:A197,F52,D52:D197) -> 1.6768405e-06
D53: =+B53/$B$8 -> #VALUE! | G53: =+SUMIF(A53:A198,F53,D53:D198) -> #VALUE!
A54: AMERICA | B54: 2.4866239e+09 | C54: 4.7673822e+09 | D54: =+B54/$B$8 -> 0.27842842 | F54: AMERICA | G54: =+SUMIF(A54:A199,F54,D54:D199) -> 0.27842842
A55: Barbados | B55: 334900.7 | C55: 124160.82 | D55: =+B55/$B$8 -> 3.7498985e-05 | F55: Barbados | G55: =+SUMIF(A55:A200,F55,D55:D200) -> 3.7498985e-05
A56: Bolivia | B56: 50819998 | C56: 1.0427278e+08 | D56: =+B56/$B$8 -> 0.0056903385 | F56: Bolivia | G56: =+SUMIF(A56:A201,F56,D56:D201) -> 0.0056903385
A57: Brasil | B57: 7.9644496e+08 | C57: 1.581716e+09 | D57: =+B57/$B$8 -> 0.089178307 | F57: Brasil | G57: =+SUMIF(A57:A202,F57,D57:D202) -> 0.089178307
A58: Canadá | B58: 14626078 | C58: 2324926 | D58: =+B58/$B$8 -> 0.0016376887 | F58: Canadá | G58: =+SUMIF(A58:A203,F58,D58:D203) -> 0.0016376887
A59: Colombia | B59: 99266874 | C59: 3.9203017e+08 | D59: =+B59/$B$8 -> 0.011114957 | F59: Colombia | G59: =+SUMIF(A59:A204,F59,D59:D204) -> 0.011114957
A60: Costa Rica | B60: 4601394.1 | C60: 1799580.9 | D60: =+B60/$B$8 -> 0.00051522021 | F60: Costa Rica | G60: =+SUMIF(A60:A205,F60,D60:D205) -> 0.00051522021
A61: Cuba | B61: 18237606 | C61: 29127265 | D61: =+B61/$B$8 -> 0.0020420731 | F61: Cuba | G61: =+SUMIF(A61:A206,F61,D61:D206) -> 0.0020420731
A62: Chile | B62: 3.1848331e+08 | C62: 7.132745e+08 | D62: =+B62/$B$8 -> 0.035660722 | F62: Chile | G62: =+SUMIF(A62:A207,F62,D62:D207) -> 0.035660722
A63: República Dominicana | B63: 56546305 | C63: 1.1074185e+08 | D63: =+B63/$B$8 -> 0.0063315157 | F63: República Dominicana | G63: =+SUMIF(A63:A208,F63,D63:D208) -> 0.0063315157
A64: Ecuador | B64: 89612562 | C64: 3.5653094e+08 | D64: =+B64/$B$8 -> 0.01003396 | F64: Ecuador | G64: =+SUMIF(A64:A209,F64,D64:D209) -> 0.01003396
A65: El Salvador | B65: 2239819.5 | C65: 1894610.9 | D65: =+B65/$B$8 -> 0.00025079362 | F65: El Salvador | G65: =+SUMIF(A65:A210,F65,D65:D210) -> 0.00025079362
... A93: Zonamérica (ex Montevideo) | B93: 11971.89 | C93: 1450.15 | D93: =+B93/$B$8 -> 1.340498e-06 | F93: Zonamérica (ex Montevideo) | G93: =+SUMIF(A93:A238,F93,D93:D238) -> 1.340498e-06
D94: =+B94/$B$8 -> #VALUE! | F94: ASIA | G94: =+SUMIF(A94:A239,F94,D94:D239) -> 0.30084928
A95: ASIA | B95: 2.686863e+09 | C95: 8.8710884e+09 | D95: =+B95/$B$8 -> 0.30084928 | F95: Arabia Saudita | G95: =+SUMIF(A95:A240,F95,D95:D240) -> 0.0025885489
A96: Arabia Saudita | B96: 23118141 | C96: 1.3824702e+08 | D96: =+B96/$B$8 -> 0.0025885489 | F96: Bahrein | G96: =+SUMIF(A96:A241,F96,D96:D241) -> 3.0936973e-05
A97: Bahrein | B97: 276295.85 | C97: 1514613.8 | D97: =+B97/$B$8 -> 3.0936973e-05 | F97: Myanmar (ex Birmania) Unión de | G97: =+SUMIF(A97:A242,F97,D97:D242) -> 3.3100976e-06
A98: Myanmar (ex Birmania) Unión de | B98: 29562.24 | C98: 4734.79 | D98: =+B98/$B$8 -> 3.3100976e-06 | F98: Camboya (ex Kampuchea) | G98: =+SUMIF(A98:A243,F98,D98:D243) -> 0.00015114224
A99: Camboya (ex Kampuchea) | B99: 1349840.3 | C99: 79699 | D99: =+B99/$B$8 -> 0.00015114224 | F99: Sri Lanka | G99: =+SUMIF(A99:A244,F99,D99:D244) -> 0.00016560287
A100: Sri Lanka | B100: 1478987.2 | C100: 1126734 | D100: =+B100/$B$8 -> 0.00016560287 | F100: Corea Republicana | G100: =+SUMIF(A100:A245,F100,D100:D245) -> 0.020054532
A101: Corea Republicana | B101: 1.7910557e+08 | C101: 5.7804203e+08 | D101: =+B101/$B$8 -> 0.020054532 | F101: China | G101: =+SUMIF(A101:A246,F101,D101:D246) -> 0.10228635
A102: China | B102: 9.1351193e+08 | C102: 2.576869e+09 | D102: =+B102/$B$8 -> 0.10228635 | F102: Filipinas | G102: =+SUMIF(A102:A247,F102,D102:D247) -> 0.018535255
A103: Filipinas | B103: 1.6553701e+08 | C103: 8.8395068e+08 | D103: =+B103/$B$8 -> 0.018535255 | F103: Taiwan | G103: =+SUMIF(A103:A248,F103,D103:D248) -> 0.0013497207
A104: Taiwan | B104: 12054257 | C104: 11281881 | D104: =+B104/$B$8 -> 0.0013497207 | F104: India | G104: =+SUMIF(A104:A249,F104,D104:D249) -> 0.055031313
A105: India | B105: 4.9148064e+08 | C105: 1005544564 | D105: =+B105/$B$8 -> 0.055031313 | F105: Indonesia | G105: =+SUMIF(A105:A250,F105,D105:D250) -> 0.013586507
A106: Indonesia | B106: 1.2134011e+08 | C106: 6.7060862e+08 | D106: =+B106/$B$8 -> 0.013586507 | F106: Iraq | G106: =+SUMIF(A106:A251,F106,D106:D251) -> 0.00032720413
... A130: Gaza y Jericó | B130: 70705.38 | C130: 25270.39 | D130: =+B130/$B$8 -> 7.9169138e-06 | F130: EUROPA | G130: =+SUMIF(A130:A275,F130,D130:D275) -> 0.30252757
D131: =+B131/$B$8 -> #VALUE! | F131: Albania | G131: =+SUMIF(A131:A276,F131,D131:D276) -> 3.5435627e-07
A132: EUROPA | B132: 2.7018517e+09 | C132: 1.2664946e+10 | D132: =+B132/$B$8 -> 0.30252757 | F132: Andorra | G132: =+SUMIF(A132:A277,F132,D132:D277) -> 5.1058529e-07
A133: Albania | B133: 3164.73 | C133: 9892.8 | D133: =+B133/$B$8 -> 3.5435627e-07 | F133: Austria | G133: =+SUMIF(A133:A278,F133,D133:D278) -> 0.0001547603
A134: Andorra | B134: 4560 | C134: 760 | D134: =+B134/$B$8 -> 5.1058529e-07 | F134: Bélgica | G134: =+SUMIF(A134:A279,F134,D134:D279) -> 0.009008301
A135: Austria | B135: 1382153 | C135: 60188.33 | D135: =+B135/$B$8 -> 0.0001547603 | F135: Bulgaria | G135: =+SUMIF(A135:A280,F135,D135:D280) -> 0.00019274213
A136: Bélgica | B136: 80452480 | C136: 4.1312469e+08 | D136: =+B136/$B$8 -> 0.009008301 | F136: Dinamarca | G136: =+SUMIF(A136:A281,F136,D136:D281) -> 0.022239663
A137: Bulgaria | B137: 1721365.9 | C137: 834144.95 | D137: =+B137/$B$8 -> 0.00019274213 | F137: España | G137: =+SUMIF(A137:A282,F137,D137:D282) -> 0.067674774
A138: Dinamarca | B138: 1.9862081e+08 | C138: 1.1128758e+09 | D138: =+B138/$B$8 -> 0.022239663 | F138: Finlandia | G138: =+SUMIF(A138:A283,F138,D138:D283) -> 0.00019591383
A139: España | B139: 6.0439847e+08 | C139: 3.311355e+09 | D139: =+B139/$B$8 -> 0.067674774 | F139: Francia | G139: =+SUMIF(A139:A284,F139,D139:D284) -> 0.013033671
A140: Finlandia | B140: 1749692.1 | C140: 150656.68 | D140: =+B140/$B$8 -> 0.00019591383 | F140: Grecia | G140: =+SUMIF(A140:A285,F140,D140:D285) -> 0.0030705299
A141: Francia | B141: 1.1640277e+08 | C141: 4.2373069e+08 | D141: =+B141/$B$8 -> 0.013033671 | F141: Hungría | G141: =+SUMIF(A141:A286,F141,D141:D286) -> 1.4459516e-05
A142: Grecia | B142: 27422679 | C142: 1.4843537e+08 | D142: =+B142/$B$8 -> 0.0030705299 | F142: Irlanda | G142: =+SUMIF(A142:A287,F142,D142:D287) -> 0.0065290924
A143: Hungría | B143: 129136.88 | C143: 59659.4 | D143: =+B143/$B$8 -> 1.4459516e-05 | F143: Islandia | G143: =+SUMIF(A143:A288,F143,D143:D288) -> 1.0861582e-07
... A151: Polonia | B151: 1.9392586e+08 | C151: 1.024128e+09 | D151: =+B151/$B$8 -> 0.021713967 | F151: Reino Unido | G151: =+SUMIF(A151:A296,F151,D151:D296) -> 0.014868908
A152: Portugal | B152: 27783277 | C152: 1.2439398e+08 | D152: =+B152/$B$8 -> 0.0031109062 | F152: Rumania
A153: Reino Unido | B153: 1.3279313e+08 | C153: 5.9152018e+08 | D153: =+B153/$B$8 -> 0.014868908 | F153: Suecia
A154: Rumania | B154: 6269065.5 | C154: 31545626 | D154: =+B154/$B$8 -> 0.00070195014
A155: Suecia | B155: 3318634.2 | C155: 381267.56 | D155: =+B155/$B$8 -> 0.000371589
A156: Suiza | B156: 289994.9 | C156: 60090.08
A157: Chipre | B157: 13267052 | C157: 71525178
A158: Turquía | B158: 1.1709944e+08 | C158: 2.89511e+08
A159: República Federal de Alemania | B159: 1.108199e+08 | C159: 1.953831e+08
A160: Bielorus | B160: 95186 | C160: 22762.63
A161: Estonia | B161: 454087.68 | C161: 46239.71
A162: Letonia | B162: 13182558 | C162: 73323156
A163: Lituania | B163: 119092.11 | C163: 482534.7
A164: Rusia | B164: 1.1025015e+08 | C164: 75477553
A165: Ucrania | B165: 2452417.1 | C165: 1447686.6
A166: Bosnia Herzegovina | B166: 427423.15 | C166: 308338.75
A167: Croacia | B167: 3585383.4 | C167: 3710583
... A174: Nueva Zelanda | B174: 938872.67 | C174: 100999.25
A176: Fuente: INDEC-IPEC

Sheet 2005
A1: Evolución de las exportaciones con origen en la provincia de Santa Fe, según destino. Enero - diciembre de 2005
B4: A Ñ O 2 0 0 5
A5: PAIS DE DESTINO | B5: VALOR F.O.B. | C5: PESO NETO
B6: (en Dólares) | C6: (en Kilos)
A8: TOTAL | B8: 7.720431e+09 | C8: 2.6962405e+10
A10: AFRICA | B10: 7.7843823e+08 | C10: 3.1644014e+09 | D10: =+B10/$B$8 -> 0.10082834 | F10: {=+_xlfn.UNIQUE(A10:A155)} -> AFRICA | G10: =+SUMIF(A10:A155,F10,D10:D155) -> 0.10082834
A11: Burkina Faso | B11: 329750 | C11: 150000 | D11: =+B11/$B$8 -> 4.2711346e-05 | F11: Burkina Faso | G11: =+SUMIF(A11:A156,F11,D11:D156) -> 4.2711346e-05
A12: Argelia | B12: 2.1219399e+08 | C12: 5.8697074e+08 | D12: =+B12/$B$8 -> 0.027484734 | F12: Argelia | G12: =+SUMIF(A12:A157,F12,D12:D157) -> 0.027484734
A13: Camerún | B13: 1689965.7 | C13: 2164049.6 | D13: =+B13/$B$8 -> 0.00021889525 | F13: Camerún | G13: =+SUMIF(A13:A158,F13,D13:D158) -> 0.00021889525
A14: República Centroafricana | B14: 32728.1 | C14: 14650 | D14: =+B14/$B$8 -> 4.2391545e-06 | F14: República Centroafricana | G14: =+SUMIF(A14:A159,F14,D14:D159) -> 4.2391545e-06
A15: Congo | B15: 8196322.7 | C15: 19190167 | D15: =+B15/$B$8 -> 0.0010616406 | F15: Congo | G15: =+SUMIF(A15:A160,F15,D15:D160) -> 0.0010616406
A16: Rep. Democrática del Congo | B16: 1316455.1 | C16: 10412149 | D16: =+B16/$B$8 -> 0.00017051575 | F16: Rep. Democrática del Congo | G16: =+SUMIF(A16:A161,F16,D16:D161) -> 0.00017051575
A17: Costa de Marfil | B17: 3840431.1 | C17: 6616165 | D17: =+B17/$B$8 -> 0.0004974374 | F17: Costa de Marfil | G17: =+SUMIF(A17:A162,F17,D17:D162) -> 0.0004974374
A18: Benin | B18: 151089.36 | C18: 483333.41 | D18: =+B18/$B$8 -> 1.9570068e-05 | F18: Benin | G18: =+SUMIF(A18:A163,F18,D18:D163) -> 1.9570068e-05
A19: Egipto | B19: 1.5731957e+08 | C19: 8.0698156e+08 | D19: =+B19/$B$8 -> 0.020377046 | F19: Egipto | G19: =+SUMIF(A19:A164,F19,D19:D164) -> 0.020377046
A20: Gabón | B20: 582108.13 | C20: 597086.49 | D20: =+B20/$B$8 -> 7.5398398e-05 | F20: Gabón | G20: =+SUMIF(A20:A165,F20,D20:D165) -> 7.5398398e-05
A21: Gambia | B21: 140616.46 | C21: 71620.46 | D21: =+B21/$B$8 -> 1.821355e-05 | F21: Gambia | G21: =+SUMIF(A21:A166,F21,D21:D166) -> 1.821355e-05
A22: Ghana | B22: 5536938.8 | C22: 14595977 | D22: =+B22/$B$8 -> 0.00071718001 | F22: Ghana | G22: =+SUMIF(A22:A167,F22,D22:D167) -> 0.00071718001
... A47: Cabo Verde | B47: 265172.26 | C47: 2671525.6 | D47: =+B47/$B$8 -> 3.4346821e-05 | F47: Cabo Verde | G47: =+SUMIF(A47:A192,F47,D47:D192) -> 3.4346821e-05
A48: Mozambique | B48: 6412357.3 | C48: 30648274 | D48: =+B48/$B$8 -> 0.00083056985 | F48: Mozambique
A49: Sudáfrica | B49: 1.574215e+08 | C49: 7.7032479e+08 | D49: =+B49/$B$8 -> 0.020390248 | F49: Sudáfrica | G49: =+SUMIF(A49:A194,F49,D49:D194) -> 0.020390248
A50: Eritrea | B50: 628189.47 | C50: 8375861.1 | D50: =+B50/$B$8 -> 8.136715e-05 | F50: Eritrea | G50: =+SUMIF(A50:A195,F50,D50:D195) -> 8.136715e-05
D51: =+B51/$B$8 -> #VALUE! | G51: =+SUMIF(A51:A196,F51,D51:D196) -> #VALUE!
A52: AMERICA | B52: 2.0660632e+09 | C52: 3.8777985e+09 | D52: =+B52/$B$8 -> 0.26760983 | F52: AMERICA | G52: =+SUMIF(A52:A197,F52,D52:D197) -> 0.26760983
A53: Barbados | B53: 555070.14 | C53: 269203.02 | D53: =+B53/$B$8 -> 7.1896263e-05 | F53: Barbados | G53: =+SUMIF(A53:A198,F53,D53:D198) -> 7.1896263e-05
A54: Bolivia | B54: 47278571 | C54: 103583038 | D54: =+B54/$B$8 -> 0.0061238253 | F54: Bolivia | G54: =+SUMIF(A54:A199,F54,D54:D199) -> 0.0061238253
A55: Brasil | B55: 5.6050818e+08 | C55: 1.0722445e+09 | D55: =+B55/$B$8 -> 0.072600632 | F55: Brasil | G55: =+SUMIF(A55:A200,F55,D55:D200) -> 0.072600632
A56: Canadá | B56: 16879514 | C56: 9812125.9 | D56: =+B56/$B$8 -> 0.0021863435 | F56: Canadá | G56: =+SUMIF(A56:A201,F56,D56:D201) -> 0.0021863435
A57: Colombia | B57: 42302126 | C57: 1.4161785e+08 | D57: =+B57/$B$8 -> 0.0054792441 | F57: Colombia | G57: =+SUMIF(A57:A202,F57,D57:D202) -> 0.0054792441
A58: Costa Rica | B58: 1607878.3 | C58: 409304.9 | D58: =+B58/$B$8 -> 0.00020826277 | F58: Costa Rica | G58: =+SUMIF(A58:A203,F58,D58:D203) -> 0.00020826277
A59: Cuba | B59: 15185537 | C59: 36625000 | D59: =+B59/$B$8 -> 0.0019669286 | F59: Cuba | G59: =+SUMIF(A59:A204,F59,D59:D204) -> 0.0019669286
A60: Chile | B60: 3.1725106e+08 | C60: 6.4757945e+08 | D60: =+B60/$B$8 -> 0.041092403 | F60: Chile | G60: =+SUMIF(A60:A205,F60,D60:D205) -> 0.041092403
A61: República Dominicana | B61: 51510610 | C61: 1.1980434e+08 | D61: =+B61/$B$8 -> 0.0066719863 | F61: República Dominicana | G61: =+SUMIF(A61:A206,F61,D61:D206) -> 0.0066719863
A62: Ecuador | B62: 52455247 | C62: 2.1595457e+08 | D62: =+B62/$B$8 -> 0.0067943417 | F62: Ecuador | G62: =+SUMIF(A62:A207,F62,D62:D207) -> 0.0067943417
A63: El Salvador | B63: 2648871.8 | C63: 3550430.1 | D63: =+B63/$B$8 -> 0.00034309895 | F63: El Salvador | G63: =+SUMIF(A63:A208,F63,D63:D208) -> 0.00034309895
... A93: Zonamérica (ex Montevideo) | B93: 112023.14 | C93: 18349.92 | D93: =+B93/$B$8 -> 1.4509959e-05 | F93: ASIA | G93: =+SUMIF(A93:A238,F93,D93:D238) -> 0.35359325
D94: =+B94/$B$8 -> #VALUE! | F94: Arabia Saudita | G94: =+SUMIF(A94:A239,F94,D94:D239) -> 0.0054001865
A95: ASIA | B95: 2.7298923e+09 | C95: 9.7014533e+09 | D95: =+B95/$B$8 -> 0.35359325 | F95: Bahrein | G95: =+SUMIF(A95:A240,F95,D95:D240) -> 2.953286e-05
A96: Arabia Saudita | B96: 41691767 | C96: 2.9725983e+08 | D96: =+B96/$B$8 -> 0.0054001865 | F96: Myanmar (ex Birmania) Unión de | G96: =+SUMIF(A96:A241,F96,D96:D241) -> 1.7314059e-06
A97: Bahrein | B97: 228006.41 | C97: 1305174.1 | D97: =+B97/$B$8 -> 2.953286e-05 | F97: Camboya (ex Kampuchea) | G97: =+SUMIF(A97:A242,F97,D97:D242) -> 0.00023186912
A98: Myanmar (ex Birmania) Unión de | B98: 13367.2 | C98: 2695 | D98: =+B98/$B$8 -> 1.7314059e-06 | F98: Sri Lanka | G98: =+SUMIF(A98:A243,F98,D98:D243) -> 0.00046265969
A99: Camboya (ex Kampuchea) | B99: 1790129.6 | C99: 92929 | D99: =+B99/$B$8 -> 0.00023186912 | F99: Corea Republicana | G99: =+SUMIF(A99:A244,F99,D99:D244) -> 0.021796052
A100: Sri Lanka | B100: 3571932.2 | C100: 29940220 | D100: =+B100/$B$8 -> 0.00046265969 | F100: China | G100: =+SUMIF(A100:A245,F100,D100:D245) -> 0.13905759
A101: Corea Republicana | B101: 1.6827492e+08 | C101: 5.9779682e+08 | D101: =+B101/$B$8 -> 0.021796052 | F101: Filipinas | G101: =+SUMIF(A101:A246,F101,D101:D246) -> 0.01777637
A102: China | B102: 1.0735846e+09 | C102: 3.2348189e+09 | D102: =+B102/$B$8 -> 0.13905759 | F102: Taiwan | G102: =+SUMIF(A102:A247,F102,D102:D247) -> 0.0029613196
A103: Filipinas | B103: 1.3724124e+08 | C103: 6.8797829e+08 | D103: =+B103/$B$8 -> 0.01777637 | F103: India | G103: =+SUMIF(A103:A248,F103,D103:D248) -> 0.052631718
A104: Taiwan | B104: 22862664 | C104: 70757801 | D104: =+B104/$B$8 -> 0.0029613196 | F104: Indonesia | G104: =+SUMIF(A104:A249,F104,D104:D249) -> 0.016921101
A105: India | B105: 4.0633955e+08 | C105: 8.5871363e+08 | D105: =+B105/$B$8 -> 0.052631718 | F105: Iraq | G105: =+SUMIF(A105:A250,F105,D105:D250) -> 0.00016379363
A106: Indonesia | B106: 1.3063819e+08 | C106: 6.8933448e+08 | D106: =+B106/$B$8 -> 0.016921101 | F106: Irán | G106: =+SUMIF(A106:A251,F106,D106:D251) -> 5.9668961e-06
... A129: Kazajstan | B129: 49320 | C129: 3643 | D129: =+B129/$B$8 -> 6.3882444e-06 | F129: Albania | G129: =+SUMIF(A129:A274,F129,D129:D274) -> 9.5910383e-06
D130: =+B130/$B$8 -> #VALUE! | F130: Austria | G130: =+SUMIF(A130:A275,F130,D130:D275) -> 0.00041462588
A131: EUROPA | B131: 2.1329999e+09 | C131: 1.0213196e+10 | D131: =+B131/$B$8 -> 0.27627989 | F131: Bélgica | G131: =+SUMIF(A131:A276,F131,D131:D276) -> 0.0071414691
A132: Albania | B132: 74046.95 | C132: 62987.4 | D132: =+B132/$B$8 -> 9.5910383e-06 | F132: Bulgaria | G132: =+SUMIF(A132:A277,F132,D132:D277) -> 0.00026460275
A133: Austria | B133: 3201090.5 | C133: 108720.51 | D133: =+B133/$B$8 -> 0.00041462588 | F133: Dinamarca | G133: =+SUMIF(A133:A278,F133,D133:D278) -> 0.020138372
A134: Bélgica | B134: 55135220 | C134: 2.9557881e+08 | D134: =+B134/$B$8 -> 0.0071414691 | F134: España | G134: =+SUMIF(A134:A279,F134,D134:D279) -> 0.070287782
A135: Bulgaria | B135: 2042847.3 | C135: 1278353.9 | D135: =+B135/$B$8 -> 0.00026460275 | F135: Finlandia | G135: =+SUMIF(A135:A280,F135,D135:D280) -> 0.00024415574
A136: Dinamarca | B136: 1.5547692e+08 | C136: 8.9145166e+08 | D136: =+B136/$B$8 -> 0.020138372 | F136: Francia | G136: =+SUMIF(A136:A281,F136,D136:D281) -> 0.0055650423
A137: España | B137: 5.4265198e+08 | C137: 3.0114344e+09 | D137: =+B137/$B$8 -> 0.070287782 | F137: Grecia | G137: =+SUMIF(A137:A282,F137,D137:D282) -> 0.0030918187
