Workbook

Sheet participaciones
A1: Año | B1: Albania | C1: Algeria | D1: Angola | E1: Antigua and Barbuda | F1: Australia | G1: Austria | H1: Bahamas, The | I1: Bangladesh | J1: Barbados | K1: Belgium | L1: Belize | M1: Benin | N1: Bolivia | O1: Brazil | P1: Bulgaria | Q1: Burkina Faso | R1: Cambodia | S1: Cameroon | T1: Canada | U1: Chile | V1: China, People's Republic of | W1: Colombia | X1: Congo, Democratic Republic of the | Y1: Congo, Republic of | Z1: Costa Rica | AA1: Croatia, Republic of | AB1: Cuba | AC1: Cyprus | AD1: Czech Republic | AE1: Côte d'Ivoire | AF1: Denmark | AG1: Dominica | AH1: Dominican Republic | AI1: Ecuador | AJ1: Egypt, Arab Republic of | AK1: El Salvador | AL1: Equatorial Guinea, Republic of | AM1: Estonia, Republic of | AN1: Ethiopia, The Federal Democratic Republic of | AO1: Fiji, Republic of | AP1: France | AQ1: Gabon | AR1: Gambia, The | AS1: Georgia | AT1: Germany | AU1: Ghana | AV1: Greece | AW1: Grenada | AX1: Guatemala | AY1: Guinea | AZ1: Guyana | BA1: Haiti | BB1: Honduras | BC1: Hong Kong Special Administrative Region, People's Republic of China | BD1: India | BE1: Indonesia | BF1: Iran, Islamic Republic of | BG1: Ireland | BH1: Israel | BI1: Italy | BJ1: Jamaica | BK1: Japan | BL1: Jordan | BM1: Kenya | BN1: Korea, Republic of | BO1: Kuwait | BP1: Latvia, Republic of | BQ1: Lebanon | BR1: Liberia | BS1: Libya | BT1: Luxembourg | BU1: Madagascar, Republic of | BV1: Malaysia | BW1: Mali | BX1: Malta | BY1: Mauritania, Islamic Republic of | BZ1: Mauritius | CA1: Mexico | CB1: Morocco | CC1: Mozambique, Republic of | CD1: Namibia | CE1: Netherlands, The | CF1: New Zealand | CG1: Nicaragua | CH1: Niger | CI1: Nigeria | CJ1: Norway | CK1: Oman | CL1: Pakistan | CM1: Panama | CN1: Paraguay | CO1: Peru | CP1: Philippines | CQ1: Poland, Republic of | CR1: Portugal | CS1: Qatar | CT1: Romania | CU1: Russian Federation | CV1: Saudi Arabia | CW1: Senegal | CX1: Sierra Leone | CY1: Singapore | CZ1: South Africa | DA1: Spain | DB1: Sri Lanka | DC1: St. Kitts and Nevis | DD1: St. Lucia | DE1: St. Vincent and the Grenadines | DF1: Sudan | DG1: Suriname | DH1: Sweden | DI1: Switzerland | DJ1: Syrian Arab Republic | DK1: Taiwan Province of China | DL1: Tanzania, United Republic of | DM1: Thailand | DN1: Togo | DO1: Trinidad and Tobago | DP1: Tunisia | DQ1: Türkiye, Republic of | DR1: Ukraine | DS1: United Arab Emirates | DT1: United Kingdom | DU1: United States | DV1: Uruguay | DW1: Venezuela, República Bolivariana de | DX1: Vietnam | DY1: Yemen, Republic of | DZ1: Zambia | EA1: Aruba, Kingdom of the Netherlands | EB1: Azerbaijan, Republic of | EC1: Belarus, Republic of | ED1: Cabo Verde | EE1: Finland | EF1: Guinea-Bissau | EG1: Hungary | EH1: Iraq | EI1: Lithuania, Republic of | EJ1: Nepal | EK1: Netherlands Antilles | EL1: North Macedonia, Republic of | EM1: Slovenia, Republic of | EN1: Zimbabwe | EO1: Afghanistan, Islamic Republic of | EP1: Armenia, Republic of | EQ1: Bahrain, Kingdom of | ER1: Bosnia and Herzegovina | ES1: Central African Republic | ET1: Comoros, Union of the | EU1: Puerto Rico | EV1: Rwanda | EW1: Uganda | EX1: Kazakhstan, Republic of | EY1: Malawi | EZ1: Moldova, Republic of | FA1: Myanmar | FB1: Andorra, Principality of | FC1: Chad | FD1: Eritrea, The State of | FE1: Mongolia | FF1: Montenegro | FG1: Serbia, Republic of | FH1: Djibouti | FI1: Botswana | FJ1: Iceland | FK1: Macao Special Administrative Region, People's Republic of China | FL1: São Tomé and Príncipe, Democratic Republic of | FM1: Maldives | FN1: Seychelles | FO1: Papua New Guinea | FP1: Brunei Darussalam | FQ1: Slovak Republic | FR1: Uzbekistan, Republic of | FS1: Curaçao, Kingdom of the Netherlands
A2: 2002 | B2: 5.8157289e-05 | C2: 0.012074498 | D2: 0.0003305491 | E2: 5.8876703e-06 | F2: 0.0031527871 | G2: 7.4757881e-05 | H2: 1.5041729e-05 | I2: 0.018048788 | J2: 6.4657473e-05 | K2: 0.014928414 | L2: 2.9566101e-05 | M2: 0.0001740231 | N2: 0.0062873835 | O2: 0.07148379 | P2: 0.0013582504 | Q2: 1.1490515e-05 | R2: 4.7475993e-05 | S2: 0.00013127429 | T2: 0.0017153789 | U2: 0.032051665 | V2: 0.061000133 | W2: 0.0046317684 | X2: 7.770598e-05 | Y2: 0.0008296823 | Z2: 0.00051576078 | AA2: 1.863522e-05 | AB2: 0.00048424824 | AC2: 0.0024051078 | AD2: 4.0048148e-05 | AE2: 8.3854639e-05 | AF2: 0.035054573 | AG2: 4.2499257e-06 | AH2: 0.009665227 | AI2: 0.0056712913 | AJ2: 0.040079492 | AK2: 6.8717496e-05 | AL2: 2.6628622e-07 | AM2: 4.2112227e-06 | AN2: 5.6820569e-07 | AO2: 0.00019187776 | AP2: 0.010835119 | AQ2: 9.677867e-05 | AR2: 7.5352019e-05 | AS2: 9.0407303e-06 | AT2: 0.021434318 | AU2: 0.00039424374 | AV2: 0.0040254366 | AW2: 3.4734161e-05 | AX2: 0.0032553594 | AY2: 8.4884151e-06 | AZ2: 3.4790668e-05 | BA2: 6.8320955e-05 | BB2: 0.00015331465 | BC2: 0.0023733997 | BD2: 0.070733011 | BE2: 0.0063135682 | BF2: 0.019885379 | BG2: 0.0043929122 | BH2: 0.0014826056 | BI2: 0.074155671 | BJ2: 0.0005081435 | BK2: 0.0010082027 | BL2: 0.0076490089 | BM2: 0.00069854798 | BN2: 0.01228879 | BO2: 2.4391914e-06 | BP2: 8.9622409e-06 | BQ2: 0.0038588568 | BR2: 4.7729278e-06 | BS2: 1.4410756e-05 | BT2: 3.2472245e-05 | BU2: 0.00038680843 | BV2: 0.027616121 | BW2: 7.8937012e-05 | BX2: 0.000138359 | BY2: 0.00019413349 | BZ2: 0.0022962991 | CA2: 0.026826406 | CB2: 0.010703253 | CC2: 0.00047289761 | CD2: 1.0586924e-05 | CE2: 0.070653502 | CF2: 9.7704894e-06 | CG2: 5.3669675e-05 | CH2: 0.00017206111 | CI2: 0.0020178436 | CJ2: 0.00012460895 | CK2: 0.0033108512 | CL2: 0.0032302857 | CM2: 0.00040986097 | CN2: 0.0040816907 | CO2: 0.022912646 | CP2: 0.016740269 | CQ2: 0.0075924506 | CR2: 0.004654139 | CS2: 4.4421165e-06 | CT2: 0.00086862147 | CU2: 0.0030024032 | CV2: 0.0018333006 | CW2: 0.0013005323 | CX2: 4.1801881e-05 | CY2: 0.00018828842 | CZ2: 0.023556344 | DA2: 0.065322566 | DB2: 3.0497959e-05 | DC2: 3.1486059e-05 | DD2: 1.6785205e-05 | DE2: 2.779224e-05 | DF2: 0.00022422937 | DG2: 3.6929878e-06 | DH2: 0.00031387222 | DI2: 0.00013949474 | DJ2: 0.0062626668 | DK2: 0.00085602002 | DL2: 0.00013026212 | DM2: 0.021760477 | DN2: 4.0804873e-05 | DO2: 0.00016673095 | DP2: 0.0099692982 | DQ2: 0.0039045624 | DR2: 1.6574271e-05 | DS2: 0.005084676 | DT2: 0.0092677091 | DU2: 0.046494681 | DV2: 0.0059855312 | DW2: 0.0029268142 | DX2: 0.012634111 | DY2: 0.0015072144 | DZ2: 2.4222416e-05
A3: 2003 | B3: 5.744787e-06 | C3: 0.018487583 | D3: 0.00033482846 | E3: 2.2347541e-06 | F3: 0.0021351357 | G3: 8.8583191e-05 | I3: 0.018473866 | J3: 4.0058288e-05 | K3: 0.010529689 | L3: 4.5371148e-05 | M3: 8.9241004e-05 | N3: 0.0056303468 | O3: 0.043938469 | P3: 0.00078237518 | R3: 2.2617728e-05 | S3: 0.00012511734 | T3: 0.001527663 | U3: 0.038932851 | V3: 0.1301896 | W3: 0.0033448992 | Y3: 0.0010216567 | Z3: 0.00056260158 | AA3: 0.00044688383 | AB3: 0.00025663363 | AC3: 0.0017556294 | AD3: 6.7365299e-05 | AE3: 0.0002170251 | AF3: 0.033217435 | AH3: 0.0078794391 | AI3: 0.0075568251 | AJ3: 0.033071262 | AK3: 0.00056158726 | AL3: 3.3438235e-06 | AM3: 1.9984736e-05 | AO3: 0.00014061618 | AP3: 0.012769521 | AQ3: 9.9943458e-05 | AR3: 4.8285114e-05 | AT3: 0.018602233 | AU3: 0.00040127695 | AV3: 0.0055808283 | AW3: 3.6151254e-05 | AX3: 0.0035020584 | AY3: 3.9152756e-05 | AZ3: 4.3077842e-05 | BA3: 6.8233296e-05 | BB3: 0.00032013022 | BC3: 0.0022253111 | BD3: 0.057917293 | BE3: 0.0041081391 | BF3: 0.0018408768 | BG3: 0.0089415426 | BH3: 0.0027762523 | BI3: 0.055984941 | BJ3: 0.00014832306 | BK3: 0.00097191654 | BL3: 0.0051654835 | BM3: 0.00023582053 | BN3: 0.014576513 | BP3: 7.0301482e-06 | BQ3: 0.0022185107 | BR3: 9.5843687e-06 | BS3: 3.4137172e-05 | BT3: 2.9174235e-05 | BU3: 0.00055876027 | BV3: 0.018618514 | BW3: 1.6816732e-05 | BX3: 9.7250291e-05 | BY3: 3.5039343e-05 | BZ3: 0.0012978708 | CA3: 0.025709653 | CB3: 0.015438096 | CC3: 0.00049353495 | CD3: 1.4476622e-05 | CE3: 0.071051521 | CF3: 3.7498277e-05 | CG3: 0.00038722545 | CH3: 0.00016072345 | CI3: 0.0017159428 | CJ3: 9.7632472e-05 | CK3: 0.0013893145 | CL3: 0.0041899515 | CM3: 0.00065430962 | CN3: 0.0036907534 | CO3: 0.018380788 | CP3: 0.03020989 | CQ3: 0.016545412 | CR3: 0.0040366656 | CS3: 4.8146527e-06 | CT3: 0.00077474669 | CU3: 0.001687948 | CV3: 0.0016822729 | CW3: 0.0013095562 | CX3: 9.0433188e-05 | CY3: 0.00052092382 | CZ3: 0.018619815 | DA3: 0.072094031 | DC3: 1.3068667e-05 | DD3: 3.5778864e-05 | DE3: 1.0690984e-05 | DF3: 4.1458503e-05 | DG3: 9.1783424e-06 | DH3: 0.00032732074 | DI3: 0.00011073638 | DJ3: 0.0076722897 | DK3: 0.0028516016 | DL3: 1.6306568e-05 | DM3: 0.026700888 | DN3: 0.00018413252 | DO3: 0.00070767748 | DP3: 0.0081129417 | DQ3: 0.0041921084 | DR3: 6.5110909e-05 | DS3: 0.0026783248 | DT3: 0.0080177763 | DU3: 0.033331025 | DV3: 0.0057936566 | DW3: 0.0043359601 | DX3: 0.017831346 | DY3: 0.0012902227 | EA3: 0.00018420841 | EB3: 7.9300163e-06 | EC3: 1.1169994e-06 | ED3: 4.4111659e-05 | EE3: 8.6057669e-06 | EF3: 1.8880991e-09 | EG3: 9.2888812e-06 | EH3: 0.00029786395 | EI3: 7.2257553e-07 | EJ3: 0.00037988554 | EK3: 0.00033933508 | EL3: 1.2813207e-05 | EM3: 0.0002104395 | EN3: 1.6048842e-05
A4: 2004 | B4: 3.0210744e-05 | C4: 0.026138925 | D4: 0.00062929234 | E4: 4.7556812e-06 | F4: 0.0015784974 | G4: 0.00031688375 | H4: 2.4362129e-06 | I4: 0.0084433426 | J4: 4.8758281e-05 | K4: 0.0082509372 | L4: 9.1309666e-06 | M4: 5.4887513e-05 | N4: 0.0066738707 | O4: 0.045646677 | P4: 0.00073372943 | Q4: 1.4495418e-05 | R4: 0.00020275879 | S4: 0.00014014891 | T4: 0.0022526484 | U4: 0.032240453 | V4: 0.11676662 | W4: 0.0072472602 | Y4: 0.0017130802 | Z4: 0.00028817529 | AA4: 0.00025179492 | AB4: 0.0026436478 | AC4: 0.00077797824 | AD4: 5.5312549e-05 | AE4: 7.2754144e-05 | AF4: 0.02504327 | AG4: 3.2508472e-06 | AH4: 0.010872931 | AI4: 0.010206842 | AJ4: 0.030774679 | AK4: 0.0017510879 | AL4: 4.2415066e-06 | AM4: 1.839686e-05 | AP4: 0.006852845 | AQ4: 8.6746614e-05 | AR4: 1.6403572e-05 | AS4: 3.6780018e-06 | AT4: 0.016040808 | AU4: 0.00047637274 | AV4: 0.0060537382 | AW4: 2.5490233e-05 | AX4: 0.0039150856 | AY4: 2.5190907e-05 | AZ4: 2.1866976e-05 | BA4: 5.3449486e-05 | BB4: 0.0014227901 | BC4: 0.0022778605 | BD4: 0.055148106 | BE4: 0.011120199 | BG4: 0.0053744593 | BH4: 0.0050347246 | BI4: 0.055839223 | BJ4: 0.00062046256 | BK4: 0.0015577071 | BL4: 0.0058148594 | BM4: 0.0001088229 | BN4: 0.020201629 | BO4: 4.6191246e-05 | BQ4: 0.0014340923 | BR4: 0.00036294724 | BS4: 0.0024244546 | BT4: 3.469549e-05 | BU4: 0.00081443203 | BV4: 0.014750909 | BW4: 2.4099738e-05 | BX4: 0.00011477378 | BY4: 0.00011497405 | BZ4: 0.0013111167 | CA4: 0.030074543 | CB4: 0.012553327 | CC4: 0.00065510738 | CE4: 0.060476277 | CF4: 0.00010197551 | CG4: 0.0010131286 | CH4: 0.00043817165 | CI4: 0.0011854256 | CJ4: 0.0002989303 | CK4: 0.00050059606 | CL4: 0.0034199491 | CM4: 0.0018828479 | CN4: 0.004380106 | CO4: 0.021709638 | CP4: 0.020687486 | CQ4: 0.021119665 | CR4: 0.0026235349 | CT4: 0.00071247805 | CU4: 0.0067933974 | CV4: 0.0036129578 | CW4: 0.00052279974 | CX4: 0.00014404678 | CY4: 0.00033722131 | CZ4: 0.026250327 | DA4: 0.067552766 | DC4: 2.3314715e-05 | DD4: 4.9081501e-05 | DE4: 3.673708e-05 | DF4: 7.205451e-05 | DG4: 1.119242e-05 | DH4: 0.00043010441 | DI4: 0.00014108306 | DJ4: 0.0068726578 | DK4: 0.0031363278 | DL4: 5.6484466e-05 | DM4: 0.014556724 | DN4: 5.2951289e-05 | DO4: 0.00052107092 | DP4: 0.012658288 | DQ4: 0.0093907216 | DR4: 0.0008369613 | DS4: 0.0049289233 | DT4: 0.0081069988 | DU4: 0.043342183 | DV4: 0.0086479063 | DW4: 0.018960851 | DY4: 0.0010946235 | DZ4: 7.6732354e-06 | EA4: 0.00030393935 | EC4: 2.0596908e-06 | ED4: 4.2459683e-05 | EE4: 8.7576476e-05 | EG4: 2.0637544e-08 | EH4: 0.00050957203 | EI4: 1.7900236e-05 | EK4: 0.00036467661 | EL4: 5.2421841e-05 | EM4: 0.00019349138 | EO4: 3.1989831e-05 | EP4: 7.5343414e-08 | EQ4: 2.9020318e-05 | ER4: 6.8709418e-05 | ES4: 4.9137009e-06 | ET4: 1.1449955e-05 | EU4: 0.0005374356 | EV4: 1.9540806e-05 | EW4: 1.4172751e-05
A5: 2005 | B5: 1.0937436e-05 | C5: 0.030247436 | D5: 0.00086957486 | E5: 2.398031e-06 | F5: 0.0018575251 | G5: 0.0004874607 | H5: 1.1117057e-07 | I5: 0.010737208 | J5: 8.5583236e-05 | K5: 0.0083097389 | L5: 1.5658544e-06 | M5: 9.4677302e-06 | N5: 0.0063943024 | O5: 0.058943348 | P5: 0.00031311317 | Q5: 5.0914576e-05 | R5: 0.00027640239 | S5: 0.00024041114 | T5: 0.0024980993 | U5: 0.042460158 | V5: 0.092996667 | W5: 0.004460199 | Y5: 0.00099846558 | Z5: 0.0002451448 | AA5: 0.00060547861 | AB5: 0.0019225208 | AC5: 0.0013302396 | AD5: 4.1147053e-05 | AE5: 0.0005427166 | AF5: 0.02399519 | AG5: 6.6551025e-08 | AH5: 0.0078957204 | AI5: 0.0076441228 | AJ5: 0.016681751 | AK5: 0.00040872228 | AL5: 3.5439324e-06 | AM5: 4.0092234e-05 | AP5: 0.0064778242 | AQ5: 8.9274162e-05 | AR5: 2.1329957e-05 | AT5: 0.012741424 | AU5: 0.00072313433 | AV5: 0.0032463211 | AW5: 3.0370409e-05 | AX5: 0.0033500646 | AY5: 5.4176351e-05 | AZ5: 2.8548653e-05 | BA5: 7.1749171e-05 | BB5: 0.00029813326 | BC5: 0.0037487669 | BD5: 0.062732002 | BE5: 0.017123696 | BF5: 7.1129106e-06 | BG5: 0.0047345301 | BH5: 0.0052571125 | BI5: 0.044468109 | BJ5: 0.00054147306 | BK5: 0.0039484413 | BL5: 0.0036154287 | BM5: 0.000177671 | BN5: 0.025565756 | BO5: 9.1539409e-05 | BP5: 0.001254547 | BQ5: 0.0015193404 | BR5: 0.00021008854 | BS5: 0.0024933646 | BT5: 4.3787249e-05 | BU5: 0.001382128 | BV5: 0.019824502 | BW5: 4.1698613e-05 | BX5: 6.5191915e-05 | BY5: 9.0074822e-05 | BZ5: 0.0013554918 | CA5: 0.022675993 | CB5: 0.010891435 | CC5: 0.0005739863 | CE5: 0.067212715 | CF5: 0.00014819476 | CG5: 0.00098799277 | CH5: 0.00035822017 | CI5: 0.0014437193 | CJ5: 5.2219944e-05 | CK5: 0.0015646937 | CL5: 4.708185e-05 | CM5: 0.00049681171 | CN5: 0.0042459207 | CO5: 0.023634997 | CP5: 0.020641629 | CQ5: 0.028062734 | CR5: 0.0017892485 | CS5: 8.7567944e-06 | CT5: 0.0001985395 | CU5: 0.014457123 | CV5: 0.003819867 | CW5: 0.00092729054 | CX5: 0.00011804058 | CY5: 0.00023774515 | CZ5: 0.022796397 | DA5: 0.080889388 | DB5: 8.183389e-06 | DC5: 2.6005634e-05 | DD5: 2.84961e-05 | DE5: 3.3051511e-05 | DF5: 4.9359732e-05 | DG5: 4.8603726e-06 | DH5: 0.00047639818 | DI5: 6.8473626e-05 | DJ5: 0.0093616851 | DK5: 0.0020343182 | DL5: 4.199005e-07 | DM5: 0.01924458 | DN5: 0.00031933357 | DO5: 0.0006816818 | DP5: 0.0078365304 | DQ5: 0.0073180249 | DR5: 0.00056292492 | DS5: 0.0016011672 | DT5: 0.0093644154 | DU5: 0.042910234 | DV5: 0.010367059 | DW5: 0.012418975 | DY5: 0.0014480466 | EA5: 0.00027886697 | EB5: 5.6496265e-07 | EC5: 2.0915885e-05 | EE5: 0.00028759541 | EG5: 1.6887546e-05 | EH5: 5.9985785e-05 | EI5: 6.9395864e-06 | EK5: 0.00043392426 | EL5: 2.9239877e-05 | EM5: 0.00045163484 | EQ5: 9.8465856e-06 | ER5: 0.00022245353 | ES5: 5.0533353e-06 | EU5: 0.00081006287 | EW5: 1.2707241e-05 | EX5: 7.6151839e-06 | EY5: 1.6945791e-05 | EZ5: 1.9972418e-05 | FA5: 2.0639433e-06
A6: 2006 | C6: 0.03121941 | D6: 0.00083887287 | E6: 2.3487724e-06 | F6: 0.0034127456 | G6: 0.00017401275 | I6: 0.0094231938 | J6: 4.3178802e-05 | K6: 0.010226896 | L6: 1.2386205e-06 | M6: 0.0001237317 | N6: 0.0058219186 | O6: 0.064650668 | P6: 0.00022033389 | Q6: 0.00010079116 | R6: 0.00017403513 | S6: 0.00045010563 | T6: 0.0018209801 | U6: 0.034142825 | V6: 0.071218033 | W6: 0.010120842 | X6: 0.00030235851 | Y6: 0.0012459363 | Z6: 0.00059168428 | AA6: 0.00046189998 | AB6: 0.0019773214 | AC6: 0.0017049523 | AD6: 4.4536201e-05 | AE6: 0.00040832039 | AF6: 0.025599699 | AG6: 1.7351044e-05 | AH6: 0.0072822512 | AI6: 0.01105727 | AJ6: 0.016244627 | AK6: 0.00028861685 | AL6: 6.4787408e-06 | AM6: 5.8463138e-05 | AP6: 0.014799958 | AQ6: 0.00011711004 | AR6: 5.2287628e-06 | AS6: 0.00029969817 | AT6: 0.013319576 | AU6: 0.000245141 | AV6: 0.0034736573 | AW6: 2.8771572e-05 | AX6: 0.0026480822 | AY6: 6.616936e-05 | AZ6: 6.9683118e-05 | BA6: 5.7815385e-05 | BB6: 8.9254089e-05 | BC6: 0.0024178186 | BD6: 0.062859405 | BE6: 0.013946621 | BG6: 0.0074804916 | BH6: 0.0024771835 | BI6: 0.044960592 | BJ6: 0.00081349876 | BK6: 0.0057891512 | BL6: 0.0022644538 | BM6: 0.00021744796 | BN6: 0.023062079 | BO6: 7.7513793e-05 | BP6: 0.0016988455 | BQ6: 0.0014899868 | BR6: 0.00016880075 | BS6: 0.0036908163 | BT6: 3.666886e-05 | BU6: 0.0015844906 | BV6: 0.021617308 | BW6: 0.00021270383 | BX6: 0.00035973329 | BY6: 9.4344648e-05 | BZ6: 0.0013474739 | CA6: 0.020599035 | CB6: 0.013915211 | CC6: 0.00099468613 | CE6: 0.064952934 | CF6: 0.00011879958 | CG6: 0.00038246257 | CH6: 0.00076561129 | CI6: 0.00097693457 | CJ6: 3.9690018e-05 | CK6: 0.00066266556 | CL6: 8.3311238e-05 | CM6: 0.00046097553 | CN6: 0.0056075791 | CO6: 0.022371251 | CP6: 0.021001712 | CQ6: 0.024990731 | CR6: 0.0031983548 | CS6: 1.7182085e-05 | CT6: 0.000786773 | CU6: 0.014199152 | CV6: 0.0014508369 | CW6: 0.0055099053 | CX6: 3.2857852e-05 | CY6: 0.00030101617 | CZ6: 0.028072069 | DA6: 0.076702107 | DB6: 0.00019068606 | DC6: 2.2594385e-05 | DD6: 2.952325e-05 | DE6: 1.6527274e-05 | DF6: 7.4107501e-05 | DG6: 3.3603817e-06 | DH6: 0.0004182306 | DI6: 3.1558933e-05 | DJ6: 0.007450659 | DK6: 0.0014170926 | DL6: 0.00020975032 | DM6: 0.016870389 | DN6: 0.00056934263 | DO6: 0.00040509066 | DP6: 0.01086769 | DQ6: 0.014846104 | DR6: 0.00031142227 | DS6: 0.0026936699 | DT6: 0.016110583 | DU6: 0.028975101 | DV6: 0.010326564 | DW6: 0.01801056 | DY6: 0.00068917827 | EA6: 0.00021282628 | EB6: 1.3537667e-05 | EC6: 1.208991e-05 | ED6: 7.6445273e-06 | EE6: 0.0002171875 | EF6: 1.3215342e-05 | EG6: 7.857217e-06 | EH6: 0.00025369002 | EI6: 1.0924253e-05 | EK6: 0.00024357949 | EM6: 0.0015039792 | EP6: 5.2077472e-06 | EQ6: 7.9543465e-06 | ER6: 5.5107737e-05 | ET6: 1.3222356e-06 | EU6: 0.00030048573 | EW6: 4.5037761e-05 | EY6: 1.3924458e-05 | FA6: 3.8114645e-06 | FB6: 5.8792155e-07 | FC6: 2.6640195e-05 | FD6: 1.9308246e-06 | FE6: 1.4225979e-05
A7: 2007 | B7: 1.7683819e-05 | C7: 0.025080247 | D7: 0.00064252608 | E7: 1.9817811e-06 | F7: 0.0068726366 | G7: 0.00012175388 | I7: 0.01360249 | J7: 3.6207455e-05 | K7: 0.010287861 | L7: 1.1447375e-06 | M7: 1.9138669e-05 | N7: 0.0044989908 | O7: 0.097240497 | P7: 9.1271676e-06 | Q7: 2.4554109e-05 | R7: 0.00012010486 | S7: 0.00012315421 | T7: 0.0011557057 | U7: 0.02688175 | V7: 0.11718416 | W7: 0.011424899 | X7: 0.00011431581 | Y7: 0.00048357508 | Z7: 0.00024045881 | AA7: 0.00012980657 | AB7: 0.00078837797 | AC7: 0.001438989 | AD7: 0.00012238675 | AE7: 0.00020108148 | AF7: 0.023155654 | AG7: 1.6329569e-05 | AH7: 0.0092319856 | AI7: 0.010260968 | AJ7: 0.010308829 | AK7: 0.00033193095 | AL7: 1.140001e-05 | AM7: 3.6953768e-05 | AP7: 0.016285337 | AQ7: 8.6629322e-05 | AR7: 2.7194552e-05 | AS7: 3.9748684e-06 | AT7: 0.014365865 | AU7: 0.0001923074 | AV7: 0.0040512753 | AW7: 9.2418838e-06 | AX7: 0.0025954073 | AY7: 2.7860188e-05 | AZ7: 3.3685148e-05 | BA7: 9.5653892e-05 | BB7: 9.9632708e-05 | BC7: 0.0031442606 | BD7: 0.049752875 | BE7: 0.017339955 | BF7: 0.011994768 | BG7: 0.0059075027 | BH7: 0.002905233 | BI7: 0.041339329 | BJ7: 0.00020662904 | BK7: 0.0054345412 | BL7: 0.00061008266 | BM7: 0.0005713813 | BN7: 0.021401442 | BO7: 0.00015253681 | BQ7: 0.0017740719 | BR7: 2.0595434e-05 | BS7: 0.0024448514 | BT7: 4.0291999e-05 | BU7: 0.0017017797 | BV7: 0.021352559 | BW7: 3.4011834e-05 | BX7: 1.8735801e-05 | BY7: 5.6618156e-05 | BZ7: 0.00085904788 | CA7: 0.013989208 | CB7: 0.01143813 | CC7: 0.0010163874 | CD7: 1.7447391e-05 | CE7: 0.049230039 | CF7: 0.00093965023 | CG7: 0.00018522136 | CH7: 0.00026088193 | CI7: 0.00066825785 | CJ7: 6.0108635e-05 | CK7: 0.00015682538 | CL7: 0.0029612738 | CM7: 0.00074268562 | CN7: 0.0056643171 | CO7: 0.022970526 | CP7: 0.018907594 | CQ7: 0.026930617 | CR7: 0.0029930959 | CS7: 3.1759104e-06 | CT7: 0.0024406202 | CU7: 0.0099462658 | CV7: 0.0035609673 | CW7: 0.0018307388 | CX7: 2.7064836e-05 | CY7: 0.0002858282 | CZ7: 0.024967073 | DA7: 0.069792812 | DB7: 8.7028839e-05 | DC7: 7.8603007e-06 | DD7: 3.3222392e-05 | DE7: 6.3177027e-06 | DF7: 1.1556573e-05 | DG7: 9.4885325e-06 | DH7: 0.00055080966 | DI7: 3.3690489e-05 | DJ7: 0.0038274105 | DK7: 0.0013667341 | DL7: 0.00045914642 | DM7: 0.020537664 | DN7: 0.00034950427 | DO7: 0.00044985835 | DP7: 0.0088647653 | DQ7: 0.0040307316 | DR7: 0.00019601771 | DS7: 0.00037831861 | DT7: 0.019696257 | DU7: 0.018720993 | DV7: 0.009354429 | DW7: 0.019805526 | DY7: 0.0012665197 | DZ7: 9.9085509e-07 | EA7: 5.5384901e-05 | EB7: 0.00010885359 | EC7: 1.1138828e-05 | ED7: 9.1286419e-08 | EE7: 0.00026334301 | EF7: 1.4461926e-05 | EG7: 8.2352549e-06 | EH7: 3.98748e-06 | EI7: 2.8350817e-05 | EK7: 9.2629731e-05 | EL7: 2.7303041e-05 | EM7: 0.0016001723 | EO7: 5.8175276e-06 | EQ7: 4.7810111e-06 | ER7: 5.9609153e-05 | ES7: 2.6621823e-06 | ET7: 1.3711373e-06 | EU7: 0.00012876046 | EX7: 0.00020264319 | EY7: 4.4662631e-06 | FA7: 4.0399109e-06 | FC7: 2.3189102e-05 | FE7: 8.9622273e-06 | FF7: 1.3582766e-06 | FG7: 2.6798867e-06
A8: 2008 | B8: 4.598557e-05 | C8: 0.020535107 | D8: 0.00081266514 | E8: 5.7422324e-06 | F8: 0.0090615019 | G8: 0.00010279362 | H8: 4.9639425e-06 | I8: 0.006655108 | J8: 8.1211297e-05 | K8: 0.013165565 | L8: 4.233189e-07 | M8: 2.7434986e-05 | N8: 0.0056185557 | O8: 0.090180457 | P8: 7.834348e-06 | Q8: 0.00016251132 | R8: 0.00013905766 | S8: 0.00030108919 | T8: 0.0012537845 | U8: 0.025122305 | V8: 0.089166695 | W8: 0.011957454 | X8: 0.00053036603 | Y8: 0.00028486482 | Z8: 0.00032658532 | AA8: 0.000452531 | AB8: 0.00054462017 | AC8: 0.0013296271 | AD8: 0.00012610142 | AE8: 0.00092432178 | AF8: 0.019685876 | AG8: 2.0574506e-07 | AH8: 0.0068101446 | AI8: 0.013125633 | AJ8: 0.02843517 | AK8: 0.00014579056 | AL8: 1.9861253e-05 | AM8: 4.2753743e-05 | AN8: 3.8998041e-08 | AP8: 0.018181341 | AQ8: 8.2952189e-05 | AR8: 3.6558092e-06 | AT8: 0.016109295 | AU8: 0.00043215771 | AV8: 0.0015423911 | AW8: 4.474581e-06 | AX8: 0.0023182478 | AY8: 4.0661926e-05 | AZ8: 2.5847765e-05 | BA8: 8.1477628e-05 | BB8: 9.6872259e-05 | BC8: 0.0015878762 | BD8: 0.040095746 | BE8: 0.013593865 | BF8: 0.016840261 | BG8: 0.0055051079 | BH8: 0.0016979273 | BI8: 0.050897595 | BJ8: 9.8529182e-05 | BK8: 0.0019398598 | BL8: 0.00010278914 | BM8: 0.00013554502 | BN8: 0.018779721 | BO8: 0.00028423296 | BP8: 0.00067437796 | BQ8: 0.0015041153 | BR8: 6.6111947e-05 | BS8: 0.0016516489 | BT8: 4.2160921e-05 | BU8: 0.0010331662 | BV8: 0.016817181 | BW8: 1.5976416e-05 | BX8: 2.0911121e-05 | BY8: 3.035519e-05 | BZ8: 0.00049257214 | CA8: 0.0074719405 | CB8: 0.009497333 | CC8: 0.0012525798 | CD8: 8.9024641e-06 | CE8: 0.069626985 | CF8: 0.0016017202 | CG8: 0.00016267874 | CH8: 0.00066127292 | CI8: 0.0014273088 | CJ8: 0.0014051207 | CK8: 0.0006632958 | CL8: 0.00026775289 | CM8: 0.00052152892 | CN8: 0.0068793034 | CO8: 0.027673468 | CP8: 0.017505123 | CQ8: 0.024299785 | CR8: 0.0052382848 | CT8: 0.0015389148 | CU8: 0.0076706708 | CV8: 0.0027191339 | CW8: 0.0033644569 | CX8: 2.629983e-05 | CY8: 0.00036068496 | CZ8: 0.019035244 | DA8: 0.070326962 | DB8: 4.6550872e-05 | DC8: 3.7105031e-06 | DD8: 1.5070433e-05 | DE8: 2.0070834e-05 | DF8: 5.5026507e-05 | DG8: 9.7443604e-06 | DH8: 0.00043121001 | DI8: 0.00020708575 | DJ8: 0.0059299853 | DK8: 0.0009970568 | DL8: 0.00025736135 | DM8: 0.018396734 | DN8: 0.00026026022 | DO8: 0.000363815 | DP8: 0.014814794 | DQ8: 0.011550135 | DR8: 0.00094965951 | DS8: 0.0034501443 | DT8: 0.0212604 | DU8: 0.025096118 | DV8: 0.013734411 | DW8: 0.032035175 | DY8: 0.00043208391 | DZ8: 8.1854582e-06 | EA8: 7.4386396e-05 | EB8: 9.4192184e-05 | ED8: 1.2248222e-06 | EE8: 7.73406e-05 | EG8: 7.8630159e-06 | EI8: 0.00021723371 | EK8: 9.6403112e-05 | EM8: 0.00025722173 | EN8: 3.3768126e-06 | EO8: 1.9472462e-05 | EP8: 6.3110661e-07 | EQ8: 6.1462596e-06 | ER8: 3.5814503e-05 | ET8: 1.5890813e-06 | EU8: 0.00020505383 | EV8: 0.00053985105 | EX8: 0.00034413876 | EY8: 1.5976416e-05 | EZ8: 0.0001753509 | FA8: 1.8677599e-07 | FC8: 1.4028072e-05 | FE8: 8.5890193e-06 | FF8: 3.366492e-05 | FH8: 8.4364827e-06
A9: 2009 | B9: 0.00021591138 | C9: 0.021070217 | D9: 0.0012136385 | E9: 2.5359241e-06 | F9: 0.010630655 | G9: 0.00011595111 | H9: 1.1945759e-05 | I9: 0.014514728 | J9: 5.6771892e-05 | K9: 0.013450255 | L9: 3.9016877e-08 | N9: 0.0058525008 | O9: 0.066717575 | P9: 8.6788083e-06 | Q9: 1.3074079e-05 | R9: 0.00028996566 | S9: 0.00026267601 | T9: 0.00061992221 | U9: 0.018488511 | V9: 0.088680556 | W9: 0.015364342 | X9: 0.00044552092 | Y9: 0.00012997182 | Z9: 0.00034663321 | AA9: 9.4889779e-05 | AB9: 0.00039162272 | AC9: 0.0015288188 | AD9: 7.2455135e-05 | AE9: 0.00041582751 | AF9: 0.02850775 | AG9: 7.2746173e-06 | AH9: 0.0057399831 | AI9: 0.012984935 | AJ9: 0.016580927 | AK9: 3.4958128e-05 | AL9: 5.5222915e-06 | AM9: 0.00011338809 | AP9: 0.0084757401 | AQ9: 0.00012568623 | AR9: 1.8703832e-05 | AS9: 1.6692652e-05 | AT9: 0.017499635 | AU9: 0.00032865359 | AV9: 0.0031875434 | AW9: 2.3172506e-05 | AX9: 0.0013359344 | AY9: 1.8197705e-05 | AZ9: 1.8027351e-05 | BA9: 0.00068718232 | BB9: 0.00056112166 | BC9: 0.0054560146 | BD9: 0.032117325 | BE9: 0.026848306 | BF9: 0.02269403 | BG9: 0.0021851678 | BH9: 0.0025853268 | BI9: 0.06302444 | BJ9: 0.00042832482 | BK9: 0.0041273333 | BL9: 0.00059060212 | BM9: 2.1072547e-05 | BN9: 0.01364158 | BO9: 0.00016255014 | BP9: 0.00038866806 | BQ9: 0.0010380376 | BR9: 4.3284349e-05 | BS9: 0.0041876432 | BT9: 2.6594761e-05 | BU9: 5.8111739e-05 | BV9: 0.023348389 | BW9: 5.7521792e-05 | BX9: 0.00013806018 | BY9: 1.6077584e-05 | BZ9: 0.00086889145 | CA9: 0.0037213845 | CB9: 0.0019421582 | CC9: 0.00030031605 | CD9: 5.2906945e-06 | CE9: 0.095397096 | CF9: 0.0023358125 | CG9: 0.00018343289 | CH9: 0.00053940491 | CI9: 0.00093176222 | CJ9: 0.00017511577 | CK9: 0.0013488695 | CL9: 0.0010655205 | CM9: 0.00067078288 | CN9: 0.0058094507 | CO9: 0.015869148 | CP9: 0.018444386 | CQ9: 0.02835792 | CR9: 0.0026470947 | CS9: 7.8984899e-06 | CT9: 0.001579235 | CU9: 0.011420831 | CV9: 0.0053341318 | CW9: 0.0030683137 | CX9: 2.3348767e-05 | CY9: 0.00031298321 | CZ9: 0.021381264 | DA9: 0.076499798 | DC9: 2.1166619e-05 | DD9: 2.2142101e-05 | DE9: 2.6635682e-05 | DF9: 6.9942566e-05 | DG9: 4.0633889e-06 | DH9: 0.0003381256 | DI9: 0.00021640383 | DJ9: 0.010769679 | DK9: 0.00094066917 | DL9: 0.00036435185 | DM9: 0.020474863 | DN9: 0.00012260682 | DO9: 0.00042066372 | DP9: 0.0049649938 | DQ9: 0.0035698589 | DR9: 0.00011562373 | DS9: 0.0055124325 | DT9: 0.021648593 | DU9: 0.014551594 | DV9: 0.011384769 | DW9: 0.014545483 | DY9: 0.0034256051 | DZ9: 9.8523268e-06 | EA9: 9.5000891e-05 | EB9: 4.8831624e-05 | ED9: 3.4585749e-06 | EE9: 2.0415102e-06 | EG9: 2.5059431e-06 | EH9: 6.5474324e-05 | EI9: 2.6691891e-05 | EK9: 0.00013943564 | EL9: 2.3652486e-05 | EM9: 0.00052470031 | EN9: 1.4772151e-05 | EO9: 4.6644149e-05 | EP9: 9.5022159e-07 | EQ9: 1.5051855e-05 | ER9: 3.9040118e-05 | ES9: 4.3649549e-06 | ET9: 1.9980851e-06 | EU9: 0.00016218625 | EV9: 3.2425379e-08 | EX9: 0.00026275095 | EY9: 4.3233839e-05 | FA9: 2.363727e-07 | FC9: 6.2855351e-05 | FE9: 3.3162018e-06 | FG9: 5.5531473e-05 | FI9: 2.1927605e-06 | FJ9: 3.8012522e-09 | FK9: 7.6055806e-08 | FL9: 3.5493652e-06
A10: 2010 | B10: 7.9616268e-05 | C10: 0.03110377 | D10: 0.00058459692 | E10: 3.7249598e-06 | F10: 0.0088335092 | G10: 9.8671074e-05 | I10: 0.011997562 | J10: 7.0895212e-05 | K10: 0.004356131 | L10: 3.6543071e-06 | M10: 1.4198377e-05 | N10: 0.0055291802 | O10: 0.10053867 | P10: 8.5057471e-06 | Q10: 5.2417682e-05 | R10: 0.00027442521 | S10: 0.00053407534 | T10: 0.00060045584 | U10: 0.021420099 | V10: 0.024801677 | W10: 0.017503988 | X10: 0.00029524452 | Y10: 0.00021077913 | Z10: 0.001666128 | AA10: 3.6449435e-05 | AB10: 0.0007238345 | AC10: 0.00095440702 | AD10: 0.00010856107 | AE10: 0.0006276356 | AF10: 0.015470747 | AH10: 0.0072811415 | AI10: 0.0075910225 | AJ10: 0.022297125 | AK10: 9.1833226e-05 | AL10: 1.4549695e-05 | AM10: 0.00016427278 | AN10: 4.3921354e-06 | AP10: 0.01411019 | AQ10: 6.5597017e-05 | AR10: 1.1193402e-05 | AS10: 3.6595948e-07 | AT10: 0.01258491 | AU10: 0.0001921348 | AV10: 0.0046382293 | AW10: 6.9565604e-06 | AX10: 0.0029427173 | AY10: 3.4483388e-06 | AZ10: 1.5439426e-05 | BA10: 0.0010861906 | BB10: 5.2895056e-05 | BC10: 0.0054056051 | BD10: 0.06160763 | BE10: 0.032454837 | BF10: 0.045890787 | BG10: 0.003621175 | BH10: 0.0028538865 | BI10: 0.056084674 | BJ10: 0.00020507094 | BK10: 0.0023058105 | BL10: 0.0017553955 | BM10: 2.2095664e-05 | BN10: 0.016636158 | BO10: 0.00013273196 | BP10: 0.00029262807 | BQ10: 0.0015728122 | BR10: 2.9414386e-05 | BS10: 0.0044210758 | BT10: 2.5027339e-05 | BU10: 0.00029101797 | BV10: 0.025849278 | BW10: 0.00010156535 | BX10: 4.0339082e-05 | BY10: 3.4042742e-05 | BZ10: 0.001164357 | CA10: 0.0041599256 | CB10: 0.002938483 | CC10: 0.0010998052 | CD10: 3.6897507e-06 | CE10: 0.086179826 | CF10: 0.0023545324 | CG10: 0.00012843521 | CH10: 0.00084604543 | CI10: 0.0011284976 | CJ10: 3.7263294e-05 | CK10: 0.00054857974 | CL10: 0.00078782424 | CM10: 0.0007930283 | CN10: 0.0092434903 | CO10: 0.023137657 | CP10: 0.013587163 | CQ10: 0.023618802 | CR10: 0.0018732263 | CS10: 1.1840954e-05 | CT10: 0.0042271515 | CU10: 0.006381573 | CV10: 0.004813197 | CW10: 0.0028294474 | CX10: 5.0879098e-07 | CY10: 0.00027964545 | CZ10: 0.019200086 | DA10: 0.071465034 | DB10: 1.2407839e-06 | DC10: 1.3410509e-05 | DD10: 1.575381e-05 | DE10: 1.1046985e-05 | DF10: 0.00010552745 | DG10: 5.7296799e-06 | DH10: 0.00033974868 | DI10: 0.0001338689 | DJ10: 0.0050449524 | DK10: 0.0011254346 | DL10: 0.00024151153 | DM10: 0.014930286 | DN10: 0.00010362188 | DO10: 0.00052385607 | DP10: 0.0045358632 | DQ10: 0.0047542508 | DR10: 0.00036200898 | DS10: 0.0086531155 | DT10: 0.022034293 | DU10: 0.011824259 | DV10: 0.013185348 | DW10: 0.020997128 | DY10: 0.001546122 | EA10: 0.00014353256 | EB10: 0.00017207126 | EC10: 2.7697481e-05 | EE10: 6.0501997e-05 | EG10: 1.1550399e-06 | EH10: 6.4881396e-05 | EI10: 0.00021879864 | EK10: 0.0001385967 | EL10: 8.0728352e-06 | EM10: 0.00022629262 | EN10: 7.2380842e-05 | EO10: 3.9044287e-06 | EP10: 2.0182018e-07 | EQ10: 1.4042508e-05 | ER10: 4.1212261e-05 | EU10: 0.00016742465 | EX10: 0.00022850736 | EY10: 2.1390858e-05 | FC10: 4.9509988e-05 | FE10: 4.8886266e-06 | FG10: 7.768425e-06 | FK10: 3.3598706e-08 | FM10: 9.817098e-07 | FN10: 8.6817873e-07
A11: 2011 | B11: 1.3615331e-05 | C11: 0.040699895 | D11: 0.001854922 | F11: 0.016382694 | G11: 0.00016999774 | I11: 0.018727048 | J11: 9.8789835e-05 | K11: 0.0069761819 | L11: 4.8882059e-08 | M11: 1.7795908e-05 | N11: 0.0060849814 | O11: 0.10702799 | P11: 5.1944558e-06 | Q11: 6.9819154e-05 | R11: 0.00036494667 | S11: 0.000533468 | T11: 0.00034571317 | U11: 0.018192835 | V11: 0.026337246 | W11: 0.01977592 | X11: 0.00021761372 | Y11: 0.00016704108 | Z11: 0.0010142995 | AA11: 0.0001821059 | AB11: 0.00066064102 | AC11: 0.00075739957 | AD11: 0.00010841929 | AE11: 0.00039400405 | AF11: 0.015064149 | AH11: 0.0071976239 | AI11: 0.0040021283 | AJ11: 0.028577281 | AK11: 2.4389614e-05 | AL11: 1.6149123e-06 | AM11: 8.572452e-05 | AP11: 0.011861667 | AQ11: 8.3825675e-05 | AR11: 2.029538e-05 | AS11: 2.4313928e-05 | AT11: 0.01058432 | AU11: 0.0002055016 | AV11: 0.0033906886 | AX11: 0.0025588027 | AY11: 3.6412763e-05 | AZ11: 6.6376502e-05 | BA11: 0.00048583477 | BB11: 6.7795758e-05 | BC11: 0.0039051702 | BD11: 0.040975389 | BE11: 0.033314898 | BF11: 0.026651508 | BG11: 0.0047514123 | BH11: 0.0030897145 | BI11: 0.061786225 | BJ11: 0.00010997252 | BK11: 0.002078669 | BL11: 0.0029636158 | BM11: 5.6102037e-05 | BN11: 0.017944185 | BO11: 0.00010857948 | BP11: 0.0016968311 | BQ11: 0.001522046 | BR11: 1.0741596e-05 | BS11: 0.0013903554 | BT11: 2.5157052e-05 | BU11: 0.00017437064 | BV11: 0.021205285 | BW11: 0.0001138926 | BX11: 1.3549277e-05 | BY11: 0.00011318805 | BZ11: 0.0012567973 | CA11: 0.0042312618 | CB11: 0.003867441 | CC11: 0.0022853593 | CD11: 2.061648e-06 | CE11: 0.063420221 | CF11: 0.0025408801 | CG11: 0.0011076832 | CH11: 0.0010606048 | CI11: 0.0011428461 | CJ11: 5.0589677e-06 | CK11: 0.00062966791 | CL11: 0.00091767972 | CM11: 0.0028615494 | CN11: 0.011893935 | CO11: 0.036426957 | CP11: 0.017047476 | CQ11: 0.022017259 | CR11: 0.0020361818 | CT11: 0.00059311751 | CU11: 0.0052918867 | CV11: 0.005219701 | CW11: 0.001436153 | CX11: 1.6450249e-05 | CY11: 0.00014300079 | CZ11: 0.013392854 | DA11: 0.085508524 | DB11: 8.104273e-05 | DC11: 1.5265778e-05 | DD11: 4.3609334e-06 | DE11: 2.0301754e-05 | DF11: 0.00021676858 | DG11: 4.8738095e-06 | DH11: 0.00043168973 | DI11: 0.00025147272 | DJ11: 0.0079652521 | DK11: 0.001502917 | DL11: 0.00054908404 | DM11: 0.013292977 | DN11: 7.3998182e-05 | DO11: 0.00044618839 | DP11: 0.0037218515 | DQ11: 0.0044280806 | DR11: 0.00041675502 | DS11: 0.0052232287 | DT11: 0.019197651 | DU11: 0.011861754 | DV11: 0.013170804 | DW11: 0.030738661 | DY11: 0.00067179314 | DZ11: 5.8434326e-06 | EA11: 4.6137206e-05 | EB11: 0.00013920041 | EC11: 5.0177411e-05 | ED11: 2.9874286e-06 | EE11: 0.0016554309 | EG11: 4.0349057e-06 | EH11: 6.5193383e-06 | EI11: 0.00061829447 | EK11: 7.4913462e-05 | EM11: 0.00064566747 | EN11: 7.7124424e-05 | EO11: 4.6962359e-06 | EP11: 5.7068329e-08 | EQ11: 2.3324676e-06 | ER11: 6.1277518e-06 | EU11: 0.00022385841 | EX11: 0.00019408472 | EY11: 9.6075138e-06 | EZ11: 1.4334837e-05 | FA11: 8.1389515e-07 | FC11: 2.6181613e-05 | FE11: 4.0143198e-06 | FG11: 3.0082902e-07 | FM11: 8.4010772e-07 | FO11: 3.3833748e-05
A12: 2012 | C12: 0.029986779 | D12: 0.0015874775 | F12: 0.018972222 | G12: 0.00028361803 | I12: 0.014839273 | J12: 5.4449733e-05 | K12: 0.00807812 | L12: 1.2693929e-07 | M12: 3.8725342e-05 | N12: 0.0060072479 | O12: 0.10648485 | Q12: 3.0539487e-05 | R12: 0.00028131632 | S12: 0.00045240903 | T12: 0.00039884061 | U12: 0.027477648 | V12: 0.040227981 | W12: 0.022326405 | X12: 0.00033906749 | Y12: 0.00010305096 | Z12: 0.00012593096 | AA12: 0.00031839846 | AB12: 0.0015608467 | AC12: 0.00048320131 | AD12: 0.00015994897 | AE12: 0.00018406908 | AF12: 0.01889182 | AH12: 0.0071970311 | AI12: 0.0018654453 | AJ12: 0.016479248 | AK12: 0.00011451099 | AL12: 3.1073928e-06 | AM12: 4.3792891e-05 | AP12: 0.0070818693 | AQ12: 2.3765765e-05 | AT12: 0.0096767959 | AU12: 0.00027620415 | AV12: 0.0043315663 | AW12: 3.1048478e-06 | AX12: 0.0026087307 | AY12: 3.3641154e-05 | AZ12: 2.1425486e-05 | BA12: 0.00095779129 | BB12: 9.3474719e-05 | BC12: 0.0030715015 | BD12: 0.051768668 | BE12: 0.049121791 | BF12: 0.031278253 | BG12: 0.0070013049 | BH12: 0.0037084258 | BI12: 0.030645137 | BJ12: 6.6828076e-05 | BK12: 0.0033914634 | BL12: 0.0060411299 | BM12: 1.8528052e-06 | BN12: 0.017692479 | BO12: 1.946311e-05 | BP12: 0.0013656241 | BQ12: 0.00157861 | BR12: 1.3848898e-05 | BS12: 0.0032247493 | BT12: 2.4151846e-05 | BU12: 0.00024456438 | BV12: 0.030372791 | BW12: 3.4813743e-05 | BX12: 2.2042581e-05 | BY12: 5.9042791e-05 | BZ12: 0.0017486928 | CA12: 0.0041089723 | CB12: 0.0022505374 | CC12: 0.0018660499 | CD12: 9.6330906e-05 | CE12: 0.054240692 | CF12: 0.0023707668 | CG12: 0.0003901725 | CH12: 0.00069954388 | CI12: 0.0017370749 | CJ12: 1.8804053e-06 | CK12: 2.1776019e-05 | CL12: 0.0011849247 | CM12: 0.0022604449 | CN12: 0.0090309122 | CO12: 0.034644187 | CP12: 0.01404861 | CQ12: 0.028272517 | CR12: 0.00090483102 | CS12: 1.7984876e-06 | CT12: 0.0023758623 | CU12: 0.0051873748 | CV12: 0.0043237941 | CW12: 0.00079842013 | CX12: 1.0412629e-05 | CY12: 0.00013762589 | CZ12: 0.012055453 | DA12: 0.080144794 | DB12: 1.148412e-07 | DC12: 9.5810006e-06 | DD12: 2.778849e-06 | DE12: 4.9308547e-06 | DF12: 0.00023469278 | DG12: 4.4799389e-05 | DH12: 0.00021737132 | DI12: 0.00019329951 | DJ12: 0.0017874969 | DK12: 0.0014115951 | DL12: 0.0002864961 | DM12: 0.024761981 | DN12: 6.4339828e-05 | DO12: 0.00011847828 | DP12: 0.0034114021 | DQ12: 0.0042670312 | DR12: 0.00025001125 | DS12: 0.0011279756 | DT12: 0.019752359 | DU12: 0.0082887161 | DV12: 0.012217427 | DW12: 0.035641611 | DY12: 0.0012276081 | DZ12: 5.2922386e-05 | EA12: 1.0481967e-05 | EB12: 3.5068493e-05 | EC12: 1.8350546e-05 | EE12: 5.6517306e-05 | EF12: 2.8121778e-06 | EG12: 5.3907138e-06 | EH12: 5.8852136e-06 | EI12: 0.003680205 | EK12: 9.1614017e-05 | EM12: 0.00010434325 | EN12: 0.00010354162 | EP12: 1.6500867e-06 | EQ12: 2.2271557e-05 | EU12: 0.00023625898 | EW12: 1.3456461e-05 | EX12: 0.00017279504 | EY12: 1.0918385e-05 | EZ12: 3.1316358e-05 | FC12: 3.6419611e-05 | FE12: 9.8780766e-06 | FG12: 1.8912214e-07
A13: 2013 | B13: 0.00030522466 | C13: 0.048931688 | D13: 0.0013362595 | F13: 0.015676951 | G13: 0.00023766443 | I13: 0.011215692 | J13: 2.5000935e-05 | K13: 0.0060420074 | N13: 0.0067035558 | O13: 0.10604131 | P13: 3.3944452e-06 | R13: 0.00052099453 | S13: 0.0016253753 | T13: 0.00051155927 | U13: 0.022826172 | V13: 0.03518537 | W13: 0.017199296 | X13: 6.7321917e-05 | Y13: 0.00013769627 | Z13: 0.00019061114 | AA13: 1.4543909e-07 | AB13: 0.0051305648 | AC13: 0.00048478193 | AD13: 0.00010540398 | AE13: 0.00020168679 | AF13: 0.011354665 | AH13: 0.0060746861 | AI13: 0.0041073063 | AJ13: 0.01876444 | AK13: 0.00011314705 | AM13: 6.7283204e-05 | AN13: 2.0182144e-05 | AP13: 0.0093979855 | AQ13: 1.5110322e-05 | AR13: 7.089245e-06 | AS13: 0.0010243135 | AT13: 0.01022288 | AU13: 0.00034869089 | AV13: 0.0035798873 | AX13: 0.0027984043 | AZ13: 3.235321e-05 | BA13: 0.00071531449 | BB13: 6.8314593e-05 | BC13: 0.0033108409 | BD13: 0.046397267 | BE13: 0.05055488 | BF13: 0.035236415 | BG13: 0.0081729365 | BH13: 0.0038313672 | BI13: 0.026111273 | BJ13: 0.00048049151 | BK13: 0.0031894252 | BL13: 0.0062339121 | BM13: 0.00013240444 | BN13: 0.0088596383 | BO13: 1.3372722e-05 | BP13: 0.008673031 | BQ13: 0.0015649482 | BS13: 0.0038208565 | BT13: 1.8395366e-05 | BU13: 0.00046972037 | BV13: 0.03214806 | BW13: 7.3709483e-05 | BY13: 1.9442712e-05 | BZ13: 0.0013652987 | CA13: 0.0049068844 | CB13: 0.010239002 | CC13: 0.0012948509 | CD13: 1.5395172e-07 | CE13: 0.040305325 | CF13: 0.0020195919 | CG13: 0.00073725437 | CH13: 0.00055354746 | CI13: 0.0016582901 | CJ13: 2.5862782e-05 | CK13: 1.0388965e-05 | CL13: 0.0043802427 | CM13: 0.0012721896 | CN13: 0.0088733613 | CO13: 0.029043871 | CP13: 0.021706008 | CQ13: 0.026336167 | CR13: 2.6462884e-05 | CS13: 5.6054117e-06 | CT13: 0.0040436043 | CU13: 0.0055818949 | CV13: 0.010762896 | CW13: 0.00077171375 | CX13: 3.3873525e-05 | CY13: 0.00040848276 | CZ13: 0.016213186 | DA13: 0.03560045 | DB13: 3.5975067e-07 | DC13: 5.7685701e-06 | DD13: 3.0692235e-06 | DE13: 8.3387633e-06 | DF13: 0.00034285036 | DG13: 9.2779813e-05 | DH13: 0.00026845394 | DI13: 0.00026615184 | DJ13: 0.0022117585 | DK13: 0.0016954134 | DL13: 3.3919141e-05 | DM13: 0.032218299 | DN13: 2.3519218e-05 | DO13: 7.4411924e-05 | DP13: 0.0021141522 | DQ13: 0.011212417 | DR13: 0.00021108918 | DS13: 0.0020149012 | DT13: 0.012117478 | DU13: 0.0266224 | DV13: 0.013315116 | DW13: 0.037650145 | DY13: 0.0033401719 | EA13: 1.3078467e-05 | EC13: 5.5132038e-05 | EE13: 6.5297096e-05 | EG13: 4.1858338e-05 | EH13: 1.3272892e-05 | EI13: 0.0014631179 | EK13: 6.2662486e-05 | EN13: 4.7286059e-06 | EQ13: 8.6845041e-06 | EU13: 0.0020432879 | EW13: 5.3610039e-06 | EX13: 2.8785124e-05 | EY13: 1.2813871e-05 | EZ13: 1.480249e-05 | FA13: 2.3126706e-05 | FC13: 4.3922902e-05 | FE13: 1.8887574e-06 | FG13: 2.9915224e-06 | FO13: 8.7172481e-06 | FP13: 0.0001057725
A14: 2014 | C14: 0.045007725 | D14: 0.001120761 | F14: 0.0055183575 | G14: 0.0002171418 | I14: 0.013873411 | J14: 3.5651702e-05 | K14: 0.0039490318 | L14: 2.4751979e-08 | M14: 2.5237633e-06 | N14: 0.0064614253 | O14: 0.075855082 | P14: 2.7079298e-06 | Q14: 6.9915064e-06 | R14: 0.0005139928 | S14: 0.00068531848 | T14: 9.8840484e-05 | U14: 0.018115358 | V14: 0.023266392 | W14: 0.0092097674 | X14: 0.00025881429 | Y14: 5.7133793e-05 | Z14: 0.00036736899 | AA14: 0.00042380163 | AB14: 0.0066104052 | AC14: 0.00061979652 | AD14: 0.00012276376 | AE14: 0.0014960764 | AF14: 0.011069636 | AH14: 0.0028477635 | AI14: 0.0061174148 | AJ14: 0.018777274 | AK14: 0.00020903621 | AL14: 6.3886074e-06 | AM14: 5.1386156e-05 | AP14: 0.0035223953 | AQ14: 4.3781723e-05 | AS14: 7.8884656e-06 | AT14: 0.012311644 | AU14: 1.1761419e-06 | AV14: 0.0038079286 | AX14: 0.00073121794 | AZ14: 5.404812e-05 | BA14: 0.00048137375 | BB14: 0.0010461396 | BC14: 0.0031546707 | BD14: 0.068031251 | BE14: 0.04483212 | BF14: 0.039057653 | BG14: 0.0098481766 | BH14: 0.0034928312 | BI14: 0.027392143 | BJ14: 3.5611999e-05 | BK14: 0.0019933446 | BL14: 0.0071389453 | BM14: 1.9129518e-05 | BN14: 0.01099147 | BO14: 2.6004245e-05 | BP14: 0.014183975 | BQ14: 0.0023348837 | BS14: 0.0066680971 | BT14: 1.9290928e-05 | BU14: 0.00046571905 | BV14: 0.032961794 | BY14: 1.4072395e-05 | BZ14: 0.0015415067 | CA14: 0.004728903 | CB14: 0.0118167 | CC14: 0.0011988447 | CE14: 0.033251116 | CF14: 0.00029393078 | CG14: 0.0012280041 | CH14: 0.0010392829 | CI14: 0.00096723634 | CK14: 1.1116916e-05 | CL14: 0.0043839005 | CM14: 0.0012994921 | CN14: 0.0091098594 | CO14: 0.028314622 | CP14: 0.031071465 | CQ14: 0.036238295 | CR14: 0.00033654202 | CS14: 2.6565637e-06 | CT14: 0.0032957031 | CU14: 0.0092427709 | CV14: 0.011014305 | CW14: 0.00044115063 | CY14: 0.00013543405 | CZ14: 0.0145893 | DA14: 0.049755321 | DB14: 1.3267628e-06 | DD14: 2.1174074e-06 | DE14: 6.8209819e-06 | DF14: 0.00025290819 | DG14: 7.7118021e-05 | DH14: 0.00023784009 | DI14: 0.00049527626 | DJ14: 0.0030807571 | DK14: 0.0019948251 | DL14: 8.8008265e-05 | DM14: 0.022581655 | DO14: 0.00011027409 | DP14: 0.0012558823 | DQ14: 0.012359607 | DR14: 9.9555411e-05 | DS14: 0.0010491536 | DT14: 0.027179081 | DU14: 0.010869391 | DV14: 0.013196158 | DW14: 0.043054061 | DY14: 0.0029418427 | DZ14: 2.0617646e-07 | EA14: 2.0210488e-05 | EB14: 5.4506466e-07 | EC14: 4.5063414e-05 | EE14: 8.5578153e-07 | EG14: 2.8437738e-05 | EH14: 1.2399658e-05 | EI14: 0.0019249228 | EK14: 0.00011721027 | EN14: 5.2844875e-06 | EQ14: 3.4924655e-06 | EU14: 0.0016668838 | EX14: 5.2857774e-05 | EZ14: 8.2338214e-06 | FA14: 0.00014797112 | FC14: 1.7461714e-05 | FE14: 4.3275864e-05 | FG14: 2.1830853e-06 | FP14: 0.00018798329
A15: 2015 | B15: 7.272895e-05 | C15: 0.042761133 | D15: 0.00082826536 | F15: 0.012948066 | G15: 0.00021490314 | I15: 0.010001724 | J15: 1.9151703e-06 | K15: 0.005496276 | M15: 8.1876708e-06 | N15: 0.0057426158 | O15: 0.052870437 | P15: 6.6844592e-06 | Q15: 1.7460079e-05 | R15: 0.00049451612 | S15: 0.0012649007 | T15: 8.9469857e-05 | U15: 0.021588091 | V15: 0.033681952 | W15: 0.0015145607 | X15: 7.2710847e-05 | Y15: 0.00024538619 | Z15: 0.0001792779 | AA15: 0.00037303463 | AB15: 0.002607684 | AC15: 0.0015548948 | AD15: 0.00012104872 | AE15: 0.0008145179 | AF15: 0.015703405 | AH15: 0.0027461851 | AI15: 0.0035593533 | AJ15: 0.03104585 | AK15: 0.00014361012 | AM15: 3.150556e-05 | AP15: 0.0088529578 | AQ15: 1.8498448e-05 | AT15: 0.012223775 | AU15: 0.00024646758 | AV15: 0.0050052002 | AX15: 0.0012041668 | AZ15: 2.5168173e-05 | BA15: 2.689854e-05 | BB15: 6.2449118e-05 | BC15: 0.0031257537 | BD15: 0.10335819 | BE15: 0.036547953 | BF15: 0.030516748 | BG15: 0.0089872367 | BH15: 0.003253199 | BI15: 0.035047302 | BJ15: 6.9465922e-05 | BK15: 0.0014128191 | BL15: 0.0077343389 | BM15: 1.1998109e-06 | BN15: 0.025239392 | BO15: 1.7369679e-05 | BP15: 0.0096846697 | BQ15: 0.0024041812 | BS15: 0.0040359733 | BT15: 3.3070226e-05 | BU15: 0.00057435146 | BV15: 0.033502882 | BW15: 3.8783704e-06 | BY15: 5.9304592e-06 | BZ15: 0.0015812781 | CA15: 0.0052419302 | CB15: 0.0076253106 | CC15: 0.002192541 | CE15: 0.030002497 | CF15: 0.0023646427 | CG15: 0.00091201269 | CH15: 0.00082869217 | CI15: 0.0041310801 | CK15: 1.5155143e-05 | CL15: 0.012138658 | CM15: 0.0010342374 | CN15: 0.0083819262 | CO15: 0.02102648 | CP15: 0.014085366 | CQ15: 0.030284462 | CR15: 0.00039768068 | CS15: 3.1539474e-05 | CT15: 0.0032019595 | CU15: 0.0043189272 | CV15: 0.0098988918 | CW15: 0.00081462764 | CY15: 0.0035132634 | CZ15: 0.017840982 | DA15: 0.039232368 | DD15: 1.3377172e-06 | DF15: 0.00028779551 | DG15: 2.7082229e-05 | DH15: 0.0006308366 | DI15: 0.00027719851 | DJ15: 0.0013498393 | DK15: 0.0012355233 | DM15: 0.016791212 | DN15: 3.3160067e-06 | DO15: 6.8463312e-06 | DP15: 0.00028495165 | DQ15: 0.009801564 | DR15: 7.7375931e-05 | DS15: 0.0003324961 | DT15: 0.018928616 | DU15: 0.032307394 | DV15: 0.012518648 | DW15: 0.039816665 | DY15: 0.0018748437 | EA15: 9.5430052e-06 | EC15: 1.4964821e-05 | EG15: 5.4700363e-05 | EH15: 9.6901764e-06 | EI15: 0.00091268934 | EJ15: 4.4816724e-06 | EK15: 6.2322964e-05 | EM15: 0.00055423165 | EN15: 2.8182825e-07 | EQ15: 4.0218721e-05 | EU15: 8.8924795e-05 | EX15: 3.6875611e-05 | EZ15: 1.4346309e-05 | FA15: 8.7506464e-06 | FC15: 1.2576262e-05 | FE15: 6.8112961e-05 | FG15: 3.8650908e-06 | FP15: 0.00044829544 | FQ15: 0.00018824793 | FR15: 0.0027834607
A16: 2016 | B16: 5.8664071e-05 | C16: 0.037599371 | D16: 0.00014193101 | F16: 0.017264406 | G16: 0.00021338513 | H16: 1.8189108e-05 | I16: 0.020296622 | J16: 1.5067374e-07 | K16: 0.0047969689 | N16: 0.0055003496 | O16: 0.06321037 | P16: 6.1185088e-06 | Q16: 1.6710359e-05 | R16: 0.0004934157 | S16: 0.00069490825 | T16: 0.00016227373 | U16: 0.017966777 | V16: 0.013403539 | W16: 0.0026281172 | X16: 5.0169731e-05 | Y16: 2.9765365e-05 | Z16: 0.00013101504 | AA16: 6.4912652e-07 | AB16: 0.0026413736 | AC16: 0.0012755992 | AD16: 0.00011070327 | AE16: 0.0007097731 | AF16: 0.011020287 | AH16: 0.0024132099 | AI16: 0.0044941261 | AJ16: 0.052458195 | AK16: 9.6037114e-05 | AM16: 8.7877599e-05 | AP16: 0.0054853201 | AQ16: 2.5300686e-06 | AT16: 0.01339574 | AU16: 0.0003783663 | AV16: 0.0039730361 | AX16: 0.0013785741 | AY16: 5.9653978e-06 | AZ16: 3.0260416e-06 | BB16: 6.2332837e-05 | BC16: 0.0029283147 | BD16: 0.10256038 | BE16: 0.038061466 | BF16: 0.017999776 | BG16: 0.0094281245 | BH16: 0.0058532801 | BI16: 0.026327644 | BJ16: 4.4721248e-05 | BK16: 0.0047736601 | BL16: 0.0069096808 | BM16: 3.8504567e-05 | BN16: 0.021175616 | BO16: 1.0820159e-05 | BP16: 0.0041731318 | BQ16: 0.0038904137 | BS16: 0.0031935708 | BT16: 5.9560304e-06 | BU16: 0.00082714735 | BV16: 0.034643233 | BW16: 4.4080084e-06 | BZ16: 0.0020152258 | CA16: 0.0041161766 | CB16: 0.0083794731 | CC16: 0.0012942837 | CE16: 0.017753896 | CF16: 0.0033084434 | CG16: 0.00033927859 | CH16: 0.00031873308 | CI16: 0.00038591967 | CK16: 2.1812792e-05 | CL16: 0.010848688 | CM16: 0.00077093403 | CN16: 0.0075592802 | CO16: 0.027168222 | CP16: 0.015968685 | CQ16: 0.02860016 | CR16: 0.0021821684 | CS16: 5.3944914e-05 | CT16: 0.0015637207 | CU16: 0.0042615464 | CV16: 0.0092547359 | CW16: 0.00068729887 | CY16: 7.3701045e-05 | CZ16: 0.016859337 | DA16: 0.040254176 | DE16: 5.1161749e-06 | DF16: 0.00033979213 | DH16: 0.00029870119 | DI16: 0.00024159033 | DJ16: 0.00074773589 | DK16: 0.00095161873 | DL16: 0.00035113393 | DM16: 0.016000148 | DO16: 1.5099731e-05 | DP16: 0.004471492 | DQ16: 0.018325311 | DR16: 5.4505504e-05 | DS16: 0.001810639 | DT16: 0.013273847 | DU16: 0.075539477 | DV16: 0.0088958868 | DW16: 0.014953699 | DY16: 0.0017001868 | EA16: 2.0768363e-05 | EC16: 0.00076845355 | EG16: 3.0287538e-05 | EH16: 0.0025601276 | EI16: 1.1199824e-05 | EJ16: 8.9763079e-06 | EK16: 0.00010198254 | EL16: 2.0432537e-06 | EM16: 2.5235688e-07 | EN16: 4.0767666e-06 | EQ16: 3.3992369e-05 | EU16: 6.5716668e-05 | EX16: 1.406899e-05 | EZ16: 5.3610117e-07 | FA16: 5.2484785e-06 | FE16: 2.9883687e-05 | FG16: 3.225524e-06 | FI16: 7.5836979e-06 | FP16: 0.0001344515 | FQ16: 0.0013030486 | FR16: 0.00018496071
A17: 2017 | B17: 9.9149904e-06 | C17: 0.032639659 | D17: 0.00035056608 | F17: 0.0089868281 | G17: 0.0001443185 | I17: 0.022786847 | J17: 1.4503622e-06 | K17: 0.0054838907 | M17: 6.1734212e-06 | N17: 0.0061021011 | O17: 0.080404168 | P17: 5.61784e-05 | R17: 0.00014116889 | S17: 0.00054983242 | T17: 0.00010361611 | U17: 0.022103112 | V17: 0.018833957 | W17: 0.003286681 | X17: 0.00023417562 | Y17: 9.7058625e-05 | Z17: 0.0001278978 | AA17: 7.3662987e-05 | AB17: 0.00078250516 | AC17: 0.00084152513 | AD17: 0.00010273925 | AE17: 0.0011751002 | AF17: 0.012330217 | AH17: 0.00055986821 | AI17: 0.0074120861 | AJ17: 0.035875494 | AK17: 0.00014407325 | AM17: 3.5540983e-07 | AN17: 3.7896465e-07 | AP17: 0.0023422293 | AQ17: 4.6881588e-05 | AT17: 0.0087791298 | AU17: 0.0010865864 | AV17: 0.0051201996 | AW17: 7.0307403e-06 | AX17: 0.0020919896 | AZ17: 9.8574028e-06 | BA17: 0.00017888649 | BB17: 7.5875574e-05 | BC17: 0.0030180181 | BD17: 0.10562379 | BE17: 0.049538909 | BF17: 0.022891066 | BG17: 0.0078983636 | BH17: 0.0034531438 | BI17: 0.036653608 | BK17: 0.003549456 | BL17: 0.0089071762 | BM17: 9.8192256e-06 | BN17: 0.0024298893 | BO17: 9.5138861e-05 | BP17: 0.0029381512 | BQ17: 0.0036853734 | BS17: 0.00048122511 | BU17: 0.0010076592 | BV17: 0.031394743 | BX17: 0.013039589 | BY17: 4.7054197e-06 | BZ17: 0.00167319 | CA17: 0.0039637777 | CB17: 0.0099778562 | CC17: 0.0020450167 | CD17: 8.8232734e-05 | CE17: 0.033842194 | CF17: 0.002127984 | CG17: 0.00041397701 | CH17: 0.00024202877 | CI17: 0.00020876841 | CK17: 0.00054499263 | CL17: 0.0029933957 | CM17: 0.00032054582 | CN17: 0.0074817188 | CO17: 0.025880849 | CP17: 0.010223782 | CQ17: 0.03103904 | CR17: 0.0019741183 | CS17: 2.8674831e-05 | CT17: 0.0042171472 | CU17: 0.0053827168 | CV17: 0.011449167 | CW17: 0.00089395567 | CY17: 4.3244274e-05 | CZ17: 0.017921128 | DA17: 0.042549263 | DB17: 5.15514e-05 | DE17: 6.6231611e-06 | DF17: 0.0006485411 | DG17: 2.1635687e-07 | DH17: 0.00041007853 | DI17: 0.00025437922 | DJ17: 1.1685702e-05 | DK17: 0.0011699521 | DL17: 0.00019753568 | DM17: 0.017244414 | DN17: 6.6639191e-06 | DO17: 1.4000055e-05 | DP17: 0.0028462007 | DQ17: 0.014700833 | DR17: 0.00023793133 | DS17: 0.0020791941 | DT17: 0.020476204 | DU17: 0.051915857 | DV17: 0.010411986 | DW17: 0.010000742 | DY17: 0.0029520195 | DZ17: 3.7003866e-07 | EA17: 2.8961687e-05 | EC17: 0.0021441678 | EE17: 4.0139943e-07 | EG17: 8.2549654e-06 | EH17: 0.0043031585 | EI17: 0.0015287893 | EJ17: 1.1292551e-07 | EK17: 0.00012537137 | EL17: 3.3366874e-07 | EM17: 2.2502608e-07 | EO17: 7.6487566e-06 | EQ17: 1.3097963e-05 | EU17: 0.00011965463 | EW17: 6.524162e-05 | EX17: 6.2805253e-05 | EZ17: 5.0218479e-06 | FA17: 1.3380701e-05 | FE17: 9.5729827e-05 | FG17: 1.6450734e-06 | FP17: 0.00020386632 | FQ17: 0.0017582927
A18: 2018 | C18: 0.04778759 | D18: 0.00015696887 | F18: 0.019014381 | I18: 0.021194454 | K18: 0.0075213856 | N18: 0.0064868061 | O18: 0.084030271 | P18: 3.9859779e-05 | S18: 0.0016818254 | T18: 0.0022687739 | U18: 0.026230633 | V18: 0.038280998 | W18: 0.0033934644 | X18: 9.3623369e-05 | Y18: 5.7990128e-05 | Z18: 8.7914593e-05 | AB18: 0.0032949153 | AC18: 0.0010839516 | AD18: 0.00011060806 | AE18: 0.002231736 | AF18: 0.014685101 | AH18: 0.00063817998 | AI18: 0.0085515223 | AJ18: 0.02643676 | AK18: 3.9707283e-05 | AP18: 0.0026237609 | AQ18: 4.4064569e-05 | AT18: 0.0085573888 | AU18: 0.0016958801 | AV18: 0.0057428173 | AX18: 0.0010052316 | AZ18: 0.00016247811 | BB18: 5.3203968e-05 | BC18: 0.0032137525 | BD18: 0.080263069 | BE18: 0.045264289 | BF18: 0.017480335 | BG18: 0.012159889 | BH18: 0.0053840932 | BI18: 0.030888416 | BK18: 0.0025088161 | BL18: 0.0075291604 | BN18: 9.7207673e-05 | BO18: 2.3283021e-05 | BQ18: 0.0029216238 | BS18: 0.0020728885 | BU18: 0.00056047633 | BV18: 0.027517078 | BX18: 0.0185233 | BZ18: 0.0017804659 | CA18: 0.0055078279 | CB18: 0.0097486027 | CC18: 0.0038349344 | CE18: 0.049180509 | CF18: 0.0019487108 | CG18: 0.00020944145 | CI18: 0.00011720631 | CK18: 0.00057269462 | CL18: 0.0013142659 | CM18: 0.00045667224 | CN18: 0.0094822559 | CO18: 0.024309745 | CP18: 0.017779395 | CQ18: 0.030881965 | CR18: 0.00012694062 | CS18: 3.224668e-05 | CT18: 1.878626e-05 | CU18: 0.0097816955 | CV18: 0.01279102 | CW18: 0.0009733997 | CY18: 5.4154922e-05 | CZ18: 0.013851707 | DA18: 0.034913851 | DB18: 9.4477918e-06 | DF18: 0.00017854073 | DH18: 0.00063098619 | DI18: 0.00023059899 | DK18: 0.0011616307 | DM18: 0.015203898 | DP18: 0.001839322 | DQ18: 0.019033284 | DR18: 4.8379024e-05 | DS18: 0.0026354119 | DT18: 0.025677044 | DU18: 0.010024376 | DV18: 0.0097420991 | DW18: 0.014133367 | DY18: 0.0052743699 | EC18: 0.0027129881 | EH18: 0.0082336307 | EI18: 0.0017800649 | EQ18: 1.4081448e-05 | EU18: 0.00012800356 | EX18: 3.6022206e-05 | FG18: 1.8883029e-06
A19: 2019 | C19: 0.039839414 | D19: 0.00020059154 | F19: 0.013070659 | G19: 2.7853515e-05 | I19: 0.026654031 | J19: 2.0867857e-05 | K19: 0.0027368411 | N19: 0.0066103267 | O19: 0.072611829 | P19: 9.3617757e-05 | R19: 0.00042332752 | S19: 0.00089949999 | T19: 0.00095524112 | U19: 0.027511189 | V19: 0.075413467 | W19: 0.0038709155 | X19: 8.1726496e-05 | Y19: 3.7039788e-05 | Z19: 9.1341817e-05 | AB19: 0.0034866833 | AC19: 0.0023004227 | AD19: 0.00015573879 | AE19: 0.0025025706 | AF19: 0.012099299 | AH19: 0.0038297916 | AI19: 0.0061030511 | AJ19: 0.017685498 | AK19: 6.530907e-05 | AP19: 0.0023343268 | AT19: 0.0088180557 | AU19: 0.0021028311 | AV19: 0.0054312753 | AX19: 0.00068696756 | AZ19: 0.00016386488 | BB19: 0.00013826984 | BC19: 0.0026687796 | BD19: 0.092178914 | BE19: 0.050390881 | BF19: 0.017613132 | BG19: 0.011512462 | BH19: 0.0037420603 | BI19: 0.029859476 | BK19: 0.0024518428 | BL19: 0.0043468995 | BM19: 2.8377393e-06 | BN19: 0.0061402246 | BO19: 2.4468471e-05 | BQ19: 0.0010396367 | BS19: 0.0029067456 | BU19: 0.0005946647 | BV19: 0.021165595 | BX19: 0.0059019849 | BZ19: 0.0012245829 | CA19: 0.0037040603 | CB19: 0.012656391 | CC19: 0.0037144798 | CE19: 0.055255964 | CF19: 0.0036755776 | CG19: 0.00014467137 | CI19: 5.9585549e-05 | CK19: 0.0016146271 | CL19: 0.0010352625 | CM19: 0.00056359325 | CN19: 0.008769268 | CO19: 0.026259213 | CP19: 0.016404387 | CQ19: 0.026220711 | CR19: 0.0020631372 | CS19: 2.3634032e-05 | CT19: 2.6350546e-05 | CU19: 0.0062727641 | CV19: 0.015764921 | CW19: 0.0012123997 | CZ19: 0.013392796 | DA19: 0.040590875 | DI19: 0.00012766297 | DK19: 0.0010721368 | DM19: 0.020596865 | DP19: 0.0023135306 | DQ19: 0.015006586 | DR19: 3.021278e-05 | DS19: 0.0016481114 | DT19: 0.016783326 | DU19: 0.010449047 | DV19: 0.0081154798 | DW19: 0.0025637735 | DY19: 0.0028479213 | EA19: 2.2477826e-05 | EC19: 0.00092541952 | EG19: 4.9560036e-07 | EH19: 0.0035919328 | EI19: 0.00071178982 | EQ19: 9.7421032e-06 | EU19: 7.0358131e-05 | EX19: 2.588113e-05
A20: 2020 | C20: 0.02753875 | D20: 7.1782017e-05 | F20: 0.0089900991 | G20: 5.7117546e-05 | I20: 0.016609293 | K20: 0.00084548697 | N20: 0.0070374151 | O20: 0.074881817 | P20: 0.000138381 | S20: 0.00072253192 | T20: 0.00017546984 | U20: 0.038633205 | V20: 0.075920581 | W20: 0.0046332232 | X20: 0.00017958979 | Y20: 4.3367181e-05 | Z20: 0.00062042617 | AB20: 0.0027922291 | AC20: 0.0014410514 | AD20: 0.00013662262 | AE20: 0.0019364146 | AF20: 0.013656894 | AH20: 0.001508001 | AI20: 0.0058151604 | AJ20: 0.014325431 | AK20: 0.00010171156 | AP20: 0.0065726176 | AT20: 0.0097013858 | AU20: 0.0018465491 | AV20: 0.0084873821 | AX20: 0.00044536598 | AZ20: 7.9137362e-05 | BB20: 0.00010388185 | BC20: 0.0013796407 | BD20: 0.11714928 | BE20: 0.041335038 | BF20: 0.0099343009 | BG20: 0.010826634 | BH20: 0.0082707406 | BI20: 0.030502734 | BK20: 0.0029594283 | BL20: 0.0063378554 | BN20: 0.0012029926 | BO20: 5.7477049e-05 | BP20: 0.0026258576 | BQ20: 0.0027469593 | BS20: 0.0009388642 | BU20: 0.0010072172 | BV20: 0.029856754 | BW20: 5.0066933e-05 | BZ20: 0.0010459406 | CA20: 0.0037877245 | CB20: 0.013259251 | CC20: 0.0062393941 | CE20: 0.050089939 | CF20: 0.00090709053 | CG20: 0.00023576103 | CI20: 4.9333678e-05 | CK20: 0.0011426055 | CL20: 0.0026725153 | CM20: 0.00039209889 | CN20: 0.0078564959 | CO20: 0.028629191 | CP20: 0.0096611813 | CQ20: 0.025802929 | CR20: 0.00063478807 | CS20: 3.5987952e-05 | CU20: 0.0083950234 | CV20: 0.015402377 | CW20: 0.0014574427 | CY20: 8.0555961e-06 | CZ20: 0.016018582 | DA20: 0.028916679 | DH20: 0.00059396813 | DI20: 9.4639846e-05 | DK20: 0.0013016077 | DM20: 0.011590469 | DP20: 0.0024831987 | DQ20: 0.01962561 | DR20: 4.5489985e-05 | DS20: 0.0013543693 | DT20: 0.0098312292 | DU20: 0.012546928 | DV20: 0.011516959 | DW20: 0.0014869445 | DY20: 0.0065071757 | EA20: 2.377717e-05 | EC20: 0.0067601246 | EH20: 0.008917712 | EI20: 0.001796247 | EU20: 7.7356663e-05 | EX20: 2.1468378e-05 | FS20: 0.00020447906
A21: 2021 | C21: 0.023121799 | D21: 0.00014051614 | F21: 0.0043596941 | G21: 8.916607e-05 | I21: 0.02353847 | K21: 0.0013041604 | N21: 0.0049293039 | O21: 0.061382038 | P21: 8.0963856e-05 | S21: 0.00031975353 | T21: 0.0001325037 | U21: 0.038812968 | V21: 0.057256357 | W21: 0.010845228 | Y21: 0.00016124979 | Z21: 0.0002461436 | AB21: 0.002660912 | AC21: 0.0013387636 | AD21: 0.00013444454 | AE21: 0.0020870092 | AF21: 0.0077868096 | AH21: 0.0071977668 | AI21: 0.014174131 | AJ21: 0.015931586 | AK21: 0.00020368425 | AP21: 0.0094659621 | AT21: 0.0062406719 | AU21: 0.0014846017 | AV21: 0.0053106172 | AX21: 0.0035230701 | AZ21: 0.00010397317 | BB21: 7.2486374e-05 | BC21: 0.00094593061 | BD21: 0.12616301 | BE21: 0.05240759 | BF21: 0.0051477093 | BG21: 0.0078683214 | BH21: 0.0067381967 | BI21: 0.019611604 | BK21: 0.0059419647 | BL21: 0.0066817704 | BM21: 3.5574621e-06 | BN21: 0.009742866 | BO21: 3.0239809e-05 | BP21: 0.0023750188 | BQ21: 0.00062019472 | BS21: 0.0036143371 | BV21: 0.024661549 | BZ21: 0.0013910302 | CA21: 0.0053963365 | CB21: 0.0075799645 | CC21: 0.0067269896 | CE21: 0.078352662 | CF21: 0.00092596205 | CG21: 0.00039265076 | CI21: 0.0015776662 | CK21: 0.0018065204 | CL21: 0.000351614 | CM21: 0.00051989187 | CN21: 0.0068984101 | CO21: 0.024176023 | CP21: 0.012973484 | CQ21: 0.02267704 | CR21: 0.0015900814 | CS21: 9.7553188e-05 | CT21: 0.0020730349 | CU21: 0.0055462117 | CV21: 0.013124787 | CW21: 0.0011749422 | CY21: 5.0483089e-05 | CZ21: 0.014922493 | DA21: 0.040671901 | DB21: 5.513677e-06 | DI21: 0.00017688022 | DK21: 0.0011488161 | DM21: 0.0098904486 | DP21: 0.0025409222 | DQ21: 0.014105089 | DR21: 1.5159697e-05 | DS21: 0.0024698542 | DT21: 0.013553551 | DU21: 0.010185931 | DV21: 0.0098054324 | DW21: 0.0045127909 | DY21: 0.003932154 | EC21: 0.004760237 | EH21: 0.010747488 | EI21: 0.00087646116 | EM21: 2.6420887e-06 | EU21: 2.5119783e-05 | EX21: 1.039035e-05 | FA21: 0.0010193971 | FS21: 9.4429028e-05
A22: 2022 | C22: 0.016763125 | D22: 0.0012006352 | F22: 0.0047484045 | G22: 0.00011799381 | I22: 0.022151166 | K22: 0.0022420424 | N22: 0.00427977 | O22: 0.07480632 | P22: 0.00015368988 | S22: 0.0019775051 | T22: 0.0022166932 | U22: 0.038215693 | V22: 0.04719342 | W22: 0.0094508494 | X22: 0.00022519106 | Y22: 6.5334021e-05 | Z22: 0.00089299262 | AB22: 0.0020474479 | AD22: 5.9685794e-05 | AE22: 0.0023790199 | AF22: 0.0044755491 | AH22: 0.011247579 | AI22: 0.019319043 | AJ22: 0.0080902051 | AK22: 0.00021799238 | AL22: 7.5765919e-06 | AP22: 0.0076785942 | AQ22: 2.8898933e-05 | AT22: 0.0081726243 | AU22: 0.0021806244 | AV22: 0.0063039448 | AX22: 0.0029465135 | AZ22: 0.0001379231 | BB22: 0.00010662056 | BC22: 0.00044418993 | BD22: 0.11620199 | BE22: 0.043650974 | BG22: 0.011453609 | BH22: 0.0058841333 | BI22: 0.026393768 | BJ22: 0.00061808338 | BK22: 0.0036185487 | BL22: 0.0064057356 | BM22: 1.3253853e-06 | BN22: 0.009079439 | BO22: 4.1607386e-05 | BP22: 0.0036993234 | BQ22: 0.00093705269 | BS22: 0.0033643728 | BU22: 0.00080281238 | BV22: 0.026275064 | BW22: 0.00018122134 | BZ22: 0.0018474914 | CA22: 0.011401849 | CB22: 0.013048665 | CC22: 0.0051313731 | CE22: 0.091656803 | CF22: 9.0986934e-05 | CG22: 0.00038606901 | CI22: 0.00092048037 | CK22: 0.0034196758 | CL22: 0.0054837524 | CM22: 0.00038902235 | CN22: 0.004928324 | CO22: 0.025648888 | CP22: 0.017886943 | CQ22: 0.027897006 | CR22: 0.0016779446 | CS22: 9.610148e-05 | CT22: 0.0026126044 | CU22: 0.0033848341 | CV22: 0.012860459 | CW22: 0.0023549892 | CY22: 0.00016965767 | CZ22: 0.0088872335 | DA22: 0.035624203 | DG22: 3.85094e-05 | DI22: 0.00018345132 | DK22: 0.0014941656 | DM22: 0.0060214352 | DP22: 0.0037392437 | DQ22: 0.020834632 | DR22: 2.823921e-05 | DS22: 0.0026343311 | DT22: 0.0074247639 | DU22: 0.011478976 | DV22: 0.01177405 | DW22: 0.0046079522 | DY22: 0.0023624875 | EH22: 0.0056764981 | EP22: 0.00033811458 | EU22: 0.0019973509 | EX22: 4.3645167e-05 | FA22: 0.0016927017 | FG22: 8.5100033e-07
A23: 2023 | C23: 0.01604616 | D23: 0.0006506077 | F23: 0.0071505243 | G23: 0.00012461907 | I23: 0.019395685 | K23: 0.0012866195 | N23: 0.0046251681 | O23: 0.10936098 | P23: 0.00040687974 | R23: 0.00014709486 | S23: 0.00055390745 | T23: 0.0038755352 | U23: 0.053075493 | V23: 0.073127531 | W23: 0.011097943 | X23: 0.0007065276 | Y23: 0.00032346423 | Z23: 0.00062449615 | AB23: 0.0043403416 | AC23: 0.0027218551 | AD23: 9.1230748e-05 | AE23: 0.0021893736 | AH23: 0.0088476247 | AI23: 0.014632049 | AJ23: 0.03042995 | AK23: 1.591132e-05 | AP23: 0.0024518866 | AQ23: 1.2137302e-05 | AS23: 0.0025231957 | AT23: 0.010265779 | AU23: 0.0012981535 | AV23: 0.011476241 | AX23: 0.0033896621 | BB23: 0.00015547074 | BC23: 0.0006993222 | BD23: 0.080771153 | BE23: 0.043938368 | BG23: 0.014524519 | BH23: 0.0072078751 | BI23: 0.01863265 | BK23: 0.0012648713 | BL23: 0.013894539 | BM23: 9.1844031e-06 | BN23: 0.011328502 | BO23: 5.0720334e-05 | BQ23: 0.0047285295 | BS23: 0.0092153798 | BV23: 0.038909739 | BZ23: 0.0016097963 | CA23: 0.017994379 | CB23: 0.010471935 | CC23: 0.0051170604 | CE23: 0.036081429 | CF23: 2.5348449e-05 | CG23: 0.00033104856 | CI23: 0.00044683774 | CK23: 0.0039814179 | CL23: 0.0008481263 | CM23: 0.0007248766 | CN23: 0.0063091926 | CO23: 0.037576726 | CP23: 0.014003377 | CQ23: 0.0064162603 | CR23: 0.00045537148 | CS23: 0.00029452486 | CU23: 0.0025466417 | CV23: 0.017331304 | CW23: 0.0026036685 | CY23: 0.00011145992 | CZ23: 0.0055960186 | DA23: 0.020925164 | DI23: 0.00020063211 | DK23: 0.0016632456 | DM23: 0.0072969628 | DQ23: 0.021630311 | DR23: 6.7395103e-06 | DS23: 0.0021869494 | DT23: 0.0062663529 | DU23: 0.011135744 | DV23: 0.017465329 | DW23: 0.0088975262 | DY23: 0.0071958831 | EE23: 7.4277916e-05 | EH23: 0.0026173389 | EI23: 1.6004352e-06 | EQ23: 1.2876465e-05 | EU23: 0.00027935321 | EX23: 3.0265375e-06 | FA23: 0.00085734599
A24: 2024 | C24: 0.015197639 | D24: 0.0033309947 | F24: 0.0049073736 | I24: 0.019946866 | J24: 4.6178513e-05 | K24: 0.0063631261 | N24: 0.002298573 | O24: 0.088901418 | P24: 0.00025291469 | R24: 0.00015470157 | S24: 0.0017569402 | T24: 0.0098230681 | U24: 0.044482753 | V24: 0.057375954 | W24: 0.006554988 | X24: 6.0798329e-05 | Y24: 6.7603563e-05 | Z24: 0.0012320106 | AB24: 0.0013739195 | AD24: 6.1383447e-05 | AE24: 0.0038905626 | AH24: 0.0099308698 | AI24: 0.027746866 | AJ24: 0.010764906 | AK24: 0.00064398679 | AL24: 4.6221522e-05 | AP24: 0.0072237638 | AQ24: 0.00034987245 | AS24: 0.0018723185 | AT24: 0.008790059 | AU24: 0.0035953793 | AV24: 0.011519595 | AX24: 0.0056942209 | BB24: 0.0003495364 | BC24: 0.00046426202 | BD24: 0.12979761 | BE24: 0.014022667 | BG24: 0.012447089 | BH24: 0.009788448 | BI24: 0.025501216 | BK24: 0.00035358476 | BL24: 0.0068368908 | BN24: 0.007736052 | BO24: 4.4303223e-05 | BQ24: 0.0039958315 | BR24: 0.00017782204 | BS24: 0.0032700876 | BV24: 0.029072858 | BZ24: 0.0013156131 | CA24: 0.010253507 | CB24: 0.0091887512 | CC24: 0.0054770621 | CE24: 0.029791832 | CF24: 0.00035420347 | CG24: 0.0013286348 | CI24: 0.0027130826 | CK24: 0.002812207 | CL24: 0.0070938836 | CM24: 0.00045103042 | CN24: 0.0059191295 | CO24: 0.034507351 | CP24: 0.010141945 | CQ24: 0.021435664 | CR24: 0.0027386326 | CS24: 4.2380122e-05 | CT24: 0.0081677608 | CU24: 0.0026809126 | CV24: 0.029803186 | CW24: 0.0031139831 | CY24: 0.00010962405 | CZ24: 0.0050578181 | DA24: 0.026471966 | DI24: 6.5279387e-05 | DK24: 0.0010955003 | DM24: 0.0058920796 | DP24: 0.0022459627 | DQ24: 0.015926899 | DR24: 8.7096069e-06 | DS24: 0.0031772031 | DT24: 0.0089097762 | DU24: 0.012764315 | DV24: 0.0095132931 | DW24: 0.0061642669 | DY24: 0.0053817032 | EC24: 0.00054910008 | EH24: 0.0085671944 | EI24: 4.159954e-06 | EU24: 0.00067715258 | EX24: 6.4444201e-06 | FG24: 5.2592142e-06 | FP24: 0.000211875

Sheet Hoja1
A1: Año | B1: 2002 | C1: 2003 | D1: 2004 | E1: 2005 | F1: 2006 | G1: 2007 | H1: 2008 | I1: 2009 | J1: 2010 | K1: 2011 | L1: 2012 | M1: 2013 | N1: 2014 | O1: 2015 | P1: 2016 | Q1: 2017 | R1: 2018 | S1: 2019 | T1: 2020 | U1: 2021 | V1: 2022 | W1: 2023 | X1: 2024
A2: Afghanistan, Islamic Republic of | D2: 3.1989831e-05 | G2: 5.8175276e-06 | H2: 1.9472462e-05 | I2: 4.6644149e-05 | J2: 3.9044287e-06 | K2: 4.6962359e-06 | Q2: 7.6487566e-06
A3: Albania | B3: 5.8157289e-05 | C3: 5.744787e-06 | D3: 3.0210744e-05 | E3: 1.0937436e-05 | G3: 1.7683819e-05 | H3: 4.598557e-05 | I3: 0.00021591138 | J3: 7.9616268e-05 | K3: 1.3615331e-05 | M3: 0.00030522466 | O3: 7.272895e-05 | P3: 5.8664071e-05 | Q3: 9.9149904e-06
A4: Algeria | B4: 0.012074498 | C4: 0.018487583 | D4: 0.026138925 | E4: 0.030247436 | F4: 0.03121941 | G4: 0.025080247 | H4: 0.020535107 | I4: 0.021070217 | J4: 0.03110377 | K4: 0.040699895 | L4: 0.029986779 | M4: 0.048931688 | N4: 0.045007725 | O4: 0.042761133 | P4: 0.037599371 | Q4: 0.032639659 | R4: 0.04778759 | S4: 0.039839414 | T4: 0.02753875 | U4: 0.023121799 | V4: 0.016763125 | W4: 0.01604616 | X4: 0.015197639
A5: Andorra, Principality of | F5: 5.8792155e-07
A6: Angola | B6: 0.0003305491 | C6: 0.00033482846 | D6: 0.00062929234 | E6: 0.00086957486 | F6: 0.00083887287 | G6: 0.00064252608 | H6: 0.00081266514 | I6: 0.0012136385 | J6: 0.00058459692 | K6: 0.001854922 | L6: 0.0015874775 | M6: 0.0013362595 | N6: 0.001120761 | O6: 0.00082826536 | P6: 0.00014193101 | Q6: 0.00035056608 | R6: 0.00015696887 | S6: 0.00020059154 | T6: 7.1782017e-05 | U6: 0.00014051614 | V6: 0.0012006352 | W6: 0.0006506077 | X6: 0.0033309947
A7: Antigua and Barbuda | B7: 5.8876703e-06 | C7: 2.2347541e-06 | D7: 4.7556812e-06 | E7: 2.398031e-06 | F7: 2.3487724e-06 | G7: 1.9817811e-06 | H7: 5.7422324e-06 | I7: 2.5359241e-06 | J7: 3.7249598e-06
A8: Armenia, Republic of | D8: 7.5343414e-08 | F8: 5.2077472e-06 | H8: 6.3110661e-07 | I8: 9.5022159e-07 | J8: 2.0182018e-07 | K8: 5.7068329e-08 | L8: 1.6500867e-06 | V8: 0.00033811458
A9: Aruba, Kingdom of the Netherlands | C9: 0.00018420841 | D9: 0.00030393935 | E9: 0.00027886697 | F9: 0.00021282628 | G9: 5.5384901e-05 | H9: 7.4386396e-05 | I9: 9.5000891e-05 | J9: 0.00014353256 | K9: 4.6137206e-05 | L9: 1.0481967e-05 | M9: 1.3078467e-05 | N9: 2.0210488e-05 | O9: 9.5430052e-06 | P9: 2.0768363e-05 | Q9: 2.8961687e-05 | S9: 2.2477826e-05 | T9: 2.377717e-05
A10: Australia | B10: 0.0031527871 | C10: 0.0021351357 | D10: 0.0015784974 | E10: 0.0018575251 | F10: 0.0034127456 | G10: 0.0068726366 | H10: 0.0090615019 | I10: 0.010630655 | J10: 0.0088335092 | K10: 0.016382694 | L10: 0.018972222 | M10: 0.015676951 | N10: 0.0055183575 | O10: 0.012948066 | P10: 0.017264406 | Q10: 0.0089868281 | R10: 0.019014381 | S10: 0.013070659 | T10: 0.0089900991 | U10: 0.0043596941 | V10: 0.0047484045 | W10: 0.0071505243 | X10: 0.0049073736
A11: Austria | B11: 7.4757881e-05 | C11: 8.8583191e-05 | D11: 0.00031688375 | E11: 0.0004874607 | F11: 0.00017401275 | G11: 0.00012175388 | H11: 0.00010279362 | I11: 0.00011595111 | J11: 9.8671074e-05 | K11: 0.00016999774 | L11: 0.00028361803 | M11: 0.00023766443 | N11: 0.0002171418 | O11: 0.00021490314 | P11: 0.00021338513 | Q11: 0.0001443185 | S11: 2.7853515e-05 | T11: 5.7117546e-05 | U11: 8.916607e-05 | V11: 0.00011799381 | W11: 0.00012461907
A12: Azerbaijan, Republic of | C12: 7.9300163e-06 | E12: 5.6496265e-07 | F12: 1.3537667e-05 | G12: 0.00010885359 | H12: 9.4192184e-05 | I12: 4.8831624e-05 | J12: 0.00017207126 | K12: 0.00013920041 | L12: 3.5068493e-05 | N12: 5.4506466e-07
A13: Bahamas, The | B13: 1.5041729e-05 | D13: 2.4362129e-06 | E13: 1.1117057e-07 | H13: 4.9639425e-06 | I13: 1.1945759e-05 | P13: 1.8189108e-05
A14: Bahrain, Kingdom of | D14: 2.9020318e-05 | E14: 9.8465856e-06 | F14: 7.9543465e-06 | G14: 4.7810111e-06 | H14: 6.1462596e-06 | I14: 1.5051855e-05 | J14: 1.4042508e-05 | K14: 2.3324676e-06 | L14: 2.2271557e-05 | M14: 8.6845041e-06 | N14: 3.4924655e-06 | O14: 4.0218721e-05 | P14: 3.3992369e-05 | Q14: 1.3097963e-05 | R14: 1.4081448e-05 | S14: 9.7421032e-06 | W14: 1.2876465e-05
A15: Bangladesh | B15: 0.018048788 | C15: 0.018473866 | D15: 0.0084433426 | E15: 0.010737208 | F15: 0.0094231938 | G15: 0.01360249 | H15: 0.006655108 | I15: 0.014514728 | J15: 0.011997562 | K15: 0.018727048 | L15: 0.014839273 | M15: 0.011215692 | N15: 0.013873411 | O15: 0.010001724 | P15: 0.020296622 | Q15: 0.022786847 | R15: 0.021194454 | S15: 0.026654031 | T15: 0.016609293 | U15: 0.02353847 | V15: 0.022151166 | W15: 0.019395685 | X15: 0.019946866
A16: Barbados | B16: 6.4657473e-05 | C16: 4.0058288e-05 | D16: 4.8758281e-05 | E16: 8.5583236e-05 | F16: 4.3178802e-05 | G16: 3.6207455e-05 | H16: 8.1211297e-05 | I16: 5.6771892e-05 | J16: 7.0895212e-05 | K16: 9.8789835e-05 | L16: 5.4449733e-05 | M16: 2.5000935e-05 | N16: 3.5651702e-05 | O16: 1.9151703e-06 | P16: 1.5067374e-07 | Q16: 1.4503622e-06 | S16: 2.0867857e-05 | X16: 4.6178513e-05
A17: Belarus, Republic of | C17: 1.1169994e-06 | D17: 2.0596908e-06 | E17: 2.0915885e-05 | F17: 1.208991e-05 | G17: 1.1138828e-05 | J17: 2.7697481e-05 | K17: 5.0177411e-05 | L17: 1.8350546e-05 | M17: 5.5132038e-05 | N17: 4.5063414e-05 | O17: 1.4964821e-05 | P17: 0.00076845355 | Q17: 0.0021441678 | R17: 0.0027129881 | S17: 0.00092541952 | T17: 0.0067601246 | U17: 0.004760237 | X17: 0.00054910008
A18: Belgium | B18: 0.014928414 | C18: 0.010529689 | D18: 0.0082509372 | E18: 0.0083097389 | F18: 0.010226896 | G18: 0.010287861 | H18: 0.013165565 | I18: 0.013450255 | J18: 0.004356131 | K18: 0.0069761819 | L18: 0.00807812 | M18: 0.0060420074 | N18: 0.0039490318 | O18: 0.005496276 | P18: 0.0047969689 | Q18: 0.0054838907 | R18: 0.0075213856 | S18: 0.0027368411 | T18: 0.00084548697 | U18: 0.0013041604 | V18: 0.0022420424 | W18: 0.0012866195 | X18: 0.0063631261
A19: Belize | B19: 2.9566101e-05 | C19: 4.5371148e-05 | D19: 9.1309666e-06 | E19: 1.5658544e-06 | F19: 1.2386205e-06 | G19: 1.1447375e-06 | H19: 4.233189e-07 | I19: 3.9016877e-08 | J19: 3.6543071e-06 | K19: 4.8882059e-08 | L19: 1.2693929e-07 | N19: 2.4751979e-08
A20: Benin | B20: 0.0001740231 | C20: 8.9241004e-05 | D20: 5.4887513e-05 | E20: 9.4677302e-06 | F20: 0.0001237317 | G20: 1.9138669e-05 | H20: 2.7434986e-05 | J20: 1.4198377e-05 | K20: 1.7795908e-05 | L20: 3.8725342e-05 | N20: 2.5237633e-06 | O20: 8.1876708e-06 | Q20: 6.1734212e-06
A21: Bolivia | B21: 0.0062873835 | C21: 0.0056303468 | D21: 0.0066738707 | E21: 0.0063943024 | F21: 0.0058219186 | G21: 0.0044989908 | H21: 0.0056185557 | I21: 0.0058525008 | J21: 0.0055291802 | K21: 0.0060849814 | L21: 0.0060072479 | M21: 0.0067035558 | N21: 0.0064614253 | O21: 0.0057426158 | P21: 0.0055003496 | Q21: 0.0061021011 | R21: 0.0064868061 | S21: 0.0066103267 | T21: 0.0070374151 | U21: 0.0049293039 | V21: 0.00427977 | W21: 0.0046251681 | X21: 0.002298573
A22: Bosnia and Herzegovina | D22: 6.8709418e-05 | E22: 0.00022245353 | F22: 5.5107737e-05 | G22: 5.9609153e-05 | H22: 3.5814503e-05 | I22: 3.9040118e-05 | J22: 4.1212261e-05 | K22: 6.1277518e-06
A23: Botswana | I23: 2.1927605e-06 | P23: 7.5836979e-06
A24: Brazil | B24: 0.07148379 | C24: 0.043938469 | D24: 0.045646677 | E24: 0.058943348 | F24: 0.064650668 | G24: 0.097240497 | H24: 0.090180457 | I24: 0.066717575 | J24: 0.10053867 | K24: 0.10702799 | L24: 0.10648485 | M24: 0.10604131 | N24: 0.075855082 | O24: 0.052870437 | P24: 0.06321037 | Q24: 0.080404168 | R24: 0.084030271 | S24: 0.072611829 | T24: 0.074881817 | U24: 0.061382038 | V24: 0.07480632 | W24: 0.10936098 | X24: 0.088901418
A25: Brunei Darussalam | M25: 0.0001057725 | N25: 0.00018798329 | O25: 0.00044829544 | P25: 0.0001344515 | Q25: 0.00020386632 | X25: 0.000211875
A26: Bulgaria | B26: 0.0013582504 | C26: 0.00078237518 | D26: 0.00073372943 | E26: 0.00031311317 | F26: 0.00022033389 | G26: 9.1271676e-06 | H26: 7.834348e-06 | I26: 8.6788083e-06 | J26: 8.5057471e-06 | K26: 5.1944558e-06 | M26: 3.3944452e-06 | N26: 2.7079298e-06 | O26: 6.6844592e-06 | P26: 6.1185088e-06 | Q26: 5.61784e-05 | R26: 3.9859779e-05 | S26: 9.3617757e-05 | T26: 0.000138381 | U26: 8.0963856e-05 | V26: 0.00015368988 | W26: 0.00040687974 | X26: 0.00025291469
A27: Burkina Faso | B27: 1.1490515e-05 | D27: 1.4495418e-05 | E27: 5.0914576e-05 | F27: 0.00010079116 | G27: 2.4554109e-05 | H27: 0.00016251132 | I27: 1.3074079e-05 | J27: 5.2417682e-05 | K27: 6.9819154e-05 | L27: 3.0539487e-05 | N27: 6.9915064e-06 | O27: 1.7460079e-05 | P27: 1.6710359e-05
A28: Cabo Verde | C28: 4.4111659e-05 | D28: 4.2459683e-05 | F28: 7.6445273e-06 | G28: 9.1286419e-08 | H28: 1.2248222e-06 | I28: 3.4585749e-06 | K28: 2.9874286e-06
A29: Cambodia | B29: 4.7475993e-05 | C29: 2.2617728e-05 | D29: 0.00020275879 | E29: 0.00027640239 | F29: 0.00017403513 | G29: 0.00012010486 | H29: 0.00013905766 | I29: 0.00028996566 | J29: 0.00027442521 | K29: 0.00036494667 | L29: 0.00028131632 | M29: 0.00052099453 | N29: 0.0005139928 | O29: 0.00049451612 | P29: 0.0004934157 | Q29: 0.00014116889 | S29: 0.00042332752 | W29: 0.00014709486 | X29: 0.00015470157
A30: Cameroon | B30: 0.00013127429 | C30: 0.00012511734 | D30: 0.00014014891 | E30: 0.00024041114 | F30: 0.00045010563 | G30: 0.00012315421 | H30: 0.00030108919 | I30: 0.00026267601 | J30: 0.00053407534 | K30: 0.000533468 | L30: 0.00045240903 | M30: 0.0016253753 | N30: 0.00068531848 | O30: 0.0012649007 | P30: 0.00069490825 | Q30: 0.00054983242 | R30: 0.0016818254 | S30: 0.00089949999 | T30: 0.00072253192 | U30: 0.00031975353 | V30: 0.0019775051 | W30: 0.00055390745 | X30: 0.0017569402
A31: Canada | B31: 0.0017153789 | C31: 0.001527663 | D31: 0.0022526484 | E31: 0.0024980993 | F31: 0.0018209801 | G31: 0.0011557057 | H31: 0.0012537845 | I31: 0.00061992221 | J31: 0.00060045584 | K31: 0.00034571317 | L31: 0.00039884061 | M31: 0.00051155927 | N31: 9.8840484e-05 | O31: 8.9469857e-05 | P31: 0.00016227373 | Q31: 0.00010361611 | R31: 0.0022687739 | S31: 0.00095524112 | T31: 0.00017546984 | U31: 0.0001325037 | V31: 0.0022166932 | W31: 0.0038755352 | X31: 0.0098230681
A32: Central African Republic | D32: 4.9137009e-06 | E32: 5.0533353e-06 | G32: 2.6621823e-06 | I32: 4.3649549e-06
A33: Chad | F33: 2.6640195e-05 | G33: 2.3189102e-05 | H33: 1.4028072e-05 | I33: 6.2855351e-05 | J33: 4.9509988e-05 | K33: 2.6181613e-05 | L33: 3.6419611e-05 | M33: 4.3922902e-05 | N33: 1.7461714e-05 | O33: 1.2576262e-05
A34: Chile | B34: 0.032051665 | C34: 0.038932851 | D34: 0.032240453 | E34: 0.042460158 | F34: 0.034142825 | G34: 0.02688175 | H34: 0.025122305 | I34: 0.018488511 | J34: 0.021420099 | K34: 0.018192835 | L34: 0.027477648 | M34: 0.022826172 | N34: 0.018115358 | O34: 0.021588091 | P34: 0.017966777 | Q34: 0.022103112 | R34: 0.026230633 | S34: 0.027511189 | T34: 0.038633205 | U34: 0.038812968 | V34: 0.038215693 | W34: 0.053075493 | X34: 0.044482753
A35: China, People's Republic of | B35: 0.061000133 | C35: 0.1301896 | D35: 0.11676662 | E35: 0.092996667 | F35: 0.071218033 | G35: 0.11718416 | H35: 0.089166695 | I35: 0.088680556 | J35: 0.024801677 | K35: 0.026337246 | L35: 0.040227981 | M35: 0.03518537 | N35: 0.023266392 | O35: 0.033681952 | P35: 0.013403539 | Q35: 0.018833957 | R35: 0.038280998 | S35: 0.075413467 | T35: 0.075920581 | U35: 0.057256357 | V35: 0.04719342 | W35: 0.073127531 | X35: 0.057375954
A36: Colombia | B36: 0.0046317684 | C36: 0.0033448992 | D36: 0.0072472602 | E36: 0.004460199 | F36: 0.010120842 | G36: 0.011424899 | H36: 0.011957454 | I36: 0.015364342 | J36: 0.017503988 | K36: 0.01977592 | L36: 0.022326405 | M36: 0.017199296 | N36: 0.0092097674 | O36: 0.0015145607 | P36: 0.0026281172 | Q36: 0.003286681 | R36: 0.0033934644 | S36: 0.0038709155 | T36: 0.0046332232 | U36: 0.010845228 | V36: 0.0094508494 | W36: 0.011097943 | X36: 0.006554988
A37: Comoros, Union of the | D37: 1.1449955e-05 | F37: 1.3222356e-06 | G37: 1.3711373e-06 | H37: 1.5890813e-06 | I37: 1.9980851e-06
A38: Congo, Democratic Republic of the | B38: 7.770598e-05 | F38: 0.00030235851 | G38: 0.00011431581 | H38: 0.00053036603 | I38: 0.00044552092 | J38: 0.00029524452 | K38: 0.00021761372 | L38: 0.00033906749 | M38: 6.7321917e-05 | N38: 0.00025881429 | O38: 7.2710847e-05 | P38: 5.0169731e-05 | Q38: 0.00023417562 | R38: 9.3623369e-05 | S38: 8.1726496e-05 | T38: 0.00017958979 | V38: 0.00022519106 | W38: 0.0007065276 | X38: 6.0798329e-05
A39: Congo, Republic of | B39: 0.0008296823 | C39: 0.0010216567 | D39: 0.0017130802 | E39: 0.00099846558 | F39: 0.0012459363 | G39: 0.00048357508 | H39: 0.00028486482 | I39: 0.00012997182 | J39: 0.00021077913 | K39: 0.00016704108 | L39: 0.00010305096 | M39: 0.00013769627 | N39: 5.7133793e-05 | O39: 0.00024538619 | P39: 2.9765365e-05 | Q39: 9.7058625e-05 | R39: 5.7990128e-05 | S39: 3.7039788e-05 | T39: 4.3367181e-05 | U39: 0.00016124979 | V39: 6.5334021e-05 | W39: 0.00032346423 | X39: 6.7603563e-05
A40: Costa Rica | B40: 0.00051576078 | C40: 0.00056260158 | D40: 0.00028817529 | E40: 0.0002451448 | F40: 0.00059168428 | G40: 0.00024045881 | H40: 0.00032658532 | I40: 0.00034663321 | J40: 0.001666128 | K40: 0.0010142995 | L40: 0.00012593096 | M40: 0.00019061114 | N40: 0.00036736899 | O40: 0.0001792779 | P40: 0.00013101504 | Q40: 0.0001278978 | R40: 8.7914593e-05 | S40: 9.1341817e-05 | T40: 0.00062042617 | U40: 0.0002461436 | V40: 0.00089299262 | W40: 0.00062449615 | X40: 0.0012320106
A41: Côte d'Ivoire | B41: 8.3854639e-05 | C41: 0.0002170251 | D41: 7.2754144e-05 | E41: 0.0005427166 | F41: 0.00040832039 | G41: 0.00020108148 | H41: 0.00092432178 | I41: 0.00041582751 | J41: 0.0006276356 | K41: 0.00039400405 | L41: 0.00018406908 | M41: 0.00020168679 | N41: 0.0014960764 | O41: 0.0008145179 | P41: 0.0007097731 | Q41: 0.0011751002 | R41: 0.002231736 | S41: 0.0025025706 | T41: 0.0019364146 | U41: 0.0020870092 | V41: 0.0023790199 | W41: 0.0021893736 | X41: 0.0038905626
A42: Croatia, Republic of | B42: 1.863522e-05 | C42: 0.00044688383 | D42: 0.00025179492 | E42: 0.00060547861 | F42: 0.00046189998 | G42: 0.00012980657 | H42: 0.000452531 | I42: 9.4889779e-05 | J42: 3.6449435e-05 | K42: 0.0001821059 | L42: 0.00031839846 | M42: 1.4543909e-07 | N42: 0.00042380163 | O42: 0.00037303463 | P42: 6.4912652e-07 | Q42: 7.3662987e-05
A43: Cuba | B43: 0.00048424824 | C43: 0.00025663363 | D43: 0.0026436478 | E43: 0.0019225208 | F43: 0.0019773214 | G43: 0.00078837797 | H43: 0.00054462017 | I43: 0.00039162272 | J43: 0.0007238345 | K43: 0.00066064102 | L43: 0.0015608467 | M43: 0.0051305648 | N43: 0.0066104052 | O43: 0.002607684 | P43: 0.0026413736 | Q43: 0.00078250516 | R43: 0.0032949153 | S43: 0.0034866833 | T43: 0.0027922291 | U43: 0.002660912 | V43: 0.0020474479 | W43: 0.0043403416 | X43: 0.0013739195
A44: Curaçao, Kingdom of the Netherlands | T44: 0.00020447906 | U44: 9.4429028e-05
A45: Cyprus | B45: 0.0024051078 | C45: 0.0017556294 | D45: 0.00077797824 | E45: 0.0013302396 | F45: 0.0017049523 | G45: 0.001438989 | H45: 0.0013296271 | I45: 0.0015288188 | J45: 0.00095440702 | K45: 0.00075739957 | L45: 0.00048320131 | M45: 0.00048478193 | N45: 0.00061979652 | O45: 0.0015548948 | P45: 0.0012755992 | Q45: 0.00084152513 | R45: 0.0010839516 | S45: 0.0023004227 | T45: 0.0014410514 | U45: 0.0013387636 | W45: 0.0027218551
A46: Czech Republic | B46: 4.0048148e-05 | C46: 6.7365299e-05 | D46: 5.5312549e-05 | E46: 4.1147053e-05 | F46: 4.4536201e-05 | G46: 0.00012238675 | H46: 0.00012610142 | I46: 7.2455135e-05 | J46: 0.00010856107 | K46: 0.00010841929 | L46: 0.00015994897 | M46: 0.00010540398 | N46: 0.00012276376 | O46: 0.00012104872 | P46: 0.00011070327 | Q46: 0.00010273925 | R46: 0.00011060806 | S46: 0.00015573879 | T46: 0.00013662262 | U46: 0.00013444454 | V46: 5.9685794e-05 | W46: 9.1230748e-05 | X46: 6.1383447e-05
A47: Denmark | B47: 0.035054573 | C47: 0.033217435 | D47: 0.02504327 | E47: 0.02399519 | F47: 0.025599699 | G47: 0.023155654 | H47: 0.019685876 | I47: 0.02850775 | J47: 0.015470747 | K47: 0.015064149 | L47: 0.01889182 | M47: 0.011354665 | N47: 0.011069636 | O47: 0.015703405 | P47: 0.011020287 | Q47: 0.012330217 | R47: 0.014685101 | S47: 0.012099299 | T47: 0.013656894 | U47: 0.0077868096 | V47: 0.0044755491
A48: Djibouti | H48: 8.4364827e-06
A49: Dominica | B49: 4.2499257e-06 | D49: 3.2508472e-06 | E49: 6.6551025e-08 | F49: 1.7351044e-05 | G49: 1.6329569e-05 | H49: 2.0574506e-07 | I49: 7.2746173e-06
A50: Dominican Republic | B50: 0.009665227 | C50: 0.0078794391 | D50: 0.010872931 | E50: 0.0078957204 | F50: 0.0072822512 | G50: 0.0092319856 | H50: 0.0068101446 | I50: 0.0057399831 | J50: 0.0072811415 | K50: 0.0071976239 | L50: 0.0071970311 | M50: 0.0060746861 | N50: 0.0028477635 | O50: 0.0027461851 | P50: 0.0024132099 | Q50: 0.00055986821 | R50: 0.00063817998 | S50: 0.0038297916 | T50: 0.001508001 | U50: 0.0071977668 | V50: 0.011247579 | W50: 0.0088476247 | X50: 0.0099308698
A51: Ecuador | B51: 0.0056712913 | C51: 0.0075568251 | D51: 0.010206842 | E51: 0.0076441228 | F51: 0.01105727 | G51: 0.010260968 | H51: 0.013125633 | I51: 0.012984935 | J51: 0.0075910225 | K51: 0.0040021283 | L51: 0.0018654453 | M51: 0.0041073063 | N51: 0.0061174148 | O51: 0.0035593533 | P51: 0.0044941261 | Q51: 0.0074120861 | R51: 0.0085515223 | S51: 0.0061030511 | T51: 0.0058151604 | U51: 0.014174131 | V51: 0.019319043 | W51: 0.014632049 | X51: 0.027746866
A52: Egypt, Arab Republic of | B52: 0.040079492 | C52: 0.033071262 | D52: 0.030774679 | E52: 0.016681751 | F52: 0.016244627 | G52: 0.010308829 | H52: 0.02843517 | I52: 0.016580927 | J52: 0.022297125 | K52: 0.028577281 | L52: 0.016479248 | M52: 0.01876444 | N52: 0.018777274 | O52: 0.03104585 | P52: 0.052458195 | Q52: 0.035875494 | R52: 0.02643676 | S52: 0.017685498 | T52: 0.014325431 | U52: 0.015931586 | V52: 0.0080902051 | W52: 0.03042995 | X52: 0.010764906
A53: El Salvador | B53: 6.8717496e-05 | C53: 0.00056158726 | D53: 0.0017510879 | E53: 0.00040872228 | F53: 0.00028861685 | G53: 0.00033193095 | H53: 0.00014579056 | I53: 3.4958128e-05 | J53: 9.1833226e-05 | K53: 2.4389614e-05 | L53: 0.00011451099 | M53: 0.00011314705 | N53: 0.00020903621 | O53: 0.00014361012 | P53: 9.6037114e-05 | Q53: 0.00014407325 | R53: 3.9707283e-05 | S53: 6.530907e-05 | T53: 0.00010171156 | U53: 0.00020368425 | V53: 0.00021799238 | W53: 1.591132e-05 | X53: 0.00064398679
A54: Equatorial Guinea, Republic of | B54: 2.6628622e-07 | C54: 3.3438235e-06 | D54: 4.2415066e-06 | E54: 3.5439324e-06 | F54: 6.4787408e-06 | G54: 1.140001e-05 | H54: 1.9861253e-05 | I54: 5.5222915e-06 | J54: 1.4549695e-05 | K54: 1.6149123e-06 | L54: 3.1073928e-06 | N54: 6.3886074e-06 | V54: 7.5765919e-06 | X54: 4.6221522e-05
A55: Eritrea, The State of | F55: 1.9308246e-06
A56: Estonia, Republic of | B56: 4.2112227e-06 | C56: 1.9984736e-05 | D56: 1.839686e-05 | E56: 4.0092234e-05 | F56: 5.8463138e-05 | G56: 3.6953768e-05 | H56: 4.2753743e-05 | I56: 0.00011338809 | J56: 0.00016427278 | K56: 8.572452e-05 | L56: 4.3792891e-05 | M56: 6.7283204e-05 | N56: 5.1386156e-05 | O56: 3.150556e-05 | P56: 8.7877599e-05 | Q56: 3.5540983e-07
A57: Ethiopia, The Federal Democratic Republic of | B57: 5.6820569e-07 | H57: 3.8998041e-08 | J57: 4.3921354e-06 | M57: 2.0182144e-05 | Q57: 3.7896465e-07
A58: Fiji, Republic of | B58: 0.00019187776 | C58: 0.00014061618
A59: Finland | C59: 8.6057669e-06 | D59: 8.7576476e-05 | E59: 0.00028759541 | F59: 0.0002171875 | G59: 0.00026334301 | H59: 7.73406e-05 | I59: 2.0415102e-06 | J59: 6.0501997e-05 | K59: 0.0016554309 | L59: 5.6517306e-05 | M59: 6.5297096e-05 | N59: 8.5578153e-07 | Q59: 4.0139943e-07 | W59: 7.4277916e-05
A60: France | B60: 0.010835119 | C60: 0.012769521 | D60: 0.006852845 | E60: 0.0064778242 | F60: 0.014799958 | G60: 0.016285337 | H60: 0.018181341 | I60: 0.0084757401 | J60: 0.01411019 | K60: 0.011861667 | L60: 0.0070818693 | M60: 0.0093979855 | N60: 0.0035223953 | O60: 0.0088529578 | P60: 0.0054853201 | Q60: 0.0023422293 | R60: 0.0026237609 | S60: 0.0023343268 | T60: 0.0065726176 | U60: 0.0094659621 | V60: 0.0076785942 | W60: 0.0024518866 | X60: 0.0072237638
A61: Gabon | B61: 9.677867e-05 | C61: 9.9943458e-05 | D61: 8.6746614e-05 | E61: 8.9274162e-05 | F61: 0.00011711004 | G61: 8.6629322e-05 | H61: 8.2952189e-05 | I61: 0.00012568623 | J61: 6.5597017e-05 | K61: 8.3825675e-05 | L61: 2.3765765e-05 | M61: 1.5110322e-05 | N61: 4.3781723e-05 | O61: 1.8498448e-05 | P61: 2.5300686e-06 | Q61: 4.6881588e-05 | R61: 4.4064569e-05 | V61: 2.8898933e-05 | W61: 1.2137302e-05 | X61: 0.00034987245
A62: Gambia, The | B62: 7.5352019e-05 | C62: 4.8285114e-05 | D62: 1.6403572e-05 | E62: 2.1329957e-05 | F62: 5.2287628e-06 | G62: 2.7194552e-05 | H62: 3.6558092e-06 | I62: 1.8703832e-05 | J62: 1.1193402e-05 | K62: 2.029538e-05 | M62: 7.089245e-06
A63: Georgia | B63: 9.0407303e-06 | D63: 3.6780018e-06 | F63: 0.00029969817 | G63: 3.9748684e-06 | I63: 1.6692652e-05 | J63: 3.6595948e-07 | K63: 2.4313928e-05 | M63: 0.0010243135 | N63: 7.8884656e-06 | W63: 0.0025231957 | X63: 0.0018723185
A64: Germany | B64: 0.021434318 | C64: 0.018602233 | D64: 0.016040808 | E64: 0.012741424 | F64: 0.013319576 | G64: 0.014365865 | H64: 0.016109295 | I64: 0.017499635 | J64: 0.01258491 | K64: 0.01058432 | L64: 0.0096767959 | M64: 0.01022288 | N64: 0.012311644 | O64: 0.012223775 | P64: 0.01339574 | Q64: 0.0087791298 | R64: 0.0085573888 | S64: 0.0088180557 | T64: 0.0097013858 | U64: 0.0062406719 | V64: 0.0081726243 | W64: 0.010265779 | X64: 0.008790059
A65: Ghana | B65: 0.00039424374 | C65: 0.00040127695 | D65: 0.00047637274 | E65: 0.00072313433 | F65: 0.000245141 | G65: 0.0001923074 | H65: 0.00043215771 | I65: 0.00032865359 | J65: 0.0001921348 | K65: 0.0002055016 | L65: 0.00027620415 | M65: 0.00034869089 | N65: 1.1761419e-06 | O65: 0.00024646758 | P65: 0.0003783663 | Q65: 0.0010865864 | R65: 0.0016958801 | S65: 0.0021028311 | T65: 0.0018465491 | U65: 0.0014846017 | V65: 0.0021806244 | W65: 0.0012981535 | X65: 0.0035953793
A66: Greece | B66: 0.0040254366 | C66: 0.0055808283 | D66: 0.0060537382 | E66: 0.0032463211 | F66: 0.0034736573 | G66: 0.0040512753 | H66: 0.0015423911 | I66: 0.0031875434 | J66: 0.0046382293 | K66: 0.0033906886 | L66: 0.0043315663 | M66: 0.0035798873 | N66: 0.0038079286 | O66: 0.0050052002 | P66: 0.0039730361 | Q66: 0.0051201996 | R66: 0.0057428173 | S66: 0.0054312753 | T66: 0.0084873821 | U66: 0.0053106172 | V66: 0.0063039448 | W66: 0.011476241 | X66: 0.011519595
A67: Grenada | B67: 3.4734161e-05 | C67: 3.6151254e-05 | D67: 2.5490233e-05 | E67: 3.0370409e-05 | F67: 2.8771572e-05 | G67: 9.2418838e-06 | H67: 4.474581e-06 | I67: 2.3172506e-05 | J67: 6.9565604e-06 | L67: 3.1048478e-06 | Q67: 7.0307403e-06
A68: Guatemala | B68: 0.0032553594 | C68: 0.0035020584 | D68: 0.0039150856 | E68: 0.0033500646 | F68: 0.0026480822 | G68: 0.0025954073 | H68: 0.0023182478 | I68: 0.0013359344 | J68: 0.0029427173 | K68: 0.0025588027 | L68: 0.0026087307 | M68: 0.0027984043 | N68: 0.00073121794 | O68: 0.0012041668 | P68: 0.0013785741 | Q68: 0.0020919896 | R68: 0.0010052316 | S68: 0.00068696756 | T68: 0.00044536598 | U68: 0.0035230701 | V68: 0.0029465135 | W68: 0.0033896621 | X68: 0.0056942209
A69: Guinea | B69: 8.4884151e-06 | C69: 3.9152756e-05 | D69: 2.5190907e-05 | E69: 5.4176351e-05 | F69: 6.616936e-05 | G69: 2.7860188e-05 | H69: 4.0661926e-05 | I69: 1.8197705e-05 | J69: 3.4483388e-06 | K69: 3.6412763e-05 | L69: 3.3641154e-05 | P69: 5.9653978e-06
A70: Guinea-Bissau | C70: 1.8880991e-09 | F70: 1.3215342e-05 | G70: 1.4461926e-05 | L70: 2.8121778e-06
A71: Guyana | B71: 3.4790668e-05 | C71: 4.3077842e-05 | D71: 2.1866976e-05 | E71: 2.8548653e-05 | F71: 6.9683118e-05 | G71: 3.3685148e-05 | H71: 2.5847765e-05 | I71: 1.8027351e-05 | J71: 1.5439426e-05 | K71: 6.6376502e-05 | L71: 2.1425486e-05 | M71: 3.235321e-05 | N71: 5.404812e-05 | O71: 2.5168173e-05 | P71: 3.0260416e-06 | Q71: 9.8574028e-06 | R71: 0.00016247811 | S71: 0.00016386488 | T71: 7.9137362e-05 | U71: 0.00010397317 | V71: 0.0001379231
A72: Haiti | B72: 6.8320955e-05 | C72: 6.8233296e-05 | D72: 5.3449486e-05 | E72: 7.1749171e-05 | F72: 5.7815385e-05 | G72: 9.5653892e-05 | H72: 8.1477628e-05 | I72: 0.00068718232 | J72: 0.0010861906 | K72: 0.00048583477 | L72: 0.00095779129 | M72: 0.00071531449 | N72: 0.00048137375 | O72: 2.689854e-05 | Q72: 0.00017888649
A73: Honduras | B73: 0.00015331465 | C73: 0.00032013022 | D73: 0.0014227901 | E73: 0.00029813326 | F73: 8.9254089e-05 | G73: 9.9632708e-05 | H73: 9.6872259e-05 | I73: 0.00056112166 | J73: 5.2895056e-05 | K73: 6.7795758e-05 | L73: 9.3474719e-05 | M73: 6.8314593e-05 | N73: 0.0010461396 | O73: 6.2449118e-05 | P73: 6.2332837e-05 | Q73: 7.5875574e-05 | R73: 5.3203968e-05 | S73: 0.00013826984 | T73: 0.00010388185 | U73: 7.2486374e-05 | V73: 0.00010662056 | W73: 0.00015547074 | X73: 0.0003495364
A74: Hong Kong Special Administrative Region, People's Republic of China | B74: 0.0023733997 | C74: 0.0022253111 | D74: 0.0022778605 | E74: 0.0037487669 | F74: 0.0024178186 | G74: 0.0031442606 | H74: 0.0015878762 | I74: 0.0054560146 | J74: 0.0054056051 | K74: 0.0039051702 | L74: 0.0030715015 | M74: 0.0033108409 | N74: 0.0031546707 | O74: 0.0031257537 | P74: 0.0029283147 | Q74: 0.0030180181 | R74: 0.0032137525 | S74: 0.0026687796 | T74: 0.0013796407 | U74: 0.00094593061 | V74: 0.00044418993 | W74: 0.0006993222 | X74: 0.00046426202
A75: Hungary | C75: 9.2888812e-06 | D75: 2.0637544e-08 | E75: 1.6887546e-05 | F75: 7.857217e-06 | G75: 8.2352549e-06 | H75: 7.8630159e-06 | I75: 2.5059431e-06 | J75: 1.1550399e-06 | K75: 4.0349057e-06 | L75: 5.3907138e-06 | M75: 4.1858338e-05 | N75: 2.8437738e-05 | O75: 5.4700363e-05 | P75: 3.0287538e-05 | Q75: 8.2549654e-06 | S75: 4.9560036e-07
A76: Iceland | I76: 3.8012522e-09
A77: India | B77: 0.070733011 | C77: 0.057917293 | D77: 0.055148106 | E77: 0.062732002 | F77: 0.062859405 | G77: 0.049752875 | H77: 0.040095746 | I77: 0.032117325 | J77: 0.06160763 | K77: 0.040975389 | L77: 0.051768668 | M77: 0.046397267 | N77: 0.068031251 | O77: 0.10335819 | P77: 0.10256038 | Q77: 0.10562379 | R77: 0.080263069 | S77: 0.092178914 | T77: 0.11714928 | U77: 0.12616301 | V77: 0.11620199 | W77: 0.080771153 | X77: 0.12979761
A78: Indonesia | B78: 0.0063135682 | C78: 0.0041081391 | D78: 0.011120199 | E78: 0.017123696 | F78: 0.013946621 | G78: 0.017339955 | H78: 0.013593865 | I78: 0.026848306 | J78: 0.032454837 | K78: 0.033314898 | L78: 0.049121791 | M78: 0.05055488 | N78: 0.04483212 | O78: 0.036547953 | P78: 0.038061466 | Q78: 0.049538909 | R78: 0.045264289 | S78: 0.050390881 | T78: 0.041335038 | U78: 0.05240759 | V78: 0.043650974 | W78: 0.043938368 | X78: 0.014022667
A79: Iran, Islamic Republic of | B79: 0.019885379 | C79: 0.0018408768 | E79: 7.1129106e-06 | G79: 0.011994768 | H79: 0.016840261 | I79: 0.02269403 | J79: 0.045890787 | K79: 0.026651508 | L79: 0.031278253 | M79: 0.035236415 | N79: 0.039057653 | O79: 0.030516748 | P79: 0.017999776 | Q79: 0.022891066 | R79: 0.017480335 | S79: 0.017613132 | T79: 0.0099343009 | U79: 0.0051477093
A80: Iraq | C80: 0.00029786395 | D80: 0.00050957203 | E80: 5.9985785e-05 | F80: 0.00025369002 | G80: 3.98748e-06 | I80: 6.5474324e-05 | J80: 6.4881396e-05 | K80: 6.5193383e-06 | L80: 5.8852136e-06 | M80: 1.3272892e-05 | N80: 1.2399658e-05 | O80: 9.6901764e-06 | P80: 0.0025601276 | Q80: 0.0043031585 | R80: 0.0082336307 | S80: 0.0035919328 | T80: 0.008917712 | U80: 0.010747488 | V80: 0.0056764981 | W80: 0.0026173389 | X80: 0.0085671944
A81: Ireland | B81: 0.0043929122 | C81: 0.0089415426 | D81: 0.0053744593 | E81: 0.0047345301 | F81: 0.0074804916 | G81: 0.0059075027 | H81: 0.0055051079 | I81: 0.0021851678 | J81: 0.003621175 | K81: 0.0047514123 | L81: 0.0070013049 | M81: 0.0081729365 | N81: 0.0098481766 | O81: 0.0089872367 | P81: 0.0094281245 | Q81: 0.0078983636 | R81: 0.012159889 | S81: 0.011512462 | T81: 0.010826634 | U81: 0.0078683214 | V81: 0.011453609 | W81: 0.014524519 | X81: 0.012447089
A82: Israel | B82: 0.0014826056 | C82: 0.0027762523 | D82: 0.0050347246 | E82: 0.0052571125 | F82: 0.0024771835 | G82: 0.002905233 | H82: 0.0016979273 | I82: 0.0025853268 | J82: 0.0028538865 | K82: 0.0030897145 | L82: 0.0037084258 | M82: 0.0038313672 | N82: 0.0034928312 | O82: 0.003253199 | P82: 0.0058532801 | Q82: 0.0034531438 | R82: 0.0053840932 | S82: 0.0037420603 | T82: 0.0082707406 | U82: 0.0067381967 | V82: 0.0058841333 | W82: 0.0072078751 | X82: 0.009788448
A83: Italy | B83: 0.074155671 | C83: 0.055984941 | D83: 0.055839223 | E83: 0.044468109 | F83: 0.044960592 | G83: 0.041339329 | H83: 0.050897595 | I83: 0.06302444 | J83: 0.056084674 | K83: 0.061786225 | L83: 0.030645137 | M83: 0.026111273 | N83: 0.027392143 | O83: 0.035047302 | P83: 0.026327644 | Q83: 0.036653608 | R83: 0.030888416 | S83: 0.029859476 | T83: 0.030502734 | U83: 0.019611604 | V83: 0.026393768 | W83: 0.01863265 | X83: 0.025501216
A84: Jamaica | B84: 0.0005081435 | C84: 0.00014832306 | D84: 0.00062046256 | E84: 0.00054147306 | F84: 0.00081349876 | G84: 0.00020662904 | H84: 9.8529182e-05 | I84: 0.00042832482 | J84: 0.00020507094 | K84: 0.00010997252 | L84: 6.6828076e-05 | M84: 0.00048049151 | N84: 3.5611999e-05 | O84: 6.9465922e-05 | P84: 4.4721248e-05 | V84: 0.00061808338
A85: Japan | B85: 0.0010082027 | C85: 0.00097191654 | D85: 0.0015577071 | E85: 0.0039484413 | F85: 0.0057891512 | G85: 0.0054345412 | H85: 0.0019398598 | I85: 0.0041273333 | J85: 0.0023058105 | K85: 0.002078669 | L85: 0.0033914634 | M85: 0.0031894252 | N85: 0.0019933446 | O85: 0.0014128191 | P85: 0.0047736601 | Q85: 0.003549456 | R85: 0.0025088161 | S85: 0.0024518428 | T85: 0.0029594283 | U85: 0.0059419647 | V85: 0.0036185487 | W85: 0.0012648713 | X85: 0.00035358476
A86: Jordan | B86: 0.0076490089 | C86: 0.0051654835 | D86: 0.0058148594 | E86: 0.0036154287 | F86: 0.0022644538 | G86: 0.00061008266 | H86: 0.00010278914 | I86: 0.00059060212 | J86: 0.0017553955 | K86: 0.0029636158 | L86: 0.0060411299 | M86: 0.0062339121 | N86: 0.0071389453 | O86: 0.0077343389 | P86: 0.0069096808 | Q86: 0.0089071762 | R86: 0.0075291604 | S86: 0.0043468995 | T86: 0.0063378554 | U86: 0.0066817704 | V86: 0.0064057356 | W86: 0.013894539 | X86: 0.0068368908
A87: Kazakhstan, Republic of | E87: 7.6151839e-06 | G87: 0.00020264319 | H87: 0.00034413876 | I87: 0.00026275095 | J87: 0.00022850736 | K87: 0.00019408472 | L87: 0.00017279504 | M87: 2.8785124e-05 | N87: 5.2857774e-05 | O87: 3.6875611e-05 | P87: 1.406899e-05 | Q87: 6.2805253e-05 | R87: 3.6022206e-05 | S87: 2.588113e-05 | T87: 2.1468378e-05 | U87: 1.039035e-05 | V87: 4.3645167e-05 | W87: 3.0265375e-06 | X87: 6.4444201e-06
A88: Kenya | B88: 0.00069854798 | C88: 0.00023582053 | D88: 0.0001088229 | E88: 0.000177671 | F88: 0.00021744796 | G88: 0.0005713813 | H88: 0.00013554502 | I88: 2.1072547e-05 | J88: 2.2095664e-05 | K88: 5.6102037e-05 | L88: 1.8528052e-06 | M88: 0.00013240444 | N88: 1.9129518e-05 | O88: 1.1998109e-06 | P88: 3.8504567e-05 | Q88: 9.8192256e-06 | S88: 2.8377393e-06 | U88: 3.5574621e-06 | V88: 1.3253853e-06 | W88: 9.1844031e-06
A89: Korea, Republic of | B89: 0.01228879 | C89: 0.014576513 | D89: 0.020201629 | E89: 0.025565756 | F89: 0.023062079 | G89: 0.021401442 | H89: 0.018779721 | I89: 0.01364158 | J89: 0.016636158 | K89: 0.017944185 | L89: 0.017692479 | M89: 0.0088596383 | N89: 0.01099147 | O89: 0.025239392 | P89: 0.021175616 | Q89: 0.0024298893 | R89: 9.7207673e-05 | S89: 0.0061402246 | T89: 0.0012029926 | U89: 0.009742866 | V89: 0.009079439 | W89: 0.011328502 | X89: 0.007736052
A90: Kuwait | B90: 2.4391914e-06 | D90: 4.6191246e-05 | E90: 9.1539409e-05 | F90: 7.7513793e-05 | G90: 0.00015253681 | H90: 0.00028423296 | I90: 0.00016255014 | J90: 0.00013273196 | K90: 0.00010857948 | L90: 1.946311e-05 | M90: 1.3372722e-05 | N90: 2.6004245e-05 | O90: 1.7369679e-05 | P90: 1.0820159e-05 | Q90: 9.5138861e-05 | R90: 2.3283021e-05 | S90: 2.4468471e-05 | T90: 5.7477049e-05 | U90: 3.0239809e-05 | V90: 4.1607386e-05 | W90: 5.0720334e-05 | X90: 4.4303223e-05
A91: Latvia, Republic of | B91: 8.9622409e-06 | C91: 7.0301482e-06 | E91: 0.001254547 | F91: 0.0016988455 | H91: 0.00067437796 | I91: 0.00038866806 | J91: 0.00029262807 | K91: 0.0016968311 | L91: 0.0013656241 | M91: 0.008673031 | N91: 0.014183975 | O91: 0.0096846697 | P91: 0.0041731318 | Q91: 0.0029381512 | T91: 0.0026258576 | U91: 0.0023750188 | V91: 0.0036993234
A92: Lebanon | B92: 0.0038588568 | C92: 0.0022185107 | D92: 0.0014340923 | E92: 0.0015193404 | F92: 0.0014899868 | G92: 0.0017740719 | H92: 0.0015041153 | I92: 0.0010380376 | J92: 0.0015728122 | K92: 0.001522046 | L92: 0.00157861 | M92: 0.0015649482 | N92: 0.0023348837 | O92: 0.0024041812 | P92: 0.0038904137 | Q92: 0.0036853734 | R92: 0.0029216238 | S92: 0.0010396367 | T92: 0.0027469593 | U92: 0.00062019472 | V92: 0.00093705269 | W92: 0.0047285295 | X92: 0.0039958315
A93: Liberia | B93: 4.7729278e-06 | C93: 9.5843687e-06 | D93: 0.00036294724 | E93: 0.00021008854 | F93: 0.00016880075 | G93: 2.0595434e-05 | H93: 6.6111947e-05 | I93: 4.3284349e-05 | J93: 2.9414386e-05 | K93: 1.0741596e-05 | L93: 1.3848898e-05 | X93: 0.00017782204
A94: Libya | B94: 1.4410756e-05 | C94: 3.4137172e-05 | D94: 0.0024244546 | E94: 0.0024933646 | F94: 0.0036908163 | G94: 0.0024448514 | H94: 0.0016516489 | I94: 0.0041876432 | J94: 0.0044210758 | K94: 0.0013903554 | L94: 0.0032247493 | M94: 0.0038208565 | N94: 0.0066680971 | O94: 0.0040359733 | P94: 0.0031935708 | Q94: 0.00048122511 | R94: 0.0020728885 | S94: 0.0029067456 | T94: 0.0009388642 | U94: 0.0036143371 | V94: 0.0033643728 | W94: 0.0092153798 | X94: 0.0032700876
A95: Lithuania, Republic of | C95: 7.2257553e-07 | D95: 1.7900236e-05 | E95: 6.9395864e-06 | F95: 1.0924253e-05 | G95: 2.8350817e-05 | H95: 0.00021723371 | I95: 2.6691891e-05 | J95: 0.00021879864 | K95: 0.00061829447 | L95: 0.003680205 | M95: 0.0014631179 | N95: 0.0019249228 | O95: 0.00091268934 | P95: 1.1199824e-05 | Q95: 0.0015287893 | R95: 0.0017800649 | S95: 0.00071178982 | T95: 0.001796247 | U95: 0.00087646116 | W95: 1.6004352e-06 | X95: 4.159954e-06
A96: Luxembourg | B96: 3.2472245e-05 | C96: 2.9174235e-05 | D96: 3.469549e-05 | E96: 4.3787249e-05 | F96: 3.666886e-05 | G96: 4.0291999e-05 | H96: 4.2160921e-05 | I96: 2.6594761e-05 | J96: 2.5027339e-05 | K96: 2.5157052e-05 | L96: 2.4151846e-05 | M96: 1.8395366e-05 | N96: 1.9290928e-05 | O96: 3.3070226e-05 | P96: 5.9560304e-06
A97: Macao Special Administrative Region, People's Republic of China | I97: 7.6055806e-08 | J97: 3.3598706e-08
A98: Madagascar, Republic of | B98: 0.00038680843 | C98: 0.00055876027 | D98: 0.00081443203 | E98: 0.001382128 | F98: 0.0015844906 | G98: 0.0017017797 | H98: 0.0010331662 | I98: 5.8111739e-05 | J98: 0.00029101797 | K98: 0.00017437064 | L98: 0.00024456438 | M98: 0.00046972037 | N98: 0.00046571905 | O98: 0.00057435146 | P98: 0.00082714735 | Q98: 0.0010076592 | R98: 0.00056047633 | S98: 0.0005946647 | T98: 0.0010072172 | V98: 0.00080281238
A99: Malawi | E99: 1.6945791e-05 | F99: 1.3924458e-05 | G99: 4.4662631e-06 | H99: 1.5976416e-05 | I99: 4.3233839e-05 | J99: 2.1390858e-05 | K99: 9.6075138e-06 | L99: 1.0918385e-05 | M99: 1.2813871e-05
A100: Malaysia | B100: 0.027616121 | C100: 0.018618514 | D100: 0.014750909 | E100: 0.019824502 | F100: 0.021617308 | G100: 0.021352559 | H100: 0.016817181 | I100: 0.023348389 | J100: 0.025849278 | K100: 0.021205285 | L100: 0.030372791 | M100: 0.03214806 | N100: 0.032961794 | O100: 0.033502882 | P100: 0.034643233 | Q100: 0.031394743 | R100: 0.027517078 | S100: 0.021165595 | T100: 0.029856754 | U100: 0.024661549 | V100: 0.026275064 | W100: 0.038909739 | X100: 0.029072858
...

Sheet COMPARACION
B1: =B2=B3 -> TRUE | C1: =C2=C3 -> TRUE | D1: =D2=D3 -> TRUE | E1: =E2=E3 -> TRUE | F1: =F2=F3 -> TRUE | G1: =G2=G3 -> TRUE | H1: =H2=H3 -> TRUE | I1: =I2=I3 -> TRUE | ... FV1: =FV2=FV3 -> TRUE
B2: Afghanistan, Islamic Republic of | C2: Albania | D2: Algeria | E2: Andorra, Principality of | F2: Angola | G2: Antigua and Barbuda | H2: Armenia, Republic of | I2: Aruba, Kingdom of the Netherlands | J2: Australia | K2: Austria | L2: Azerbaijan, Republic of | M2: Bahamas, The | N2: Bahrain, Kingdom of | O2: Bangladesh | P2: Barbados | Q2: Belarus, Republic of | R2: Belgium | S2: Belize | T2: Benin | U2: Bolivia | V2: Bosnia and Herzegovina | W2: Botswana | X2: Brazil | Y2: Brunei Darussalam | Z2: Bulgaria | AA2: Burkina Faso | AB2: Burundi | AC2: Cabo Verde | AD2: Cambodia | AE2: Cameroon | AF2: Canada | AG2: Central African Republic | AH2: Chad | AI2: Chile | AJ2: China, People's Republic of | AK2: Colombia | AL2: Comoros, Union of the | AM2: Congo, Democratic Republic of the | AN2: Congo, Republic of | AO2: Costa Rica | AP2: Côte d'Ivoire | AQ2: Croatia, Republic of | AR2: Curaçao, Kingdom of the Netherlands | AS2: Cyprus | AT2: Czech Republic | AU2: Denmark | AV2: Djibouti | AW2: Dominica | AX2: Dominican Republic | AY2: Ecuador | AZ2: Egypt, Arab Republic of | BA2: El Salvador | BB2: Eritrea, The State of | BC2: Estonia, Republic of | BD2: Ethiopia, The Federal Democratic Republic of | BE2: Fiji, Republic of | BF2: Finland | BG2: France | BH2: Gabon | BI2: Gambia, The | BJ2: Georgia | BK2: Germany | BL2: Ghana | BM2: Greece | BN2: Grenada | BO2: Guatemala | BP2: Guinea | BQ2: Guinea-Bissau | BR2: Guinea-Bissau | BS2: Guyana | BT2: Haiti | BU2: Honduras | BV2: Hong Kong Special Administrative Region, People's Republic of China | BW2: Hungary | BX2: Iceland | BY2: India | BZ2: Indonesia | CA2: Iran, Islamic Republic of | CB2: Iraq | CC2: Ireland | CD2: Israel | CE2: Italy | CF2: Jamaica | CG2: Japan | CH2: Jordan | CI2: Kazakhstan, Republic of | CJ2: Kenya | CK2: Korea, Republic of | CL2: Kuwait | CM2: Latvia, Republic of | CN2: Lebanon | CO2: Lesotho, Kingdom of | CP2: Liberia | CQ2: Libya | CR2: Lithuania, Republic of | CS2: Luxembourg | CT2: Macao Special Administrative Region, People's Republic of China | CU2: Madagascar | CV2: Malawi | CW2: Malaysia | CX2: Maldives | CY2: Mali | CZ2: Malta | DA2: Mauritania, Islamic Republic of | DB2: Mauritius | DC2: Mexico | DD2: Moldova, Republic of | DE2: Mongolia | DF2: Montenegro | DG2: Morocco | DH2: Mozambique, Republic of | DI2: Myanmar | DJ2: Namibia | DK2: Nepal | DL2: Netherlands Antilles | DM2: Netherlands, The | DN2: New Zealand | DO2: Nicaragua | DP2: Niger | DQ2: Nigeria | DR2: North Macedonia, Republic of | DS2: Norway | DT2: Oman | DU2: Pakistan | DV2: Panama | DW2: Papua New Guinea | DX2: Paraguay | DY2: Peru | DZ2: Philippines | EA2: Poland, Republic of | EB2: Portugal | EC2: Puerto Rico | ED2: Qatar | EE2: Romania | EF2: Russian Federation | EG2: Rwanda | EH2: São Tomé and Príncipe, Democratic Republic of | EI2: Saudi Arabia | EJ2: Senegal | EK2: Serbia, Republic of | EL2: Seychelles | EM2: Sierra Leone | EN2: Singapore | EO2: Slovak Republic | EP2: Slovenia, Republic of | EQ2: Solomon Islands | ER2: South Africa | ES2: South Sudan, Republic of | ET2: Spain | EU2: Sri Lanka | EV2: St. Kitts and Nevis | EW2: St. Lucia | EX2: St. Vincent and the Grenadines | EY2: Sudan | EZ2: Suriname | FA2: Sweden | FB2: Switzerland | FC2: Syrian Arab Republic | FD2: Taiwan Province of China | FE2: Tanzania, United Republic of | FF2: Thailand | FG2: Togo | FH2: Trinidad and Tobago | FI2: Tunisia | FJ2: Türkiye, Republic of | FK2: Uganda | FL2: Ukraine | FM2: United Arab Emirates | FN2: United Kingdom | FO2: United States | FP2: Uruguay | FQ2: Uzbekistan, Republic of | FR2: Venezuela, República Bolivariana de | FS2: Vietnam | FT2: Yemen, Republic of | FU2: Zambia | FV2: Zimbabwe
A3: Año | B3: Afghanistan, Islamic Republic of | C3: Albania | D3: Algeria | E3: Andorra, Principality of | F3: Angola | G3: Antigua and Barbuda | H3: Armenia, Republic of | I3: Aruba, Kingdom of the Netherlands | J3: Australia | K3: Austria | L3: Azerbaijan, Republic of | M3: Bahamas, The | N3: Bahrain, Kingdom of | O3: Bangladesh | P3: Barbados | Q3: Belarus, Republic of | R3: Belgium | S3: Belize | T3: Benin | U3: Bolivia | V3: Bosnia and Herzegovina | W3: Botswana | X3: Brazil | Y3: Brunei Darussalam | Z3: Bulgaria | AA3: Burkina Faso | AC3: Cabo Verde | AD3: Cambodia | AE3: Cameroon | AF3: Canada | AG3: Central African Republic | AH3: Chad | AI3: Chile | AJ3: China, People's Republic of | AK3: Colombia | AL3: Comoros, Union of the | AM3: Congo, Democratic Republic of the | AN3: Congo, Republic of | AO3: Costa Rica | AP3: Côte d'Ivoire | AQ3: Croatia, Republic of | AR3: Cuba | AS3: Curaçao, Kingdom of the Netherlands | AT3: Cyprus | AU3: Czech Republic | AV3: Denmark | AW3: Djibouti | AX3: Dominica | AY3: Dominican Republic | AZ3: Ecuador | BA3: Egypt, Arab Republic of | BB3: El Salvador | BC3: Equatorial Guinea, Republic of | BD3: Eritrea, The State of | BE3: Estonia, Republic of | BF3: Ethiopia, The Federal Democratic Republic of | BG3: Fiji, Republic of | BH3: Finland | BI3: France | BJ3: Gabon | BK3: Gambia, The | BL3: Georgia | BM3: Germany | BN3: Ghana | BO3: Greece | BP3: Grenada | BQ3: Guatemala | BR3: Guinea | BS3: Guinea-Bissau | BT3: Guyana | BU3: Haiti | BV3: Honduras | BW3: Hong Kong Special Administrative Region, People's Republic of China | BX3: Hungary | BY3: Iceland | BZ3: India | CA3: Indonesia | CB3: Iran, Islamic Republic of | CC3: Iraq | CD3: Ireland | CE3: Israel | CF3: Italy | CG3: Jamaica | CH3: Japan | CI3: Jordan | CJ3: Kazakhstan, Republic of | CK3: Kenya | CL3: Korea, Republic of | CM3: Kuwait | CN3: Latvia, Republic of | CO3: Lebanon | CP3: Liberia | CQ3: Libya | CR3: Lithuania, Republic of | CS3: Luxembourg | CT3: Macao Special Administrative Region, People's Republic of China | CU3: Madagascar, Republic of | CV3: Malawi | CW3: Malaysia | CX3: Maldives | CY3: Mali | CZ3: Malta | DA3: Mauritania, Islamic Republic of | DB3: Mauritius | DC3: Mexico | DD3: Moldova, Republic of | DE3: Mongolia | DF3: Montenegro | DG3: Morocco | DH3: Mozambique, Republic of | DI3: Myanmar | DJ3: Namibia | DK3: Nepal | DL3: Netherlands Antilles | DM3: Netherlands, The | DN3: New Zealand | DO3: Nicaragua | DP3: Niger | DQ3: Nigeria | DR3: North Macedonia, Republic of | DS3: Norway | DT3: Oman | DU3: Pakistan | DV3: Panama | DW3: Papua New Guinea | DX3: Paraguay | DY3: Peru | DZ3: Philippines | EA3: Poland, Republic of | EB3: Portugal | EC3: Puerto Rico | ED3: Qatar | EE3: Romania | EF3: Russian Federation | EG3: Rwanda | EH3: São Tomé and Príncipe, Democratic Republic of | EI3: Saudi Arabia | EJ3: Senegal | EK3: Serbia, Republic of | EL3: Seychelles | EM3: Sierra Leone | EN3: Singapore | EO3: Slovak Republic | EP3: Slovenia, Republic of | ER3: South Africa | ET3: Spain | EU3: Sri Lanka | EV3: St. Kitts and Nevis | EW3: St. Lucia | EX3: St. Vincent and the Grenadines | EY3: Sudan | EZ3: Suriname | FA3: Sweden | FB3: Switzerland | FC3: Syrian Arab Republic | FD3: Taiwan Province of China | FE3: Tanzania, United Republic of | FF3: Thailand | FG3: Togo | FH3: Trinidad and Tobago | FI3: Tunisia | FJ3: Türkiye, Republic of | FK3: Uganda | FL3: Ukraine | FM3: United Arab Emirates | FN3: United Kingdom | FO3: United States | FP3: Uruguay | FQ3: Uzbekistan, Republic of | FR3: Venezuela, República Bolivariana de | FS3: Vietnam | FT3: Yemen, Republic of | FU3: Zambia | FV3: Zimbabwe
A4: 2002 | C4: 5.8157289e-05 | D4: 0.012074498 | F4: 0.0003305491 | G4: 5.8876703e-06 | J4: 0.0031527871 | K4: 7.4757881e-05 | M4: 1.5041729e-05 | O4: 0.018048788 | P4: 6.4657473e-05 | R4: 0.014928414 | S4: 2.9566101e-05 | T4: 0.0001740231 | U4: 0.0062873835 | X4: 0.07148379 | Z4: 0.0013582504 | AA4: 1.1490515e-05 | AD4: 4.7475993e-05 | AE4: 0.00013127429 | AF4: 0.0017153789 | AI4: 0.032051665 | AJ4: 0.061000133 | AK4: 0.0046317684 | AM4: 7.770598e-05 | AN4: 0.0008296823 | AO4: 0.00051576078 | AP4: 8.3854639e-05 | AQ4: 1.863522e-05 | AR4: 0.00048424824 | AT4: 0.0024051078 | AU4: 4.0048148e-05 | AV4: 0.035054573 | AX4: 4.2499257e-06 | AY4: 0.009665227 | AZ4: 0.0056712913 | BA4: 0.040079492 | BB4: 6.8717496e-05 | BC4: 2.6628622e-07 | BE4: 4.2112227e-06 | BF4: 5.6820569e-07 | BG4: 0.00019187776 | BI4: 0.010835119 | BJ4: 9.677867e-05 | BK4: 7.5352019e-05 | BL4: 9.0407303e-06 | BM4: 0.021434318 | BN4: 0.00039424374 | BO4: 0.0040254366 | BP4: 3.4734161e-05 | BQ4: 0.0032553594 | BR4: 8.4884151e-06 | BT4: 3.4790668e-05 | BU4: 6.8320955e-05 | BV4: 0.00015331465 | BW4: 0.0023733997 | BZ4: 0.070733011 | CA4: 0.0063135682 | CB4: 0.019885379 | CD4: 0.0043929122 | CE4: 0.0014826056 | CF4: 0.074155671 | CG4: 0.0005081435 | CH4: 0.0010082027 | CI4: 0.0076490089 | CK4: 0.00069854798 | CL4: 0.01228879 | CM4: 2.4391914e-06 | CN4: 8.9622409e-06 | CO4: 0.0038588568 | CP4: 4.7729278e-06 | CQ4: 1.4410756e-05 | CS4: 3.2472245e-05 | CU4: 0.00038680843 | CW4: 0.027616121 | CY4: 7.8937012e-05 | CZ4: 0.000138359 | DA4: 0.00019413349 | DB4: 0.0022962991 | DC4: 0.026826406 | DG4: 0.010703253 | DH4: 0.00047289761 | DJ4: 1.0586924e-05 | DM4: 0.070653502 | DN4: 9.7704894e-06 | DO4: 5.3669675e-05 | DP4: 0.00017206111 | DQ4: 0.0020178436 | DS4: 0.00012460895 | DT4: 0.0033108512 | DU4: 0.0032302857 | DV4: 0.00040986097 | DX4: 0.0040816907 | DY4: 0.022912646 | DZ4: 0.016740269 | EA4: 0.0075924506 | EB4: 0.004654139 | ED4: 4.4421165e-06 | EE4: 0.00086862147 | EF4: 0.0030024032 | EI4: 0.0018333006 | EJ4: 0.0013005323 | EM4: 4.1801881e-05 | EN4: 0.00018828842 | ER4: 0.023556344 | ET4: 0.065322566 | EU4: 3.0497959e-05 | EV4: 3.1486059e-05 | EW4: 1.6785205e-05 | EX4: 2.779224e-05 | EY4: 0.00022422937 | EZ4: 3.6929878e-06 | FA4: 0.00031387222 | FB4: 0.00013949474 | FC4: 0.0062626668 | FD4: 0.00085602002 | FE4: 0.00013026212 | FF4: 0.021760477 | FG4: 4.0804873e-05 | FH4: 0.00016673095 | FI4: 0.0099692982 | FJ4: 0.0039045624 | FL4: 1.6574271e-05 | FM4: 0.005084676 | FN4: 0.0092677091 | FO4: 0.046494681 | FP4: 0.0059855312 | FR4: 0.0029268142 | FS4: 0.012634111 | FT4: 0.0015072144 | FU4: 2.4222416e-05
A5: 2003 | C5: 5.744787e-06 | D5: 0.018487583 | F5: 0.00033482846 | G5: 2.2347541e-06 | I5: 0.00018420841 | J5: 0.0021351357 | K5: 8.8583191e-05 | L5: 7.9300163e-06 | O5: 0.018473866 | P5: 4.0058288e-05 | Q5: 1.1169994e-06 | R5: 0.010529689 | S5: 4.5371148e-05 | T5: 8.9241004e-05 | U5: 0.0056303468 | X5: 0.043938469 | Z5: 0.00078237518 | AC5: 4.4111659e-05 | AD5: 2.2617728e-05 | AE5: 0.00012511734 | AF5: 0.001527663 | AI5: 0.038932851 | AJ5: 0.1301896 | AK5: 0.0033448992 | AN5: 0.0010216567 | AO5: 0.00056260158 | AP5: 0.0002170251 | AQ5: 0.00044688383 | AR5: 0.00025663363 | AT5: 0.0017556294 | AU5: 6.7365299e-05 | AV5: 0.033217435 | AY5: 0.0078794391 | AZ5: 0.0075568251 | BA5: 0.033071262 | BB5: 0.00056158726 | BC5: 3.3438235e-06 | BE5: 1.9984736e-05 | BG5: 0.00014061618 | BH5: 8.6057669e-06 | BI5: 0.012769521 | BJ5: 9.9943458e-05 | BK5: 4.8285114e-05 | BM5: 0.018602233 | BN5: 0.00040127695 | BO5: 0.0055808283 | BP5: 3.6151254e-05 | BQ5: 0.0035020584 | BR5: 3.9152756e-05 | BS5: 1.8880991e-09 | BT5: 4.3077842e-05 | BU5: 6.8233296e-05 | BV5: 0.00032013022 | BW5: 0.0022253111 | BX5: 9.2888812e-06 | BZ5: 0.057917293 | CA5: 0.0041081391 | CB5: 0.0018408768 | CC5: 0.00029786395 | CD5: 0.0089415426 | CE5: 0.0027762523 | CF5: 0.055984941 | CG5: 0.00014832306 | CH5: 0.00097191654 | CI5: 0.0051654835 | CK5: 0.00023582053 | CL5: 0.014576513 | CN5: 7.0301482e-06 | CO5: 0.0022185107 | CP5: 9.5843687e-06 | CQ5: 3.4137172e-05 | CR5: 7.2257553e-07 | CS5: 2.9174235e-05 | CU5: 0.00055876027 | CW5: 0.018618514 | CY5: 1.6816732e-05 | CZ5: 9.7250291e-05 | DA5: 3.5039343e-05 | DB5: 0.0012978708 | DC5: 0.025709653 | DG5: 0.015438096 | DH5: 0.00049353495 | DJ5: 1.4476622e-05 | DK5: 0.00037988554 | DL5: 0.00033933508 | DM5: 0.071051521 | DN5: 3.7498277e-05 | DO5: 0.00038722545 | DP5: 0.00016072345 | DQ5: 0.0017159428 | DR5: 1.2813207e-05 | DS5: 9.7632472e-05 | DT5: 0.0013893145 | DU5: 0.0041899515 | DV5: 0.00065430962 | DX5: 0.0036907534 | DY5: 0.018380788 | DZ5: 0.03020989 | EA5: 0.016545412 | EB5: 0.0040366656 | ED5: 4.8146527e-06 | EE5: 0.00077474669 | EF5: 0.001687948 | EI5: 0.0016822729 | EJ5: 0.0013095562 | EM5: 9.0433188e-05 | EN5: 0.00052092382 | EP5: 0.0002104395 | ER5: 0.018619815 | ET5: 0.072094031 | EV5: 1.3068667e-05 | EW5: 3.5778864e-05 | EX5: 1.0690984e-05 | EY5: 4.1458503e-05 | EZ5: 9.1783424e-06 | FA5: 0.00032732074 | FB5: 0.00011073638 | FC5: 0.0076722897 | FD5: 0.0028516016 | FE5: 1.6306568e-05 | FF5: 0.026700888 | FG5: 0.00018413252 | FH5: 0.00070767748 | FI5: 0.0081129417 | FJ5: 0.0041921084 | FL5: 6.5110909e-05 | FM5: 0.0026783248 | FN5: 0.0080177763 | FO5: 0.033331025 | FP5: 0.0057936566 | FR5: 0.0043359601 | FS5: 0.017831346 | FT5: 0.0012902227 | FV5: 1.6048842e-05
A6: 2004 | B6: 3.1989831e-05 | C6: 3.0210744e-05 | D6: 0.026138925 | F6: 0.00062929234 | G6: 4.7556812e-06 | H6: 7.5343414e-08 | I6: 0.00030393935 | J6: 0.0015784974 | K6: 0.00031688375 | M6: 2.4362129e-06 | N6: 2.9020318e-05 | O6: 0.0084433426 | P6: 4.8758281e-05 | Q6: 2.0596908e-06 | R6: 0.0082509372 | S6: 9.1309666e-06 | T6: 5.4887513e-05 | U6: 0.0066738707 | V6: 6.8709418e-05 | X6: 0.045646677 | Z6: 0.00073372943 | AA6: 1.4495418e-05 | AC6: 4.2459683e-05 | AD6: 0.00020275879 | AE6: 0.00014014891 | AF6: 0.0022526484 | AG6: 4.9137009e-06 | AI6: 0.032240453 | AJ6: 0.11676662 | AK6: 0.0072472602 | AL6: 1.1449955e-05 | AN6: 0.0017130802 | AO6: 0.00028817529 | AP6: 7.2754144e-05 | AQ6: 0.00025179492 | AR6: 0.0026436478 | AT6: 0.00077797824 | AU6: 5.5312549e-05 | AV6: 0.02504327 | AX6: 3.2508472e-06 | AY6: 0.010872931 | AZ6: 0.010206842 | BA6: 0.030774679 | BB6: 0.0017510879 | BC6: 4.2415066e-06 | BE6: 1.839686e-05 | BH6: 8.7576476e-05 | BI6: 0.006852845 | BJ6: 8.6746614e-05 | BK6: 1.6403572e-05 | BL6: 3.6780018e-06 | BM6: 0.016040808 | BN6: 0.00047637274 | BO6: 0.0060537382 | BP6: 2.5490233e-05 | BQ6: 0.0039150856 | BR6: 2.5190907e-05 | BT6: 2.1866976e-05 | BU6: 5.3449486e-05 | BV6: 0.0014227901 | BW6: 0.0022778605 | BX6: 2.0637544e-08 | BZ6: 0.055148106 | CA6: 0.011120199 | CC6: 0.00050957203 | CD6: 0.0053744593 | CE6: 0.0050347246 | CF6: 0.055839223 | CG6: 0.00062046256 | CH6: 0.0015577071 | CI6: 0.0058148594 | CK6: 0.0001088229 | CL6: 0.020201629 | CM6: 4.6191246e-05 | CO6: 0.0014340923 | CP6: 0.00036294724 | CQ6: 0.0024244546 | CR6: 1.7900236e-05 | CS6: 3.469549e-05 | CU6: 0.00081443203 | CW6: 0.014750909 | CY6: 2.4099738e-05 | CZ6: 0.00011477378 | DA6: 0.00011497405 | DB6: 0.0013111167 | DC6: 0.030074543 | DG6: 0.012553327 | DH6: 0.00065510738 | DL6: 0.00036467661 | DM6: 0.060476277 | DN6: 0.00010197551 | DO6: 0.0010131286 | DP6: 0.00043817165 | DQ6: 0.0011854256 | DR6: 5.2421841e-05 | DS6: 0.0002989303 | DT6: 0.00050059606 | DU6: 0.0034199491 | DV6: 0.0018828479 | DX6: 0.004380106 | DY6: 0.021709638 | DZ6: 0.020687486 | EA6: 0.021119665 | EB6: 0.0026235349 | EC6: 0.0005374356 | EE6: 0.00071247805 | EF6: 0.0067933974 | EG6: 1.9540806e-05 | EI6: 0.0036129578 | EJ6: 0.00052279974 | EM6: 0.00014404678 | EN6: 0.00033722131 | EP6: 0.00019349138 | ER6: 0.026250327 | ET6: 0.067552766 | EV6: 2.3314715e-05 | EW6: 4.9081501e-05 | EX6: 3.673708e-05 | EY6: 7.205451e-05 | EZ6: 1.119242e-05 | FA6: 0.00043010441 | FB6: 0.00014108306 | FC6: 0.0068726578 | FD6: 0.0031363278 | FE6: 5.6484466e-05 | FF6: 0.014556724 | FG6: 5.2951289e-05 | FH6: 0.00052107092 | FI6: 0.012658288 | FJ6: 0.0093907216 | FK6: 1.4172751e-05 | FL6: 0.0008369613 | FM6: 0.0049289233 | FN6: 0.0081069988 | FO6: 0.043342183 | FP6: 0.0086479063 | FR6: 0.018960851 | FT6: 0.0010946235 | FU6: 7.6732354e-06
A7: 2005 | C7: 1.0937436e-05 | D7: 0.030247436 | F7: 0.00086957486 | G7: 2.398031e-06 | I7: 0.00027886697 | J7: 0.0018575251 | K7: 0.0004874607 | L7: 5.6496265e-07 | M7: 1.1117057e-07 | N7: 9.8465856e-06 | O7: 0.010737208 | P7: 8.5583236e-05 | Q7: 2.0915885e-05 | R7: 0.0083097389 | S7: 1.5658544e-06 | T7: 9.4677302e-06 | U7: 0.0063943024 | V7: 0.00022245353 | X7: 0.058943348 | Z7: 0.00031311317 | AA7: 5.0914576e-05 | AD7: 0.00027640239 | AE7: 0.00024041114 | AF7: 0.0024980993 | AG7: 5.0533353e-06 | AI7: 0.042460158 | AJ7: 0.092996667 | AK7: 0.004460199 | AN7: 0.00099846558 | AO7: 0.0002451448 | AP7: 0.0005427166 | AQ7: 0.00060547861 | AR7: 0.0019225208 | AT7: 0.0013302396 | AU7: 4.1147053e-05 | AV7: 0.02399519 | AX7: 6.6551025e-08 | AY7: 0.0078957204 | AZ7: 0.0076441228 | BA7: 0.016681751 | BB7: 0.00040872228 | BC7: 3.5439324e-06 | BE7: 4.0092234e-05 | BH7: 0.00028759541 | BI7: 0.0064778242 | BJ7: 8.9274162e-05 | BK7: 2.1329957e-05 | BM7: 0.012741424 | BN7: 0.00072313433 | BO7: 0.0032463211 | BP7: 3.0370409e-05 | BQ7: 0.0033500646 | BR7: 5.4176351e-05 | BT7: 2.8548653e-05 | BU7: 7.1749171e-05 | BV7: 0.00029813326 | BW7: 0.0037487669 | BX7: 1.6887546e-05 | BZ7: 0.062732002 | CA7: 0.017123696 | CB7: 7.1129106e-06 | CC7: 5.9985785e-05 | CD7: 0.0047345301 | CE7: 0.0052571125 | CF7: 0.044468109 | CG7: 0.00054147306 | CH7: 0.0039484413 | CI7: 0.0036154287 | CJ7: 7.6151839e-06 | CK7: 0.000177671 | CL7: 0.025565756 | CM7: 9.1539409e-05 | CN7: 0.001254547 | CO7: 0.0015193404 | CP7: 0.00021008854 | CQ7: 0.0024933646 | CR7: 6.9395864e-06 | CS7: 4.3787249e-05 | CU7: 0.001382128 | CV7: 1.6945791e-05 | CW7: 0.019824502 | CY7: 4.1698613e-05 | CZ7: 6.5191915e-05 | DA7: 9.0074822e-05 | DB7: 0.0013554918 | DC7: 0.022675993 | DD7: 1.9972418e-05 | DG7: 0.010891435 | DH7: 0.0005739863 | DI7: 2.0639433e-06 | DL7: 0.00043392426 | DM7: 0.067212715 | DN7: 0.00014819476 | DO7: 0.00098799277 | DP7: 0.00035822017 | DQ7: 0.0014437193 | DR7: 2.9239877e-05 | DS7: 5.2219944e-05 | DT7: 0.0015646937 | DU7: 4.708185e-05 | DV7: 0.00049681171 | DX7: 0.0042459207 | DY7: 0.023634997 | DZ7: 0.020641629 | EA7: 0.028062734 | EB7: 0.0017892485 | EC7: 0.00081006287 | ED7: 8.7567944e-06 | EE7: 0.0001985395 | EF7: 0.014457123 | EI7: 0.003819867 | EJ7: 0.00092729054 | EM7: 0.00011804058 | EN7: 0.00023774515 | EP7: 0.00045163484 | ER7: 0.022796397 | ET7: 0.080889388 | EU7: 8.183389e-06 | EV7: 2.6005634e-05 | EW7: 2.84961e-05 | EX7: 3.3051511e-05 | EY7: 4.9359732e-05 | EZ7: 4.8603726e-06 | FA7: 0.00047639818 | FB7: 6.8473626e-05 | FC7: 0.0093616851 | FD7: 0.0020343182 | FE7: 4.199005e-07 | FF7: 0.01924458 | FG7: 0.00031933357 | FH7: 0.0006816818 | FI7: 0.0078365304 | FJ7: 0.0073180249 | FK7: 1.2707241e-05 | FL7: 0.00056292492 | FM7: 0.0016011672 | FN7: 0.0093644154 | FO7: 0.042910234 | FP7: 0.010367059 | FR7: 0.012418975 | FT7: 0.0014480466
A8: 2006 | D8: 0.03121941 | E8: 5.8792155e-07 | F8: 0.00083887287 | G8: 2.3487724e-06 | H8: 5.2077472e-06 | I8: 0.00021282628 | J8: 0.0034127456 | K8: 0.00017401275 | L8: 1.3537667e-05 | N8: 7.9543465e-06 | O8: 0.0094231938 | P8: 4.3178802e-05 | Q8: 1.208991e-05 | R8: 0.010226896 | S8: 1.2386205e-06 | T8: 0.0001237317 | U8: 0.0058219186 | V8: 5.5107737e-05 | X8: 0.064650668 | Z8: 0.00022033389 | AA8: 0.00010079116 | AC8: 7.6445273e-06 | AD8: 0.00017403513 | AE8: 0.00045010563 | AF8: 0.0018209801 | AH8: 2.6640195e-05 | AI8: 0.034142825 | AJ8: 0.071218033 | AK8: 0.010120842 | AL8: 1.3222356e-06 | AM8: 0.00030235851 | AN8: 0.0012459363 | AO8: 0.00059168428 | AP8: 0.00040832039 | AQ8: 0.00046189998 | AR8: 0.0019773214 | AT8: 0.0017049523 | AU8: 4.4536201e-05 | AV8: 0.025599699 | AX8: 1.7351044e-05 | AY8: 0.0072822512 | AZ8: 0.01105727 | BA8: 0.016244627 | BB8: 0.00028861685 | BC8: 6.4787408e-06 | BD8: 1.9308246e-06 | BE8: 5.8463138e-05 | BH8: 0.0002171875 | BI8: 0.014799958 | BJ8: 0.00011711004 | BK8: 5.2287628e-06 | BL8: 0.00029969817 | BM8: 0.013319576 | BN8: 0.000245141 | BO8: 0.0034736573 | BP8: 2.8771572e-05 | BQ8: 0.0026480822 | BR8: 6.616936e-05 | BS8: 1.3215342e-05 | BT8: 6.9683118e-05 | BU8: 5.7815385e-05 | BV8: 8.9254089e-05 | BW8: 0.0024178186 | BX8: 7.857217e-06 | BZ8: 0.062859405 | CA8: 0.013946621 | CC8: 0.00025369002 | CD8: 0.0074804916 | CE8: 0.0024771835 | CF8: 0.044960592 | CG8: 0.00081349876 | CH8: 0.0057891512 | CI8: 0.0022644538 | CK8: 0.00021744796 | CL8: 0.023062079 | CM8: 7.7513793e-05 | CN8: 0.0016988455 | CO8: 0.0014899868 | CP8: 0.00016880075 | CQ8: 0.0036908163 | CR8: 1.0924253e-05 | CS8: 3.666886e-05 | CU8: 0.0015844906 | CV8: 1.3924458e-05 | CW8: 0.021617308 | CY8: 0.00021270383 | CZ8: 0.00035973329 | DA8: 9.4344648e-05 | DB8: 0.0013474739 | DC8: 0.020599035 | DE8: 1.4225979e-05 | DG8: 0.013915211 | DH8: 0.00099468613 | DI8: 3.8114645e-06 | DL8: 0.00024357949 | DM8: 0.064952934 | DN8: 0.00011879958 | DO8: 0.00038246257 | DP8: 0.00076561129 | DQ8: 0.00097693457 | DS8: 3.9690018e-05 | DT8: 0.00066266556 | DU8: 8.3311238e-05 | DV8: 0.00046097553 | DX8: 0.0056075791 | DY8: 0.022371251 | DZ8: 0.021001712 | EA8: 0.024990731 | EB8: 0.0031983548 | EC8: 0.00030048573 | ED8: 1.7182085e-05 | EE8: 0.000786773 | EF8: 0.014199152 | EI8: 0.0014508369 | EJ8: 0.0055099053 | EM8: 3.2857852e-05 | EN8: 0.00030101617 | EP8: 0.0015039792 | ER8: 0.028072069 | ET8: 0.076702107 | EU8: 0.00019068606 | EV8: 2.2594385e-05 | EW8: 2.952325e-05 | EX8: 1.6527274e-05 | EY8: 7.4107501e-05 | EZ8: 3.3603817e-06 | FA8: 0.0004182306 | FB8: 3.1558933e-05 | FC8: 0.007450659 | FD8: 0.0014170926 | FE8: 0.00020975032 | FF8: 0.016870389 | FG8: 0.00056934263 | FH8: 0.00040509066 | FI8: 0.01086769 | FJ8: 0.014846104 | FK8: 4.5037761e-05 | FL8: 0.00031142227 | FM8: 0.0026936699 | FN8: 0.016110583 | FO8: 0.028975101 | FP8: 0.010326564 | FR8: 0.01801056 | FT8: 0.00068917827
A9: 2007 | B9: 5.8175276e-06 | C9: 1.7683819e-05 | D9: 0.025080247 | F9: 0.00064252608 | G9: 1.9817811e-06 | I9: 5.5384901e-05 | J9: 0.0068726366 | K9: 0.00012175388 | L9: 0.00010885359 | N9: 4.7810111e-06 | O9: 0.01360249 | P9: 3.6207455e-05 | Q9: 1.1138828e-05 | R9: 0.010287861 | S9: 1.1447375e-06 | T9: 1.9138669e-05 | U9: 0.0044989908 | V9: 5.9609153e-05 | X9: 0.097240497 | Z9: 9.1271676e-06 | AA9: 2.4554109e-05 | AC9: 9.1286419e-08 | AD9: 0.00012010486 | AE9: 0.00012315421 | AF9: 0.0011557057 | AG9: 2.6621823e-06 | AH9: 2.3189102e-05 | AI9: 0.02688175 | AJ9: 0.11718416 | AK9: 0.011424899 | AL9: 1.3711373e-06 | AM9: 0.00011431581 | AN9: 0.00048357508 | AO9: 0.00024045881 | AP9: 0.00020108148 | AQ9: 0.00012980657 | AR9: 0.00078837797 | AT9: 0.001438989 | AU9: 0.00012238675 | AV9: 0.023155654 | AX9: 1.6329569e-05 | AY9: 0.0092319856 | AZ9: 0.010260968 | BA9: 0.010308829 | BB9: 0.00033193095 | BC9: 1.140001e-05 | BE9: 3.6953768e-05 | BH9: 0.00026334301 | BI9: 0.016285337 | BJ9: 8.6629322e-05 | BK9: 2.7194552e-05 | BL9: 3.9748684e-06 | BM9: 0.014365865 | BN9: 0.0001923074 | BO9: 0.0040512753 | BP9: 9.2418838e-06 | BQ9: 0.0025954073 | BR9: 2.7860188e-05 | BS9: 1.4461926e-05 | BT9: 3.3685148e-05 | BU9: 9.5653892e-05 | BV9: 9.9632708e-05 | BW9: 0.0031442606 | BX9: 8.2352549e-06 | BZ9: 0.049752875 | CA9: 0.017339955 | CB9: 0.011994768 | CC9: 3.98748e-06 | CD9: 0.0059075027 | CE9: 0.002905233 | CF9: 0.041339329 | CG9: 0.00020662904 | CH9: 0.0054345412 | CI9: 0.00061008266 | CJ9: 0.00020264319 | CK9: 0.0005713813 | CL9: 0.021401442 | CM9: 0.00015253681 | CO9: 0.0017740719 | CP9: 2.0595434e-05 | CQ9: 0.0024448514 | CR9: 2.8350817e-05 | CS9: 4.0291999e-05 | CU9: 0.0017017797 | CV9: 4.4662631e-06 | CW9: 0.021352559 | CY9: 3.4011834e-05 | CZ9: 1.8735801e-05 | DA9: 5.6618156e-05 | DB9: 0.00085904788 | DC9: 0.013989208 | DE9: 8.9622273e-06 | DF9: 1.3582766e-06 | DG9: 0.01143813 | DH9: 0.0010163874 | DI9: 4.0399109e-06 | DJ9: 1.7447391e-05 | DL9: 9.2629731e-05 | DM9: 0.049230039 | DN9: 0.00093965023 | DO9: 0.00018522136 | DP9: 0.00026088193 | DQ9: 0.00066825785 | DR9: 2.7303041e-05 | DS9: 6.0108635e-05 | DT9: 0.00015682538 | DU9: 0.0029612738 | DV9: 0.00074268562 | DX9: 0.0056643171 | DY9: 0.022970526 | DZ9: 0.018907594 | EA9: 0.026930617 | EB9: 0.0029930959 | EC9: 0.00012876046 | ED9: 3.1759104e-06 | EE9: 0.0024406202 | EF9: 0.0099462658 | EI9: 0.0035609673 | EJ9: 0.0018307388 | EK9: 2.6798867e-06 | EM9: 2.7064836e-05 | EN9: 0.0002858282 | EP9: 0.0016001723 | ER9: 0.024967073 | ET9: 0.069792812 | EU9: 8.7028839e-05 | EV9: 7.8603007e-06 | EW9: 3.3222392e-05 | EX9: 6.3177027e-06 | EY9: 1.1556573e-05 | EZ9: 9.4885325e-06 | FA9: 0.00055080966 | FB9: 3.3690489e-05 | FC9: 0.0038274105 | FD9: 0.0013667341 | FE9: 0.00045914642 | FF9: 0.020537664 | FG9: 0.00034950427 | FH9: 0.00044985835 | FI9: 0.0088647653 | FJ9: 0.0040307316 | FL9: 0.00019601771 | FM9: 0.00037831861 | FN9: 0.019696257 | FO9: 0.018720993 | FP9: 0.009354429 | FR9: 0.019805526 | FT9: 0.0012665197 | FU9: 9.9085509e-07
A10: 2008 | B10: 1.9472462e-05 | C10: 4.598557e-05 | D10: 0.020535107 | F10: 0.00081266514 | G10: 5.7422324e-06 | H10: 6.3110661e-07 | I10: 7.4386396e-05 | J10: 0.0090615019 | K10: 0.00010279362 | L10: 9.4192184e-05 | M10: 4.9639425e-06 | N10: 6.1462596e-06 | O10: 0.006655108 | P10: 8.1211297e-05 | R10: 0.013165565 | S10: 4.233189e-07 | T10: 2.7434986e-05 | U10: 0.0056185557 | V10: 3.5814503e-05 | X10: 0.090180457 | Z10: 7.834348e-06 | AA10: 0.00016251132 | AC10: 1.2248222e-06 | AD10: 0.00013905766 | AE10: 0.00030108919 | AF10: 0.0012537845 | AH10: 1.4028072e-05 | AI10: 0.025122305 | AJ10: 0.089166695 | AK10: 0.011957454 | AL10: 1.5890813e-06 | AM10: 0.00053036603 | AN10: 0.00028486482 | AO10: 0.00032658532 | AP10: 0.00092432178 | AQ10: 0.000452531 | AR10: 0.00054462017 | AT10: 0.0013296271 | AU10: 0.00012610142 | AV10: 0.019685876 | AW10: 8.4364827e-06 | AX10: 2.0574506e-07 | AY10: 0.0068101446 | AZ10: 0.013125633 | BA10: 0.02843517 | BB10: 0.00014579056 | BC10: 1.9861253e-05 | BE10: 4.2753743e-05 | BF10: 3.8998041e-08 | BH10: 7.73406e-05 | BI10: 0.018181341 | BJ10: 8.2952189e-05 | BK10: 3.6558092e-06 | BM10: 0.016109295 | BN10: 0.00043215771 | BO10: 0.0015423911 | BP10: 4.474581e-06 | BQ10: 0.0023182478 | BR10: 4.0661926e-05 | BT10: 2.5847765e-05 | BU10: 8.1477628e-05 | BV10: 9.6872259e-05 | BW10: 0.0015878762 | BX10: 7.8630159e-06 | BZ10: 0.040095746 | CA10: 0.013593865 | CB10: 0.016840261 | CD10: 0.0055051079 | CE10: 0.0016979273 | CF10: 0.050897595 | CG10: 9.8529182e-05 | CH10: 0.0019398598 | CI10: 0.00010278914 | CJ10: 0.00034413876 | CK10: 0.00013554502 | CL10: 0.018779721 | CM10: 0.00028423296 | CN10: 0.00067437796 | CO10: 0.0015041153 | CP10: 6.6111947e-05 | CQ10: 0.0016516489 | CR10: 0.00021723371 | CS10: 4.2160921e-05 | CU10: 0.0010331662 | CV10: 1.5976416e-05 | CW10: 0.016817181 | CY10: 1.5976416e-05 | CZ10: 2.0911121e-05 | DA10: 3.035519e-05 | DB10: 0.00049257214 | DC10: 0.0074719405 | DD10: 0.0001753509 | DE10: 8.5890193e-06 | DF10: 3.366492e-05 | DG10: 0.009497333 | DH10: 0.0012525798 | DI10: 1.8677599e-07 | DJ10: 8.9024641e-06 | DL10: 9.6403112e-05 | DM10: 0.069626985 | DN10: 0.0016017202 | DO10: 0.00016267874 | DP10: 0.00066127292 | DQ10: 0.0014273088 | DS10: 0.0014051207 | DT10: 0.0006632958 | DU10: 0.00026775289 | DV10: 0.00052152892 | DX10: 0.0068793034 | DY10: 0.027673468 | DZ10: 0.017505123 | EA10: 0.024299785 | EB10: 0.0052382848 | EC10: 0.00020505383 | EE10: 0.0015389148 | EF10: 0.0076706708 | EG10: 0.00053985105 | EI10: 0.0027191339 | EJ10: 0.0033644569 | EM10: 2.629983e-05 | EN10: 0.00036068496 | EP10: 0.00025722173 | ER10: 0.019035244 | ET10: 0.070326962 | EU10: 4.6550872e-05 | EV10: 3.7105031e-06 | EW10: 1.5070433e-05 | EX10: 2.0070834e-05 | EY10: 5.5026507e-05 | EZ10: 9.7443604e-06 | FA10: 0.00043121001 | FB10: 0.00020708575 | FC10: 0.0059299853 | FD10: 0.0009970568 | FE10: 0.00025736135 | FF10: 0.018396734 | FG10: 0.00026026022 | FH10: 0.000363815 | FI10: 0.014814794 | FJ10: 0.011550135 | FL10: 0.00094965951 | FM10: 0.0034501443 | FN10: 0.0212604 | FO10: 0.025096118 | FP10: 0.013734411 | FR10: 0.032035175 | FT10: 0.00043208391 | FU10: 8.1854582e-06 | FV10: 3.3768126e-06
A11: 2009 | B11: 4.6644149e-05 | C11: 0.00021591138 | D11: 0.021070217 | F11: 0.0012136385 | G11: 2.5359241e-06 | H11: 9.5022159e-07 | I11: 9.5000891e-05 | J11: 0.010630655 | K11: 0.00011595111 | L11: 4.8831624e-05 | M11: 1.1945759e-05 | N11: 1.5051855e-05 | O11: 0.014514728 | P11: 5.6771892e-05 | R11: 0.013450255 | S11: 3.9016877e-08 | U11: 0.0058525008 | V11: 3.9040118e-05 | W11: 2.1927605e-06 | X11: 0.066717575 | Z11: 8.6788083e-06 | AA11: 1.3074079e-05 | AC11: 3.4585749e-06 | AD11: 0.00028996566 | AE11: 0.00026267601 | AF11: 0.00061992221 | AG11: 4.3649549e-06 | AH11: 6.2855351e-05 | AI11: 0.018488511 | AJ11: 0.088680556 | AK11: 0.015364342 | AL11: 1.9980851e-06 | AM11: 0.00044552092 | AN11: 0.00012997182 | AO11: 0.00034663321 | AP11: 0.00041582751 | AQ11: 9.4889779e-05 | AR11: 0.00039162272 | AT11: 0.0015288188 | AU11: 7.2455135e-05 | AV11: 0.02850775 | AX11: 7.2746173e-06 | AY11: 0.0057399831 | AZ11: 0.012984935 | BA11: 0.016580927 | BB11: 3.4958128e-05 | BC11: 5.5222915e-06 | BE11: 0.00011338809 | BH11: 2.0415102e-06 | BI11: 0.0084757401 | BJ11: 0.00012568623 | BK11: 1.8703832e-05 | BL11: 1.6692652e-05 | BM11: 0.017499635 | BN11: 0.00032865359 | BO11: 0.0031875434 | BP11: 2.3172506e-05 | BQ11: 0.0013359344 | BR11: 1.8197705e-05 | BT11: 1.8027351e-05 | BU11: 0.00068718232 | BV11: 0.00056112166 | BW11: 0.0054560146 | BX11: 2.5059431e-06 | BY11: 3.8012522e-09 | BZ11: 0.032117325 | CA11: 0.026848306 | CB11: 0.02269403 | CC11: 6.5474324e-05 | CD11: 0.0021851678 | CE11: 0.0025853268 | CF11: 0.06302444 | CG11: 0.00042832482 | CH11: 0.0041273333 | CI11: 0.00059060212 | CJ11: 0.00026275095 | CK11: 2.1072547e-05 | CL11: 0.01364158 | CM11: 0.00016255014 | CN11: 0.00038866806 | CO11: 0.0010380376 | CP11: 4.3284349e-05 | CQ11: 0.0041876432 | CR11: 2.6691891e-05 | CS11: 2.6594761e-05 | CT11: 7.6055806e-08 | CU11: 5.8111739e-05 | CV11: 4.3233839e-05 | CW11: 0.023348389 | CY11: 5.7521792e-05 | CZ11: 0.00013806018 | DA11: 1.6077584e-05 | DB11: 0.00086889145 | DC11: 0.0037213845 | DE11: 3.3162018e-06 | DG11: 0.0019421582 | DH11: 0.00030031605 | DI11: 2.363727e-07 | DJ11: 5.2906945e-06 | DL11: 0.00013943564 | DM11: 0.095397096 | DN11: 0.0023358125 | DO11: 0.00018343289 | DP11: 0.00053940491 | DQ11: 0.00093176222 | DR11: 2.3652486e-05 | DS11: 0.00017511577 | DT11: 0.0013488695 | DU11: 0.0010655205 | DV11: 0.00067078288 | DX11: 0.0058094507 | DY11: 0.015869148 | DZ11: 0.018444386 | EA11: 0.02835792 | EB11: 0.0026470947 | EC11: 0.00016218625 | ED11: 7.8984899e-06 | EE11: 0.001579235 | EF11: 0.011420831 | EG11: 3.2425379e-08 | EH11: 3.5493652e-06 | EI11: 0.0053341318 | EJ11: 0.0030683137 | EK11: 5.5531473e-05 | EM11: 2.3348767e-05 | EN11: 0.00031298321 | EP11: 0.00052470031 | ER11: 0.021381264 | ET11: 0.076499798 | EV11: 2.1166619e-05 | EW11: 2.2142101e-05 | EX11: 2.6635682e-05 | EY11: 6.9942566e-05 | EZ11: 4.0633889e-06 | FA11: 0.0003381256 | FB11: 0.00021640383 | FC11: 0.010769679 | FD11: 0.00094066917 | FE11: 0.00036435185 | FF11: 0.020474863 | FG11: 0.00012260682 | FH11: 0.00042066372 | FI11: 0.0049649938 | FJ11: 0.0035698589 | FL11: 0.00011562373 | FM11: 0.0055124325 | FN11: 0.021648593 | FO11: 0.014551594 | FP11: 0.011384769 | FR11: 0.014545483 | FT11: 0.0034256051 | FU11: 9.8523268e-06 | FV11: 1.4772151e-05
A12: 2010 | B12: 3.9044287e-06 | C12: 7.9616268e-05 | D12: 0.03110377 | F12: 0.00058459692 | G12: 3.7249598e-06 | H12: 2.0182018e-07 | I12: 0.00014353256 | J12: 0.0088335092 | K12: 9.8671074e-05 | L12: 0.00017207126 | N12: 1.4042508e-05 | O12: 0.011997562 | P12: 7.0895212e-05 | Q12: 2.7697481e-05 | R12: 0.004356131 | S12: 3.6543071e-06 | T12: 1.4198377e-05 | U12: 0.0055291802 | V12: 4.1212261e-05 | X12: 0.10053867 | Z12: 8.5057471e-06 | AA12: 5.2417682e-05 | AD12: 0.00027442521 | AE12: 0.00053407534 | AF12: 0.00060045584 | AH12: 4.9509988e-05 | AI12: 0.021420099 | AJ12: 0.024801677 | AK12: 0.017503988 | AM12: 0.00029524452 | AN12: 0.00021077913 | AO12: 0.001666128 | AP12: 0.0006276356 | AQ12: 3.6449435e-05 | AR12: 0.0007238345 | AT12: 0.00095440702 | AU12: 0.00010856107 | AV12: 0.015470747 | AY12: 0.0072811415 | AZ12: 0.0075910225 | BA12: 0.022297125 | BB12: 9.1833226e-05 | BC12: 1.4549695e-05 | BE12: 0.00016427278 | BF12: 4.3921354e-06 | BH12: 6.0501997e-05 | BI12: 0.01411019 | BJ12: 6.5597017e-05 | BK12: 1.1193402e-05 | BL12: 3.6595948e-07 | BM12: 0.01258491 | BN12: 0.0001921348 | BO12: 0.0046382293 | BP12: 6.9565604e-06 | BQ12: 0.0029427173 | BR12: 3.4483388e-06 | BT12: 1.5439426e-05 | BU12: 0.0010861906 | BV12: 5.2895056e-05 | BW12: 0.0054056051 | BX12: 1.1550399e-06 | BZ12: 0.06160763 | CA12: 0.032454837 | CB12: 0.045890787 | CC12: 6.4881396e-05 | CD12: 0.003621175 | CE12: 0.0028538865 | CF12: 0.056084674 | CG12: 0.00020507094 | CH12: 0.0023058105 | CI12: 0.0017553955 | CJ12: 0.00022850736 | CK12: 2.2095664e-05 | CL12: 0.016636158 | CM12: 0.00013273196 | CN12: 0.00029262807 | CO12: 0.0015728122 | CP12: 2.9414386e-05 | CQ12: 0.0044210758 | CR12: 0.00021879864 | CS12: 2.5027339e-05 | CT12: 3.3598706e-08 | CU12: 0.00029101797 | CV12: 2.1390858e-05 | CW12: 0.025849278 | CX12: 9.817098e-07 | CY12: 0.00010156535 | CZ12: 4.0339082e-05 | DA12: 3.4042742e-05 | DB12: 0.001164357 | DC12: 0.0041599256 | DE12: 4.8886266e-06 | DG12: 0.002938483 | DH12: 0.0010998052 | DJ12: 3.6897507e-06 | DL12: 0.0001385967 | DM12: 0.086179826 | DN12: 0.0023545324 | DO12: 0.00012843521 | DP12: 0.00084604543 | DQ12: 0.0011284976 | DR12: 8.0728352e-06 | DS12: 3.7263294e-05 | DT12: 0.00054857974 | DU12: 0.00078782424 | DV12: 0.0007930283 | DX12: 0.0092434903 | DY12: 0.023137657 | DZ12: 0.013587163 | EA12: 0.023618802 | EB12: 0.0018732263 | EC12: 0.00016742465 | ED12: 1.1840954e-05 | EE12: 0.0042271515 | EF12: 0.006381573 | EI12: 0.004813197 | EJ12: 0.0028294474 | EK12: 7.768425e-06 | EL12: 8.6817873e-07 | EM12: 5.0879098e-07 | EN12: 0.00027964545 | EP12: 0.00022629262 | ER12: 0.019200086 | ET12: 0.071465034 | EU12: 1.2407839e-06 | EV12: 1.3410509e-05 | EW12: 1.575381e-05 | EX12: 1.1046985e-05 | EY12: 0.00010552745 | EZ12: 5.7296799e-06 | FA12: 0.00033974868 | FB12: 0.0001338689 | FC12: 0.0050449524 | FD12: 0.0011254346 | FE12: 0.00024151153 | FF12: 0.014930286 | FG12: 0.00010362188 | FH12: 0.00052385607 | FI12: 0.0045358632 | FJ12: 0.0047542508 | FL12: 0.00036200898 | FM12: 0.0086531155 | FN12: 0.022034293 | FO12: 0.011824259 | FP12: 0.013185348 | FR12: 0.020997128 | FT12: 0.001546122 | FV12: 7.2380842e-05
A13: 2011 | B13: 4.6962359e-06 | C13: 1.3615331e-05 | D13: 0.040699895 | F13: 0.001854922 | H13: 5.7068329e-08 | I13: 4.6137206e-05 | J13: 0.016382694 | K13: 0.00016999774 | L13: 0.00013920041 | N13: 2.3324676e-06 | O13: 0.018727048 | P13: 9.8789835e-05 | Q13: 5.0177411e-05 | R13: 0.0069761819 | S13: 4.8882059e-08 | T13: 1.7795908e-05 | U13: 0.0060849814 | V13: 6.1277518e-06 | X13: 0.10702799 | Z13: 5.1944558e-06 | AA13: 6.9819154e-05 | AC13: 2.9874286e-06 | AD13: 0.00036494667 | AE13: 0.000533468 | AF13: 0.00034571317 | AH13: 2.6181613e-05 | AI13: 0.018192835 | AJ13: 0.026337246 | AK13: 0.01977592 | AM13: 0.00021761372 | AN13: 0.00016704108 | AO13: 0.0010142995 | AP13: 0.00039400405 | AQ13: 0.0001821059 | AR13: 0.00066064102 | AT13: 0.00075739957 | AU13: 0.00010841929 | AV13: 0.015064149 | AY13: 0.0071976239 | AZ13: 0.0040021283 | BA13: 0.028577281 | BB13: 2.4389614e-05 | BC13: 1.6149123e-06 | BE13: 8.572452e-05 | BH13: 0.0016554309 | BI13: 0.011861667 | BJ13: 8.3825675e-05 | BK13: 2.029538e-05 | BL13: 2.4313928e-05 | BM13: 0.01058432 | BN13: 0.0002055016 | BO13: 0.0033906886 | BQ13: 0.0025588027 | BR13: 3.6412763e-05 | BT13: 6.6376502e-05 | BU13: 0.00048583477 | BV13: 6.7795758e-05 | BW13: 0.0039051702 | BX13: 4.0349057e-06 | BZ13: 0.040975389 | CA13: 0.033314898 | CB13: 0.026651508 | CC13: 6.5193383e-06 | CD13: 0.0047514123 | CE13: 0.0030897145 | CF13: 0.061786225 | CG13: 0.00010997252 | CH13: 0.002078669 | CI13: 0.0029636158 | CJ13: 0.00019408472 | CK13: 5.6102037e-05 | CL13: 0.017944185 | CM13: 0.00010857948 | CN13: 0.0016968311 | CO13: 0.001522046 | CP13: 1.0741596e-05 | CQ13: 0.0013903554 | CR13: 0.00061829447 | CS13: 2.5157052e-05 | CU13: 0.00017437064 | CV13: 9.6075138e-06 | CW13: 0.021205285 | CX13: 8.4010772e-07 | CY13: 0.0001138926 | CZ13: 1.3549277e-05 | DA13: 0.00011318805 | DB13: 0.0012567973 | DC13: 0.0042312618 | DD13: 1.4334837e-05 | DE13: 4.0143198e-06 | DG13: 0.003867441 | DH13: 0.0022853593 | DI13: 8.1389515e-07 | DJ13: 2.061648e-06 | DL13: 7.4913462e-05 | DM13: 0.063420221 | DN13: 0.0025408801 | DO13: 0.0011076832 | DP13: 0.0010606048 | DQ13: 0.0011428461 | DS13: 5.0589677e-06 | DT13: 0.00062966791 | DU13: 0.00091767972 | DV13: 0.0028615494 | DW13: 3.3833748e-05 | DX13: 0.011893935 | DY13: 0.036426957 | DZ13: 0.017047476 | EA13: 0.022017259 | EB13: 0.0020361818 | EC13: 0.00022385841 | EE13: 0.00059311751 | EF13: 0.0052918867 | EI13: 0.005219701 | EJ13: 0.001436153 | EK13: 3.0082902e-07 | EM13: 1.6450249e-05 | EN13: 0.00014300079 | EP13: 0.00064566747 | ER13: 0.013392854 | ET13: 0.085508524 | EU13: 8.104273e-05 | EV13: 1.5265778e-05 | EW13: 4.3609334e-06 | EX13: 2.0301754e-05 | EY13: 0.00021676858 | EZ13: 4.8738095e-06 | FA13: 0.00043168973 | FB13: 0.00025147272 | FC13: 0.0079652521 | FD13: 0.001502917 | FE13: 0.00054908404 | FF13: 0.013292977 | FG13: 7.3998182e-05 | FH13: 0.00044618839 | FI13: 0.0037218515 | FJ13: 0.0044280806 | FL13: 0.00041675502 | FM13: 0.0052232287 | FN13: 0.019197651 | FO13: 0.011861754 | FP13: 0.013170804 | FR13: 0.030738661 | FT13: 0.00067179314 | FU13: 5.8434326e-06 | FV13: 7.7124424e-05
A14: 2012 | D14: 0.029986779 | F14: 0.0015874775 | H14: 1.6500867e-06 | I14: 1.0481967e-05 | J14: 0.018972222 | K14: 0.00028361803 | L14: 3.5068493e-05 | N14: 2.2271557e-05 | O14: 0.014839273 | P14: 5.4449733e-05 | Q14: 1.8350546e-05 | R14: 0.00807812 | S14: 1.2693929e-07 | T14: 3.8725342e-05 | U14: 0.0060072479 | X14: 0.10648485 | AA14: 3.0539487e-05 | AD14: 0.00028131632 | AE14: 0.00045240903 | AF14: 0.00039884061 | AH14: 3.6419611e-05 | AI14: 0.027477648 | AJ14: 0.040227981 | AK14: 0.022326405 | AM14: 0.00033906749 | AN14: 0.00010305096 | AO14: 0.00012593096 | AP14: 0.00018406908 | AQ14: 0.00031839846 | AR14: 0.0015608467 | AT14: 0.00048320131 | AU14: 0.00015994897 | AV14: 0.01889182 | AY14: 0.0071970311 | AZ14: 0.0018654453 | BA14: 0.016479248 | BB14: 0.00011451099 | BC14: 3.1073928e-06 | BE14: 4.3792891e-05 | BH14: 5.6517306e-05 | BI14: 0.0070818693 | BJ14: 2.3765765e-05 | BM14: 0.0096767959 | BN14: 0.00027620415 | BO14: 0.0043315663 | BP14: 3.1048478e-06 | BQ14: 0.0026087307 | BR14: 3.3641154e-05 | BS14: 2.8121778e-06 | BT14: 2.1425486e-05 | BU14: 0.00095779129 | BV14: 9.3474719e-05 | BW14: 0.0030715015 | BX14: 5.3907138e-06 | BZ14: 0.051768668 | CA14: 0.049121791 | CB14: 0.031278253 | CC14: 5.8852136e-06 | CD14: 0.0070013049 | CE14: 0.0037084258 | CF14: 0.030645137 | CG14: 6.6828076e-05 | CH14: 0.0033914634 | CI14: 0.0060411299 | CJ14: 0.00017279504 | CK14: 1.8528052e-06 | CL14: 0.017692479 | CM14: 1.946311e-05 | CN14: 0.0013656241 | CO14: 0.00157861 | CP14: 1.3848898e-05 | CQ14: 0.0032247493 | CR14: 0.003680205 | CS14: 2.4151846e-05 | CU14: 0.00024456438 | CV14: 1.0918385e-05 | CW14: 0.030372791 | CY14: 3.4813743e-05 | CZ14: 2.2042581e-05 | DA14: 5.9042791e-05 | DB14: 0.0017486928 | DC14: 0.0041089723 | DD14: 3.1316358e-05 | DE14: 9.8780766e-06 | DG14: 0.0022505374 | DH14: 0.0018660499 | DJ14: 9.6330906e-05 | DL14: 9.1614017e-05 | DM14: 0.054240692 | DN14: 0.0023707668 | DO14: 0.0003901725 | DP14: 0.00069954388 | DQ14: 0.0017370749 | DS14: 1.8804053e-06 | DT14: 2.1776019e-05 | DU14: 0.0011849247 | DV14: 0.0022604449 | DX14: 0.0090309122 | DY14: 0.034644187 | DZ14: 0.01404861 | EA14: 0.028272517 | EB14: 0.00090483102 | EC14: 0.00023625898 | ED14: 1.7984876e-06 | EE14: 0.0023758623 | EF14: 0.0051873748 | EI14: 0.0043237941 | EJ14: 0.00079842013 | EK14: 1.8912214e-07 | EM14: 1.0412629e-05 | EN14: 0.00013762589 | EP14: 0.00010434325 | ER14: 0.012055453 | ET14: 0.080144794 | EU14: 1.148412e-07 | EV14: 9.5810006e-06 | EW14: 2.778849e-06 | EX14: 4.9308547e-06 | EY14: 0.00023469278 | EZ14: 4.4799389e-05 | FA14: 0.00021737132 | FB14: 0.00019329951 | FC14: 0.0017874969 | FD14: 0.0014115951 | FE14: 0.0002864961 | FF14: 0.024761981 | FG14: 6.4339828e-05 | FH14: 0.00011847828 | FI14: 0.0034114021 | FJ14: 0.0042670312 | FK14: 1.3456461e-05 | FL14: 0.00025001125 | FM14: 0.0011279756 | FN14: 0.019752359 | FO14: 0.0082887161 | FP14: 0.012217427 | FR14: 0.035641611 | FT14: 0.0012276081 | FU14: 5.2922386e-05 | FV14: 0.00010354162
A15: 2013 | C15: 0.00030522466 | D15: 0.048931688 | F15: 0.0013362595 | I15: 1.3078467e-05 | J15: 0.015676951 | K15: 0.00023766443 | N15: 8.6845041e-06 | O15: 0.011215692 | P15: 2.5000935e-05 | Q15: 5.5132038e-05 | R15: 0.0060420074 | U15: 0.0067035558 | X15: 0.10604131 | Y15: 0.0001057725 | Z15: 3.3944452e-06 | AD15: 0.00052099453 | AE15: 0.0016253753 | AF15: 0.00051155927 | AH15: 4.3922902e-05 | AI15: 0.022826172 | AJ15: 0.03518537 | AK15: 0.017199296 | AM15: 6.7321917e-05 | AN15: 0.00013769627 | AO15: 0.00019061114 | AP15: 0.00020168679 | AQ15: 1.4543909e-07 | AR15: 0.0051305648 | AT15: 0.00048478193 | AU15: 0.00010540398 | AV15: 0.011354665 | AY15: 0.0060746861 | AZ15: 0.0041073063 | BA15: 0.01876444 | BB15: 0.00011314705 | BE15: 6.7283204e-05 | BF15: 2.0182144e-05 | BH15: 6.5297096e-05 | BI15: 0.0093979855 | BJ15: 1.5110322e-05 | BK15: 7.089245e-06 | BL15: 0.0010243135 | BM15: 0.01022288 | BN15: 0.00034869089 | BO15: 0.0035798873 | BQ15: 0.0027984043 | BT15: 3.235321e-05 | BU15: 0.00071531449 | BV15: 6.8314593e-05 | BW15: 0.0033108409 | BX15: 4.1858338e-05 | BZ15: 0.046397267 | CA15: 0.05055488 | CB15: 0.035236415 | CC15: 1.3272892e-05 | CD15: 0.0081729365 | CE15: 0.0038313672 | CF15: 0.026111273 | CG15: 0.00048049151 | CH15: 0.0031894252 | CI15: 0.0062339121 | CJ15: 2.8785124e-05 | CK15: 0.00013240444 | CL15: 0.0088596383 | CM15: 1.3372722e-05 | CN15: 0.008673031 | CO15: 0.0015649482 | CQ15: 0.0038208565 | CR15: 0.0014631179 | CS15: 1.8395366e-05 | CU15: 0.00046972037 | CV15: 1.2813871e-05 | CW15: 0.03214806 | CY15: 7.3709483e-05 | DA15: 1.9442712e-05 | DB15: 0.0013652987 | DC15: 0.0049068844 | DD15: 1.480249e-05 | DE15: 1.8887574e-06 | DG15: 0.010239002 | DH15: 0.0012948509 | DI15: 2.3126706e-05 | DJ15: 1.5395172e-07 | DL15: 6.2662486e-05 | DM15: 0.040305325 | DN15: 0.0020195919 | DO15: 0.00073725437 | DP15: 0.00055354746 | DQ15: 0.0016582901 | DS15: 2.5862782e-05 | DT15: 1.0388965e-05 | DU15: 0.0043802427 | DV15: 0.0012721896 | DW15: 8.7172481e-06 | DX15: 0.0088733613 | DY15: 0.029043871 | DZ15: 0.021706008 | EA15: 0.026336167 | EB15: 2.6462884e-05 | EC15: 0.0020432879 | ED15: 5.6054117e-06 | EE15: 0.0040436043 | EF15: 0.0055818949 | EI15: 0.010762896 | EJ15: 0.00077171375 | EK15: 2.9915224e-06 | EM15: 3.3873525e-05 | EN15: 0.00040848276 | ER15: 0.016213186 | ET15: 0.03560045 | EU15: 3.5975067e-07 | EV15: 5.7685701e-06 | EW15: 3.0692235e-06 | EX15: 8.3387633e-06 | EY15: 0.00034285036 | EZ15: 9.2779813e-05 | FA15: 0.00026845394 | FB15: 0.00026615184 | FC15: 0.0022117585 | FD15: 0.0016954134 | FE15: 3.3919141e-05 | FF15: 0.032218299 | FG15: 2.3519218e-05 | FH15: 7.4411924e-05 | FI15: 0.0021141522 | FJ15: 0.011212417 | FK15: 5.3610039e-06 | FL15: 0.00021108918 | FM15: 0.0020149012 | FN15: 0.012117478 | FO15: 0.0266224 | FP15: 0.013315116 | FR15: 0.037650145 | FT15: 0.0033401719 | FV15: 4.7286059e-06
A16: 2014 | D16: 0.045007725 | F16: 0.001120761 | I16: 2.0210488e-05 | J16: 0.0055183575 | K16: 0.0002171418 | L16: 5.4506466e-07 | N16: 3.4924655e-06 | O16: 0.013873411 | P16: 3.5651702e-05 | Q16: 4.5063414e-05 | R16: 0.0039490318 | S16: 2.4751979e-08 | T16: 2.5237633e-06 | U16: 0.0064614253 | X16: 0.075855082 | Y16: 0.00018798329 | Z16: 2.7079298e-06 | AA16: 6.9915064e-06 | AD16: 0.0005139928 | AE16: 0.00068531848 | AF16: 9.8840484e-05 | AH16: 1.7461714e-05 | AI16: 0.018115358 | AJ16: 0.023266392 | AK16: 0.0092097674 | AM16: 0.00025881429 | AN16: 5.7133793e-05 | AO16: 0.00036736899 | AP16: 0.0014960764 | AQ16: 0.00042380163 | AR16: 0.0066104052 | AT16: 0.00061979652 | AU16: 0.00012276376 | AV16: 0.011069636 | AY16: 0.0028477635 | AZ16: 0.0061174148 | BA16: 0.018777274 | BB16: 0.00020903621 | BC16: 6.3886074e-06 | BE16: 5.1386156e-05 | BH16: 8.5578153e-07 | BI16: 0.0035223953 | BJ16: 4.3781723e-05 | BL16: 7.8884656e-06 | BM16: 0.012311644 | BN16: 1.1761419e-06 | BO16: 0.0038079286 | BQ16: 0.00073121794 | BT16: 5.404812e-05 | BU16: 0.00048137375 | BV16: 0.0010461396 | BW16: 0.0031546707 | BX16: 2.8437738e-05 | BZ16: 0.068031251 | CA16: 0.04483212 | CB16: 0.039057653 | CC16: 1.2399658e-05 | CD16: 0.0098481766 | CE16: 0.0034928312 | CF16: 0.027392143 | CG16: 3.5611999e-05 | CH16: 0.0019933446 | CI16: 0.0071389453 | CJ16: 5.2857774e-05 | CK16: 1.9129518e-05 | CL16: 0.01099147 | CM16: 2.6004245e-05 | CN16: 0.014183975 | CO16: 0.0023348837 | CQ16: 0.0066680971 | CR16: 0.0019249228 | CS16: 1.9290928e-05 | CU16: 0.00046571905 | CW16: 0.032961794 | DA16: 1.4072395e-05 | DB16: 0.0015415067 | DC16: 0.004728903 | DD16: 8.2338214e-06 | DE16: 4.3275864e-05 | DG16: 0.0118167 | DH16: 0.0011988447 | DI16: 0.00014797112 | DL16: 0.00011721027 | DM16: 0.033251116 | DN16: 0.00029393078 | DO16: 0.0012280041 | DP16: 0.0010392829 | DQ16: 0.00096723634 | DT16: 1.1116916e-05 | DU16: 0.0043839005 | DV16: 0.0012994921 | DX16: 0.0091098594 | DY16: 0.028314622 | DZ16: 0.031071465 | EA16: 0.036238295 | EB16: 0.00033654202 | EC16: 0.0016668838 | ED16: 2.6565637e-06 | EE16: 0.0032957031 | EF16: 0.0092427709 | EI16: 0.011014305 | EJ16: 0.00044115063 | EK16: 2.1830853e-06 | EN16: 0.00013543405 | ER16: 0.0145893 | ET16: 0.049755321 | EU16: 1.3267628e-06 | EW16: 2.1174074e-06 | EX16: 6.8209819e-06 | EY16: 0.00025290819 | EZ16: 7.7118021e-05 | FA16: 0.00023784009 | FB16: 0.00049527626 | FC16: 0.0030807571 | FD16: 0.0019948251 | FE16: 8.8008265e-05 | FF16: 0.022581655 | FH16: 0.00011027409 | FI16: 0.0012558823 | FJ16: 0.012359607 | FL16: 9.9555411e-05 | FM16: 0.0010491536 | FN16: 0.027179081 | FO16: 0.010869391 | FP16: 0.013196158 | FR16: 0.043054061 | FT16: 0.0029418427 | FU16: 2.0617646e-07 | FV16: 5.2844875e-06
A17: 2015 | C17: 7.272895e-05 | D17: 0.042761133 | F17: 0.00082826536 | I17: 9.5430052e-06 | J17: 0.012948066 | K17: 0.00021490314 | N17: 4.0218721e-05 | O17: 0.010001724 | P17: 1.9151703e-06 | Q17: 1.4964821e-05 | R17: 0.005496276 | T17: 8.1876708e-06 | U17: 0.0057426158 | X17: 0.052870437 | Y17: 0.00044829544 | Z17: 6.6844592e-06 | AA17: 1.7460079e-05 | AD17: 0.00049451612 | AE17: 0.0012649007 | AF17: 8.9469857e-05 | AH17: 1.2576262e-05 | AI17: 0.021588091 | AJ17: 0.033681952 | AK17: 0.0015145607 | AM17: 7.2710847e-05 | AN17: 0.00024538619 | AO17: 0.0001792779 | AP17: 0.0008145179 | AQ17: 0.00037303463 | AR17: 0.002607684 | AT17: 0.0015548948 | AU17: 0.00012104872 | AV17: 0.015703405 | AY17: 0.0027461851 | AZ17: 0.0035593533 | BA17: 0.03104585 | BB17: 0.00014361012 | BE17: 3.150556e-05 | BI17: 0.0088529578 | BJ17: 1.8498448e-05 | BM17: 0.012223775 | BN17: 0.00024646758 | BO17: 0.0050052002 | BQ17: 0.0012041668 | BT17: 2.5168173e-05 | BU17: 2.689854e-05 | BV17: 6.2449118e-05 | BW17: 0.0031257537 | BX17: 5.4700363e-05 | BZ17: 0.10335819 | CA17: 0.036547953 | CB17: 0.030516748 | CC17: 9.6901764e-06 | CD17: 0.0089872367 | CE17: 0.003253199 | CF17: 0.035047302 | CG17: 6.9465922e-05 | CH17: 0.0014128191 | CI17: 0.0077343389 | CJ17: 3.6875611e-05 | CK17: 1.1998109e-06 | CL17: 0.025239392 | CM17: 1.7369679e-05 | CN17: 0.0096846697 | CO17: 0.0024041812 | CQ17: 0.0040359733 | CR17: 0.00091268934 | CS17: 3.3070226e-05 | CU17: 0.00057435146 | CW17: 0.033502882 | CY17: 3.8783704e-06 | DA17: 5.9304592e-06 | DB17: 0.0015812781 | DC17: 0.0052419302 | DD17: 1.4346309e-05 | DE17: 6.8112961e-05 | DG17: 0.0076253106 | DH17: 0.002192541 | DI17: 8.7506464e-06 | DK17: 4.4816724e-06 | DL17: 6.2322964e-05 | DM17: 0.030002497 | DN17: 0.0023646427 | DO17: 0.00091201269 | DP17: 0.00082869217 | DQ17: 0.0041310801 | DT17: 1.5155143e-05 | DU17: 0.012138658 | DV17: 0.0010342374 | DX17: 0.0083819262 | DY17: 0.02102648 | DZ17: 0.014085366 | EA17: 0.030284462 | EB17: 0.00039768068 | EC17: 8.8924795e-05 | ED17: 3.1539474e-05 | EE17: 0.0032019595 | EF17: 0.0043189272 | EI17: 0.0098988918 | EJ17: 0.00081462764 | EK17: 3.8650908e-06 | EN17: 0.0035132634 | EO17: 0.00018824793 | EP17: 0.00055423165 | ER17: 0.017840982 | ET17: 0.039232368 | EW17: 1.3377172e-06 | EY17: 0.00028779551 | EZ17: 2.7082229e-05 | FA17: 0.0006308366 | FB17: 0.00027719851 | FC17: 0.0013498393 | FD17: 0.0012355233 | FF17: 0.016791212 | FG17: 3.3160067e-06 | FH17: 6.8463312e-06 | FI17: 0.00028495165 | FJ17: 0.009801564 | FL17: 7.7375931e-05 | FM17: 0.0003324961 | FN17: 0.018928616 | FO17: 0.032307394 | FP17: 0.012518648 | FQ17: 0.0027834607 | FR17: 0.039816665 | FT17: 0.0018748437 | FV17: 2.8182825e-07
A18: 2016 | C18: 5.8664071e-05 | D18: 0.037599371 | F18: 0.00014193101 | I18: 2.0768363e-05 | J18: 0.017264406 | K18: 0.00021338513 | M18: 1.8189108e-05 | N18: 3.3992369e-05 | O18: 0.020296622 | P18: 1.5067374e-07 | Q18: 0.00076845355 | R18: 0.0047969689 | U18: 0.0055003496 | W18: 7.5836979e-06 | X18: 0.06321037 | Y18: 0.0001344515 | Z18: 6.1185088e-06 | AA18: 1.6710359e-05 | AD18: 0.0004934157 | AE18: 0.00069490825 | AF18: 0.00016227373 | AI18: 0.017966777 | AJ18: 0.013403539 | AK18: 0.0026281172 | AM18: 5.0169731e-05 | AN18: 2.9765365e-05 | AO18: 0.00013101504 | AP18: 0.0007097731 | AQ18: 6.4912652e-07 | AR18: 0.0026413736 | AT18: 0.0012755992 | AU18: 0.00011070327 | AV18: 0.011020287 | AY18: 0.0024132099 | AZ18: 0.0044941261 | BA18: 0.052458195 | BB18: 9.6037114e-05 | BE18: 8.7877599e-05 | BI18: 0.0054853201 | BJ18: 2.5300686e-06 | BM18: 0.01339574 | BN18: 0.0003783663 | BO18: 0.0039730361 | BQ18: 0.0013785741 | BR18: 5.9653978e-06 | BT18: 3.0260416e-06 | BV18: 6.2332837e-05 | BW18: 0.0029283147 | BX18: 3.0287538e-05 | BZ18: 0.10256038 | CA18: 0.038061466 | CB18: 0.017999776 | CC18: 0.0025601276 | CD18: 0.0094281245 | CE18: 0.0058532801 | CF18: 0.026327644 | CG18: 4.4721248e-05 | CH18: 0.0047736601 | CI18: 0.0069096808 | CJ18: 1.406899e-05 | CK18: 3.8504567e-05 | CL18: 0.021175616 | CM18: 1.0820159e-05 | CN18: 0.0041731318 | CO18: 0.0038904137 | CQ18: 0.0031935708 | CR18: 1.1199824e-05 | CS18: 5.9560304e-06 | CU18: 0.00082714735 | CW18: 0.034643233 | CY18: 4.4080084e-06 | DB18: 0.0020152258 | DC18: 0.0041161766 | DD18: 5.3610117e-07 | DE18: 2.9883687e-05 | DG18: 0.0083794731 | DH18: 0.0012942837 | DI18: 5.2484785e-06 | DK18: 8.9763079e-06 | DL18: 0.00010198254 | DM18: 0.017753896 | DN18: 0.0033084434 | DO18: 0.00033927859 | DP18: 0.00031873308 | DQ18: 0.00038591967 | DR18: 2.0432537e-06 | DT18: 2.1812792e-05 | DU18: 0.010848688 | DV18: 0.00077093403 | DX18: 0.0075592802 | DY18: 0.027168222 | DZ18: 0.015968685 | EA18: 0.02860016 | EB18: 0.0021821684 | EC18: 6.5716668e-05 | ED18: 5.3944914e-05 | EE18: 0.0015637207 | EF18: 0.0042615464 | EI18: 0.0092547359 | EJ18: 0.00068729887 | EK18: 3.225524e-06 | EN18: 7.3701045e-05 | EO18: 0.0013030486 | EP18: 2.5235688e-07 | ER18: 0.016859337 | ET18: 0.040254176 | EX18: 5.1161749e-06 | EY18: 0.00033979213 | FA18: 0.00029870119 | FB18: 0.00024159033 | FC18: 0.00074773589 | FD18: 0.00095161873 | FE18: 0.00035113393 | FF18: 0.016000148 | FH18: 1.5099731e-05 | FI18: 0.004471492 | FJ18: 0.018325311 | FL18: 5.4505504e-05 | FM18: 0.001810639 | FN18: 0.013273847 | FO18: 0.075539477 | FP18: 0.0088958868 | FQ18: 0.00018496071 | FR18: 0.014953699 | FT18: 0.0017001868 | FV18: 4.0767666e-06
A19: 2017 | B19: 7.6487566e-06 | C19: 9.9149904e-06 | D19: 0.032639659 | F19: 0.00035056608 | I19: 2.8961687e-05 | J19: 0.0089868281 | K19: 0.0001443185 | N19: 1.3097963e-05 | O19: 0.022786847 | P19: 1.4503622e-06 | Q19: 0.0021441678 | R19: 0.0054838907 | T19: 6.1734212e-06 | U19: 0.0061021011 | X19: 0.080404168 | Y19: 0.00020386632 | Z19: 5.61784e-05 | AD19: 0.00014116889 | AE19: 0.00054983242 | AF19: 0.00010361611 | AI19: 0.022103112 | AJ19: 0.018833957 | AK19: 0.003286681 | AM19: 0.00023417562 | AN19: 9.7058625e-05 | AO19: 0.0001278978 | AP19: 0.0011751002 | AQ19: 7.3662987e-05 | AR19: 0.00078250516 | AT19: 0.00084152513 | AU19: 0.00010273925 | AV19: 0.012330217 | AY19: 0.00055986821 | AZ19: 0.0074120861 | BA19: 0.035875494 | BB19: 0.00014407325 | BE19: 3.5540983e-07 | BF19: 3.7896465e-07 | BH19: 4.0139943e-07 | BI19: 0.0023422293 | BJ19: 4.6881588e-05 | BM19: 0.0087791298 | BN19: 0.0010865864 | BO19: 0.0051201996 | BP19: 7.0307403e-06 | BQ19: 0.0020919896 | BT19: 9.8574028e-06 | BU19: 0.00017888649 | BV19: 7.5875574e-05 | BW19: 0.0030180181 | BX19: 8.2549654e-06 | BZ19: 0.10562379 | CA19: 0.049538909 | CB19: 0.022891066 | CC19: 0.0043031585 | CD19: 0.0078983636 | CE19: 0.0034531438 | CF19: 0.036653608 | CH19: 0.003549456 | CI19: 0.0089071762 | CJ19: 6.2805253e-05 | CK19: 9.8192256e-06 | CL19: 0.0024298893 | CM19: 9.5138861e-05 | CN19: 0.0029381512 | CO19: 0.0036853734 | CQ19: 0.00048122511 | CR19: 0.0015287893 | CU19: 0.0010076592 | CW19: 0.031394743 | CZ19: 0.013039589 | DA19: 4.7054197e-06 | DB19: 0.00167319 | DC19: 0.0039637777 | DD19: 5.0218479e-06 | DE19: 9.5729827e-05 | DG19: 0.0099778562 | DH19: 0.0020450167 | DI19: 1.3380701e-05 | DJ19: 8.8232734e-05 | DK19: 1.1292551e-07 | DL19: 0.00012537137 | DM19: 0.033842194 | DN19: 0.002127984 | DO19: 0.00041397701 | DP19: 0.00024202877 | DQ19: 0.00020876841 | DR19: 3.3366874e-07 | DT19: 0.00054499263 | DU19: 0.0029933957 | DV19: 0.00032054582 | DX19: 0.0074817188 | DY19: 0.025880849 | DZ19: 0.010223782 | EA19: 0.03103904 | EB19: 0.0019741183 | EC19: 0.00011965463 | ED19: 2.8674831e-05 | EE19: 0.0042171472 | EF19: 0.0053827168 | EI19: 0.011449167 | EJ19: 0.00089395567 | EK19: 1.6450734e-06 | EN19: 4.3244274e-05 | EO19: 0.0017582927 | EP19: 2.2502608e-07 | ER19: 0.017921128 | ET19: 0.042549263 | EU19: 5.15514e-05 | EX19: 6.6231611e-06 | EY19: 0.0006485411 | EZ19: 2.1635687e-07 | FA19: 0.00041007853 | FB19: 0.00025437922 | FC19: 1.1685702e-05 | FD19: 0.0011699521 | FE19: 0.00019753568 | FF19: 0.017244414 | FG19: 6.6639191e-06 | FH19: 1.4000055e-05 | FI19: 0.0028462007 | FJ19: 0.014700833 | FK19: 6.524162e-05 | FL19: 0.00023793133 | FM19: 0.0020791941 | FN19: 0.020476204 | FO19: 0.051915857 | FP19: 0.010411986 | FR19: 0.010000742 | FT19: 0.0029520195 | FU19: 3.7003866e-07
A20: 2018 | D20: 0.04778759 | F20: 0.00015696887 | J20: 0.019014381 | N20: 1.4081448e-05 | O20: 0.021194454 | Q20: 0.0027129881 | R20: 0.0075213856 | U20: 0.0064868061 | X20: 0.084030271 | Z20: 3.9859779e-05 | AE20: 0.0016818254 | AF20: 0.0022687739 | AI20: 0.026230633 | AJ20: 0.038280998 | AK20: 0.0033934644 | AM20: 9.3623369e-05 | AN20: 5.7990128e-05 | AO20: 8.7914593e-05 | AP20: 0.002231736 | AR20: 0.0032949153 | AT20: 0.0010839516 | AU20: 0.00011060806 | AV20: 0.014685101 | AY20: 0.00063817998 | AZ20: 0.0085515223 | BA20: 0.02643676 | BB20: 3.9707283e-05 | BI20: 0.0026237609 | BJ20: 4.4064569e-05 | BM20: 0.0085573888 | BN20: 0.0016958801 | BO20: 0.0057428173 | BQ20: 0.0010052316 | BT20: 0.00016247811 | BV20: 5.3203968e-05 | BW20: 0.0032137525 | BZ20: 0.080263069 | CA20: 0.045264289 | CB20: 0.017480335 | CC20: 0.0082336307 | CD20: 0.012159889 | CE20: 0.0053840932 | CF20: 0.030888416 | CH20: 0.0025088161 | CI20: 0.0075291604 | CJ20: 3.6022206e-05 | CL20: 9.7207673e-05 | CM20: 2.3283021e-05 | CO20: 0.0029216238 | CQ20: 0.0020728885 | CR20: 0.0017800649 | CU20: 0.00056047633 | CW20: 0.027517078 | CZ20: 0.0185233 | DB20: 0.0017804659 | DC20: 0.0055078279 | DG20: 0.0097486027 | DH20: 0.0038349344 | DM20: 0.049180509 | DN20: 0.0019487108 | DO20: 0.00020944145 | DQ20: 0.00011720631 | DT20: 0.00057269462 | DU20: 0.0013142659 | DV20: 0.00045667224 | DX20: 0.0094822559 | DY20: 0.024309745 | DZ20: 0.017779395 | EA20: 0.030881965 | EB20: 0.00012694062 | EC20: 0.00012800356 | ED20: 3.224668e-05 | EE20: 1.878626e-05 | EF20: 0.0097816955 | EI20: 0.01279102 | EJ20: 0.0009733997 | EK20: 1.8883029e-06 | EN20: 5.4154922e-05 | ER20: 0.013851707 | ET20: 0.034913851 | EU20: 9.4477918e-06 | EY20: 0.00017854073 | FA20: 0.00063098619 | FB20: 0.00023059899 | FD20: 0.0011616307 | FF20: 0.015203898 | FI20: 0.001839322 | FJ20: 0.019033284 | FL20: 4.8379024e-05 | FM20: 0.0026354119 | FN20: 0.025677044 | FO20: 0.010024376 | FP20: 0.0097420991 | FR20: 0.014133367 | FT20: 0.0052743699
A21: 2019 | D21: 0.039839414 | F21: 0.00020059154 | I21: 2.2477826e-05 | J21: 0.013070659 | K21: 2.7853515e-05 | N21: 9.7421032e-06 | O21: 0.026654031 | P21: 2.0867857e-05 | Q21: 0.00092541952 | R21: 0.0027368411 | U21: 0.0066103267 | X21: 0.072611829 | Z21: 9.3617757e-05 | AD21: 0.00042332752 | AE21: 0.00089949999 | AF21: 0.00095524112 | AI21: 0.027511189 | AJ21: 0.075413467 | AK21: 0.0038709155 | AM21: 8.1726496e-05 | AN21: 3.7039788e-05 | AO21: 9.1341817e-05 | AP21: 0.0025025706 | AR21: 0.0034866833 | AT21: 0.0023004227 | AU21: 0.00015573879 | AV21: 0.012099299 | AY21: 0.0038297916 | AZ21: 0.0061030511 | BA21: 0.017685498 | BB21: 6.530907e-05 | BI21: 0.0023343268 | BM21: 0.0088180557 | BN21: 0.0021028311 | BO21: 0.0054312753 | BQ21: 0.00068696756 | BT21: 0.00016386488 | BV21: 0.00013826984 | BW21: 0.0026687796 | BX21: 4.9560036e-07 | BZ21: 0.092178914 | CA21: 0.050390881 | CB21: 0.017613132 | CC21: 0.0035919328 | CD21: 0.011512462 | CE21: 0.0037420603 | CF21: 0.029859476 | CH21: 0.0024518428 | CI21: 0.0043468995 | CJ21: 2.588113e-05 | CK21: 2.8377393e-06 | CL21: 0.0061402246 | CM21: 2.4468471e-05 | CO21: 0.0010396367 | CQ21: 0.0029067456 | CR21: 0.00071178982 | CU21: 0.0005946647 | CW21: 0.021165595 | CZ21: 0.0059019849 | DB21: 0.0012245829 | DC21: 0.0037040603 | DG21: 0.012656391 | DH21: 0.0037144798 | DM21: 0.055255964 | DN21: 0.0036755776 | DO21: 0.00014467137 | DQ21: 5.9585549e-05 | DT21: 0.0016146271 | DU21: 0.0010352625 | DV21: 0.00056359325 | DX21: 0.008769268 | DY21: 0.026259213 | DZ21: 0.016404387 | EA21: 0.026220711 | EB21: 0.0020631372 | EC21: 7.0358131e-05 | ED21: 2.3634032e-05 | EE21: 2.6350546e-05 | EF21: 0.0062727641 | EI21: 0.015764921 | EJ21: 0.0012123997 | ER21: 0.013392796 | ET21: 0.040590875 | FB21: 0.00012766297 | FD21: 0.0010721368 | FF21: 0.020596865 | FI21: 0.0023135306 | FJ21: 0.015006586 | FL21: 3.021278e-05 | FM21: 0.0016481114 | FN21: 0.016783326 | FO21: 0.010449047 | FP21: 0.0081154798 | FR21: 0.0025637735 | FT21: 0.0028479213
A22: 2020 | D22: 0.02753875 | F22: 7.1782017e-05 | I22: 2.377717e-05 | J22: 0.0089900991 | K22: 5.7117546e-05 | O22: 0.016609293 | Q22: 0.0067601246 | R22: 0.00084548697 | U22: 0.0070374151 | X22: 0.074881817 | Z22: 0.000138381 | AE22: 0.00072253192 | AF22: 0.00017546984 | AI22: 0.038633205 | AJ22: 0.075920581 | AK22: 0.0046332232 | AM22: 0.00017958979 | AN22: 4.3367181e-05 | AO22: 0.00062042617 | AP22: 0.0019364146 | AR22: 0.0027922291 | AS22: 0.00020447906 | AT22: 0.0014410514 | AU22: 0.00013662262 | AV22: 0.013656894 | AY22: 0.001508001 | AZ22: 0.0058151604 | BA22: 0.014325431 | BB22: 0.00010171156 | BI22: 0.0065726176 | BM22: 0.0097013858 | BN22: 0.0018465491 | BO22: 0.0084873821 | BQ22: 0.00044536598 | BT22: 7.9137362e-05 | BV22: 0.00010388185 | BW22: 0.0013796407 | BZ22: 0.11714928 | CA22: 0.041335038 | CB22: 0.0099343009 | CC22: 0.008917712 | CD22: 0.010826634 | CE22: 0.0082707406 | CF22: 0.030502734 | CH22: 0.0029594283 | CI22: 0.0063378554 | CJ22: 2.1468378e-05 | CL22: 0.0012029926 | CM22: 5.7477049e-05 | CN22: 0.0026258576 | CO22: 0.0027469593 | CQ22: 0.0009388642 | CR22: 0.001796247 | CU22: 0.0010072172 | CW22: 0.029856754 | CY22: 5.0066933e-05 | DB22: 0.0010459406 | DC22: 0.0037877245 | DG22: 0.013259251 | DH22: 0.0062393941 | DM22: 0.050089939 | DN22: 0.00090709053 | DO22: 0.00023576103 | DQ22: 4.9333678e-05 | DT22: 0.0011426055 | DU22: 0.0026725153 | DV22: 0.00039209889 | DX22: 0.0078564959 | DY22: 0.028629191 | DZ22: 0.0096611813 | EA22: 0.025802929 | EB22: 0.00063478807 | EC22: 7.7356663e-05 | ED22: 3.5987952e-05 | EF22: 0.0083950234 | EI22: 0.015402377 | EJ22: 0.0014574427 | EN22: 8.0555961e-06 | ER22: 0.016018582 | ET22: 0.028916679 | FA22: 0.00059396813 | FB22: 9.4639846e-05 | FD22: 0.0013016077 | FF22: 0.011590469 | FI22: 0.0024831987 | FJ22: 0.01962561 | FL22: 4.5489985e-05 | FM22: 0.0013543693 | FN22: 0.0098312292 | FO22: 0.012546928 | FP22: 0.011516959 | FR22: 0.0014869445 | FT22: 0.0065071757
A23: 2021 | D23: 0.023121799 | F23: 0.00014051614 | J23: 0.0043596941 | K23: 8.916607e-05 | O23: 0.02353847 | Q23: 0.004760237 | R23: 0.0013041604 | U23: 0.0049293039 | X23: 0.061382038 | Z23: 8.0963856e-05 | AE23: 0.00031975353 | AF23: 0.0001325037 | AI23: 0.038812968 | AJ23: 0.057256357 | AK23: 0.010845228 | AN23: 0.00016124979 | AO23: 0.0002461436 | AP23: 0.0020870092 | AR23: 0.002660912 | AS23: 9.4429028e-05 | AT23: 0.0013387636 | AU23: 0.00013444454 | AV23: 0.0077868096 | AY23: 0.0071977668 | AZ23: 0.014174131 | BA23: 0.015931586 | BB23: 0.00020368425 | BI23: 0.0094659621 | BM23: 0.0062406719 | BN23: 0.0014846017 | BO23: 0.0053106172 | BQ23: 0.0035230701 | BT23: 0.00010397317 | BV23: 7.2486374e-05 | BW23: 0.00094593061 | BZ23: 0.12616301 | CA23: 0.05240759 | CB23: 0.0051477093 | CC23: 0.010747488 | CD23: 0.0078683214 | CE23: 0.0067381967 | CF23: 0.019611604 | CH23: 0.0059419647 | CI23: 0.0066817704 | CJ23: 1.039035e-05 | CK23: 3.5574621e-06 | CL23: 0.009742866 | CM23: 3.0239809e-05 | CN23: 0.0023750188 | CO23: 0.00062019472 | CQ23: 0.0036143371 | CR23: 0.00087646116 | CW23: 0.024661549 | DB23: 0.0013910302 | DC23: 0.0053963365 | DG23: 0.0075799645 | DH23: 0.0067269896 | DI23: 0.0010193971 | DM23: 0.078352662 | DN23: 0.00092596205 | DO23: 0.00039265076 | DQ23: 0.0015776662 | DT23: 0.0018065204 | DU23: 0.000351614 | DV23: 0.00051989187 | DX23: 0.0068984101 | DY23: 0.024176023 | DZ23: 0.012973484 | EA23: 0.02267704 | EB23: 0.0015900814 | EC23: 2.5119783e-05 | ED23: 9.7553188e-05 | EE23: 0.0020730349 | EF23: 0.0055462117 | EI23: 0.013124787 | EJ23: 0.0011749422 | EN23: 5.0483089e-05 | EP23: 2.6420887e-06 | ER23: 0.014922493 | ET23: 0.040671901 | EU23: 5.513677e-06 | FB23: 0.00017688022 | FD23: 0.0011488161 | FF23: 0.0098904486 | FI23: 0.0025409222 | FJ23: 0.014105089 | FL23: 1.5159697e-05 | FM23: 0.0024698542 | FN23: 0.013553551 | FO23: 0.010185931 | FP23: 0.0098054324 | FR23: 0.0045127909 | FT23: 0.003932154
A24: 2022 | D24: 0.016763125 | F24: 0.0012006352 | H24: 0.00033811458 | J24: 0.0047484045 | K24: 0.00011799381 | O24: 0.022151166 | R24: 0.0022420424 | U24: 0.00427977 | X24: 0.07480632 | Z24: 0.00015368988 | AE24: 0.0019775051 | AF24: 0.0022166932 | AI24: 0.038215693 | AJ24: 0.04719342 | AK24: 0.0094508494 | AM24: 0.00022519106 | AN24: 6.5334021e-05 | AO24: 0.00089299262 | AP24: 0.0023790199 | AR24: 0.0020474479 | AU24: 5.9685794e-05 | AV24: 0.0044755491 | AY24: 0.011247579 | AZ24: 0.019319043 | BA24: 0.0080902051 | BB24: 0.00021799238 | BC24: 7.5765919e-06 | BI24: 0.0076785942 | BJ24: 2.8898933e-05 | BM24: 0.0081726243 | BN24: 0.0021806244 | BO24: 0.0063039448 | BQ24: 0.0029465135 | BT24: 0.0001379231 | BV24: 0.00010662056 | BW24: 0.00044418993 | BZ24: 0.11620199 | CA24: 0.043650974 | CC24: 0.0056764981 | CD24: 0.011453609 | CE24: 0.0058841333 | CF24: 0.026393768 | CG24: 0.00061808338 | CH24: 0.0036185487 | CI24: 0.0064057356 | CJ24: 4.3645167e-05 | CK24: 1.3253853e-06 | CL24: 0.009079439 | CM24: 4.1607386e-05 | CN24: 0.0036993234 | CO24: 0.00093705269 | CQ24: 0.0033643728 | CU24: 0.00080281238 | CW24: 0.026275064 | CY24: 0.00018122134 | DB24: 0.0018474914 | DC24: 0.011401849 | DG24: 0.013048665 | DH24: 0.0051313731 | DI24: 0.0016927017 | DM24: 0.091656803 | DN24: 9.0986934e-05 | DO24: 0.00038606901 | DQ24: 0.00092048037 | DT24: 0.0034196758 | DU24: 0.0054837524 | DV24: 0.00038902235 | DX24: 0.004928324 | DY24: 0.025648888 | DZ24: 0.017886943 | EA24: 0.027897006 | EB24: 0.0016779446 | EC24: 0.0019973509 | ED24: 9.610148e-05 | EE24: 0.0026126044 | EF24: 0.0033848341 | EI24: 0.012860459 | EJ24: 0.0023549892 | EK24: 8.5100033e-07 | EN24: 0.00016965767 | ER24: 0.0088872335 | ET24: 0.035624203 | EZ24: 3.85094e-05 | FB24: 0.00018345132 | FD24: 0.0014941656 | FF24: 0.0060214352 | FI24: 0.0037392437 | FJ24: 0.020834632 | FL24: 2.823921e-05 | FM24: 0.0026343311 | FN24: 0.0074247639 | FO24: 0.011478976 | FP24: 0.01177405 | FR24: 0.0046079522 | FT24: 0.0023624875
A25: 2023 | D25: 0.01604616 | F25: 0.0006506077 | J25: 0.0071505243 | K25: 0.00012461907 | N25: 1.2876465e-05 | O25: 0.019395685 | R25: 0.0012866195 | U25: 0.0046251681 | X25: 0.10936098 | Z25: 0.00040687974 | AD25: 0.00014709486 | AE25: 0.00055390745 | AF25: 0.0038755352 | AI25: 0.053075493 | AJ25: 0.073127531 | AK25: 0.011097943 | AM25: 0.0007065276 | AN25: 0.00032346423 | AO25: 0.00062449615 | AP25: 0.0021893736 | AR25: 0.0043403416 | AT25: 0.0027218551 | AU25: 9.1230748e-05 | AY25: 0.0088476247 | AZ25: 0.014632049 | BA25: 0.03042995 | BB25: 1.591132e-05 | BH25: 7.4277916e-05 | BI25: 0.0024518866 | BJ25: 1.2137302e-05 | BL25: 0.0025231957 | BM25: 0.010265779 | BN25: 0.0012981535 | BO25: 0.011476241 | BQ25: 0.0033896621 | BV25: 0.00015547074 | BW25: 0.0006993222 | BZ25: 0.080771153 | CA25: 0.043938368 | CC25: 0.0026173389 | CD25: 0.014524519 | CE25: 0.0072078751 | CF25: 0.01863265 | CH25: 0.0012648713 | CI25: 0.013894539 | CJ25: 3.0265375e-06 | CK25: 9.1844031e-06 | CL25: 0.011328502 | CM25: 5.0720334e-05 | CO25: 0.0047285295 | CQ25: 0.0092153798 | CR25: 1.6004352e-06 | CW25: 0.038909739 | DB25: 0.0016097963 | DC25: 0.017994379 | DG25: 0.010471935 | DH25: 0.0051170604 | DI25: 0.00085734599 | DM25: 0.036081429 | DN25: 2.5348449e-05 | DO25: 0.00033104856 | DQ25: 0.00044683774 | DT25: 0.0039814179 | DU25: 0.0008481263 | DV25: 0.0007248766 | DX25: 0.0063091926 | DY25: 0.037576726 | DZ25: 0.014003377 | EA25: 0.0064162603 | EB25: 0.00045537148 | EC25: 0.00027935321 | ED25: 0.00029452486 | EF25: 0.0025466417 | EI25: 0.017331304 | EJ25: 0.0026036685 | EN25: 0.00011145992 | ER25: 0.0055960186 | ET25: 0.020925164 | FB25: 0.00020063211 | FD25: 0.0016632456 | FF25: 0.0072969628 | FJ25: 0.021630311 | FL25: 6.7395103e-06 | FM25: 0.0021869494 | FN25: 0.0062663529 | FO25: 0.011135744 | FP25: 0.017465329 | FR25: 0.0088975262 | FT25: 0.0071958831
A26: 2024 | D26: 0.015197639 | F26: 0.0033309947 | J26: 0.0049073736 | O26: 0.019946866 | P26: 4.6178513e-05 | Q26: 0.00054910008 | R26: 0.0063631261 | U26: 0.002298573 | X26: 0.088901418 | Y26: 0.000211875 | Z26: 0.00025291469 | AD26: 0.00015470157 | AE26: 0.0017569402 | AF26: 0.0098230681 | AI26: 0.044482753 | AJ26: 0.057375954 | AK26: 0.006554988 | AM26: 6.0798329e-05 | AN26: 6.7603563e-05 | AO26: 0.0012320106 | AP26: 0.0038905626 | AR26: 0.0013739195 | AU26: 6.1383447e-05 | AY26: 0.0099308698 | AZ26: 0.027746866 | BA26: 0.010764906 | BB26: 0.00064398679 | BC26: 4.6221522e-05 | BI26: 0.0072237638 | BJ26: 0.00034987245 | BL26: 0.0018723185 | BM26: 0.008790059 | BN26: 0.0035953793 | BO26: 0.011519595 | BQ26: 0.0056942209 | BV26: 0.0003495364 | BW26: 0.00046426202 | BZ26: 0.12979761 | CA26: 0.014022667 | CC26: 0.0085671944 | CD26: 0.012447089 | CE26: 0.009788448 | CF26: 0.025501216 | CH26: 0.00035358476 | CI26: 0.0068368908 | CJ26: 6.4444201e-06 | CL26: 0.007736052 | CM26: 4.4303223e-05 | CO26: 0.0039958315 | CP26: 0.00017782204 | CQ26: 0.0032700876 | CR26: 4.159954e-06 | CW26: 0.029072858 | DB26: 0.0013156131 | DC26: 0.010253507 | DG26: 0.0091887512 | DH26: 0.0054770621 | DM26: 0.029791832 | DN26: 0.00035420347 | DO26: 0.0013286348 | DQ26: 0.0027130826 | DT26: 0.002812207 | DU26: 0.0070938836 | DV26: 0.00045103042 | DX26: 0.0059191295 | DY26: 0.034507351 | DZ26: 0.010141945 | EA26: 0.021435664 | EB26: 0.0027386326 | EC26: 0.00067715258 | ED26: 4.2380122e-05 | EE26: 0.0081677608 | EF26: 0.0026809126 | EI26: 0.029803186 | EJ26: 0.0031139831 | EK26: 5.2592142e-06 | EN26: 0.00010962405 | ER26: 0.0050578181 | ET26: 0.026471966 | FB26: 6.5279387e-05 | FD26: 0.0010955003 | FF26: 0.0058920796 | FI26: 0.0022459627 | FJ26: 0.015926899 | FL26: 8.7096069e-06 | FM26: 0.0031772031 | FN26: 0.0089097762 | FO26: 0.012764315 | FP26: 0.0095132931 | FR26: 0.0061642669 | FT26: 0.0053817032

Sheet PARA COPIAR
C1: Afghanistan, Islamic Republic of | D1: Albania | E1: Algeria | F1: Andorra, Principality of | G1: Angola | H1: Antigua and Barbuda | I1: Armenia, Republic of | J1: Aruba, Kingdom of the Netherlands | K1: Australia | L1: Austria | M1: Azerbaijan, Republic of | N1: Bahamas, The | O1: Bahrain, Kingdom of | P1: Bangladesh | Q1: Barbados | R1: Belarus, Republic of | S1: Belgium | T1: Belize | U1: Benin | V1: Bolivia | W1: Bosnia and Herzegovina | X1: Botswana | Y1: Brazil | Z1: Brunei Darussalam | AA1: Bulgaria | AB1: Burkina Faso | AC1: Burundi | AD1: Cabo Verde | AE1: Cambodia | AF1: Cameroon | AG1: Canada | AH1: Central African Republic | AI1: Chad | AJ1: Chile | AK1: China, People's Republic of | AL1: Colombia | AM1: Comoros, Union of the | AN1: Congo, Democratic Republic of the | AO1: Congo, Republic of | AP1: Costa Rica | AQ1: Côte d'Ivoire | AR1: Croatia, Republic of | AS1: Curaçao, Kingdom of the Netherlands | AT1: Cyprus | AU1: Czech Republic | AV1: Denmark | AW1: Djibouti | AX1: Dominica | AY1: Dominican Republic | AZ1: Ecuador | BA1: Egypt, Arab Republic of | BB1: El Salvador | BC1: Eritrea, The State of | BD1: Estonia, Republic of | BE1: Ethiopia, The Federal Democratic Republic of | BF1: Fiji, Republic of | BG1: Finland | BH1: France | BI1: Gabon | BJ1: Gambia, The | BK1: Georgia | BL1: Germany | BM1: Ghana | BN1: Greece | BO1: Grenada | BP1: Guatemala | BQ1: Guinea | BR1: Guinea-Bissau | BS1: Guinea-Bissau | BT1: Guyana | BU1: Haiti | BV1: Honduras | BW1: Hong Kong Special Administrative Region, People's Republic of China | BX1: Hungary | BY1: Iceland | BZ1: India | CA1: Indonesia | CB1: Iran, Islamic Republic of | CC1: Iraq | CD1: Ireland | CE1: Israel | CF1: Italy | CG1: Jamaica | CH1: Japan | CI1: Jordan | CJ1: Kazakhstan, Republic of | CK1: Kenya | CL1: Korea, Republic of | CM1: Kuwait | CN1: Latvia, Republic of | CO1: Lebanon | CP1: Lesotho, Kingdom of | CQ1: Liberia | CR1: Libya | CS1: Lithuania, Republic of | CT1: Luxembourg | CU1: Macao Special Administrative Region, People's Republic of China | CV1: Madagascar | CW1: Malawi | CX1: Malaysia | CY1: Maldives | CZ1: Mali | DA1: Malta | DB1: Mauritania, Islamic Republic of | DC1: Mauritius | DD1: Mexico | DE1: Moldova, Republic of | DF1: Mongolia | DG1: Montenegro | DH1: Morocco | DI1: Mozambique, Republic of | DJ1: Myanmar | DK1: Namibia | DL1: Nepal | DM1: Netherlands Antilles | DN1: Netherlands, The | DO1: New Zealand | DP1: Nicaragua | DQ1: Niger | DR1: Nigeria | DS1: North Macedonia, Republic of | DT1: Norway | DU1: Oman | DV1: Pakistan | DW1: Panama | DX1: Papua New Guinea | DY1: Paraguay | DZ1: Peru | EA1: Philippines | EB1: Poland, Republic of | EC1: Portugal | ED1: Puerto Rico | EE1: Qatar | EF1: Romania | EG1: Russian Federation | EH1: Rwanda | EI1: São Tomé and Príncipe, Democratic Republic of | EJ1: Saudi Arabia | EK1: Senegal | EL1: Serbia, Republic of | EM1: Seychelles | EN1: Sierra Leone | EO1: Singapore | EP1: Slovak Republic | EQ1: Slovenia, Republic of | ER1: Solomon Islands | ES1: South Africa | ET1: South Sudan, Republic of | EU1: Spain | EV1: Sri Lanka | EW1: St. Kitts and Nevis | EX1: St. Lucia | EY1: St. Vincent and the Grenadines | EZ1: Sudan | FA1: Suriname | FB1: Sweden | FC1: Switzerland | FD1: Syrian Arab Republic | FE1: Taiwan Province of China | FF1: Tanzania, United Republic of | FG1: Thailand | FH1: Togo | FI1: Trinidad and Tobago | FJ1: Tunisia | FK1: Türkiye, Republic of | FL1: Uganda | FM1: Ukraine | FN1: United Arab Emirates | FO1: United Kingdom | FP1: United States | FQ1: Uruguay | FR1: Uzbekistan, Republic of | FS1: Venezuela, República Bolivariana de | FT1: Vietnam | FU1: Yemen, Republic of | FV1: Zambia | FW1: Zimbabwe
A2: =YEAR(B2) -> 2002 | B2: 37257 | C2: {=INDEX(COMPARACION!$B:$ZZ, MATCH($A2, COMPARACION!$A:$A, 0), COLUMN()-2)} -> 0 | D2: {=INDEX(COMPARACION!$B:$ZZ, MATCH($A2, COMPARACION!$A:$A, 0), COLUMN()-2)} -> 5.8157289e-05 | E2: {=INDEX(COMPARACION!$B:$ZZ, MATCH($A2, COMPARACION!$A:$A, 0), COLUMN()-2)} -> 0.012074498 | F2: {=INDEX(COMPARACION!$B:$ZZ, MATCH($A2, COMPARACION!$A:$A, 0), COLUMN()-2)} -> 0 | G2: {=INDEX(COMPARACION!$B:$ZZ, MATCH($A2, COMPARACION!$A:$A, 0), COLUMN()-2)} -> 0.0003305491 | H2: {=INDEX(COMPARACION!$B:$ZZ, MATCH($A2, COMPARACION!$A:$A, 0), COLUMN()-2)} -> 5.8876703e-06 | I2: {=INDEX(COMPARACION!$B:$ZZ, MATCH($A2, COMPARACION!$A:$A, 0), COLUMN()-2)} -> 0 | J2: {=INDEX(COMPARACION!$B:$ZZ, MATCH($A2, COMPARACION!$A:$A, 0), COLUMN()-2)} -> 0 | ... FW2: {=INDEX(COMPARACION!$B:$ZZ, MATCH($A2, COMPARACION!$A:$A, 0), COLUMN()-2)} -> 0
A3: =YEAR(B3) -> 2002 | B3: 37288 | C3: {=INDEX(COMPARACION!$B:$ZZ, MATCH($A3, COMPARACION!$A:$A, 0), COLUMN()-2)} -> 0 | D3: {=INDEX(COMPARACION!$B:$ZZ, MATCH($A3, COMPARACION!$A:$A, 0), COLUMN()-2)} -> 5.8157289e-05 | E3: {=INDEX(COMPARACION!$B:$ZZ, MATCH($A3, COMPARACION!$A:$A, 0), COLUMN()-2)} -> 0.012074498 | F3: {=INDEX(COMPARACION!$B:$ZZ, MATCH($A3, COMPARACION!$A:$A, 0), COLUMN()-2)} -> 0 | G3: {=INDEX(COMPARACION!$B:$ZZ, MATCH($A3, COMPARACION!$A:$A, 0), COLUMN()-2)} -> 0.0003305491 | H3: {=INDEX(COMPARACION!$B:$ZZ, MATCH($A3, COMPARACION!$A:$A, 0), COLUMN()-2)} -> 5.8876703e-06 | I3: {=INDEX(COMPARACION!$B:$ZZ, MATCH($A3, COMPARACION!$A:$A, 0), COLUMN()-2)} -> 0 | J3: {=INDEX(COMPARACION!$B:$ZZ, MATCH($A3, COMPARACION!$A:$A, 0), COLUMN()-2)} -> 0 | ... FW3: {=INDEX(COMPARACION!$B:$ZZ, MATCH($A3, COMPARACION!$A:$A, 0), COLUMN()-2)} -> 0
A4: =YEAR(B4) -> 2002 | B4: 37316 | C4: {=INDEX(COMPARACION!$B:$ZZ, MATCH($A4, COMPARACION!$A:$A, 0), COLUMN()-2)} -> 0 | D4: {=INDEX(COMPARACION!$B:$ZZ, MATCH($A4, COMPARACION!$A:$A, 0), COLUMN()-2)} -> 5.8157289e-05 | E4: {=INDEX(COMPARACION!$B:$ZZ, MATCH($A4, COMPARACION!$A:$A, 0), COLUMN()-2)} -> 0.012074498 | F4: {=INDEX(COMPARACION!$B:$ZZ, MATCH($A4, COMPARACION!$A:$A, 0), COLUMN()-2)} -> 0 | G4: {=INDEX(COMPARACION!$B:$ZZ, MATCH($A4, COMPARACION!$A:$A, 0), COLUMN()-2)} -> 0.0003305491 | H4: {=INDEX(COMPARACION!$B:$ZZ, MATCH($A4, COMPARACION!$A:$A, 0), COLUMN()-2)} -> 5.8876703e-06 | I4: {=INDEX(COMPARACION!$B:$ZZ, MATCH($A4, COMPARACION!$A:$A, 0), COLUMN()-2)} -> 0 | J4: {=INDEX(COMPARACION!$B:$ZZ, MATCH($A4, COMPARACION!$A:$A, 0), COLUMN()-2)} -> 0 | ... FW4: {=INDEX(COMPARACION!$B:$ZZ, MATCH($A4, COMPARACION!$A:$A, 0), COLUMN()-2)} -> 0
A5: =YEAR(B5) -> 2002 | B5: 37347 | C5: {=INDEX(COMPARACION!$B:$ZZ, MATCH($A5, COMPARACION!$A:$A, 0), COLUMN()-2)} -> 0 | D5: {=INDEX(COMPARACION!$B:$ZZ, MATCH($A5, COMPARACION!$A:$A, 0), COLUMN()-2)} -> 5.8157289e-05 | E5: {=INDEX(COMPARACION!$B:$ZZ, MATCH($A5, COMPARACION!$A:$A, 0), COLUMN()-2)} -> 0.012074498 | F5: {=INDEX(COMPARACION!$B:$ZZ, MATCH($A5, COMPARACION!$A:$A, 0), COLUMN()-2)} -> 0 | G5: {=INDEX(COMPARACION!$B:$ZZ, MATCH($A5, COMPARACION!$A:$A, 0), COLUMN()-2)} -> 0.0003305491 | H5: {=INDEX(COMPARACION!$B:$ZZ, MATCH($A5, COMPARACION!$A:$A, 0), COLUMN()-2)} -> 5.8876703e-06 | I5: {=INDEX(COMPARACION!$B:$ZZ, MATCH($A5, COMPARACION!$A:$A, 0), COLUMN()-2)} -> 0 | J5: {=INDEX(COMPARACION!$B:$ZZ, MATCH($A5, COMPARACION!$A:$A, 0), COLUMN()-2)} -> 0 | ... FW5: {=INDEX(COMPARACION!$B:$ZZ, MATCH($A5, COMPARACION!$A:$A, 0), COLUMN()-2)} -> 0
A6: =YEAR(B6) -> 2002 | B6: 37377 | C6: {=INDEX(COMPARACION!$B:$ZZ, MATCH($A6, COMPARACION!$A:$A, 0), COLUMN()-2)} -> 0 | D6: {=INDEX(COMPARACION!$B:$ZZ, MATCH($A6, COMPARACION!$A:$A, 0), COLUMN()-2)} -> 5.8157289e-05 | E6: {=INDEX(COMPARACION!$B:$ZZ, MATCH($A6, COMPARACION!$A:$A, 0), COLUMN()-2)} -> 0.012074498 | F6: {=INDEX(COMPARACION!$B:$ZZ, MATCH($A6, COMPARACION!$A:$A, 0), COLUMN()-2)} -> 0 | G6: {=INDEX(COMPARACION!$B:$ZZ, MATCH($A6, COMPARACION!$A:$A, 0), COLUMN()-2)} -> 0.0003305491 | H6: {=INDEX(COMPARACION!$B:$ZZ, MATCH($A6, COMPARACION!$A:$A, 0), COLUMN()-2)} -> 5.8876703e-06 | I6: {=INDEX(COMPARACION!$B:$ZZ, MATCH($A6, COMPARACION!$A:$A, 0), COLUMN()-2)} -> 0 | J6: {=INDEX(COMPARACION!$B:$ZZ, MATCH($A6, COMPARACION!$A:$A, 0), COLUMN()-2)} -> 0 | ... FW6: {=INDEX(COMPARACION!$B:$ZZ, MATCH($A6, COMPARACION!$A:$A, 0), COLUMN()-2)} -> 0
A7: =YEAR(B7) -> 2002 | B7: 37408 | C7: {=INDEX(COMPARACION!$B:$ZZ, MATCH($A7, COMPARACION!$A:$A, 0), COLUMN()-2)} -> 0 | D7: {=INDEX(COMPARACION!$B:$ZZ, MATCH($A7, COMPARACION!$A:$A, 0), COLUMN()-2)} -> 5.8157289e-05 | E7: {=INDEX(COMPARACION!$B:$ZZ, MATCH($A7, COMPARACION!$A:$A, 0), COLUMN()-2)} -> 0.012074498 | F7: {=INDEX(COMPARACION!$B:$ZZ, MATCH($A7, COMPARACION!$A:$A, 0), COLUMN()-2)} -> 0 | G7: {=INDEX(COMPARACION!$B:$ZZ, MATCH($A7, COMPARACION!$A:$A, 0), COLUMN()-2)} -> 0.0003305491 | H7: {=INDEX(COMPARACION!$B:$ZZ, MATCH($A7, COMPARACION!$A:$A, 0), COLUMN()-2)} -> 5.8876703e-06 | I7: {=INDEX(COMPARACION!$B:$ZZ, MATCH($A7, COMPARACION!$A:$A, 0), COLUMN()-2)} -> 0 | J7: {=INDEX(COMPARACION!$B:$ZZ, MATCH($A7, COMPARACION!$A:$A, 0), COLUMN()-2)} -> 0 | ... FW7: {=INDEX(COMPARACION!$B:$ZZ, MATCH($A7, COMPARACION!$A:$A, 0), COLUMN()-2)} -> 0
A8: =YEAR(B8) -> 2002 | B8: 37438 | C8: {=INDEX(COMPARACION!$B:$ZZ, MATCH($A8, COMPARACION!$A:$A, 0), COLUMN()-2)} -> 0 | D8: {=INDEX(COMPARACION!$B:$ZZ, MATCH($A8, COMPARACION!$A:$A, 0), COLUMN()-2)} -> 5.8157289e-05 | E8: {=INDEX(COMPARACION!$B:$ZZ, MATCH($A8, COMPARACION!$A:$A, 0), COLUMN()-2)} -> 0.012074498 | F8: {=INDEX(COMPARACION!$B:$ZZ, MATCH($A8, COMPARACION!$A:$A, 0), COLUMN()-2)} -> 0 | G8: {=INDEX(COMPARACION!$B:$ZZ, MATCH($A8, COMPARACION!$A:$A, 0), COLUMN()-2)} -> 0.0003305491 | H8: {=INDEX(COMPARACION!$B:$ZZ, MATCH($A8, COMPARACION!$A:$A, 0), COLUMN()-2)} -> 5.8876703e-06 | I8: {=INDEX(COMPARACION!$B:$ZZ, MATCH($A8, COMPARACION!$A:$A, 0), COLUMN()-2)} -> 0 | J8: {=INDEX(COMPARACION!$B:$ZZ, MATCH($A8, COMPARACION!$A:$A, 0), COLUMN()-2)} -> 0 | ... FW8: {=INDEX(COMPARACION!$B:$ZZ, MATCH($A8, COMPARACION!$A:$A, 0), COLUMN()-2)} -> 0
A9: =YEAR(B9) -> 2002 | B9: 37469 | C9: {=INDEX(COMPARACION!$B:$ZZ, MATCH($A9, COMPARACION!$A:$A, 0), COLUMN()-2)} -> 0 | D9: {=INDEX(COMPARACION!$B:$ZZ, MATCH($A9, COMPARACION!$A:$A, 0), COLUMN()-2)} -> 5.8157289e-05 | E9: {=INDEX(COMPARACION!$B:$ZZ, MATCH($A9, COMPARACION!$A:$A, 0), COLUMN()-2)} -> 0.012074498 | F9: {=INDEX(COMPARACION!$B:$ZZ, MATCH($A9, COMPARACION!$A:$A, 0), COLUMN()-2)} -> 0 | G9: {=INDEX(COMPARACION!$B:$ZZ, MATCH($A9, COMPARACION!$A:$A, 0), COLUMN()-2)} -> 0.0003305491 | H9: {=INDEX(COMPARACION!$B:$ZZ, MATCH($A9, COMPARACION!$A:$A, 0), COLUMN()-2)} -> 5.8876703e-06 | I9: {=INDEX(COMPARACION!$B:$ZZ, MATCH($A9, COMPARACION!$A:$A, 0), COLUMN()-2)} -> 0 | J9: {=INDEX(COMPARACION!$B:$ZZ, MATCH($A9, COMPARACION!$A:$A, 0), COLUMN()-2)} -> 0 | ... FW9: {=INDEX(COMPARACION!$B:$ZZ, MATCH($A9, COMPARACION!$A:$A, 0), COLUMN()-2)} -> 0
A10: =YEAR(B10) -> 2002 | B10: 37500 | C10: {=INDEX(COMPARACION!$B:$ZZ, MATCH($A10, COMPARACION!$A:$A, 0), COLUMN()-2)} -> 0 | D10: {=INDEX(COMPARACION!$B:$ZZ, MATCH($A10, COMPARACION!$A:$A, 0), COLUMN()-2)} -> 5.8157289e-05 | E10: {=INDEX(COMPARACION!$B:$ZZ, MATCH($A10, COMPARACION!$A:$A, 0), COLUMN()-2)} -> 0.012074498 | F10: {=INDEX(COMPARACION!$B:$ZZ, MATCH($A10, COMPARACION!$A:$A, 0), COLUMN()-2)} -> 0 | G10: {=INDEX(COMPARACION!$B:$ZZ, MATCH($A10, COMPARACION!$A:$A, 0), COLUMN()-2)} -> 0.0003305491 | H10: {=INDEX(COMPARACION!$B:$ZZ, MATCH($A10, COMPARACION!$A:$A, 0), COLUMN()-2)} -> 5.8876703e-06 | I10: {=INDEX(COMPARACION!$B:$ZZ, MATCH($A10, COMPARACION!$A:$A, 0), COLUMN()-2)} -> 0 | J10: {=INDEX(COMPARACION!$B:$ZZ, MATCH($A10, COMPARACION!$A:$A, 0), COLUMN()-2)} -> 0 | ... FW10: {=INDEX(COMPARACION!$B:$ZZ, MATCH($A10, COMPARACION!$A:$A, 0), COLUMN()-2)} -> 0
A11: =YEAR(B11) -> 2002 | B11: 37530 | C11: {=INDEX(COMPARACION!$B:$ZZ, MATCH($A11, COMPARACION!$A:$A, 0), COLUMN()-2)} -> 0 | D11: {=INDEX(COMPARACION!$B:$ZZ, MATCH($A11, COMPARACION!$A:$A, 0), COLUMN()-2)} -> 5.8157289e-05 | E11: {=INDEX(COMPARACION!$B:$ZZ, MATCH($A11, COMPARACION!$A:$A, 0), COLUMN()-2)} -> 0.012074498 | F11: {=INDEX(COMPARACION!$B:$ZZ, MATCH($A11, COMPARACION!$A:$A, 0), COLUMN()-2)} -> 0 | G11: {=INDEX(COMPARACION!$B:$ZZ, MATCH($A11, COMPARACION!$A:$A, 0), COLUMN()-2)} -> 0.0003305491 | H11: {=INDEX(COMPARACION!$B:$ZZ, MATCH($A11, COMPARACION!$A:$A, 0), COLUMN()-2)} -> 5.8876703e-06 | I11: {=INDEX(COMPARACION!$B:$ZZ, MATCH($A11, COMPARACION!$A:$A, 0), COLUMN()-2)} -> 0 | J11: {=INDEX(COMPARACION!$B:$ZZ, MATCH($A11, COMPARACION!$A:$A, 0), COLUMN()-2)} -> 0 | ... FW11: {=INDEX(COMPARACION!$B:$ZZ, MATCH($A11, COMPARACION!$A:$A, 0), COLUMN()-2)} -> 0
A12: =YEAR(B12) -> 2002 | B12: 37561 | C12: {=INDEX(COMPARACION!$B:$ZZ, MATCH($A12, COMPARACION!$A:$A, 0), COLUMN()-2)} -> 0 | D12: {=INDEX(COMPARACION!$B:$ZZ, MATCH($A12, COMPARACION!$A:$A, 0), COLUMN()-2)} -> 5.8157289e-05 | E12: {=INDEX(COMPARACION!$B:$ZZ, MATCH($A12, COMPARACION!$A:$A, 0), COLUMN()-2)} -> 0.012074498 | F12: {=INDEX(COMPARACION!$B:$ZZ, MATCH($A12, COMPARACION!$A:$A, 0), COLUMN()-2)} -> 0 | G12: {=INDEX(COMPARACION!$B:$ZZ, MATCH($A12, COMPARACION!$A:$A, 0), COLUMN()-2)} -> 0.0003305491 | H12: {=INDEX(COMPARACION!$B:$ZZ, MATCH($A12, COMPARACION!$A:$A, 0), COLUMN()-2)} -> 5.8876703e-06 | I12: {=INDEX(COMPARACION!$B:$ZZ, MATCH($A12, COMPARACION!$A:$A, 0), COLUMN()-2)} -> 0 | J12: {=INDEX(COMPARACION!$B:$ZZ, MATCH($A12, COMPARACION!$A:$A, 0), COLUMN()-2)} -> 0 | ... FW12: {=INDEX(COMPARACION!$B:$ZZ, MATCH($A12, COMPARACION!$A:$A, 0), COLUMN()-2)} -> 0
A13: =YEAR(B13) -> 2002 | B13: 37591 | C13: {=INDEX(COMPARACION!$B:$ZZ, MATCH($A13, COMPARACION!$A:$A, 0), COLUMN()-2)} -> 0 | D13: {=INDEX(COMPARACION!$B:$ZZ, MATCH($A13, COMPARACION!$A:$A, 0), COLUMN()-2)} -> 5.8157289e-05 | E13: {=INDEX(COMPARACION!$B:$ZZ, MATCH($A13, COMPARACION!$A:$A, 0), COLUMN()-2)} -> 0.012074498 | F13: {=INDEX(COMPARACION!$B:$ZZ, MATCH($A13, COMPARACION!$A:$A, 0), COLUMN()-2)} -> 0 | G13: {=INDEX(COMPARACION!$B:$ZZ, MATCH($A13, COMPARACION!$A:$A, 0), COLUMN()-2)} -> 0.0003305491 | H13: {=INDEX(COMPARACION!$B:$ZZ, MATCH($A13, COMPARACION!$A:$A, 0), COLUMN()-2)} -> 5.8876703e-06 | I13: {=INDEX(COMPARACION!$B:$ZZ, MATCH($A13, COMPARACION!$A:$A, 0), COLUMN()-2)} -> 0 | J13: {=INDEX(COMPARACION!$B:$ZZ, MATCH($A13, COMPARACION!$A:$A, 0), COLUMN()-2)} -> 0 | ... FW13: {=INDEX(COMPARACION!$B:$ZZ, MATCH($A13, COMPARACION!$A:$A, 0), COLUMN()-2)} -> 0
... A277: =YEAR(B277) -> 2024 | B277: 45627 | C277: {=INDEX(COMPARACION!$B:$ZZ, MATCH($A277, COMPARACION!$A:$A, 0), COLUMN()-2)} -> 0 | D277: {=INDEX(COMPARACION!$B:$ZZ, MATCH($A277, COMPARACION!$A:$A, 0), COLUMN()-2)} -> 0 | E277: {=INDEX(COMPARACION!$B:$ZZ, MATCH($A277, COMPARACION!$A:$A, 0), COLUMN()-2)} -> 0.015197639 | F277: {=INDEX(COMPARACION!$B:$ZZ, MATCH($A277, COMPARACION!$A:$A, 0), COLUMN()-2)} -> 0 | G277: {=INDEX(COMPARACION!$B:$ZZ, MATCH($A277, COMPARACION!$A:$A, 0), COLUMN()-2)} -> 0.0033309947 | H277: {=INDEX(COMPARACION!$B:$ZZ, MATCH($A277, COMPARACION!$A:$A, 0), COLUMN()-2)} -> 0 | I277: {=INDEX(COMPARACION!$B:$ZZ, MATCH($A277, COMPARACION!$A:$A, 0), COLUMN()-2)} -> 0 | J277: {=INDEX(COMPARACION!$B:$ZZ, MATCH($A277, COMPARACION!$A:$A, 0), COLUMN()-2)} -> 0 | ... FW277: {=INDEX(COMPARACION!$B:$ZZ, MATCH($A277, COMPARACION!$A:$A, 0), COLUMN()-2)} -> 0
