Workbook

Sheet Particip
A1: fecha | B1: Argelia | C1: Angola | D1: Australia | E1: Bangladesh | F1: Bielorrusia | G1: Bélgica | H1: Brasil | I1: Canadá | J1: Chile | K1: China | L1: Colombia | M1: Chipre | N1: Dinamarca | O1: República Dominicana | P1: Ecuador | Q1: Egipto | R1: Francia | S1: Georgia | T1: República Federal de Alemania | U1: Grecia | V1: India | W1: Indonesia | X1: Irán | Y1: Iraq | Z1: Irlanda | AA1: Israel | AB1: Italia | AC1: Japón | AD1: Jordania | AE1: Corea Republicana | AF1: Letonia | AG1: Líbano | AH1: Libia | AI1: Lituania | AJ1: Malasia | AK1: Malta | AL1: México | AM1: Marruecos | AN1: Mozambique | AO1: Países Bajos | AP1: Nigeria | AQ1: Omán | AR1: Paquistán | AS1: Paraguay | AT1: Perú | AU1: Filipinas | AV1: Polonia | AW1: Rumania | AX1: Arabia Saudita | AY1: Sudáfrica | AZ1: España | BA1: Tailandia | BB1: Túnez | BC1: Turquía | BD1: Reino Unido | BE1: Estados Unidos | BF1: Uruguay | BG1: Venezuela | BH1: Vietnam | BI1: República de Yemen | BJ1: Confidencial | BK1: Cuba
B2: Algeria | C2: Angola | D2: Australia | E2: Bangladesh | F2: Belarus, Republic of | G2: Belgium | H2: Brazil | I2: Canada | J2: Chile | K2: China, People's Republic of | L2: Colombia | M2: Cyprus | N2: Denmark | O2: Dominican Republic | P2: Ecuador | Q2: Egypt, Arab Republic of | R2: France | S2: Georgia | T2: Germany | U2: Greece | V2: India | W2: Indonesia | X2: Iran, Islamic Republic of | Y2: Iraq | Z2: Ireland | AA2: Israel | AB2: Italy | AC2: Japan | AD2: Jordan | AE2: Korea, Republic of | AF2: Latvia, Republic of | AG2: Lebanon | AH2: Libya | AI2: Lithuania, Republic of | AJ2: Malaysia | AK2: Malta | AL2: Mexico | AM2: Morocco | AN2: Mozambique, Republic of | AO2: Netherlands, The | AP2: Niger | AQ2: Oman | AR2: Pakistan | AS2: Paraguay | AT2: Peru | AU2: Philippines | AV2: Poland, Republic of | AW2: Romania | AX2: Saudi Arabia | AY2: South Africa | AZ2: Spain | BA2: Thailand | BB2: Tunisia | BC2: Türkiye, Republic of | BD2: United Kingdom | BE2: United States | BF2: Uruguay | BG2: Venezuela, República Bolivariana de | BH2: Vietnam | BI2: Yemen, Republic of
A3: 36892 | B3: 0.010150497 | E3: 0.014674798 | G3: 0.013212699 | H3: 0.10023499 | J3: 0.02942526 | K3: 0.074810125 | N3: 0.04001595 | Q3: 0.038657437 | T3: 0.017698975 | V3: 0.057864148 | X3: 0.02475185 | AB3: 0.05925471 | AD3: 0.011902904 | AJ3: 0.036667342 | AL3: 0.012018495 | AM3: 0.012906051 | AO3: 0.046847079 | AT3: 0.02509234 | AY3: 0.025665513 | AZ3: 0.061249656 | BA3: 0.026646618 | BB3: 0.011426168 | BE3: 0.049060324
A4: 36923 | B4: 0.010150497 | E4: 0.014674798 | G4: 0.013212699 | H4: 0.10023499 | J4: 0.02942526 | K4: 0.074810125 | N4: 0.04001595 | Q4: 0.038657437 | T4: 0.017698975 | V4: 0.057864148 | X4: 0.02475185 | AB4: 0.05925471 | AD4: 0.011902904 | AJ4: 0.036667342 | AL4: 0.012018495 | AM4: 0.012906051 | AO4: 0.046847079 | AT4: 0.02509234 | AY4: 0.025665513 | AZ4: 0.061249656 | BA4: 0.026646618 | BB4: 0.011426168 | BE4: 0.049060324
A5: 36951 | B5: 0.010150497 | E5: 0.014674798 | G5: 0.013212699 | H5: 0.10023499 | J5: 0.02942526 | K5: 0.074810125 | N5: 0.04001595 | Q5: 0.038657437 | T5: 0.017698975 | V5: 0.057864148 | X5: 0.02475185 | AB5: 0.05925471 | AD5: 0.011902904 | AJ5: 0.036667342 | AL5: 0.012018495 | AM5: 0.012906051 | AO5: 0.046847079 | AT5: 0.02509234 | AY5: 0.025665513 | AZ5: 0.061249656 | BA5: 0.026646618 | BB5: 0.011426168 | BE5: 0.049060324
A6: 36982 | B6: 0.010150497 | E6: 0.014674798 | G6: 0.013212699 | H6: 0.10023499 | J6: 0.02942526 | K6: 0.074810125 | N6: 0.04001595 | Q6: 0.038657437 | T6: 0.017698975 | V6: 0.057864148 | X6: 0.02475185 | AB6: 0.05925471 | AD6: 0.011902904 | AJ6: 0.036667342 | AL6: 0.012018495 | AM6: 0.012906051 | AO6: 0.046847079 | AT6: 0.02509234 | AY6: 0.025665513 | AZ6: 0.061249656 | BA6: 0.026646618 | BB6: 0.011426168 | BE6: 0.049060324
A7: 37012 | B7: 0.010150497 | E7: 0.014674798 | G7: 0.013212699 | H7: 0.10023499 | J7: 0.02942526 | K7: 0.074810125 | N7: 0.04001595 | Q7: 0.038657437 | T7: 0.017698975 | V7: 0.057864148 | X7: 0.02475185 | AB7: 0.05925471 | AD7: 0.011902904 | AJ7: 0.036667342 | AL7: 0.012018495 | AM7: 0.012906051 | AO7: 0.046847079 | AT7: 0.02509234 | AY7: 0.025665513 | AZ7: 0.061249656 | BA7: 0.026646618 | BB7: 0.011426168 | BE7: 0.049060324
A8: 37043 | B8: 0.010150497 | E8: 0.014674798 | G8: 0.013212699 | H8: 0.10023499 | J8: 0.02942526 | K8: 0.074810125 | N8: 0.04001595 | Q8: 0.038657437 | T8: 0.017698975 | V8: 0.057864148 | X8: 0.02475185 | AB8: 0.05925471 | AD8: 0.011902904 | AJ8: 0.036667342 | AL8: 0.012018495 | AM8: 0.012906051 | AO8: 0.046847079 | AT8: 0.02509234 | AY8: 0.025665513 | AZ8: 0.061249656 | BA8: 0.026646618 | BB8: 0.011426168 | BE8: 0.049060324
A9: 37073 | B9: 0.010150497 | E9: 0.014674798 | G9: 0.013212699 | H9: 0.10023499 | J9: 0.02942526 | K9: 0.074810125 | N9: 0.04001595 | Q9: 0.038657437 | T9: 0.017698975 | V9: 0.057864148 | X9: 0.02475185 | AB9: 0.05925471 | AD9: 0.011902904 | AJ9: 0.036667342 | AL9: 0.012018495 | AM9: 0.012906051 | AO9: 0.046847079 | AT9: 0.02509234 | AY9: 0.025665513 | AZ9: 0.061249656 | BA9: 0.026646618 | BB9: 0.011426168 | BE9: 0.049060324
A10: 37104 | B10: 0.010150497 | E10: 0.014674798 | G10: 0.013212699 | H10: 0.10023499 | J10: 0.02942526 | K10: 0.074810125 | N10: 0.04001595 | Q10: 0.038657437 | T10: 0.017698975 | V10: 0.057864148 | X10: 0.02475185 | AB10: 0.05925471 | AD10: 0.011902904 | AJ10: 0.036667342 | AL10: 0.012018495 | AM10: 0.012906051 | AO10: 0.046847079 | AT10: 0.02509234 | AY10: 0.025665513 | AZ10: 0.061249656 | BA10: 0.026646618 | BB10: 0.011426168 | BE10: 0.049060324
A11: 37135 | B11: 0.010150497 | E11: 0.014674798 | G11: 0.013212699 | H11: 0.10023499 | J11: 0.02942526 | K11: 0.074810125 | N11: 0.04001595 | Q11: 0.038657437 | T11: 0.017698975 | V11: 0.057864148 | X11: 0.02475185 | AB11: 0.05925471 | AD11: 0.011902904 | AJ11: 0.036667342 | AL11: 0.012018495 | AM11: 0.012906051 | AO11: 0.046847079 | AT11: 0.02509234 | AY11: 0.025665513 | AZ11: 0.061249656 | BA11: 0.026646618 | BB11: 0.011426168 | BE11: 0.049060324
A12: 37165 | B12: 0.010150497 | E12: 0.014674798 | G12: 0.013212699 | H12: 0.10023499 | J12: 0.02942526 | K12: 0.074810125 | N12: 0.04001595 | Q12: 0.038657437 | T12: 0.017698975 | V12: 0.057864148 | X12: 0.02475185 | AB12: 0.05925471 | AD12: 0.011902904 | AJ12: 0.036667342 | AL12: 0.012018495 | AM12: 0.012906051 | AO12: 0.046847079 | AT12: 0.02509234 | AY12: 0.025665513 | AZ12: 0.061249656 | BA12: 0.026646618 | BB12: 0.011426168 | BE12: 0.049060324
A13: 37196 | B13: 0.010150497 | E13: 0.014674798 | G13: 0.013212699 | H13: 0.10023499 | J13: 0.02942526 | K13: 0.074810125 | N13: 0.04001595 | Q13: 0.038657437 | T13: 0.017698975 | V13: 0.057864148 | X13: 0.02475185 | AB13: 0.05925471 | AD13: 0.011902904 | AJ13: 0.036667342 | AL13: 0.012018495 | AM13: 0.012906051 | AO13: 0.046847079 | AT13: 0.02509234 | AY13: 0.025665513 | AZ13: 0.061249656 | BA13: 0.026646618 | BB13: 0.011426168 | BE13: 0.049060324
A14: 37226 | B14: 0.010150497 | E14: 0.014674798 | G14: 0.013212699 | H14: 0.10023499 | J14: 0.02942526 | K14: 0.074810125 | N14: 0.04001595 | Q14: 0.038657437 | T14: 0.017698975 | V14: 0.057864148 | X14: 0.02475185 | AB14: 0.05925471 | AD14: 0.011902904 | AJ14: 0.036667342 | AL14: 0.012018495 | AM14: 0.012906051 | AO14: 0.046847079 | AT14: 0.02509234 | AY14: 0.025665513 | AZ14: 0.061249656 | BA14: 0.026646618 | BB14: 0.011426168 | BE14: 0.049060324
A15: 37257 | B15: 0.010615883 | E15: 0.015337155 | G15: 0.013143843 | H15: 0.083766652 | J15: 0.032359423 | K15: 0.082744799 | N15: 0.028932943 | Q15: 0.038970495 | T15: 0.020157052 | V15: 0.060109724 | X15: 0.021678065 | AB15: 0.065343247 | AE15: 0.012668567 | AJ15: 0.026027686 | AL15: 0.023208526 | AO15: 0.063730978 | AT15: 0.02383252 | AU15: 0.015142059 | AY15: 0.021850538 | AZ15: 0.06260458 | BA15: 0.02754049 | BE15: 0.047537382 | BH15: 0.010810951
A16: 37288 | B16: 0.010615883 | E16: 0.015337155 | G16: 0.013143843 | H16: 0.083766652 | J16: 0.032359423 | K16: 0.082744799 | N16: 0.028932943 | Q16: 0.038970495 | T16: 0.020157052 | V16: 0.060109724 | X16: 0.021678065 | AB16: 0.065343247 | AE16: 0.012668567 | AJ16: 0.026027686 | AL16: 0.023208526 | AO16: 0.063730978 | AT16: 0.02383252 | AU16: 0.015142059 | AY16: 0.021850538 | AZ16: 0.06260458 | BA16: 0.02754049 | BE16: 0.047537382 | BH16: 0.010810951
A17: 37316 | B17: 0.010615883 | E17: 0.015337155 | G17: 0.013143843 | H17: 0.083766652 | J17: 0.032359423 | K17: 0.082744799 | N17: 0.028932943 | Q17: 0.038970495 | T17: 0.020157052 | V17: 0.060109724 | X17: 0.021678065 | AB17: 0.065343247 | AE17: 0.012668567 | AJ17: 0.026027686 | AL17: 0.023208526 | AO17: 0.063730978 | AT17: 0.02383252 | AU17: 0.015142059 | AY17: 0.021850538 | AZ17: 0.06260458 | BA17: 0.02754049 | BE17: 0.047537382 | BH17: 0.010810951
A18: 37347 | B18: 0.010615883 | E18: 0.015337155 | G18: 0.013143843 | H18: 0.083766652 | J18: 0.032359423 | K18: 0.082744799 | N18: 0.028932943 | Q18: 0.038970495 | T18: 0.020157052 | V18: 0.060109724 | X18: 0.021678065 | AB18: 0.065343247 | AE18: 0.012668567 | AJ18: 0.026027686 | AL18: 0.023208526 | AO18: 0.063730978 | AT18: 0.02383252 | AU18: 0.015142059 | AY18: 0.021850538 | AZ18: 0.06260458 | BA18: 0.02754049 | BE18: 0.047537382 | BH18: 0.010810951
A19: 37377 | B19: 0.010615883 | E19: 0.015337155 | G19: 0.013143843 | H19: 0.083766652 | J19: 0.032359423 | K19: 0.082744799 | N19: 0.028932943 | Q19: 0.038970495 | T19: 0.020157052 | V19: 0.060109724 | X19: 0.021678065 | AB19: 0.065343247 | AE19: 0.012668567 | AJ19: 0.026027686 | AL19: 0.023208526 | AO19: 0.063730978 | AT19: 0.02383252 | AU19: 0.015142059 | AY19: 0.021850538 | AZ19: 0.06260458 | BA19: 0.02754049 | BE19: 0.047537382 | BH19: 0.010810951
A20: 37408 | B20: 0.010615883 | E20: 0.015337155 | G20: 0.013143843 | H20: 0.083766652 | J20: 0.032359423 | K20: 0.082744799 | N20: 0.028932943 | Q20: 0.038970495 | T20: 0.020157052 | V20: 0.060109724 | X20: 0.021678065 | AB20: 0.065343247 | AE20: 0.012668567 | AJ20: 0.026027686 | AL20: 0.023208526 | AO20: 0.063730978 | AT20: 0.02383252 | AU20: 0.015142059 | AY20: 0.021850538 | AZ20: 0.06260458 | BA20: 0.02754049 | BE20: 0.047537382 | BH20: 0.010810951
A21: 37438 | B21: 0.010615883 | E21: 0.015337155 | G21: 0.013143843 | H21: 0.083766652 | J21: 0.032359423 | K21: 0.082744799 | N21: 0.028932943 | Q21: 0.038970495 | T21: 0.020157052 | V21: 0.060109724 | X21: 0.021678065 | AB21: 0.065343247 | AE21: 0.012668567 | AJ21: 0.026027686 | AL21: 0.023208526 | AO21: 0.063730978 | AT21: 0.02383252 | AU21: 0.015142059 | AY21: 0.021850538 | AZ21: 0.06260458 | BA21: 0.02754049 | BE21: 0.047537382 | BH21: 0.010810951
A22: 37469 | B22: 0.010615883 | E22: 0.015337155 | G22: 0.013143843 | H22: 0.083766652 | J22: 0.032359423 | K22: 0.082744799 | N22: 0.028932943 | Q22: 0.038970495 | T22: 0.020157052 | V22: 0.060109724 | X22: 0.021678065 | AB22: 0.065343247 | AE22: 0.012668567 | AJ22: 0.026027686 | AL22: 0.023208526 | AO22: 0.063730978 | AT22: 0.02383252 | AU22: 0.015142059 | AY22: 0.021850538 | AZ22: 0.06260458 | BA22: 0.02754049 | BE22: 0.047537382 | BH22: 0.010810951
A23: 37500 | B23: 0.010615883 | E23: 0.015337155 | G23: 0.013143843 | H23: 0.083766652 | J23: 0.032359423 | K23: 0.082744799 | N23: 0.028932943 | Q23: 0.038970495 | T23: 0.020157052 | V23: 0.060109724 | X23: 0.021678065 | AB23: 0.065343247 | AE23: 0.012668567 | AJ23: 0.026027686 | AL23: 0.023208526 | AO23: 0.063730978 | AT23: 0.02383252 | AU23: 0.015142059 | AY23: 0.021850538 | AZ23: 0.06260458 | BA23: 0.02754049 | BE23: 0.047537382 | BH23: 0.010810951
A24: 37530 | B24: 0.010615883 | E24: 0.015337155 | G24: 0.013143843 | H24: 0.083766652 | J24: 0.032359423 | K24: 0.082744799 | N24: 0.028932943 | Q24: 0.038970495 | T24: 0.020157052 | V24: 0.060109724 | X24: 0.021678065 | AB24: 0.065343247 | AE24: 0.012668567 | AJ24: 0.026027686 | AL24: 0.023208526 | AO24: 0.063730978 | AT24: 0.02383252 | AU24: 0.015142059 | AY24: 0.021850538 | AZ24: 0.06260458 | BA24: 0.02754049 | BE24: 0.047537382 | BH24: 0.010810951
A25: 37561 | B25: 0.010615883 | E25: 0.015337155 | G25: 0.013143843 | H25: 0.083766652 | J25: 0.032359423 | K25: 0.082744799 | N25: 0.028932943 | Q25: 0.038970495 | T25: 0.020157052 | V25: 0.060109724 | X25: 0.021678065 | AB25: 0.065343247 | AE25: 0.012668567 | AJ25: 0.026027686 | AL25: 0.023208526 | AO25: 0.063730978 | AT25: 0.02383252 | AU25: 0.015142059 | AY25: 0.021850538 | AZ25: 0.06260458 | BA25: 0.02754049 | BE25: 0.047537382 | BH25: 0.010810951
A26: 37591 | B26: 0.010615883 | E26: 0.015337155 | G26: 0.013143843 | H26: 0.083766652 | J26: 0.032359423 | K26: 0.082744799 | N26: 0.028932943 | Q26: 0.038970495 | T26: 0.020157052 | V26: 0.060109724 | X26: 0.021678065 | AB26: 0.065343247 | AE26: 0.012668567 | AJ26: 0.026027686 | AL26: 0.023208526 | AO26: 0.063730978 | AT26: 0.02383252 | AU26: 0.015142059 | AY26: 0.021850538 | AZ26: 0.06260458 | BA26: 0.02754049 | BE26: 0.047537382 | BH26: 0.010810951
A27: 37622 | B27: 0.016397838 | E27: 0.01561558 | H27: 0.060222895 | J27: 0.037088992 | K27: 0.16740587 | N27: 0.028133457 | Q27: 0.032864411 | T27: 0.017756507 | V27: 0.048958203 | AB27: 0.048473837 | AJ27: 0.017050007 | AL27: 0.022234945 | AM27: 0.014318196 | AO27: 0.060627486 | AT27: 0.018292608 | AU27: 0.025515784 | AV27: 0.013988594 | AY27: 0.016605419 | AZ27: 0.063862722 | BA27: 0.031324459 | BE27: 0.034184623 | BH27: 0.015072471
A28: 37653 | B28: 0.016397838 | E28: 0.01561558 | H28: 0.060222895 | J28: 0.037088992 | K28: 0.16740587 | N28: 0.028133457 | Q28: 0.032864411 | T28: 0.017756507 | V28: 0.048958203 | AB28: 0.048473837 | AJ28: 0.017050007 | AL28: 0.022234945 | AM28: 0.014318196 | AO28: 0.060627486 | AT28: 0.018292608 | AU28: 0.025515784 | AV28: 0.013988594 | AY28: 0.016605419 | AZ28: 0.063862722 | BA28: 0.031324459 | BE28: 0.034184623 | BH28: 0.015072471
A29: 37681 | B29: 0.016397838 | E29: 0.01561558 | H29: 0.060222895 | J29: 0.037088992 | K29: 0.16740587 | N29: 0.028133457 | Q29: 0.032864411 | T29: 0.017756507 | V29: 0.048958203 | AB29: 0.048473837 | AJ29: 0.017050007 | AL29: 0.022234945 | AM29: 0.014318196 | AO29: 0.060627486 | AT29: 0.018292608 | AU29: 0.025515784 | AV29: 0.013988594 | AY29: 0.016605419 | AZ29: 0.063862722 | BA29: 0.031324459 | BE29: 0.034184623 | BH29: 0.015072471
A30: 37712 | B30: 0.016397838 | E30: 0.01561558 | H30: 0.060222895 | J30: 0.037088992 | K30: 0.16740587 | N30: 0.028133457 | Q30: 0.032864411 | T30: 0.017756507 | V30: 0.048958203 | AB30: 0.048473837 | AJ30: 0.017050007 | AL30: 0.022234945 | AM30: 0.014318196 | AO30: 0.060627486 | AT30: 0.018292608 | AU30: 0.025515784 | AV30: 0.013988594 | AY30: 0.016605419 | AZ30: 0.063862722 | BA30: 0.031324459 | BE30: 0.034184623 | BH30: 0.015072471
A31: 37742 | B31: 0.016397838 | E31: 0.01561558 | H31: 0.060222895 | J31: 0.037088992 | K31: 0.16740587 | N31: 0.028133457 | Q31: 0.032864411 | T31: 0.017756507 | V31: 0.048958203 | AB31: 0.048473837 | AJ31: 0.017050007 | AL31: 0.022234945 | AM31: 0.014318196 | AO31: 0.060627486 | AT31: 0.018292608 | AU31: 0.025515784 | AV31: 0.013988594 | AY31: 0.016605419 | AZ31: 0.063862722 | BA31: 0.031324459 | BE31: 0.034184623 | BH31: 0.015072471
A32: 37773 | B32: 0.016397838 | E32: 0.01561558 | H32: 0.060222895 | J32: 0.037088992 | K32: 0.16740587 | N32: 0.028133457 | Q32: 0.032864411 | T32: 0.017756507 | V32: 0.048958203 | AB32: 0.048473837 | AJ32: 0.017050007 | AL32: 0.022234945 | AM32: 0.014318196 | AO32: 0.060627486 | AT32: 0.018292608 | AU32: 0.025515784 | AV32: 0.013988594 | AY32: 0.016605419 | AZ32: 0.063862722 | BA32: 0.031324459 | BE32: 0.034184623 | BH32: 0.015072471
A33: 37803 | B33: 0.016397838 | E33: 0.01561558 | H33: 0.060222895 | J33: 0.037088992 | K33: 0.16740587 | N33: 0.028133457 | Q33: 0.032864411 | T33: 0.017756507 | V33: 0.048958203 | AB33: 0.048473837 | AJ33: 0.017050007 | AL33: 0.022234945 | AM33: 0.014318196 | AO33: 0.060627486 | AT33: 0.018292608 | AU33: 0.025515784 | AV33: 0.013988594 | AY33: 0.016605419 | AZ33: 0.063862722 | BA33: 0.031324459 | BE33: 0.034184623 | BH33: 0.015072471
A34: 37834 | B34: 0.016397838 | E34: 0.01561558 | H34: 0.060222895 | J34: 0.037088992 | K34: 0.16740587 | N34: 0.028133457 | Q34: 0.032864411 | T34: 0.017756507 | V34: 0.048958203 | AB34: 0.048473837 | AJ34: 0.017050007 | AL34: 0.022234945 | AM34: 0.014318196 | AO34: 0.060627486 | AT34: 0.018292608 | AU34: 0.025515784 | AV34: 0.013988594 | AY34: 0.016605419 | AZ34: 0.063862722 | BA34: 0.031324459 | BE34: 0.034184623 | BH34: 0.015072471
A35: 37865 | B35: 0.016397838 | E35: 0.01561558 | H35: 0.060222895 | J35: 0.037088992 | K35: 0.16740587 | N35: 0.028133457 | Q35: 0.032864411 | T35: 0.017756507 | V35: 0.048958203 | AB35: 0.048473837 | AJ35: 0.017050007 | AL35: 0.022234945 | AM35: 0.014318196 | AO35: 0.060627486 | AT35: 0.018292608 | AU35: 0.025515784 | AV35: 0.013988594 | AY35: 0.016605419 | AZ35: 0.063862722 | BA35: 0.031324459 | BE35: 0.034184623 | BH35: 0.015072471
A36: 37895 | B36: 0.016397838 | E36: 0.01561558 | H36: 0.060222895 | J36: 0.037088992 | K36: 0.16740587 | N36: 0.028133457 | Q36: 0.032864411 | T36: 0.017756507 | V36: 0.048958203 | AB36: 0.048473837 | AJ36: 0.017050007 | AL36: 0.022234945 | AM36: 0.014318196 | AO36: 0.060627486 | AT36: 0.018292608 | AU36: 0.025515784 | AV36: 0.013988594 | AY36: 0.016605419 | AZ36: 0.063862722 | BA36: 0.031324459 | BE36: 0.034184623 | BH36: 0.015072471
A37: 37926 | B37: 0.016397838 | E37: 0.01561558 | H37: 0.060222895 | J37: 0.037088992 | K37: 0.16740587 | N37: 0.028133457 | Q37: 0.032864411 | T37: 0.017756507 | V37: 0.048958203 | AB37: 0.048473837 | AJ37: 0.017050007 | AL37: 0.022234945 | AM37: 0.014318196 | AO37: 0.060627486 | AT37: 0.018292608 | AU37: 0.025515784 | AV37: 0.013988594 | AY37: 0.016605419 | AZ37: 0.063862722 | BA37: 0.031324459 | BE37: 0.034184623 | BH37: 0.015072471
A38: 37956 | B38: 0.016397838 | E38: 0.01561558 | H38: 0.060222895 | J38: 0.037088992 | K38: 0.16740587 | N38: 0.028133457 | Q38: 0.032864411 | T38: 0.017756507 | V38: 0.048958203 | AB38: 0.048473837 | AJ38: 0.017050007 | AL38: 0.022234945 | AM38: 0.014318196 | AO38: 0.060627486 | AT38: 0.018292608 | AU38: 0.025515784 | AV38: 0.013988594 | AY38: 0.016605419 | AZ38: 0.063862722 | BA38: 0.031324459 | BE38: 0.034184623 | BH38: 0.015072471
A39: 37987 | B39: 0.025097683 | H39: 0.062496532 | J39: 0.032251612 | K39: 0.1462587 | N39: 0.021379281 | Q39: 0.031804824 | T39: 0.014824322 | V39: 0.046154871 | W39: 0.013363519 | AB39: 0.048140963 | AE39: 0.017883498 | AJ39: 0.015485531 | AL39: 0.025902314 | AM39: 0.012591285 | AO39: 0.052492344 | AT39: 0.021424428 | AU39: 0.018266039 | AV39: 0.017794801 | AY39: 0.025354325 | AZ39: 0.059827202 | BA39: 0.018252979 | BB39: 0.011368222 | BC39: 0.012067375 | BE39: 0.041347158 | BG39: 0.016233063
A40: 38018 | B40: 0.025097683 | H40: 0.062496532 | J40: 0.032251612 | K40: 0.1462587 | N40: 0.021379281 | Q40: 0.031804824 | T40: 0.014824322 | V40: 0.046154871 | W40: 0.013363519 | AB40: 0.048140963 | AE40: 0.017883498 | AJ40: 0.015485531 | AL40: 0.025902314 | AM40: 0.012591285 | AO40: 0.052492344 | AT40: 0.021424428 | AU40: 0.018266039 | AV40: 0.017794801 | AY40: 0.025354325 | AZ40: 0.059827202 | BA40: 0.018252979 | BB40: 0.011368222 | BC40: 0.012067375 | BE40: 0.041347158 | BG40: 0.016233063
A41: 38047 | B41: 0.025097683 | H41: 0.062496532 | J41: 0.032251612 | K41: 0.1462587 | N41: 0.021379281 | Q41: 0.031804824 | T41: 0.014824322 | V41: 0.046154871 | W41: 0.013363519 | AB41: 0.048140963 | AE41: 0.017883498 | AJ41: 0.015485531 | AL41: 0.025902314 | AM41: 0.012591285 | AO41: 0.052492344 | AT41: 0.021424428 | AU41: 0.018266039 | AV41: 0.017794801 | AY41: 0.025354325 | AZ41: 0.059827202 | BA41: 0.018252979 | BB41: 0.011368222 | BC41: 0.012067375 | BE41: 0.041347158 | BG41: 0.016233063
A42: 38078 | B42: 0.025097683 | H42: 0.062496532 | J42: 0.032251612 | K42: 0.1462587 | N42: 0.021379281 | Q42: 0.031804824 | T42: 0.014824322 | V42: 0.046154871 | W42: 0.013363519 | AB42: 0.048140963 | AE42: 0.017883498 | AJ42: 0.015485531 | AL42: 0.025902314 | AM42: 0.012591285 | AO42: 0.052492344 | AT42: 0.021424428 | AU42: 0.018266039 | AV42: 0.017794801 | AY42: 0.025354325 | AZ42: 0.059827202 | BA42: 0.018252979 | BB42: 0.011368222 | BC42: 0.012067375 | BE42: 0.041347158 | BG42: 0.016233063
A43: 38108 | B43: 0.025097683 | H43: 0.062496532 | J43: 0.032251612 | K43: 0.1462587 | N43: 0.021379281 | Q43: 0.031804824 | T43: 0.014824322 | V43: 0.046154871 | W43: 0.013363519 | AB43: 0.048140963 | AE43: 0.017883498 | AJ43: 0.015485531 | AL43: 0.025902314 | AM43: 0.012591285 | AO43: 0.052492344 | AT43: 0.021424428 | AU43: 0.018266039 | AV43: 0.017794801 | AY43: 0.025354325 | AZ43: 0.059827202 | BA43: 0.018252979 | BB43: 0.011368222 | BC43: 0.012067375 | BE43: 0.041347158 | BG43: 0.016233063
A44: 38139 | B44: 0.025097683 | H44: 0.062496532 | J44: 0.032251612 | K44: 0.1462587 | N44: 0.021379281 | Q44: 0.031804824 | T44: 0.014824322 | V44: 0.046154871 | W44: 0.013363519 | AB44: 0.048140963 | AE44: 0.017883498 | AJ44: 0.015485531 | AL44: 0.025902314 | AM44: 0.012591285 | AO44: 0.052492344 | AT44: 0.021424428 | AU44: 0.018266039 | AV44: 0.017794801 | AY44: 0.025354325 | AZ44: 0.059827202 | BA44: 0.018252979 | BB44: 0.011368222 | BC44: 0.012067375 | BE44: 0.041347158 | BG44: 0.016233063
A45: 38169 | B45: 0.025097683 | H45: 0.062496532 | J45: 0.032251612 | K45: 0.1462587 | N45: 0.021379281 | Q45: 0.031804824 | T45: 0.014824322 | V45: 0.046154871 | W45: 0.013363519 | AB45: 0.048140963 | AE45: 0.017883498 | AJ45: 0.015485531 | AL45: 0.025902314 | AM45: 0.012591285 | AO45: 0.052492344 | AT45: 0.021424428 | AU45: 0.018266039 | AV45: 0.017794801 | AY45: 0.025354325 | AZ45: 0.059827202 | BA45: 0.018252979 | BB45: 0.011368222 | BC45: 0.012067375 | BE45: 0.041347158 | BG45: 0.016233063
A46: 38200 | B46: 0.025097683 | H46: 0.062496532 | J46: 0.032251612 | K46: 0.1462587 | N46: 0.021379281 | Q46: 0.031804824 | T46: 0.014824322 | V46: 0.046154871 | W46: 0.013363519 | AB46: 0.048140963 | AE46: 0.017883498 | AJ46: 0.015485531 | AL46: 0.025902314 | AM46: 0.012591285 | AO46: 0.052492344 | AT46: 0.021424428 | AU46: 0.018266039 | AV46: 0.017794801 | AY46: 0.025354325 | AZ46: 0.059827202 | BA46: 0.018252979 | BB46: 0.011368222 | BC46: 0.012067375 | BE46: 0.041347158 | BG46: 0.016233063
A47: 38231 | B47: 0.025097683 | H47: 0.062496532 | J47: 0.032251612 | K47: 0.1462587 | N47: 0.021379281 | Q47: 0.031804824 | T47: 0.014824322 | V47: 0.046154871 | W47: 0.013363519 | AB47: 0.048140963 | AE47: 0.017883498 | AJ47: 0.015485531 | AL47: 0.025902314 | AM47: 0.012591285 | AO47: 0.052492344 | AT47: 0.021424428 | AU47: 0.018266039 | AV47: 0.017794801 | AY47: 0.025354325 | AZ47: 0.059827202 | BA47: 0.018252979 | BB47: 0.011368222 | BC47: 0.012067375 | BE47: 0.041347158 | BG47: 0.016233063
A48: 38261 | B48: 0.025097683 | H48: 0.062496532 | J48: 0.032251612 | K48: 0.1462587 | N48: 0.021379281 | Q48: 0.031804824 | T48: 0.014824322 | V48: 0.046154871 | W48: 0.013363519 | AB48: 0.048140963 | AE48: 0.017883498 | AJ48: 0.015485531 | AL48: 0.025902314 | AM48: 0.012591285 | AO48: 0.052492344 | AT48: 0.021424428 | AU48: 0.018266039 | AV48: 0.017794801 | AY48: 0.025354325 | AZ48: 0.059827202 | BA48: 0.018252979 | BB48: 0.011368222 | BC48: 0.012067375 | BE48: 0.041347158 | BG48: 0.016233063
A49: 38292 | B49: 0.025097683 | H49: 0.062496532 | J49: 0.032251612 | K49: 0.1462587 | N49: 0.021379281 | Q49: 0.031804824 | T49: 0.014824322 | V49: 0.046154871 | W49: 0.013363519 | AB49: 0.048140963 | AE49: 0.017883498 | AJ49: 0.015485531 | AL49: 0.025902314 | AM49: 0.012591285 | AO49: 0.052492344 | AT49: 0.021424428 | AU49: 0.018266039 | AV49: 0.017794801 | AY49: 0.025354325 | AZ49: 0.059827202 | BA49: 0.018252979 | BB49: 0.011368222 | BC49: 0.012067375 | BE49: 0.041347158 | BG49: 0.016233063
A50: 38322 | B50: 0.025097683 | H50: 0.062496532 | J50: 0.032251612 | K50: 0.1462587 | N50: 0.021379281 | Q50: 0.031804824 | T50: 0.014824322 | V50: 0.046154871 | W50: 0.013363519 | AB50: 0.048140963 | AE50: 0.017883498 | AJ50: 0.015485531 | AL50: 0.025902314 | AM50: 0.012591285 | AO50: 0.052492344 | AT50: 0.021424428 | AU50: 0.018266039 | AV50: 0.017794801 | AY50: 0.025354325 | AZ50: 0.059827202 | BA50: 0.018252979 | BB50: 0.011368222 | BC50: 0.012067375 | BE50: 0.041347158 | BG50: 0.016233063
A51: 38353 | B51: 0.027484734 | H51: 0.072600632 | J51: 0.041092403 | K51: 0.13905759 | N51: 0.020138372 | Q51: 0.020377046 | T51: 0.011664164 | V51: 0.052631718 | W51: 0.016921101 | AB51: 0.037678301 | AE51: 0.021796052 | AJ51: 0.02132671 | AL51: 0.019310952 | AM51: 0.010640014 | AO51: 0.056675008 | AT51: 0.022984575 | AU51: 0.01777637 | AV51: 0.023555907 | AY51: 0.020390248 | AZ51: 0.070287782 | BA51: 0.020507697 | BE51: 0.045222235
A52: 38384 | B52: 0.027484734 | H52: 0.072600632 | J52: 0.041092403 | K52: 0.13905759 | N52: 0.020138372 | Q52: 0.020377046 | T52: 0.011664164 | V52: 0.052631718 | W52: 0.016921101 | AB52: 0.037678301 | AE52: 0.021796052 | AJ52: 0.02132671 | AL52: 0.019310952 | AM52: 0.010640014 | AO52: 0.056675008 | AT52: 0.022984575 | AU52: 0.01777637 | AV52: 0.023555907 | AY52: 0.020390248 | AZ52: 0.070287782 | BA52: 0.020507697 | BE52: 0.045222235
A53: 38412 | B53: 0.027484734 | H53: 0.072600632 | J53: 0.041092403 | K53: 0.13905759 | N53: 0.020138372 | Q53: 0.020377046 | T53: 0.011664164 | V53: 0.052631718 | W53: 0.016921101 | AB53: 0.037678301 | AE53: 0.021796052 | AJ53: 0.02132671 | AL53: 0.019310952 | AM53: 0.010640014 | AO53: 0.056675008 | AT53: 0.022984575 | AU53: 0.01777637 | AV53: 0.023555907 | AY53: 0.020390248 | AZ53: 0.070287782 | BA53: 0.020507697 | BE53: 0.045222235
A54: 38443 | B54: 0.027484734 | H54: 0.072600632 | J54: 0.041092403 | K54: 0.13905759 | N54: 0.020138372 | Q54: 0.020377046 | T54: 0.011664164 | V54: 0.052631718 | W54: 0.016921101 | AB54: 0.037678301 | AE54: 0.021796052 | AJ54: 0.02132671 | AL54: 0.019310952 | AM54: 0.010640014 | AO54: 0.056675008 | AT54: 0.022984575 | AU54: 0.01777637 | AV54: 0.023555907 | AY54: 0.020390248 | AZ54: 0.070287782 | BA54: 0.020507697 | BE54: 0.045222235
A55: 38473 | B55: 0.027484734 | H55: 0.072600632 | J55: 0.041092403 | K55: 0.13905759 | N55: 0.020138372 | Q55: 0.020377046 | T55: 0.011664164 | V55: 0.052631718 | W55: 0.016921101 | AB55: 0.037678301 | AE55: 0.021796052 | AJ55: 0.02132671 | AL55: 0.019310952 | AM55: 0.010640014 | AO55: 0.056675008 | AT55: 0.022984575 | AU55: 0.01777637 | AV55: 0.023555907 | AY55: 0.020390248 | AZ55: 0.070287782 | BA55: 0.020507697 | BE55: 0.045222235
A56: 38504 | B56: 0.027484734 | H56: 0.072600632 | J56: 0.041092403 | K56: 0.13905759 | N56: 0.020138372 | Q56: 0.020377046 | T56: 0.011664164 | V56: 0.052631718 | W56: 0.016921101 | AB56: 0.037678301 | AE56: 0.021796052 | AJ56: 0.02132671 | AL56: 0.019310952 | AM56: 0.010640014 | AO56: 0.056675008 | AT56: 0.022984575 | AU56: 0.01777637 | AV56: 0.023555907 | AY56: 0.020390248 | AZ56: 0.070287782 | BA56: 0.020507697 | BE56: 0.045222235
A57: 38534 | B57: 0.027484734 | H57: 0.072600632 | J57: 0.041092403 | K57: 0.13905759 | N57: 0.020138372 | Q57: 0.020377046 | T57: 0.011664164 | V57: 0.052631718 | W57: 0.016921101 | AB57: 0.037678301 | AE57: 0.021796052 | AJ57: 0.02132671 | AL57: 0.019310952 | AM57: 0.010640014 | AO57: 0.056675008 | AT57: 0.022984575 | AU57: 0.01777637 | AV57: 0.023555907 | AY57: 0.020390248 | AZ57: 0.070287782 | BA57: 0.020507697 | BE57: 0.045222235
A58: 38565 | B58: 0.027484734 | H58: 0.072600632 | J58: 0.041092403 | K58: 0.13905759 | N58: 0.020138372 | Q58: 0.020377046 | T58: 0.011664164 | V58: 0.052631718 | W58: 0.016921101 | AB58: 0.037678301 | AE58: 0.021796052 | AJ58: 0.02132671 | AL58: 0.019310952 | AM58: 0.010640014 | AO58: 0.056675008 | AT58: 0.022984575 | AU58: 0.01777637 | AV58: 0.023555907 | AY58: 0.020390248 | AZ58: 0.070287782 | BA58: 0.020507697 | BE58: 0.045222235
A59: 38596 | B59: 0.027484734 | H59: 0.072600632 | J59: 0.041092403 | K59: 0.13905759 | N59: 0.020138372 | Q59: 0.020377046 | T59: 0.011664164 | V59: 0.052631718 | W59: 0.016921101 | AB59: 0.037678301 | AE59: 0.021796052 | AJ59: 0.02132671 | AL59: 0.019310952 | AM59: 0.010640014 | AO59: 0.056675008 | AT59: 0.022984575 | AU59: 0.01777637 | AV59: 0.023555907 | AY59: 0.020390248 | AZ59: 0.070287782 | BA59: 0.020507697 | BE59: 0.045222235
A60: 38626 | B60: 0.027484734 | H60: 0.072600632 | J60: 0.041092403 | K60: 0.13905759 | N60: 0.020138372 | Q60: 0.020377046 | T60: 0.011664164 | V60: 0.052631718 | W60: 0.016921101 | AB60: 0.037678301 | AE60: 0.021796052 | AJ60: 0.02132671 | AL60: 0.019310952 | AM60: 0.010640014 | AO60: 0.056675008 | AT60: 0.022984575 | AU60: 0.01777637 | AV60: 0.023555907 | AY60: 0.020390248 | AZ60: 0.070287782 | BA60: 0.020507697 | BE60: 0.045222235
A61: 38657 | B61: 0.027484734 | H61: 0.072600632 | J61: 0.041092403 | K61: 0.13905759 | N61: 0.020138372 | Q61: 0.020377046 | T61: 0.011664164 | V61: 0.052631718 | W61: 0.016921101 | AB61: 0.037678301 | AE61: 0.021796052 | AJ61: 0.02132671 | AL61: 0.019310952 | AM61: 0.010640014 | AO61: 0.056675008 | AT61: 0.022984575 | AU61: 0.01777637 | AV61: 0.023555907 | AY61: 0.020390248 | AZ61: 0.070287782 | BA61: 0.020507697 | BE61: 0.045222235
A62: 38687 | B62: 0.027484734 | H62: 0.072600632 | J62: 0.041092403 | K62: 0.13905759 | N62: 0.020138372 | Q62: 0.020377046 | T62: 0.011664164 | V62: 0.052631718 | W62: 0.016921101 | AB62: 0.037678301 | AE62: 0.021796052 | AJ62: 0.02132671 | AL62: 0.019310952 | AM62: 0.010640014 | AO62: 0.056675008 | AT62: 0.022984575 | AU62: 0.01777637 | AV62: 0.023555907 | AY62: 0.020390248 | AZ62: 0.070287782 | BA62: 0.020507697 | BE62: 0.045222235
A63: 38718 | B63: 0.028700065 | H63: 0.089178307 | J63: 0.035660722 | K63: 0.10228635 | N63: 0.022239663 | Q63: 0.015927612 | R63: 0.013033671 | T63: 0.012408555 | V63: 0.055031313 | W63: 0.013586507 | AB63: 0.039360504 | AE63: 0.020054532 | AJ63: 0.023233734 | AL63: 0.017960346 | AM63: 0.012484076 | AO63: 0.056881817 | AT63: 0.023093457 | AU63: 0.018535255 | AV63: 0.021713967 | AY63: 0.027277874 | AZ63: 0.067674774 | BA63: 0.017096892 | BC63: 0.013111678 | BD63: 0.014868908 | BE63: 0.030319703 | BG63: 0.015932194
A64: 38749 | B64: 0.028700065 | H64: 0.089178307 | J64: 0.035660722 | K64: 0.10228635 | N64: 0.022239663 | Q64: 0.015927612 | R64: 0.013033671 | T64: 0.012408555 | V64: 0.055031313 | W64: 0.013586507 | AB64: 0.039360504 | AE64: 0.020054532 | AJ64: 0.023233734 | AL64: 0.017960346 | AM64: 0.012484076 | AO64: 0.056881817 | AT64: 0.023093457 | AU64: 0.018535255 | AV64: 0.021713967 | AY64: 0.027277874 | AZ64: 0.067674774 | BA64: 0.017096892 | BC64: 0.013111678 | BD64: 0.014868908 | BE64: 0.030319703 | BG64: 0.015932194
A65: 38777 | B65: 0.028700065 | H65: 0.089178307 | J65: 0.035660722 | K65: 0.10228635 | N65: 0.022239663 | Q65: 0.015927612 | R65: 0.013033671 | T65: 0.012408555 | V65: 0.055031313 | W65: 0.013586507 | AB65: 0.039360504 | AE65: 0.020054532 | AJ65: 0.023233734 | AL65: 0.017960346 | AM65: 0.012484076 | AO65: 0.056881817 | AT65: 0.023093457 | AU65: 0.018535255 | AV65: 0.021713967 | AY65: 0.027277874 | AZ65: 0.067674774 | BA65: 0.017096892 | BC65: 0.013111678 | BD65: 0.014868908 | BE65: 0.030319703 | BG65: 0.015932194
A66: 38808 | B66: 0.028700065 | H66: 0.089178307 | J66: 0.035660722 | K66: 0.10228635 | N66: 0.022239663 | Q66: 0.015927612 | R66: 0.013033671 | T66: 0.012408555 | V66: 0.055031313 | W66: 0.013586507 | AB66: 0.039360504 | AE66: 0.020054532 | AJ66: 0.023233734 | AL66: 0.017960346 | AM66: 0.012484076 | AO66: 0.056881817 | AT66: 0.023093457 | AU66: 0.018535255 | AV66: 0.021713967 | AY66: 0.027277874 | AZ66: 0.067674774 | BA66: 0.017096892 | BC66: 0.013111678 | BD66: 0.014868908 | BE66: 0.030319703 | BG66: 0.015932194
A67: 38838 | B67: 0.028700065 | H67: 0.089178307 | J67: 0.035660722 | K67: 0.10228635 | N67: 0.022239663 | Q67: 0.015927612 | R67: 0.013033671 | T67: 0.012408555 | V67: 0.055031313 | W67: 0.013586507 | AB67: 0.039360504 | AE67: 0.020054532 | AJ67: 0.023233734 | AL67: 0.017960346 | AM67: 0.012484076 | AO67: 0.056881817 | AT67: 0.023093457 | AU67: 0.018535255 | AV67: 0.021713967 | AY67: 0.027277874 | AZ67: 0.067674774 | BA67: 0.017096892 | BC67: 0.013111678 | BD67: 0.014868908 | BE67: 0.030319703 | BG67: 0.015932194
A68: 38869 | B68: 0.028700065 | H68: 0.089178307 | J68: 0.035660722 | K68: 0.10228635 | N68: 0.022239663 | Q68: 0.015927612 | R68: 0.013033671 | T68: 0.012408555 | V68: 0.055031313 | W68: 0.013586507 | AB68: 0.039360504 | AE68: 0.020054532 | AJ68: 0.023233734 | AL68: 0.017960346 | AM68: 0.012484076 | AO68: 0.056881817 | AT68: 0.023093457 | AU68: 0.018535255 | AV68: 0.021713967 | AY68: 0.027277874 | AZ68: 0.067674774 | BA68: 0.017096892 | BC68: 0.013111678 | BD68: 0.014868908 | BE68: 0.030319703 | BG68: 0.015932194
A69: 38899 | B69: 0.028700065 | H69: 0.089178307 | J69: 0.035660722 | K69: 0.10228635 | N69: 0.022239663 | Q69: 0.015927612 | R69: 0.013033671 | T69: 0.012408555 | V69: 0.055031313 | W69: 0.013586507 | AB69: 0.039360504 | AE69: 0.020054532 | AJ69: 0.023233734 | AL69: 0.017960346 | AM69: 0.012484076 | AO69: 0.056881817 | AT69: 0.023093457 | AU69: 0.018535255 | AV69: 0.021713967 | AY69: 0.027277874 | AZ69: 0.067674774 | BA69: 0.017096892 | BC69: 0.013111678 | BD69: 0.014868908 | BE69: 0.030319703 | BG69: 0.015932194
A70: 38930 | B70: 0.028700065 | H70: 0.089178307 | J70: 0.035660722 | K70: 0.10228635 | N70: 0.022239663 | Q70: 0.015927612 | R70: 0.013033671 | T70: 0.012408555 | V70: 0.055031313 | W70: 0.013586507 | AB70: 0.039360504 | AE70: 0.020054532 | AJ70: 0.023233734 | AL70: 0.017960346 | AM70: 0.012484076 | AO70: 0.056881817 | AT70: 0.023093457 | AU70: 0.018535255 | AV70: 0.021713967 | AY70: 0.027277874 | AZ70: 0.067674774 | BA70: 0.017096892 | BC70: 0.013111678 | BD70: 0.014868908 | BE70: 0.030319703 | BG70: 0.015932194
A71: 38961 | B71: 0.028700065 | H71: 0.089178307 | J71: 0.035660722 | K71: 0.10228635 | N71: 0.022239663 | Q71: 0.015927612 | R71: 0.013033671 | T71: 0.012408555 | V71: 0.055031313 | W71: 0.013586507 | AB71: 0.039360504 | AE71: 0.020054532 | AJ71: 0.023233734 | AL71: 0.017960346 | AM71: 0.012484076 | AO71: 0.056881817 | AT71: 0.023093457 | AU71: 0.018535255 | AV71: 0.021713967 | AY71: 0.027277874 | AZ71: 0.067674774 | BA71: 0.017096892 | BC71: 0.013111678 | BD71: 0.014868908 | BE71: 0.030319703 | BG71: 0.015932194
A72: 38991 | B72: 0.028700065 | H72: 0.089178307 | J72: 0.035660722 | K72: 0.10228635 | N72: 0.022239663 | Q72: 0.015927612 | R72: 0.013033671 | T72: 0.012408555 | V72: 0.055031313 | W72: 0.013586507 | AB72: 0.039360504 | AE72: 0.020054532 | AJ72: 0.023233734 | AL72: 0.017960346 | AM72: 0.012484076 | AO72: 0.056881817 | AT72: 0.023093457 | AU72: 0.018535255 | AV72: 0.021713967 | AY72: 0.027277874 | AZ72: 0.067674774 | BA72: 0.017096892 | BC72: 0.013111678 | BD72: 0.014868908 | BE72: 0.030319703 | BG72: 0.015932194
A73: 39022 | B73: 0.028700065 | H73: 0.089178307 | J73: 0.035660722 | K73: 0.10228635 | N73: 0.022239663 | Q73: 0.015927612 | R73: 0.013033671 | T73: 0.012408555 | V73: 0.055031313 | W73: 0.013586507 | AB73: 0.039360504 | AE73: 0.020054532 | AJ73: 0.023233734 | AL73: 0.017960346 | AM73: 0.012484076 | AO73: 0.056881817 | AT73: 0.023093457 | AU73: 0.018535255 | AV73: 0.021713967 | AY73: 0.027277874 | AZ73: 0.067674774 | BA73: 0.017096892 | BC73: 0.013111678 | BD73: 0.014868908 | BE73: 0.030319703 | BG73: 0.015932194
A74: 39052 | B74: 0.028700065 | H74: 0.089178307 | J74: 0.035660722 | K74: 0.10228635 | N74: 0.022239663 | Q74: 0.015927612 | R74: 0.013033671 | T74: 0.012408555 | V74: 0.055031313 | W74: 0.013586507 | AB74: 0.039360504 | AE74: 0.020054532 | AJ74: 0.023233734 | AL74: 0.017960346 | AM74: 0.012484076 | AO74: 0.056881817 | AT74: 0.023093457 | AU74: 0.018535255 | AV74: 0.021713967 | AY74: 0.027277874 | AZ74: 0.067674774 | BA74: 0.017096892 | BC74: 0.013111678 | BD74: 0.014868908 | BE74: 0.030319703 | BG74: 0.015932194
A75: 39083 | B75: 0.023711527 | E75: 0.01285773 | H75: 0.11125891 | J75: 0.028273348 | K75: 0.15034092 | N75: 0.019766849 | Q75: 0.012701179 | R75: 0.014020747 | T75: 0.012881487 | V75: 0.042922877 | W75: 0.016042913 | AB75: 0.035911252 | AE75: 0.018586915 | AJ75: 0.020729357 | AO75: 0.042769438 | AT75: 0.022331038 | AU75: 0.016436092 | AV75: 0.022973003 | AY75: 0.024598041 | AZ75: 0.062338052 | BA75: 0.01894486 | BD75: 0.017464181 | BE75: 0.027620842 | BG75: 0.017021907
A76: 39114 | B76: 0.023711527 | E76: 0.01285773 | H76: 0.11125891 | J76: 0.028273348 | K76: 0.15034092 | N76: 0.019766849 | Q76: 0.012701179 | R76: 0.014020747 | T76: 0.012881487 | V76: 0.042922877 | W76: 0.016042913 | AB76: 0.035911252 | AE76: 0.018586915 | AJ76: 0.020729357 | AO76: 0.042769438 | AT76: 0.022331038 | AU76: 0.016436092 | AV76: 0.022973003 | AY76: 0.024598041 | AZ76: 0.062338052 | BA76: 0.01894486 | BD76: 0.017464181 | BE76: 0.027620842 | BG76: 0.017021907
A77: 39142 | B77: 0.023711527 | E77: 0.01285773 | H77: 0.11125891 | J77: 0.028273348 | K77: 0.15034092 | N77: 0.019766849 | Q77: 0.012701179 | R77: 0.014020747 | T77: 0.012881487 | V77: 0.042922877 | W77: 0.016042913 | AB77: 0.035911252 | AE77: 0.018586915 | AJ77: 0.020729357 | AO77: 0.042769438 | AT77: 0.022331038 | AU77: 0.016436092 | AV77: 0.022973003 | AY77: 0.024598041 | AZ77: 0.062338052 | BA77: 0.01894486 | BD77: 0.017464181 | BE77: 0.027620842 | BG77: 0.017021907
A78: 39173 | B78: 0.023711527 | E78: 0.01285773 | H78: 0.11125891 | J78: 0.028273348 | K78: 0.15034092 | N78: 0.019766849 | Q78: 0.012701179 | R78: 0.014020747 | T78: 0.012881487 | V78: 0.042922877 | W78: 0.016042913 | AB78: 0.035911252 | AE78: 0.018586915 | AJ78: 0.020729357 | AO78: 0.042769438 | AT78: 0.022331038 | AU78: 0.016436092 | AV78: 0.022973003 | AY78: 0.024598041 | AZ78: 0.062338052 | BA78: 0.01894486 | BD78: 0.017464181 | BE78: 0.027620842 | BG78: 0.017021907
A79: 39203 | B79: 0.023711527 | E79: 0.01285773 | H79: 0.11125891 | J79: 0.028273348 | K79: 0.15034092 | N79: 0.019766849 | Q79: 0.012701179 | R79: 0.014020747 | T79: 0.012881487 | V79: 0.042922877 | W79: 0.016042913 | AB79: 0.035911252 | AE79: 0.018586915 | AJ79: 0.020729357 | AO79: 0.042769438 | AT79: 0.022331038 | AU79: 0.016436092 | AV79: 0.022973003 | AY79: 0.024598041 | AZ79: 0.062338052 | BA79: 0.01894486 | BD79: 0.017464181 | BE79: 0.027620842 | BG79: 0.017021907
A80: 39234 | B80: 0.023711527 | E80: 0.01285773 | H80: 0.11125891 | J80: 0.028273348 | K80: 0.15034092 | N80: 0.019766849 | Q80: 0.012701179 | R80: 0.014020747 | T80: 0.012881487 | V80: 0.042922877 | W80: 0.016042913 | AB80: 0.035911252 | AE80: 0.018586915 | AJ80: 0.020729357 | AO80: 0.042769438 | AT80: 0.022331038 | AU80: 0.016436092 | AV80: 0.022973003 | AY80: 0.024598041 | AZ80: 0.062338052 | BA80: 0.01894486 | BD80: 0.017464181 | BE80: 0.027620842 | BG80: 0.017021907
A81: 39264 | B81: 0.023711527 | E81: 0.01285773 | H81: 0.11125891 | J81: 0.028273348 | K81: 0.15034092 | N81: 0.019766849 | Q81: 0.012701179 | R81: 0.014020747 | T81: 0.012881487 | V81: 0.042922877 | W81: 0.016042913 | AB81: 0.035911252 | AE81: 0.018586915 | AJ81: 0.020729357 | AO81: 0.042769438 | AT81: 0.022331038 | AU81: 0.016436092 | AV81: 0.022973003 | AY81: 0.024598041 | AZ81: 0.062338052 | BA81: 0.01894486 | BD81: 0.017464181 | BE81: 0.027620842 | BG81: 0.017021907
A82: 39295 | B82: 0.023711527 | E82: 0.01285773 | H82: 0.11125891 | J82: 0.028273348 | K82: 0.15034092 | N82: 0.019766849 | Q82: 0.012701179 | R82: 0.014020747 | T82: 0.012881487 | V82: 0.042922877 | W82: 0.016042913 | AB82: 0.035911252 | AE82: 0.018586915 | AJ82: 0.020729357 | AO82: 0.042769438 | AT82: 0.022331038 | AU82: 0.016436092 | AV82: 0.022973003 | AY82: 0.024598041 | AZ82: 0.062338052 | BA82: 0.01894486 | BD82: 0.017464181 | BE82: 0.027620842 | BG82: 0.017021907
A83: 39326 | B83: 0.023711527 | E83: 0.01285773 | H83: 0.11125891 | J83: 0.028273348 | K83: 0.15034092 | N83: 0.019766849 | Q83: 0.012701179 | R83: 0.014020747 | T83: 0.012881487 | V83: 0.042922877 | W83: 0.016042913 | AB83: 0.035911252 | AE83: 0.018586915 | AJ83: 0.020729357 | AO83: 0.042769438 | AT83: 0.022331038 | AU83: 0.016436092 | AV83: 0.022973003 | AY83: 0.024598041 | AZ83: 0.062338052 | BA83: 0.01894486 | BD83: 0.017464181 | BE83: 0.027620842 | BG83: 0.017021907
A84: 39356 | B84: 0.023711527 | E84: 0.01285773 | H84: 0.11125891 | J84: 0.028273348 | K84: 0.15034092 | N84: 0.019766849 | Q84: 0.012701179 | R84: 0.014020747 | T84: 0.012881487 | V84: 0.042922877 | W84: 0.016042913 | AB84: 0.035911252 | AE84: 0.018586915 | AJ84: 0.020729357 | AO84: 0.042769438 | AT84: 0.022331038 | AU84: 0.016436092 | AV84: 0.022973003 | AY84: 0.024598041 | AZ84: 0.062338052 | BA84: 0.01894486 | BD84: 0.017464181 | BE84: 0.027620842 | BG84: 0.017021907
A85: 39387 | B85: 0.023711527 | E85: 0.01285773 | H85: 0.11125891 | J85: 0.028273348 | K85: 0.15034092 | N85: 0.019766849 | Q85: 0.012701179 | R85: 0.014020747 | T85: 0.012881487 | V85: 0.042922877 | W85: 0.016042913 | AB85: 0.035911252 | AE85: 0.018586915 | AJ85: 0.020729357 | AO85: 0.042769438 | AT85: 0.022331038 | AU85: 0.016436092 | AV85: 0.022973003 | AY85: 0.024598041 | AZ85: 0.062338052 | BA85: 0.01894486 | BD85: 0.017464181 | BE85: 0.027620842 | BG85: 0.017021907
A86: 39417 | B86: 0.023711527 | E86: 0.01285773 | H86: 0.11125891 | J86: 0.028273348 | K86: 0.15034092 | N86: 0.019766849 | Q86: 0.012701179 | R86: 0.014020747 | T86: 0.012881487 | V86: 0.042922877 | W86: 0.016042913 | AB86: 0.035911252 | AE86: 0.018586915 | AJ86: 0.020729357 | AO86: 0.042769438 | AT86: 0.022331038 | AU86: 0.016436092 | AV86: 0.022973003 | AY86: 0.024598041 | AZ86: 0.062338052 | BA86: 0.01894486 | BD86: 0.017464181 | BE86: 0.027620842 | BG86: 0.017021907
A87: 39448 | B87: 0.020566251 | H87: 0.10030017 | J87: 0.025775141 | K87: 0.13385565 | N87: 0.01691742 | Q87: 0.028186898 | R87: 0.015515317 | T87: 0.014448936 | V87: 0.034421497 | X87: 0.021906536 | AB87: 0.043507924 | AE87: 0.015808062 | AJ87: 0.01572078 | AO87: 0.059256849 | AT87: 0.027302788 | AU87: 0.014922782 | AV87: 0.020548179 | AY87: 0.018465646 | AZ87: 0.063408524 | BA87: 0.016533713 | BB87: 0.0130587 | BD87: 0.018489562 | BE87: 0.023645967 | BF87: 0.01273973 | BG87: 0.027367868
A88: 39479 | B88: 0.020566251 | H88: 0.10030017 | J88: 0.025775141 | K88: 0.13385565 | N88: 0.01691742 | Q88: 0.028186898 | R88: 0.015515317 | T88: 0.014448936 | V88: 0.034421497 | X88: 0.021906536 | AB88: 0.043507924 | AE88: 0.015808062 | AJ88: 0.01572078 | AO88: 0.059256849 | AT88: 0.027302788 | AU88: 0.014922782 | AV88: 0.020548179 | AY88: 0.018465646 | AZ88: 0.063408524 | BA88: 0.016533713 | BB88: 0.0130587 | BD88: 0.018489562 | BE88: 0.023645967 | BF88: 0.01273973 | BG88: 0.027367868
A89: 39508 | B89: 0.020566251 | H89: 0.10030017 | J89: 0.025775141 | K89: 0.13385565 | N89: 0.01691742 | Q89: 0.028186898 | R89: 0.015515317 | T89: 0.014448936 | V89: 0.034421497 | X89: 0.021906536 | AB89: 0.043507924 | AE89: 0.015808062 | AJ89: 0.01572078 | AO89: 0.059256849 | AT89: 0.027302788 | AU89: 0.014922782 | AV89: 0.020548179 | AY89: 0.018465646 | AZ89: 0.063408524 | BA89: 0.016533713 | BB89: 0.0130587 | BD89: 0.018489562 | BE89: 0.023645967 | BF89: 0.01273973 | BG89: 0.027367868
A90: 39539 | B90: 0.020566251 | H90: 0.10030017 | J90: 0.025775141 | K90: 0.13385565 | N90: 0.01691742 | Q90: 0.028186898 | R90: 0.015515317 | T90: 0.014448936 | V90: 0.034421497 | X90: 0.021906536 | AB90: 0.043507924 | AE90: 0.015808062 | AJ90: 0.01572078 | AO90: 0.059256849 | AT90: 0.027302788 | AU90: 0.014922782 | AV90: 0.020548179 | AY90: 0.018465646 | AZ90: 0.063408524 | BA90: 0.016533713 | BB90: 0.0130587 | BD90: 0.018489562 | BE90: 0.023645967 | BF90: 0.01273973 | BG90: 0.027367868
A91: 39569 | B91: 0.020566251 | H91: 0.10030017 | J91: 0.025775141 | K91: 0.13385565 | N91: 0.01691742 | Q91: 0.028186898 | R91: 0.015515317 | T91: 0.014448936 | V91: 0.034421497 | X91: 0.021906536 | AB91: 0.043507924 | AE91: 0.015808062 | AJ91: 0.01572078 | AO91: 0.059256849 | AT91: 0.027302788 | AU91: 0.014922782 | AV91: 0.020548179 | AY91: 0.018465646 | AZ91: 0.063408524 | BA91: 0.016533713 | BB91: 0.0130587 | BD91: 0.018489562 | BE91: 0.023645967 | BF91: 0.01273973 | BG91: 0.027367868
A92: 39600 | B92: 0.020566251 | H92: 0.10030017 | J92: 0.025775141 | K92: 0.13385565 | N92: 0.01691742 | Q92: 0.028186898 | R92: 0.015515317 | T92: 0.014448936 | V92: 0.034421497 | X92: 0.021906536 | AB92: 0.043507924 | AE92: 0.015808062 | AJ92: 0.01572078 | AO92: 0.059256849 | AT92: 0.027302788 | AU92: 0.014922782 | AV92: 0.020548179 | AY92: 0.018465646 | AZ92: 0.063408524 | BA92: 0.016533713 | BB92: 0.0130587 | BD92: 0.018489562 | BE92: 0.023645967 | BF92: 0.01273973 | BG92: 0.027367868
A93: 39630 | B93: 0.020566251 | H93: 0.10030017 | J93: 0.025775141 | K93: 0.13385565 | N93: 0.01691742 | Q93: 0.028186898 | R93: 0.015515317 | T93: 0.014448936 | V93: 0.034421497 | X93: 0.021906536 | AB93: 0.043507924 | AE93: 0.015808062 | AJ93: 0.01572078 | AO93: 0.059256849 | AT93: 0.027302788 | AU93: 0.014922782 | AV93: 0.020548179 | AY93: 0.018465646 | AZ93: 0.063408524 | BA93: 0.016533713 | BB93: 0.0130587 | BD93: 0.018489562 | BE93: 0.023645967 | BF93: 0.01273973 | BG93: 0.027367868
A94: 39661 | B94: 0.020566251 | H94: 0.10030017 | J94: 0.025775141 | K94: 0.13385565 | N94: 0.01691742 | Q94: 0.028186898 | R94: 0.015515317 | T94: 0.014448936 | V94: 0.034421497 | X94: 0.021906536 | AB94: 0.043507924 | AE94: 0.015808062 | AJ94: 0.01572078 | AO94: 0.059256849 | AT94: 0.027302788 | AU94: 0.014922782 | AV94: 0.020548179 | AY94: 0.018465646 | AZ94: 0.063408524 | BA94: 0.016533713 | BB94: 0.0130587 | BD94: 0.018489562 | BE94: 0.023645967 | BF94: 0.01273973 | BG94: 0.027367868
A95: 39692 | B95: 0.020566251 | H95: 0.10030017 | J95: 0.025775141 | K95: 0.13385565 | N95: 0.01691742 | Q95: 0.028186898 | R95: 0.015515317 | T95: 0.014448936 | V95: 0.034421497 | X95: 0.021906536 | AB95: 0.043507924 | AE95: 0.015808062 | AJ95: 0.01572078 | AO95: 0.059256849 | AT95: 0.027302788 | AU95: 0.014922782 | AV95: 0.020548179 | AY95: 0.018465646 | AZ95: 0.063408524 | BA95: 0.016533713 | BB95: 0.0130587 | BD95: 0.018489562 | BE95: 0.023645967 | BF95: 0.01273973 | BG95: 0.027367868
A96: 39722 | B96: 0.020566251 | H96: 0.10030017 | J96: 0.025775141 | K96: 0.13385565 | N96: 0.01691742 | Q96: 0.028186898 | R96: 0.015515317 | T96: 0.014448936 | V96: 0.034421497 | X96: 0.021906536 | AB96: 0.043507924 | AE96: 0.015808062 | AJ96: 0.01572078 | AO96: 0.059256849 | AT96: 0.027302788 | AU96: 0.014922782 | AV96: 0.020548179 | AY96: 0.018465646 | AZ96: 0.063408524 | BA96: 0.016533713 | BB96: 0.0130587 | BD96: 0.018489562 | BE96: 0.023645967 | BF96: 0.01273973 | BG96: 0.027367868
A97: 39753 | B97: 0.020566251 | H97: 0.10030017 | J97: 0.025775141 | K97: 0.13385565 | N97: 0.01691742 | Q97: 0.028186898 | R97: 0.015515317 | T97: 0.014448936 | V97: 0.034421497 | X97: 0.021906536 | AB97: 0.043507924 | AE97: 0.015808062 | AJ97: 0.01572078 | AO97: 0.059256849 | AT97: 0.027302788 | AU97: 0.014922782 | AV97: 0.020548179 | AY97: 0.018465646 | AZ97: 0.063408524 | BA97: 0.016533713 | BB97: 0.0130587 | BD97: 0.018489562 | BE97: 0.023645967 | BF97: 0.01273973 | BG97: 0.027367868
A98: 39783 | B98: 0.020566251 | H98: 0.10030017 | J98: 0.025775141 | K98: 0.13385565 | N98: 0.01691742 | Q98: 0.028186898 | R98: 0.015515317 | T98: 0.014448936 | V98: 0.034421497 | X98: 0.021906536 | AB98: 0.043507924 | AE98: 0.015808062 | AJ98: 0.01572078 | AO98: 0.059256849 | AT98: 0.027302788 | AU98: 0.014922782 | AV98: 0.020548179 | AY98: 0.018465646 | AZ98: 0.063408524 | BA98: 0.016533713 | BB98: 0.0130587 | BD98: 0.018489562 | BE98: 0.023645967 | BF98: 0.01273973 | BG98: 0.027367868
A99: 39814 | B99: 0.02237357 | H99: 0.07776419 | J99: 0.020388003 | K99: 0.10882687 | L99: 0.017961374 | N99: 0.027924269 | Q99: 0.019169537 | T99: 0.015707045 | V99: 0.031346856 | W99: 0.024460338 | X99: 0.027553849 | AB99: 0.06051433 | AE99: 0.013529694 | AJ99: 0.024408252 | AO99: 0.073415795 | AT99: 0.017246186 | AU99: 0.018060759 | AV99: 0.027771272 | AY99: 0.018225474 | AZ99: 0.059397135 | BA99: 0.019890933 | BD99: 0.021834776 | BE99: 0.013740412 | BG99: 0.014865477 | BH99: 0.023036938
A100: 39845 | B100: 0.02237357 | H100: 0.07776419 | J100: 0.020388003 | K100: 0.10882687 | L100: 0.017961374 | N100: 0.027924269 | Q100: 0.019169537 | T100: 0.015707045 | V100: 0.031346856 | W100: 0.024460338 | X100: 0.027553849 | AB100: 0.06051433 | AE100: 0.013529694 | AJ100: 0.024408252 | AO100: 0.073415795 | AT100: 0.017246186 | AU100: 0.018060759 | AV100: 0.027771272 | AY100: 0.018225474 | AZ100: 0.059397135 | BA100: 0.019890933 | BD100: 0.021834776 | BE100: 0.013740412 | BG100: 0.014865477 | BH100: 0.023036938
...

Sheet CPI
A1: fecha | B1: Argelia | C1: Angola | D1: Australia | E1: Bangladesh | F1: Bielorrusia | G1: Bélgica | H1: Brasil | I1: Canadá | J1: Chile | K1: China | L1: Colombia | M1: Chipre | N1: Dinamarca | O1: República Dominicana | P1: Ecuador | Q1: Egipto | R1: Francia | S1: Georgia | T1: República Federal de Alemania | U1: Grecia | V1: India | W1: Indonesia | X1: Irán | Y1: Iraq | Z1: Irlanda | AA1: Israel | AB1: Italia | AC1: Japón | AD1: Jordania | AE1: Corea Republicana | AF1: Letonia | AG1: Líbano | AH1: Libia | AI1: Lituania | AJ1: Malasia | AK1: Malta | AL1: México | AM1: Marruecos | AN1: Mozambique | AO1: Países Bajos | AP1: Nigeria | AQ1: Omán | AR1: Paquistán | AS1: Paraguay | AT1: Perú | AU1: Filipinas | AV1: Polonia | AW1: Rumania | AX1: Arabia Saudita | AY1: Sudáfrica | AZ1: España | BA1: Tailandia | BB1: Túnez | BC1: Turquía | BD1: Reino Unido | BE1: Estados Unidos | BF1: Uruguay | BG1: Venezuela | BH1: Vietnam | BI1: República de Yemen | BJ1: Confidencial | BK1: Cuba
B2: Algeria | C2: Angola | D2: Australia | E2: Bangladesh | F2: Belarus, Republic of | G2: Belgium | H2: Brazil | I2: Canada | J2: Chile | K2: China, People's Republic of | L2: Colombia | M2: Cyprus | N2: Denmark | O2: Dominican Republic | P2: Ecuador | Q2: Egypt, Arab Republic of | R2: France | S2: Georgia | T2: Germany | U2: Greece | V2: India | W2: Indonesia | X2: Iran, Islamic Republic of | Y2: Iraq | Z2: Ireland | AA2: Israel | AB2: Italy | AC2: Japan | AD2: Jordan | AE2: Korea, Republic of | AF2: Latvia, Republic of | AG2: Lebanon | AH2: Libya | AI2: Lithuania, Republic of | AJ2: Malaysia | AK2: Malta | AL2: Mexico | AM2: Morocco | AN2: Mozambique, Republic of | AO2: Netherlands, The | AP2: Niger | AQ2: Oman | AR2: Pakistan | AS2: Paraguay | AT2: Peru | AU2: Philippines | AV2: Poland, Republic of | AW2: Romania | AX2: Saudi Arabia | AY2: South Africa | AZ2: Spain | BA2: Thailand | BB2: Tunisia | BC2: Türkiye, Republic of | BD2: United Kingdom | BE2: United States | BF2: Uruguay | BG2: Venezuela, República Bolivariana de | BH2: Vietnam | BI2: Yemen, Republic of
A3: 36892 | G3: 76.14 | H3: 1693.07 | I3: 96.3 | J3: 43.991852 | K3: 64.357 | L3: 43.72165 | M3: 76.278682 | N3: 76.7 | O3: 25.307374 | P3: 49.468445 | R3: 80.13 | T3: 76.45412 | U3: 72.38197 | V3: 45.985098 | W3: 28.55481 | Z3: 63 | AA3: 65.7 | AB3: 76.25511 | AC3: 97.15772 | AE3: 64.604 | AF3: 55.66002 | AI3: 69.1432 | AJ3: 81.505876 | AL3: 48.57548 | AO3: 76.31 | AQ3: 65.678269 | AV3: 89.51325 | AW3: 33.59 | AX3: 62.98494 | AY3: 30.41352 | AZ3: 67.81409 | BC3: 43.30509 | BD3: 73.5 | BE3: 80.300657
A4: 36923 | G4: 76.47 | H4: 1700.86 | I4: 96.8 | J4: 43.856581 | K4: 64.42136 | L4: 44.55224 | M4: 76.113109 | N4: 77.3 | O4: 25.341669 | P4: 50.909274 | R4: 80.35 | T4: 76.89655 | U4: 72.31022 | V4: 45.778426 | W4: 28.79852 | Z4: 63.6 | AA4: 65.7 | AB4: 76.52128 | AC4: 96.863005 | AE4: 64.919 | AF4: 55.54844 | AI4: 69.2547 | AJ4: 81.666955 | AL4: 48.54333 | AO4: 76.98 | AQ4: 65.414501 | AV4: 89.59966 | AW4: 34.34 | AX4: 62.85666 | AY4: 30.50142 | AZ4: 68.03672 | BC4: 44.08434 | BD4: 73.7 | BE4: 80.621677
A5: 36951 | G5: 76.64 | H5: 1707.32 | I5: 97.1 | J5: 44.06537 | K5: 64.03484 | L5: 45.20835 | M5: 76.832991 | N5: 77.7 | O5: 25.234498 | P5: 52.026321 | R5: 80.71 | T5: 76.89655 | U5: 73.72794 | V5: 45.985098 | W5: 29.05746 | Z5: 64.1 | AA5: 65.8 | AB5: 76.58781 | AC5: 96.666528 | AE5: 65.488 | AF5: 55.81809 | AI5: 69.6317 | AJ5: 81.505876 | AL5: 48.85089 | AO5: 77.7 | AQ5: 65.282617 | AV5: 90.03167 | AW5: 35.04 | AX5: 62.85666 | AY5: 30.70652 | AZ5: 68.3234 | BC5: 46.76098 | BD5: 73.9 | BE5: 80.805116
A6: 36982 | G6: 77.3 | H6: 1717.22 | I6: 97.8 | J6: 44.266505 | K6: 64.1629 | L6: 45.72485 | M6: 77.380101 | N6: 78 | O6: 25.390967 | P6: 52.922117 | R6: 81.1 | T6: 77.25051 | U6: 74.42166 | V6: 46.295113 | W6: 29.19455 | Z6: 64.6 | AA6: 66.5 | AB6: 76.92052 | AC6: 96.863005 | AE6: 65.74 | AF6: 56.01336 | AI6: 69.768 | AJ6: 81.586416 | AL6: 49.09731 | AO6: 78.13 | AQ6: 65.282617 | AV6: 90.72289 | AW6: 35.97 | AX6: 62.85666 | AY6: 30.85302 | AZ6: 68.6782 | BC6: 51.59355 | BD6: 74.4 | BE6: 81.126135
A7: 37012 | G7: 77.79 | H7: 1724.26 | I7: 98.6 | J7: 44.458819 | K7: 63.84209 | L7: 45.92029 | M7: 77.646457 | N7: 78.4 | O7: 25.457414 | P7: 53.008458 | R7: 81.6 | T7: 77.51598 | U7: 74.73617 | V7: 46.605123 | W7: 29.52457 | Z7: 65 | AA7: 66.7 | AB7: 77.12014 | AC7: 96.961244 | AE7: 65.677 | AF7: 56.60845 | AI7: 70.1704 | AJ7: 81.666955 | AL7: 49.20997 | AO7: 78.39 | AQ7: 65.216675 | AV7: 91.75973 | AW7: 36.6 | AX7: 62.72838 | AY7: 30.97022 | AZ7: 68.93794 | BC7: 54.20094 | BD7: 74.9 | BE7: 81.493014
A8: 37043 | G8: 77.93 | H8: 1733.23 | I8: 98.7 | J8: 44.483526 | K8: 63.07598 | L8: 45.94123 | M8: 78.229562 | N8: 78.3 | O8: 25.313804 | P8: 53.262087 | R8: 81.65 | T8: 77.60446 | U8: 74.65639 | V8: 47.225149 | W8: 30.01707 | Z8: 65.4 | AA8: 66.9 | AB8: 77.31976 | AC8: 96.666528 | AE8: 65.866 | AF8: 56.8781 | AI8: 70.5567 | AJ8: 81.586416 | AL8: 49.32636 | AO8: 78.09 | AQ8: 65.612327 | AV8: 91.67332 | AW8: 37.18 | AX8: 62.72838 | AY8: 31.11672 | AZ8: 69.17023 | BC8: 55.8992 | BD8: 75 | BE8: 81.630594
A9: 37073 | G9: 77.87 | H9: 1756.28 | I9: 98.4 | J9: 44.397654 | K9: 62.7606 | L9: 45.99009 | M9: 76.696213 | N9: 78.1 | O9: 25.253789 | P9: 53.3916 | R9: 81.48 | T9: 77.69296 | U9: 73.3528 | V9: 47.845155 | W9: 30.65174 | Z9: 65.2 | AA9: 67.2 | AB9: 77.3863 | AC9: 96.371813 | AE9: 65.992 | AF9: 56.63634 | AI9: 69.9924 | AJ9: 81.586416 | AL9: 49.1982 | AO9: 77.98 | AQ9: 65.546385 | AV9: 91.41412 | AW9: 37.67 | AX9: 62.6001 | AY9: 31.08743 | AZ9: 69.34 | BC9: 57.23752 | BD9: 74.5 | BE9: 81.401295
A10: 37104 | G10: 77.86 | H10: 1768.57 | I10: 98.4 | J10: 44.754066 | K10: 62.82336 | L10: 46.10875 | M10: 77.120943 | N10: 78.1 | O10: 25.440266 | P10: 53.623644 | R10: 81.48 | T10: 77.51598 | U10: 73.37089 | V10: 48.15518 | W10: 30.59081 | Z10: 65.4 | AA10: 67.4 | AB10: 77.3863 | AC10: 96.764767 | AE10: 66.245 | AF10: 56.26441 | AI10: 70.426 | AJ10: 81.505876 | AL10: 49.48969 | AO10: 78.27 | AQ10: 65.216675 | AV10: 91.15491 | AW10: 38.51 | AX10: 62.53596 | AY10: 31.02882 | AZ10: 69.50774 | BC10: 58.9197 | BD10: 74.8 | BE10: 81.401295
A11: 37135 | G11: 78.08 | H11: 1773.52 | I11: 98.6 | J11: 45.082238 | K11: 63.38877 | L11: 46.27626 | M11: 78.251158 | N11: 78.4 | O11: 25.671756 | P11: 54.719105 | R11: 81.63 | T11: 77.51598 | U11: 74.77231 | V11: 48.05187 | W11: 30.78375 | Z11: 65.7 | AA11: 67.6 | AB11: 77.3863 | AC11: 96.56829 | AE11: 66.182 | AF11: 56.63634 | AI11: 70.2956 | AJ11: 81.586416 | AL11: 49.95038 | AO11: 79.23 | AQ11: 65.348559 | AV11: 91.41412 | AW11: 39.26 | AX11: 62.53596 | AY11: 31.11672 | AZ11: 69.4986 | BC11: 62.38921 | BD11: 75 | BE11: 81.768174
A12: 37165 | G12: 77.96 | H12: 1788.24 | I12: 98.1 | J12: 45.143403 | K12: 63.57894 | L12: 46.367 | M12: 79.237396 | N12: 78.5 | O12: 25.736058 | P12: 55.361272 | R12: 81.68 | T12: 77.42749 | U12: 75.00918 | V12: 48.361847 | W12: 30.99192 | Z12: 65.9 | AA12: 67.6 | AB12: 77.51938 | AC12: 96.56829 | AE12: 66.182 | AF12: 56.71073 | AI12: 70.5044 | AJ12: 81.505876 | AL12: 50.17614 | AO12: 79.15 | AQ12: 65.348559 | AV12: 91.75973 | AW12: 40.22 | AX12: 62.6001 | AY12: 31.08743 | AZ12: 69.42591 | BC12: 66.17783 | BD12: 74.9 | BE12: 81.493014
A13: 37196 | G13: 78.05 | H13: 1800.94 | I13: 97.2 | J13: 45.139282 | K13: 63.45178 | L13: 46.41586 | M13: 79.09342 | N13: 78.3 | O13: 25.710337 | P13: 56.246275 | R13: 81.46 | T13: 77.25051 | U13: 75.08886 | V13: 48.775229 | W13: 31.52503 | Z13: 65.9 | AA13: 67.2 | AB13: 77.65246 | AC13: 96.077098 | AE13: 65.804 | AF13: 56.84091 | AI13: 70.4774 | AJ13: 82.150191 | AL13: 50.36515 | AO13: 79.05 | AQ13: 65.348559 | AV13: 91.84613 | AW13: 41.32 | AX13: 62.53596 | AY13: 31.23392 | AZ13: 69.37406 | BC13: 68.97446 | BD13: 74.9 | BE13: 81.355435
A14: 37226 | G14: 77.88 | H14: 1812.65 | I14: 97.4 | J14: 44.9999 | K14: 63.51524 | L14: 46.57639 | M14: 79.496554 | N14: 78.5 | O14: 25.772496 | P14: 56.624021 | R14: 81.56 | T14: 77.95842 | U14: 75.79599 | V14: 48.465205 | W14: 32.03276 | Z14: 66.2 | AA14: 67.1 | AB14: 77.719 | AC14: 95.97886 | AE14: 65.93 | AF14: 57.06407 | AI14: 70.7189 | AJ14: 82.230731 | AL14: 50.4349 | AO14: 78.81 | AQ14: 65.468516 | AV14: 92.01894 | AW14: 42.21 | AX14: 62.66424 | AY14: 31.40973 | AZ14: 69.62567 | BC14: 71.19841 | BD14: 75 | BE14: 81.034416 | BH14: 29.486905
A15: 37257 | C15: 2.1417484 | G15: 78.35 | H15: 1822.08 | I15: 97.6 | J15: 44.963434 | K15: 63.70578 | L15: 46.94632 | M15: 78.337544 | N15: 78.6 | O15: 25.918249 | P15: 57.646091 | R15: 81.94 | T15: 78.04691 | U15: 75.59269 | V15: 48.258538 | W15: 32.71313 | Z15: 66.1 | AA15: 67.9 | AB15: 78.0517 | AC15: 95.782383 | AE15: 66.308 | AF15: 57.56618 | AI15: 71.392 | AJ15: 82.39181 | AL15: 50.90047 | AO15: 79.38 | AQ15: 65.216675 | AV15: 92.79655 | AW15: 43.19 | AX15: 62.79252 | AY15: 31.93713 | AZ15: 69.53 | BC15: 74.98579 | BD15: 74.8 | BE15: 81.217855 | BH15: 29.794797
A16: 37288 | C16: 2.2748309 | G16: 78.48 | H16: 1828.64 | I16: 98.2 | J16: 44.967555 | K16: 64.40655 | L16: 47.53961 | M16: 78.164772 | N16: 79.2 | O16: 25.928966 | P16: 58.261277 | R16: 82.04 | T16: 78.31237 | U16: 74.79243 | V16: 48.15518 | W16: 33.08377 | Z16: 66.5 | AA16: 68.5 | AB16: 78.31786 | AC16: 95.291192 | AE16: 66.624 | AF16: 57.38021 | AI16: 71.2302 | AJ16: 82.633428 | AL16: 50.86775 | AO16: 79.81 | AQ16: 65.282617 | AV16: 92.88296 | AW16: 43.69 | AX16: 62.85666 | AY16: 32.3227 | AZ16: 69.59 | BC16: 76.30061 | BD16: 75 | BE16: 81.538874 | BH16: 30.450282
A17: 37316 | C17: 2.4026547 | G17: 78.69 | H17: 1839.61 | I17: 98.9 | J17: 45.205155 | K17: 63.56926 | L17: 47.87464 | M17: 78.647093 | N17: 79.7 | O17: 26.224758 | P17: 58.915316 | R17: 82.4 | T17: 78.48935 | U17: 76.6844 | V17: 48.361847 | W17: 33.18532 | Z17: 67.1 | AA17: 68.7 | AB17: 78.51749 | AC17: 95.487668 | AE17: 67.003 | AF17: 57.60337 | AI17: 70.7634 | AJ17: 83.197204 | AL17: 51.12795 | AO17: 80.52 | AQ17: 65.216675 | AV17: 93.05576 | AW17: 43.84 | AX17: 62.79252 | AY17: 32.64694 | AZ17: 70.165 | BC17: 77.2085 | BD17: 75.2 | BE17: 81.997473 | BH17: 30.20668
A18: 37347 | C18: 2.5021207 | G18: 78.71 | H18: 1854.33 | I18: 99.5 | J18: 45.373357 | K18: 63.37855 | L18: 48.31437 | M18: 79.431764 | N18: 80 | O18: 26.402662 | P18: 59.796541 | R18: 82.71 | T18: 78.40086 | U18: 77.27505 | V18: 48.465205 | W18: 33.11931 | Z18: 67.7 | AA18: 69.8 | AB18: 78.7171 | AC18: 95.782383 | AE18: 67.382 | AF18: 57.64987 | AI18: 70.7315 | AJ18: 83.116664 | AL18: 51.40723 | AO18: 80.9 | AQ18: 65.084791 | AV18: 93.48778 | AW18: 44.74 | AX18: 62.72838 | AY18: 33.2034 | AZ18: 71.118 | BC18: 78.79544 | BD18: 75.6 | BE18: 82.456072 | BH18: 30.20668
A19: 37377 | C19: 2.6767441 | G19: 78.83 | H19: 1858.22 | I19: 99.7 | J19: 45.414531 | K19: 63.18842 | L19: 48.60054 | M19: 79.474957 | N19: 80 | O19: 26.308352 | P19: 60.089024 | R19: 82.81 | T19: 78.48935 | U19: 77.26619 | V19: 48.775229 | W19: 33.38841 | Z19: 68.1 | AA19: 70.5 | AB19: 78.91673 | AC19: 96.077098 | AE19: 67.634 | AF19: 57.75215 | AI19: 70.484 | AJ19: 83.197204 | AL19: 51.51143 | AO19: 80.92 | AQ19: 65.252742 | AV19: 93.31497 | AW19: 45.57 | AX19: 62.72838 | AY19: 33.36551 | AZ19: 71.374 | BC19: 79.25186 | BD19: 75.8 | BE19: 82.456072 | BH19: 30.2973
A20: 37408 | C20: 2.8115711 | G20: 78.61 | H20: 1866.02 | I20: 99.9 | J20: 45.356891 | K20: 62.61972 | L20: 48.80994 | M20: 79.8205 | N20: 80 | O20: 26.33836 | P20: 60.31837 | R20: 82.8 | T20: 78.48935 | U20: 77.12772 | V20: 49.188564 | W20: 33.48996 | Z20: 68.2 | AA20: 71.4 | AB20: 78.98327 | AC20: 95.97886 | AE20: 67.571 | AF20: 57.436 | AI20: 70.242 | AJ20: 83.277743 | AL20: 51.76258 | AO20: 80.65 | AQ20: 65.018849 | AV20: 92.96936 | AW20: 46.11 | AX20: 62.6001 | AY20: 33.65031 | AZ20: 71.377 | BC20: 79.71446 | BD20: 75.8 | BE20: 82.501932 | BH20: 30.327597
A21: 37438 | C21: 3.0167556 | G21: 78.87 | H21: 1888.23 | I21: 100.5 | J21: 45.558034 | K21: 62.18138 | L21: 48.81692 | M21: 79.244595 | N21: 79.8 | O21: 26.443387 | P21: 60.278437 | R21: 82.8 | T21: 78.57784 | U21: 75.80174 | V21: 49.705256 | W21: 33.72351 | Z21: 67.9 | AA21: 71.9 | AB21: 79.11635 | AC21: 95.585907 | AE21: 67.382 | AF21: 57.20354 | AI21: 70.0484 | AJ21: 83.277743 | AL21: 51.91118 | AO21: 80.54 | AQ21: 65.282617 | AV21: 92.53735 | AW21: 46.35 | AX21: 62.79252 | AY21: 34.18486 | AZ21: 70.882 | BC21: 80.86354 | BD21: 75.6 | BE21: 82.593652 | BH21: 30.29727
A22: 37469 | C22: 3.2396571 | G22: 78.84 | H22: 1900.5 | I22: 100.9 | J22: 45.729762 | K22: 62.36793 | L22: 48.86578 | M22: 80.029266 | N22: 79.9 | O22: 26.679164 | P22: 60.541779 | R22: 82.99 | T22: 78.48935 | U22: 75.97141 | V22: 50.015233 | W22: 33.82506 | Z22: 68.3 | AA22: 71.7 | AB22: 79.24943 | AC22: 95.880622 | AE22: 67.824 | AF22: 56.76652 | AI22: 69.6518 | AJ22: 83.197204 | AL22: 52.10856 | AO22: 80.81 | AQ22: 65.282617 | AV22: 92.19174 | AW22: 46.73 | AX22: 62.9208 | AY22: 34.36889 | AZ22: 71.085 | BC22: 82.62983 | BD22: 75.8 | BE22: 82.868811 | BH22: 30.327567
A23: 37500 | C23: 3.4081967 | G23: 79.06 | H23: 1914.18 | I23: 100.9 | J23: 46.115573 | K23: 62.99161 | L23: 49.04027 | M23: 80.92192 | N23: 80.3 | O23: 27.054262 | P23: 60.890924 | R23: 83.14 | T23: 78.48935 | U23: 77.40582 | V23: 50.11859 | W23: 34.02815 | Z23: 68.7 | AA23: 71.9 | AB23: 79.38251 | AC23: 95.880622 | AE23: 68.204 | AF23: 57.20354 | AI23: 69.2545 | AJ23: 83.277743 | AL23: 52.42198 | AO23: 81.69 | AQ23: 65.150733 | AV23: 92.45094 | AW23: 47.01 | AX23: 62.98494 | AY23: 34.67122 | AZ23: 71.351 | BC23: 85.50315 | BD23: 76 | BE23: 83.006391 | BH23: 30.388222
A24: 37530 | C24: 3.5445202 | G24: 78.97 | H24: 1939.26 | I24: 101.2 | J24: 46.517263 | K24: 63.11759 | L24: 49.31947 | M24: 81.231469 | N24: 80.5 | O24: 27.840898 | P24: 61.283779 | R24: 83.27 | T24: 78.40086 | U24: 77.80714 | V24: 50.325258 | W24: 34.1957 | Z24: 69 | AA24: 72.3 | AB24: 79.58213 | AC24: 95.684145 | AE24: 68.013 | AF24: 57.64057 | AI24: 69.7004 | AJ24: 83.197204 | AL24: 52.65303 | AO24: 81.49 | AQ24: 65.018849 | AV24: 92.71015 | AW24: 47.79 | AX24: 62.98494 | AY24: 35.18824 | AZ24: 72.058 | BC24: 88.31339 | BD24: 76.1 | BE24: 83.14397 | BH24: 30.479387
A25: 37561 | C25: 3.7629613 | G25: 78.91 | H25: 1997.83 | I25: 101.5 | J25: 46.476097 | K25: 63.05447 | L25: 49.69638 | M25: 81.353849 | N25: 80.5 | O25: 27.97379 | P25: 61.709552 | R25: 83.27 | T25: 78.1354 | U25: 77.82386 | V25: 50.531925 | W25: 34.80498 | Z25: 69 | AA25: 71.7 | AB25: 79.84829 | AC25: 95.684145 | AE25: 68.077 | AF25: 57.74285 | AI25: 69.7805 | AJ25: 83.438822 | AL25: 53.07888 | AO25: 81.25 | AQ25: 65.348559 | AV25: 92.62375 | AW25: 49.01 | AX25: 63.04908 | AY25: 35.60887 | AZ25: 72.169 | BC25: 90.8849 | BD25: 76.1 | BE25: 83.14397 | BH25: 30.570825
A26: 37591 | C26: 4.0911462 | G26: 78.95 | H26: 2039.78 | I26: 101.1 | J26: 46.270842 | K26: 63.24364 | L26: 49.83598 | M26: 81.83617 | N26: 80.5 | O26: 28.481781 | P26: 61.921629 | R26: 83.41 | T26: 78.84331 | U26: 78.36359 | V26: 50.015233 | W26: 35.21116 | Z26: 69.5 | AA26: 71.6 | AB26: 79.91483 | AC26: 95.684145 | AE26: 68.391 | AF26: 57.85443 | AI26: 70.028 | AJ26: 83.599901 | AL26: 53.30993 | AO26: 80.97 | AQ26: 65.414501 | AV26: 92.71015 | AW26: 49.74 | AX26: 63.11322 | AY26: 35.65268 | AZ26: 72.409 | BC26: 92.37907 | BD26: 76.3 | BE26: 82.960531 | BH26: 30.662537
... A38: 37956 | C38: 7.2238287 | G38: 80.32 | H38: 2229.49 | I38: 103.2 | J38: 46.767217 | K38: 65.27184 | L38: 53.06763 | M38: 83.873435 | N38: 81.6 | O38: 40.630692 | P38: 65.680194 | R38: 85.23 | T38: 79.72819 | U38: 80.77365 | V38: 51.875333 | W38: 37.02884 | Z38: 70.9 | AA38: 70.2 | AB38: 81.91103 | AC38: 95.291192 | AE38: 70.73 | AF38: 59.94656 | AI38: 69.0985 | AJ38: 84.566374 | AL38: 55.42981 | AO38: 82.34 | AQ38: 65.414501 | AV38: 94.179 | AW38: 56.77 | AX38: 63.49805 | AY38: 35.06994 | AZ38: 74.294 | BC38: 104.12 | BD38: 77.3 | BE38: 84.519767 | BH38: 31.585006
A39: 37987 | C39: 7.4457445 | G39: 80.56 | H39: 2246.43 | I39: 103.3 | J39: 46.681353 | K39: 65.98983 | L39: 53.53528 | M39: 83.023975 | N39: 81.6 | O39: 44.381679 | P39: 65.949473 | R39: 85.23 | T39: 79.72819 | U39: 80.2452 | V39: 52.082 | W39: 37.26748 | Z39: 70.5 | AA39: 70.1 | AB39: 82.04411 | AC39: 95.094715 | AE39: 71.172 | AF39: 60.66254 | AI39: 69.085 | AJ39: 84.566374 | AL39: 55.77432 | AN39: 23.258309 | AO39: 82.35 | AQ39: 65.275569 | AV39: 94.52461 | AW39: 57.39 | AX39: 63.69047 | AY39: 35.22329 | AZ39: 73.773 | BC39: 104.81 | BD39: 77 | BE39: 84.932506 | BH39: 31.932441
A40: 38018 | C40: 7.6639234 | G40: 80.86 | H40: 2260.13 | I40: 103.5 | J40: 46.685466 | K40: 65.85785 | L40: 54.17743 | M40: 83.153553 | N40: 82.2 | O40: 49.375851 | P40: 66.401688 | R40: 85.59 | T40: 79.90517 | U40: 79.99671 | V40: 52.082 | W40: 37.23193 | Z40: 71.1 | AA40: 70.2 | AB40: 82.24374 | AC40: 95.094715 | AE40: 71.487 | AF40: 61.09026 | AI40: 68.9236 | AJ40: 84.646913 | AL40: 56.10794 | AN40: 23.365087 | AO40: 82.72 | AQ40: 65.145642 | AV40: 94.61102 | AW40: 57.76 | AX40: 63.75461 | AY40: 35.33283 | AZ40: 73.807 | BC40: 105.35 | BD40: 77.2 | BE40: 85.391105 | BH40: 32.890414
A41: 38047 | C41: 7.829777 | G41: 80.97 | H41: 2270.75 | I41: 103.9 | J41: 46.881908 | K41: 66.05542 | L41: 54.71487 | M41: 83.679067 | N41: 82.5 | O41: 50.533298 | P41: 66.865775 | R41: 85.93 | T41: 80.17063 | U41: 81.97674 | V41: 52.082 | W41: 37.36902 | Z41: 71.4 | AA41: 70.1 | AB41: 82.5099 | AC41: 95.291192 | AE41: 72.181 | AF41: 61.70395 | AI41: 69.2734 | AJ41: 84.566374 | AL41: 56.29807 | AN41: 23.597934 | AO41: 83.44 | AQ41: 65.410044 | AV41: 94.87022 | AW41: 58.04 | AX41: 63.62634 | AY41: 35.49933 | AZ41: 74.322 | BC41: 106.36 | BD41: 77.3 | BE41: 85.941423 | BH41: 33.153537
A42: 38078 | C42: 8.0158543 | G42: 81.41 | H42: 2279.15 | I42: 104.1 | J42: 47.054223 | K42: 66.3857 | L42: 54.95917 | M42: 84.26937 | N42: 82.6 | O42: 50.884819 | P42: 67.302341 | R42: 86.15 | T42: 80.4361 | U42: 82.21053 | V42: 52.082 | W42: 37.73967 | X42: 3.8268156 | Z42: 71.6 | AA42: 70.9 | AB42: 82.70952 | AC42: 95.291192 | AE42: 72.181 | AF42: 62.05729 | AI42: 69.5732 | AJ42: 84.727452 | AL42: 56.38303 | AN42: 23.91453 | AO42: 83.71 | AQ42: 65.426031 | AV42: 95.64785 | AW42: 58.38 | AX42: 63.36978 | AY42: 35.53876 | AZ42: 75.34 | BC42: 106.89 | BD42: 77.6 | BE42: 86.216582 | BH42: 33.319305
A43: 38108 | C43: 8.3758435 | G43: 81.72 | H43: 2290.77 | I43: 105 | J43: 47.300064 | K43: 66.31931 | L43: 55.16856 | M43: 84.780486 | N43: 82.9 | O43: 52.222314 | P43: 66.982336 | R43: 86.47 | T43: 80.61308 | U43: 82.57018 | V43: 52.495335 | W43: 38.07477 | X43: 3.8826816 | Z43: 71.8 | AA43: 71.2 | AB43: 82.90914 | AC43: 95.38943 | AE43: 72.119 | AF43: 62.84765 | AI43: 70.647 | AJ43: 84.969071 | AL43: 56.2416 | AN43: 24.064951 | AO43: 83.85 | AQ43: 65.637744 | AV43: 96.59828 | AW43: 58.55 | AX43: 63.30564 | AY43: 35.54314 | AZ43: 75.784 | BC43: 107.35 | BD43: 77.9 | BE43: 86.721041 | BH43: 33.619179
A44: 38139 | C44: 8.5402668 | G44: 81.68 | H44: 2307.03 | I44: 105.1 | J44: 47.505319 | K44: 65.85508 | L44: 55.50359 | M44: 85.356392 | N44: 82.7 | O44: 53.261873 | P44: 66.776195 | R44: 86.5 | T44: 80.61308 | U44: 82.32673 | V44: 52.908717 | W44: 38.24232 | X44: 3.9385475 | Z44: 72.1 | AA44: 71.2 | AB44: 83.04222 | AC44: 95.585907 | AE44: 72.119 | AF44: 63.22889 | AI44: 70.7213 | AJ44: 85.04961 | AL44: 56.33175 | AN44: 24.047127 | AO44: 83.31 | AQ44: 65.493526 | AV44: 97.4623 | AW44: 58.9 | AX44: 63.2415 | AY44: 35.57381 | AZ44: 75.904 | BC44: 107.21 | BD44: 77.9 | BE44: 86.996201 | BH44: 33.888132
A45: 38169 | C45: 8.6639991 | G45: 81.96 | H45: 2328.02 | I45: 105 | J45: 47.61589 | K45: 65.72337 | L45: 55.48964 | M45: 84.586118 | N45: 82.4 | O45: 53.589817 | P45: 66.364993 | R45: 86.36 | T45: 80.79005 | U45: 80.8301 | V45: 53.425409 | W45: 38.41495 | X45: 3.9944134 | Z45: 71.9 | AA45: 71.1 | AB45: 83.10876 | AC45: 95.291192 | AE45: 72.561 | AF45: 63.33117 | AI45: 70.7185 | AJ45: 85.210689 | AL45: 56.47939 | AN45: 24.050019 | AO45: 83.19 | AQ45: 65.773951 | AV45: 97.3759 | AW45: 59.64 | AX45: 63.62634 | AY45: 35.64392 | AZ45: 75.328 | BC45: 107.72 | BD45: 77.7 | BE45: 86.858621 | BH45: 34.057573
A46: 38200 | C46: 8.8026121 | G46: 82.06 | H46: 2344.08 | I46: 104.8 | J46: 47.796439 | K46: 66.18343 | L46: 55.50359 | M46: 85.018047 | N46: 82.2 | O46: 53.881322 | P46: 66.382801 | R46: 86.55 | T46: 80.87854 | U46: 80.63053 | V46: 53.942053 | W46: 38.44541 | X46: 4.0223464 | Z46: 72.4 | AA46: 71.2 | AB46: 83.30838 | AC46: 95.38943 | AE46: 73.191 | AF46: 63.28468 | AI46: 70.4392 | AJ46: 85.210689 | AL46: 56.82804 | AN46: 23.93183 | AO46: 83.47 | AQ46: 66.021977 | AV46: 96.94389 | AW46: 59.97 | AX46: 63.62634 | AY46: 35.57381 | AZ46: 75.661 | BC46: 108.54 | BD46: 77.9 | BE46: 86.904481 | BH46: 34.261918
A47: 38231 | C47: 8.9391237 | G47: 82.12 | H47: 2351.82 | I47: 105 | J47: 47.821138 | K47: 66.91145 | L47: 55.67111 | M47: 85.85311 | N47: 82.7 | O47: 53.270447 | P47: 66.534978 | R47: 86.63 | T47: 80.70156 | U47: 82.24439 | V47: 54.045411 | W47: 38.44541 | X47: 4.0223464 | Z47: 72.4 | AA47: 71.1 | AB47: 83.30838 | AC47: 95.684145 | AE47: 73.191 | AF47: 63.55433 | AI47: 70.8566 | AJ47: 85.532846 | AL47: 57.29792 | AN47: 23.89353 | AO47: 84.2 | AQ47: 66.121224 | AV47: 97.20309 | AW47: 60.54 | AX47: 63.49805 | AY47: 35.58258 | AZ47: 75.796 | BC47: 109.57 | BD47: 77.9 | BE47: 87.08792 | BH47: 34.364704
A48: 38261 | C48: 9.0788285 | G48: 82.52 | H48: 2362.17 | I48: 105.2 | J48: 47.960529 | K48: 66.91145 | L48: 55.66413 | M48: 86.695372 | N48: 83 | O48: 53.988493 | P48: 66.721692 | R48: 86.85 | T48: 80.79005 | U48: 82.87289 | V48: 54.355435 | W48: 38.64851 | X48: 4.0782123 | Z48: 72.5 | AA48: 71.1 | AB48: 83.30838 | AC48: 96.175337 | AE48: 73.191 | AF48: 63.83328 | AI48: 70.9616 | AJ48: 86.016083 | AL48: 57.69475 | AN48: 24.040184 | AO48: 84.23 | AQ48: 65.864969 | AV48: 97.80791 | AW48: 61.28 | AX48: 63.62634 | AY48: 35.68335 | AZ48: 76.575 | BC48: 112.03 | BD48: 78.1 | BE48: 87.546519 | BH48: 34.364704
A49: 38292 | C49: 9.2502934 | G49: 82.42 | H49: 2378.47 | I49: 105.6 | J49: 48.083445 | K49: 66.71072 | L49: 55.81769 | M49: 87.177693 | N49: 82.8 | O49: 53.09683 | P49: 67.001224 | R49: 86.9 | T49: 80.61308 | U49: 82.95445 | V49: 54.252078 | W49: 39.01915 | X49: 4.1061453 | Z49: 72.6 | AA49: 71 | AB49: 83.37492 | AC49: 95.97886 | AE49: 72.75 | AF49: 64.14013 | AI49: 71.1462 | AJ49: 86.177162 | AL49: 58.1869 | AN49: 24.297629 | AO49: 83.98 | AQ49: 66.427496 | AV49: 98.06712 | AW49: 61.67 | AX49: 63.75461 | AY49: 35.89367 | AZ49: 76.767 | BC49: 113.5 | BD49: 78.3 | BE49: 87.592379 | BH49: 34.433434
A50: 38322 | C50: 9.464749 | G50: 82.15 | H50: 2398.92 | I50: 105.4 | J50: 47.902889 | K50: 66.77743 | L50: 55.9852 | M50: 87.393658 | N50: 82.6 | O50: 52.308051 | P50: 66.958053 | R50: 87 | T50: 81.49796 | U50: 83.27147 | V50: 53.838743 | W50: 39.42533 | X50: 4.1340782 | Z50: 72.7 | AA50: 71.1 | AB50: 83.57454 | AC50: 95.487668 | AE50: 72.877 | AF50: 64.3354 | AI50: 71.101 | AJ50: 86.33824 | AL50: 58.30709 | AN50: 24.656048 | AO50: 83.25 | AQ50: 66.684494 | AV50: 98.15353 | AW50: 62.03 | AX50: 63.75461 | AY50: 35.84109 | AZ50: 76.692 | BC50: 113.86 | BD50: 78.6 | BE50: 87.27136 | BH50: 34.640034
A51: 38353 | B51: 111.8 | C51: 9.6479253 | F51: 7.7882096 | G51: 82.38 | H51: 2412.83 | I51: 105.3 | J51: 47.751153 | K51: 67.17809 | L51: 56.44587 | M51: 85.464374 | N51: 82.4 | O51: 52.719588 | P51: 67.121918 | R51: 86.52 | S51: 69.9027 | T51: 80.87854 | U51: 83.48018 | V51: 54.355435 | W51: 39.96353 | X51: 4.1899441 | Z51: 72.1 | AA51: 70.7 | AB51: 83.57454 | AC51: 95.291192 | AE51: 73.594 | AF51: 64.68873 | AI51: 71.0819 | AJ51: 86.579859 | AK51: 79 | AL51: 58.30916 | AN51: 25.016304 | AO51: 83.58 | AQ51: 66.436971 | AS51: 49.580916 | AV51: 98.23993 | AW51: 62.53 | AX51: 63.69047 | AY51: 35.95063 | AZ51: 76.046 | BB51: 66.680709 | BC51: 114.49 | BD51: 78.3 | BE51: 87.454799 | BF51: 25.675986 | BH51: 35.021074
A52: 38384 | B52: 112.42 | C52: 9.8447787 | F52: 7.8609027 | G52: 82.93 | H52: 2427.07 | I52: 105.7 | J52: 47.705867 | K52: 68.3873 | L52: 57.0252 | M52: 85.485971 | N52: 83.2 | O52: 52.741022 | P52: 67.304613 | R52: 87.05 | S52: 70.1278 | T52: 81.2325 | U52: 82.4744 | V52: 54.252078 | W52: 39.89752 | X52: 4.2458101 | Z52: 72.7 | AA52: 70.8 | AB52: 83.84071 | AC52: 94.996477 | AE52: 73.892 | AF52: 65.3015 | AI52: 71.2059 | AJ52: 86.667668 | AK52: 79.47 | AL52: 58.50343 | AN52: 24.812694 | AO52: 84.1 | AQ52: 66.343967 | AS52: 49.838814 | AV52: 98.15353 | AW52: 62.9 | AX52: 63.62634 | AY52: 35.96815 | AZ52: 76.243 | BB52: 66.90079 | BC52: 114.51 | BD52: 78.5 | BE52: 87.959258 | BF52: 25.675986 | BH52: 35.896601
A53: 38412 | B53: 112.94 | C53: 10.037609 | F53: 7.939009 | G53: 83.46 | H53: 2441.87 | I53: 106.3 | J53: 48.009347 | K53: 67.77181 | L53: 57.46493 | M53: 86.09787 | N53: 83.7 | O53: 52.70244 | P53: 67.481874 | R53: 87.6 | S53: 70.5387 | T53: 81.58645 | U53: 84.34808 | V53: 54.252078 | W53: 40.67435 | X53: 4.3296089 | Z53: 72.9 | AA53: 70.7 | AB53: 84.10686 | AC53: 95.291192 | AE53: 74.338 | AF53: 65.68014 | AI53: 71.5267 | AJ53: 86.667668 | AK53: 79.84 | AL53: 58.76712 | AN53: 24.878364 | AO53: 84.88 | AQ53: 65.961864 | AS53: 50.419084 | AV53: 98.23993 | AW53: 63.08 | AX53: 63.62634 | AY53: 36.18723 | AZ53: 76.846 | BB53: 67.094151 | BC53: 114.81 | BD53: 78.8 | BE53: 88.647156 | BF53: 25.787055 | BH53: 35.932498
A54: 38443 | B54: 113.31 | C54: 10.180912 | F54: 7.9807689 | G54: 83.65 | H54: 2463.11 | I54: 106.6 | J54: 48.439849 | K54: 67.5685 | L54: 57.7162 | M54: 86.868144 | N54: 84.1 | O54: 52.867484 | P54: 68.04696 | R54: 87.77 | S54: 70.835 | T54: 81.40947 | U54: 84.99237 | V54: 54.665412 | W54: 40.80636 | X54: 4.4692737 | Z54: 73.3 | AA54: 71.1 | AB54: 84.23994 | AC54: 95.38943 | AE54: 74.413 | AF54: 66.36257 | AI54: 71.7803 | AJ54: 86.843286 | AK54: 80.18 | AL54: 58.97641 | AN54: 24.817837 | AO54: 85.03 | AQ54: 66.058125 | AS54: 51.06383 | AV54: 98.67194 | AW54: 64.23 | AX54: 63.49805 | AY54: 36.29677 | AZ54: 77.953 | BB54: 67.394236 | BC54: 115.63 | BD54: 79.1 | BE54: 89.243335 | BF54: 26.051321 | BH54: 36.148093
A55: 38473 | B55: 111.77 | C55: 10.311909 | F55: 8.0263954 | G55: 83.78 | H55: 2475.18 | I55: 106.7 | J55: 48.571007 | K55: 67.43336 | L55: 57.95351 | M55: 86.853746 | N55: 84.1 | O55: 52.708871 | P55: 68.166119 | R55: 87.83 | S55: 69.9202 | T55: 81.58645 | U55: 85.24082 | V55: 54.458745 | W55: 40.89268 | X55: 4.4413408 | Z55: 73.5 | AA55: 71.4 | AB55: 84.5061 | AC55: 95.487668 | AE55: 74.338 | AF55: 66.82927 | AI55: 72.0109 | AJ55: 87.54576 | AK55: 80.5 | AL55: 58.82825 | AN55: 24.834888 | AO55: 84.98 | AQ55: 66.542667 | AS55: 51.837524 | AV55: 98.93115 | AW55: 64.41 | AX55: 63.49805 | AY55: 36.20914 | AZ55: 78.102 | BB55: 67.277094 | BC55: 116.69 | BD55: 79.4 | BE55: 89.151615 | BF55: 26.055151 | BH55: 36.328833
A56: 38504 | B56: 111.42 | C56: 10.415684 | F56: 8.0387686 | G56: 84.03 | H56: 2474.68 | I56: 106.9 | J56: 48.772142 | K56: 66.89389 | L56: 58.18385 | M56: 86.810553 | N56: 84.2 | O56: 52.738879 | P56: 68.214567 | R56: 87.93 | S56: 68.9154 | T56: 81.67494 | U56: 85.05965 | V56: 54.665412 | W56: 41.09577 | X56: 4.4134078 | Z56: 73.7 | AA56: 71.5 | AB56: 84.5061 | AC56: 95.094715 | AE56: 74.114 | AF56: 67.22153 | AI56: 72.1132 | AJ56: 87.721378 | AK56: 80.47 | AL56: 58.77178 | AN56: 25.000144 | AO56: 84.7 | AQ56: 67.022509 | AS56: 51.77305 | AV56: 98.75835 | AW56: 64.6 | AX56: 63.62634 | AY56: 36.13465 | AZ56: 78.284 | BB56: 67.582659 | BC56: 116.81 | BD56: 79.4 | BE56: 89.197475 | BF56: 26.12409 | BH56: 36.474149
A57: 38534 | B57: 110.67 | C57: 10.533654 | F57: 8.1068217 | G57: 84.53 | H57: 2480.87 | I57: 107.1 | J57: 49.071502 | K57: 66.89389 | L57: 58.21177 | M57: 86.198654 | N57: 84.1 | O57: 53.053961 | P57: 68.108353 | R57: 87.8 | S57: 67.5772 | T57: 82.02889 | U57: 84.01597 | V57: 55.595486 | W57: 41.41564 | X57: 4.3854749 | Z57: 73.7 | AA57: 72.1 | AB57: 84.83881 | AC57: 94.996477 | AE57: 74.413 | AF57: 67.19836 | AI57: 71.9746 | AJ57: 87.721378 | AK57: 79.8 | AL57: 59.0018 | AN57: 25.70077 | AO57: 84.57 | AQ57: 67.207417 | AS57: 52.030948 | AV57: 98.58554 | AW57: 65.22 | AX57: 63.81875 | AY57: 36.40193 | AZ57: 77.805 | BB57: 67.768762 | BC57: 116.14 | BD57: 79.5 | BE57: 89.610214 | BF57: 26.461126 | BH57: 36.620045
A58: 38565 | B58: 110.29 | C58: 10.654874 | F58: 8.0851685 | G58: 84.62 | H58: 2485.09 | I58: 107.5 | J58: 49.215005 | K58: 67.02768 | L58: 58.21177 | M58: 86.810553 | N58: 84.1 | O58: 53.763434 | P58: 68.008712 | R58: 88.14 | S58: 67.9525 | T58: 82.11738 | U58: 83.64017 | V58: 55.802154 | W58: 41.64412 | X58: 4.3854749 | Z58: 74 | AA58: 72.3 | AB58: 84.97189 | AC58: 95.094715 | AE58: 74.636 | AF58: 67.12721 | AI58: 72.0403 | AJ58: 88.336042 | AK58: 79.85 | AL58: 59.07225 | AN58: 25.762468 | AO58: 84.96 | AQ58: 67.293061 | AS58: 51.966473 | AV58: 98.49914 | AW58: 65.28 | AX58: 63.88289 | AY58: 36.46327 | AZ58: 78.147 | BB58: 67.947001 | BC58: 117.13 | BD58: 79.7 | BE58: 90.068813 | BF58: 26.518575 | BH58: 36.766526
A59: 38596 | B59: 110.19 | C59: 10.771468 | F59: 8.0890351 | G59: 84.71 | H59: 2493.79 | I59: 108.4 | J59: 49.702559 | K59: 67.49687 | L59: 58.46304 | M59: 88.372697 | N59: 84.7 | O59: 55.516752 | P59: 68.49608 | R59: 88.48 | S59: 69.2698 | T59: 82.20587 | U59: 85.48149 | V59: 56.008821 | W59: 41.92845 | X59: 4.4134078 | Z59: 74.6 | AA59: 72.4 | AB59: 84.97189 | AC59: 95.38943 | AE59: 75.008 | AF59: 68.1456 | AI59: 72.6596 | AJ59: 88.511661 | AK59: 80.42 | AL59: 59.30901 | AN59: 25.514777 | AO59: 85.73 | AQ59: 67.771691 | AS59: 52.611219 | AV59: 98.93115 | AW59: 65.65 | AX59: 64.01117 | AY59: 36.49394 | AZ59: 78.627 | BB59: 68.096994 | BC59: 118.33 | BD59: 79.9 | BE59: 91.16945 | BF59: 26.725393 | BH59: 37.060658
A60: 38626 | B60: 110.72 | C60: 10.8764 | F60: 8.1648215 | G60: 84.56 | H60: 2512.49 | I60: 107.9 | J60: 49.944867 | K60: 67.76686 | L60: 58.59566 | M60: 89.358935 | N60: 84.7 | O60: 56.134058 | P60: 68.735777 | R60: 88.46 | S60: 70.4347 | T60: 82.29436 | U60: 86.05132 | V60: 56.628822 | W60: 45.57904 | X60: 4.4413408 | Z60: 74.7 | AA60: 73 | AB60: 85.17151 | AC60: 95.38943 | AE60: 74.859 | AF60: 68.69768 | AI60: 73.1295 | AJ60: 88.687279 | AK60: 81.79 | AL60: 59.45458 | AN60: 25.582663 | AO60: 85.66 | AQ60: 67.742483 | AS60: 53.513862 | AV60: 99.36317 | AW60: 66.22 | AX60: 64.26773 | AY60: 36.53776 | AZ60: 79.266 | BB60: 68.482458 | BC60: 120.45 | BD60: 80 | BE60: 91.35289 | BF60: 26.805822 | BH60: 37.2089
A61: 38657 | B61: 110.64 | C61: 11.00627 | F61: 8.205808 | G61: 84.53 | H61: 2526.31 | I61: 107.7 | J61: 49.825476 | K61: 67.56356 | L61: 58.66546 | M61: 89.675683 | N61: 84.4 | O61: 55.662505 | P61: 68.851363 | R61: 88.28 | S61: 71.3858 | T61: 82.02889 | U61: 85.87555 | V61: 57.145514 | W61: 46.17816 | X61: 4.4692737 | Z61: 74.5 | AA61: 72.9 | AB61: 85.23804 | AC61: 94.996477 | AE61: 74.561 | AF61: 68.88981 | AI61: 73.1463 | AJ61: 89.038516 | AK61: 82.25 | AL61: 59.88249 | AN61: 26.246252 | AO61: 85.44 | AQ61: 68.04391 | AS61: 54.416505 | AV61: 99.19036 | AW61: 67.02 | AX61: 64.46014 | AY61: 36.529 | AZ61: 79.386 | BB61: 68.48708 | BC61: 122.14 | BD61: 80 | BE61: 90.619131 | BF61: 26.775182 | BH61: 37.357736
A62: 38687 | B62: 111.49 | C62: 11.218416 | F62: 8.3481008 | G62: 84.52 | H62: 2535.4 | I62: 107.6 | J62: 49.657861 | K62: 67.83382 | L62: 58.70036 | M62: 89.128573 | N62: 84.5 | O62: 56.19836 | P62: 69.056665 | R62: 88.39 | S62: 72.7024 | T62: 82.64832 | U62: 86.28714 | V62: 56.835537 | W62: 46.15785 | X62: 4.5251397 | Z62: 74.5 | AA62: 72.8 | AB62: 85.23804 | AC62: 95.094715 | AE62: 74.785 | AF62: 68.81518 | AI62: 73.2003 | AJ62: 89.126325 | AK62: 82.26 | AL62: 60.25031 | AN62: 27.404627 | AO62: 84.98 | AQ62: 67.932001 | AS62: 54.094133 | AV62: 99.01756 | AW62: 67.39 | AX62: 64.52428 | AY62: 36.56404 | AZ62: 79.557 | BB62: 68.953517 | BC62: 122.65 | BD62: 80.3 | BE62: 90.252252 | BF62: 26.832631 | BH62: 37.656598
A63: 38718 | B63: 112.5 | C63: 11.311296 | F63: 8.4566261 | G63: 84.54 | H63: 2550.36 | I63: 108.2 | J63: 49.698439 | K63: 68.71565 | L63: 59.02143 | M63: 87.534658 | N63: 84.2 | O63: 57.068589 | P63: 69.386835 | R63: 88.3 | S63: 73.5707 | T63: 82.38284 | U63: 86.1888 | V63: 56.73218 | W63: 46.78236 | X63: 4.5530726 | Z63: 74.2 | AA63: 72.5 | AB63: 85.43767 | AC63: 95.192953 | AD63: 63.010719 | AE63: 75.231 | AF63: 69.54881 | AI63: 73.543 | AJ63: 89.389753 | AK63: 80.78 | AL63: 60.60363 | AN63: 27.895771 | AO63: 84.68 | AQ63: 68.223459 | AS63: 54.849416 | AV63: 99.2 | AW63: 68.08 | AX63: 64.65257 | AY63: 36.70425 | AZ63: 79.234 | BB63: 69.134226 | BC63: 123.57 | BD63: 80 | BE63: 90.940151 | BF63: 27.200306 | BH63: 38.108477
A64: 38749 | B64: 112.15 | C64: 11.391969 | F64: 8.469983 | G64: 84.91 | H64: 2560.82 | I64: 108 | J64: 49.653748 | K64: 69.05923 | L64: 59.40532 | M64: 87.639177 | N64: 85 | O64: 57 | P64: 69.87796 | R64: 88.64 | S64: 73.704 | T64: 82.7368 | U64: 85.14182 | V64: 56.73218 | W64: 47.05653 | X64: 4.6089385 | Z64: 75.1 | AA64: 73 | AB64: 85.63729 | AC64: 94.898238 | AD64: 62.670605 | AE64: 75.381 | AF64: 69.80312 | AI64: 73.5772 | AJ64: 89.477562 | AK64: 81.26 | AL64: 60.69636 | AN64: 28.597154 | AO64: 85.01 | AQ64: 67.969283 | AS64: 55.454423 | AV64: 99.2 | AW64: 68.25 | AX64: 64.65257 | AY64: 36.75245 | AZ64: 79.272 | BB64: 69.005057 | BC64: 123.84 | BD64: 80.2 | BE64: 91.12359 | BF64: 27.380314 | BH64: 38.908755
A65: 38777 | B65: 113.26 | C65: 11.482077 | F65: 8.4808356 | G65: 84.88 | H65: 2571.83 | I65: 108.6 | J65: 49.944867 | K65: 68.4377 | L65: 59.82411 | M65: 88.675657 | N65: 85.3 | O65: 57.053585 | P65: 70.333289 | R65: 88.89 | S65: 73.7693 | T65: 82.7368 | U65: 87.13394 | V65: 56.73218 | W65: 47.07177 | X65: 4.6648045 | Z65: 75.4 | AA65: 73.3 | AB65: 85.83691 | AC65: 95.094715 | AD65: 62.641685 | AE65: 75.827 | AF65: 69.97516 | AI65: 73.7588 | AJ65: 90.7947 | AK65: 82.28 | AL65: 60.77251 | AN65: 29.023098 | AO65: 85.68 | AQ65: 68.142762 | AS65: 56.279433 | AV65: 99.1 | AW65: 68.39 | AX65: 64.97326 | AY65: 36.86199 | AZ65: 79.833 | BB65: 69.204551 | BC65: 124.18 | BD65: 80.4 | BE65: 91.628049 | BF65: 27.468403 | BH65: 38.714211
A66: 38808 | B66: 114.41 | C66: 11.579148 | F66: 8.5551337 | G66: 85.29 | H66: 2577.23 | I66: 109.2 | J66: 50.264218 | K66: 68.57458 | L66: 60.09632 | M66: 89.40729 | N66: 85.7 | O66: 57.392246 | P66: 70.38145 | R66: 89.27 | S66: 75.0938 | T66: 83.00227 | U66: 87.77474 | V66: 57.208921 | W66: 47.09208 | X66: 4.7206704 | Z66: 76 | AA66: 73.7 | AB66: 86.10307 | AC66: 95.291192 | AD66: 64.035574 | AE66: 75.902 | AF66: 70.39497 | AI66: 74.2703 | AJ66: 90.7947 | AK66: 83.24 | AL66: 60.86162 | AN66: 29.055057 | AO66: 86.07 | AQ66: 68.551563 | AS66: 56.513186 | AV66: 99.7 | AW66: 68.67 | AX66: 65.0374 | AY66: 36.94962 | AZ66: 80.959 | BB66: 69.708904 | BC66: 125.84 | BD66: 80.9 | BE66: 92.407667 | BF66: 27.613941 | BH66: 38.79164
A67: 38838 | B67: 114.19 | C67: 11.673042 | F67: 8.5835172 | G67: 85.61 | H67: 2579.81 | I67: 109.7 | J67: 50.387135 | K67: 68.506 | L67: 60.29176 | M67: 89.485679 | N67: 85.8 | O67: 57.720189 | P67: 70.284315 | R67: 89.65 | S67: 76.9121 | T67: 83.00227 | U67: 87.9104 | V67: 57.685662 | W67: 47.26978 | X67: 4.7486034 | Z67: 76.4 | AA67: 73.7 | AB67: 86.36923 | AC67: 95.585907 | AD67: 64.789835 | AE67: 76.05 | AF67: 71.25892 | AI67: 74.5918 | AJ67: 90.970318 | AK67: 83.67 | AL67: 60.59068 | AN67: 28.730386 | AO67: 86.15 | AQ67: 68.914101 | AS67: 56.348184 | AV67: 100.3 | AW67: 69.08 | AX67: 64.90913 | AY67: 37.08983 | AZ67: 81.251 | BB67: 69.796449 | BC67: 128.2 | BD67: 81.3 | BE67: 92.866266 | BF67: 27.786289 | BH67: 39.036639
A68: 38869 | B68: 113.73 | C68: 11.762592 | F68: 8.6043875 | G68: 85.6 | H68: 2574.39 | I68: 109.5 | J68: 50.682375 | K68: 68.16347 | L68: 60.47323 | M68: 89.598908 | N68: 86 | O68: 58.157447 | P68: 70.122692 | R68: 89.65 | S68: 76.7837 | T68: 83.17924 | U68: 87.81107 | V68: 58.639144 | W68: 47.48303 | X68: 4.8324022 | Z68: 76.6 | AA68: 73.8 | AB68: 86.43578 | AC68: 95.585907 | AD68: 64.660324 | AE68: 75.902 | AF68: 71.45174 | AI68: 74.7694 | AJ68: 91.145936 | AK68: 83.39 | AL68: 60.643 | AN68: 28.675348 | AO68: 85.84 | AQ68: 68.8798 | AS68: 56.100681 | AV68: 100 | AW68: 69.19 | AX68: 64.97326 | AY68: 37.36149 | AZ68: 81.374 | BB68: 69.908914 | BC68: 128.63 | BD68: 81.5 | BE68: 93.049705 | BF68: 27.874378 | BH68: 39.188882
A69: 38899 | B69: 112.89 | C69: 11.86934 | F69: 8.6486324 | G69: 85.89 | H69: 2579.28 | I69: 109.6 | J69: 50.957035 | K69: 67.95898 | L69: 60.72451 | M69: 88.43178 | N69: 85.8 | O69: 58.678299 | P69: 70.143546 | R69: 89.5 | S69: 77.3889 | T69: 83.5332 | U69: 87.24683 | V69: 59.115885 | W69: 47.69628 | X69: 4.8324022 | Z69: 76.8 | AA69: 73.9 | AB69: 86.70193 | AC69: 95.291192 | AD69: 64.628941 | AE69: 76.199 | AF69: 71.86712 | AI69: 75.1195 | AJ69: 91.321555 | AK69: 82.96 | AL69: 60.80929 | AN69: 28.547205 | AO69: 85.68 | AQ69: 69.680944 | AS69: 55.99068 | AV69: 100.1 | AW69: 69.26 | AX69: 65.22982 | AY69: 37.62 | AZ69: 80.89 | BB69: 70.078239 | BC69: 129.72 | BD69: 81.5 | BE69: 93.324865 | BF69: 28.111835 | BH69: 39.341719
A70: 38930 | B70: 113.9 | C70: 11.964396 | F70: 8.5918653 | G70: 86 | H70: 2580.57 | I70: 109.8 | J70: 51.092298 | K70: 68.16286 | L70: 60.96182 | M70: 88.902115 | N70: 85.8 | O70: 58.789757 | P70: 70.294099 | R70: 89.8 | S70: 77.0631 | T70: 83.35622 | U70: 86.59763 | V70: 59.115885 | W70: 47.84859 | X70: 4.8603352 | Z70: 77.3 | AA70: 73.9 | AB70: 86.83501 | AC70: 95.97886 | AD70: 64.806503 | AE70: 76.645 | AF70: 71.70176 | AI70: 75.0622 | AJ70: 91.233746 | AK70: 82.62 | AL70: 61.11961 | AN70: 28.489395 | AO70: 86.13 | AQ70: 69.586272 | AS70: 56.100681 | AV70: 100.4 | AW70: 69.21 | AX70: 64.90913 | AY70: 37.87851 | AZ70: 81.055 | BB70: 69.946141 | BC70: 129.15 | BD70: 81.8 | BE70: 93.508304 | BF70: 28.333972 | BH70: 39.491218
A71: 38961 | B71: 114.75 | C71: 12.064438 | F71: 8.6077267 | G71: 85.75 | H71: 2585.99 | I71: 109.2 | J71: 51.100531 | K71: 68.50367 | L71: 61.13631 | M71: 89.921175 | N71: 86.1 | O71: 58.142443 | P71: 70.696813 | R71: 89.6 | S71: 77.0555 | T71: 83.09075 | U71: 87.98613 | V71: 59.592626 | W71: 48.03138 | X71: 4.9441341 | Z71: 77.6 | AA71: 73.3 | AB71: 86.76847 | AC71: 95.97886 | AD71: 65.413371 | AE71: 76.868 | AF71: 72.19334 | AI71: 74.9646 | AJ71: 91.409364 | AK71: 83.14 | AL71: 61.73661 | AN71: 28.741926 | AO71: 86.46 | AQ71: 70.013805 | AS71: 57.021942 | AV71: 100.5 | AW71: 69.25 | AX71: 65.55051 | AY71: 37.97491 | AZ71: 80.922 | BB71: 70.159136 | BC71: 130.81 | BD71: 81.9 | BE71: 93.049705 | BF71: 28.48717 | BH71: 39.609691
A72: 38991 | B72: 115.86 | C72: 12.169129 | F72: 8.667833 | G72: 85.58 | H72: 2594.52 | I72: 109 | J72: 50.969381 | K72: 68.57217 | L72: 61.04558 | M72: 90.44377 | N72: 86 | O72: 58.202459 | P72: 70.943382 | R72: 89.4 | S72: 77.6393 | T72: 83.17924 | U72: 88.47159 | V72: 60.546108 | W72: 48.44772 | X72: 5 | Z72: 77.6 | AA72: 72.9 | AB72: 86.70193 | AC72: 95.782383 | AD72: 65.736686 | AE72: 76.496 | AF72: 72.57798 | AI72: 75.743 | AJ72: 91.409364 | AK72: 83.48 | AL72: 62.00652 | AN72: 28.949516 | AO72: 86.24 | AQ72: 70.72916 | AS72: 58.149456 | AV72: 100.4 | AW72: 69.39 | AX72: 65.93536 | AY72: 38.17646 | AZ72: 81.254 | BB72: 70.526852 | BC72: 132.47 | BD72: 82 | BE72: 92.545247 | BF72: 28.42972 | BH72: 39.704754
A73: 39022 | B73: 115.17 | C73: 12.343603 | F73: 8.8272818 | G73: 85.79 | H73: 2602.56 | I73: 109.2 | J73: 50.883517 | K73: 68.77789 | L73: 61.19215 | M73: 90.635388 | N73: 85.9 | O73: 58.575414 | P73: 71.060782 | R73: 89.5 | S73: 78.4096 | T73: 83.17924 | U73: 88.38816 | V73: 60.546108 | W73: 48.61019 | X73: 5.0558659 | Z73: 77.8 | AA73: 72.7 | AB73: 86.76847 | AC73: 95.291192 | AD73: 65.912854 | AE73: 76.125 | AF73: 73.27907 | AI73: 76.3522 | AJ73: 91.672792 | AK73: 82.9 | AL73: 62.33186 | AN73: 29.366713 | AO73: 86.1 | AQ73: 70.956471 | AS73: 59.249469 | AV73: 100.5 | AW73: 70.15 | AX73: 66.25605 | AY73: 38.17646 | AZ73: 81.455 | BB73: 70.628668 | BC73: 134.18 | BD73: 82.2 | BE73: 92.407667 | BF73: 28.44121 | BH73: 39.946953
A74: 39052 | B74: 115.77 | C74: 12.586896 | F74: 8.9015799 | G74: 85.91 | H74: 2615.05 | I74: 109.4 | J74: 50.932923 | K74: 69.74078 | L74: 61.33175 | M74: 90.583129 | N74: 86 | O74: 59.008386 | P74: 71.038173 | R74: 89.71 | S74: 79.0842 | T74: 83.79866 | U74: 88.79712 | V74: 60.546108 | W74: 49.20424 | X74: 5.1675978 | Z74: 78.2 | AA74: 72.7 | AB74: 86.83501 | AC74: 95.38943 | AD74: 66.547533 | AE74: 76.348 | AF74: 73.51922 | AI74: 76.4934 | AJ74: 91.84841 | AK74: 82.9 | AL74: 62.69242 | AN74: 29.973471 | AO74: 85.79 | AQ74: 71.223378 | AS74: 60.844488 | AV74: 100.4 | AW74: 70.67 | AX74: 66.38433 | AY74: 38.32543 | AZ74: 81.678 | BB74: 70.778833 | BC74: 134.49 | BD74: 82.6 | BE74: 92.545247 | BF74: 28.544619 | BH74: 40.154678
A75: 39083 | B75: 115.17 | C75: 12.690241 | F75: 9.0582477 | G75: 85.95 | H75: 2626.56 | I75: 109.4 | J75: 51.088773 | K75: 70.22897 | L75: 61.7994 | M75: 88.971794 | N75: 85.7 | O75: 59.559245 | P75: 71.249075 | R75: 89.4 | S75: 81.2499 | T75: 83.79866 | U75: 88.54203 | V75: 60.546108 | W75: 49.71197 | X75: 5.2793296 | Z75: 78 | AA75: 72.6 | AB75: 86.90155 | AC75: 95.192953 | AD75: 67.013634 | AE75: 76.496 | AF75: 74.50984 | AI75: 76.5077 | AJ75: 92.287456 | AK75: 81.92 | AL75: 63.01621 | AM75: 85.755776 | AN75: 30.179002 | AO75: 85.89 | AQ75: 71.283342 | AS75: 60.211981 | AV75: 100.8 | AW75: 70.82 | AX75: 66.96159 | AY75: 38.60585 | AZ75: 81.129 | BB75: 70.709778 | BC75: 135.84 | BD75: 82.1 | BE75: 92.827743 | BF75: 29.054002 | BH75: 40.576302
A76: 39114 | B76: 115.86 | C76: 12.799297 | F76: 9.1339111 | G76: 86.41 | H76: 2638.12 | I76: 110.2 | J76: 51.002321 | K76: 70.93126 | L76: 62.5253 | M76: 88.910825 | N76: 86.6 | O76: 59.741436 | P76: 71.297216 | R76: 89.57 | S76: 81.8389 | T76: 84.15262 | U76: 87.41706 | V76: 61.022849 | W76: 50.02169 | X76: 5.3631285 | Z76: 78.7 | AA76: 72.3 | AB76: 87.16772 | AC76: 94.701762 | AD76: 67.07789 | AE76: 77.017 | AF76: 74.89067 | AI76: 76.7463 | AJ76: 92.287456 | AK76: 82.13 | AL76: 63.19235 | AM76: 85.50231 | AN76: 30.59579 | AO76: 86.28 | AQ76: 71.516782 | AS76: 60.033229 | AV76: 101.1 | AW76: 70.84 | AX76: 66.57675 | AY76: 38.55765 | AZ76: 81.184 | BB76: 70.412875 | BC76: 136.42 | BD76: 82.4 | BE76: 93.324406 | BF76: 29.23018 | BH76: 41.456807
A77: 39142 | B77: 116.73 | C77: 12.901374 | F77: 9.1686273 | G77: 86.42 | H77: 2647.88 | I77: 111.1 | J77: 51.21993 | K77: 70.71846 | L77: 63.2861 | M77: 89.999565 | N77: 87 | O77: 60.212988 | P77: 71.365551 | R77: 89.95 | S77: 80.9598 | T77: 84.3296 | U77: 89.42757 | V77: 60.546108 | W77: 50.13846 | X77: 5.4189944 | Z77: 79.2 | AA77: 72.5 | AB77: 87.3008 | AC77: 94.996477 | AD77: 67.27627 | AE77: 77.464 | AF77: 75.93749 | AI77: 77.1743 | AJ77: 92.199647 | AK77: 82.54 | AL77: 63.32911 | AM77: 85.840264 | AN77: 30.721274 | AO77: 87.22 | AQ77: 71.429754 | AS77: 59.455722 | AV77: 101.6 | AW77: 70.89 | AX77: 66.83331 | AY77: 38.82493 | AZ77: 81.8 | BB77: 70.64568 | BC77: 137.67 | BD77: 82.8 | BE77: 94.17419 | BF77: 29.490617 | BH77: 41.365603
A78: 39173 | B78: 116.24 | C78: 13.002492 | F78: 9.1517142 | G78: 86.81 | H78: 2654.5 | I78: 111.6 | J78: 51.514574 | K78: 70.64774 | L78: 63.85147 | M78: 90.994199 | N78: 87.1 | O78: 60.701688 | P78: 71.358784 | R78: 90.39 | S78: 81.1928 | T78: 84.77204 | U78: 89.99376 | V78: 61.022849 | W78: 50.05723 | X78: 5.5027933 | Z78: 79.9 | AA78: 72.9 | AB78: 87.43388 | AC78: 95.291192 | AD78: 67.203692 | AE78: 77.761 | AF78: 76.62525 | AI78: 77.8394 | AJ78: 92.199647 | AK78: 83.12 | AL78: 63.29129 | AM78: 86.685149 | AN78: 30.909501 | AO78: 87.64 | AQ78: 71.810878 | AS78: 60.019478 | AV78: 102.1 | AW78: 71.26 | AX78: 66.89745 | AY78: 39.15354 | AZ78: 82.93 | BB78: 71.126883 | BC78: 139.33 | BD78: 83.1 | BE78: 94.78596 | BF78: 29.850632 | BH78: 41.568294
A79: 39203 | B79: 115.71 | C79: 13.117433 | F79: 9.1864304 | G79: 86.71 | H79: 2661.93 | I79: 112.1 | J79: 51.834521 | K79: 70.85969 | L79: 64.04691 | M79: 91.454121 | N79: 87.3 | O79: 61.346858 | P79: 71.380284 | R79: 90.61 | S79: 82.5124 | T79: 84.77204 | U79: 90.21555 | V79: 61.49959 | W79: 50.108 | X79: 5.5307263 | Z79: 80.2 | AA79: 72.9 | AB79: 87.70004 | AC79: 95.585907 | AD79: 66.944026 | AE79: 77.836 | AF79: 77.07688 | AI79: 78.2091 | AJ79: 92.287456 | AK79: 83.33 | AL79: 62.98253 | AM79: 85.671287 | AN79: 31.052912 | AO79: 87.7 | AQ79: 71.810878 | AS79: 60.349482 | AV79: 102.6 | AW79: 71.72 | AX79: 66.83331 | AY79: 39.33319 | AZ79: 83.158 | BB79: 71.671872 | BC79: 140.03 | BD79: 83.3 | BE79: 95.365171 | BF79: 30.080429 | BH79: 41.88837
A80: 39234 | B80: 117.46 | C80: 13.221332 | F80: 9.2255974 | G80: 86.7 | H80: 2669.38 | I80: 111.9 | J80: 52.318542 | K80: 71.14313 | L80: 64.12368 | M80: 91.262502 | N80: 87.2 | O80: 61.593352 | P80: 71.656888 | R80: 90.72 | S80: 82.3607 | T80: 84.77204 | U80: 90.12461 | V80: 61.976331 | W80: 50.22478 | X80: 5.6145251 | Z80: 80.4 | AA80: 73.3 | AB80: 87.89966 | AC80: 95.38943 | AD80: 66.849121 | AE80: 77.836 | AF80: 77.73762 | AI80: 78.3954 | AJ80: 92.463074 | AK80: 83.39 | AL80: 63.05817 | AM80: 85.924752 | AN80: 30.949835 | AO80: 87.34 | AQ80: 72.536241 | AS80: 59.936977 | AV80: 102.6 | AW80: 71.82 | AX80: 66.96159 | AY80: 39.61361 | AZ80: 83.311 | BB80: 72.201268 | BC80: 139.69 | BD80: 83.5 | BE80: 95.549986 | BF80: 30.118728 | BH80: 42.244421
A81: 39264 | B81: 118.31 | C81: 13.346792 | F81: 9.2701053 | G81: 87.07 | H81: 2675.79 | I81: 112 | J81: 52.909021 | K81: 71.78342 | L81: 64.22838 | M81: 90.583129 | N81: 86.8 | O81: 61.751965 | P81: 71.956441 | R81: 90.49 | S81: 82.4761 | T81: 85.21448 | U81: 89.44745 | V81: 62.929813 | W81: 50.58527 | X81: 5.6424581 | Z81: 80.6 | AA81: 74.1 | AB81: 88.09928 | AC81: 95.291192 | AD81: 66.685402 | AE81: 78.134 | AF81: 78.66455 | AI81: 78.9204 | AJ81: 92.814311 | AK81: 83.5 | AL81: 63.326 | AM81: 85.924752 | AN81: 31.017059 | AO81: 86.93 | AQ81: 73.591313 | AS81: 60.18448 | AV81: 102.3 | AW81: 72.02 | AX81: 67.73126 | AY81: 39.95537 | AZ81: 82.704 | BB81: 72.122487 | BC81: 138.67 | BD81: 83.1 | BE81: 95.52568 | BF81: 30.367675 | BH81: 42.641519
A82: 39295 | B82: 118.88 | C82: 13.451178 | F82: 9.2941395 | G82: 86.96 | H82: 2688.37 | I82: 111.7 | J82: 53.483034 | K82: 72.64481 | L82: 64.14462 | M82: 91.097014 | N82: 86.6 | O82: 61.355432 | P82: 72.008932 | R82: 90.86 | S82: 82.9959 | T82: 85.12599 | U82: 88.78673 | V82: 63.406554 | W82: 50.96099 | X82: 5.698324 | Z82: 80.9 | AA82: 74.6 | AB82: 88.23236 | AC82: 95.782383 | AD82: 67.12505 | AE82: 78.208 | AF82: 78.94877 | AI82: 79.195 | AJ82: 92.989929 | AK82: 83.73 | AL82: 63.584 | AM82: 86.854125 | AN82: 31.227694 | AO82: 87.08 | AQ82: 74.052908 | AS82: 62.219505 | AV82: 101.9 | AW82: 72.64 | AX82: 68.18024 | AY82: 40.2095 | AZ82: 82.818 | BB82: 72.382297 | BC82: 138.7 | BD82: 83.4 | BE82: 95.350496 | BF82: 30.892378 | BH82: 42.876047
A83: 39326 | B83: 120.95 | C83: 13.551796 | F83: 9.381375 | G83: 87.04 | H83: 2693.21 | I83: 111.9 | J83: 54.089392 | K83: 72.86275 | L83: 64.19348 | M83: 92.290272 | N83: 87.2 | O83: 62.103486 | P83: 72.520302 | R83: 90.96 | S83: 83.9665 | T83: 85.30297 | U83: 90.55496 | V83: 63.406554 | W83: 51.37225 | X83: 5.8379888 | Z83: 81.2 | AA83: 74.3 | AB83: 88.23236 | AC83: 95.782383 | AD83: 67.97578 | AE83: 78.655 | AF83: 80.41255 | AI83: 80.2692 | AJ83: 93.077739 | AK83: 84.66 | AL83: 64.07771 | AM83: 87.867987 | AN83: 31.321807 | AO83: 87.59 | AQ83: 75.042038 | AS83: 62.783262 | AV83: 102.7 | AW83: 73.43 | AX83: 68.7639 | AY83: 40.43734 | AZ83: 83.09 | BB83: 72.733512 | BC83: 140.13 | BD83: 83.5 | BE83: 95.613273 | BF83: 31.022597 | BH83: 43.094715
A84: 39356 | B84: 121.57 | C84: 13.661352 | F84: 9.5255806 | G84: 87.5 | H84: 2701.29 | I84: 111.6 | J84: 54.257595 | K84: 73.08134 | L84: 64.20046 | M84: 93.152554 | N84: 87.5 | O84: 62.399278 | P84: 72.617999 | R84: 91.19 | S84: 86.3486 | T84: 85.47995 | U84: 91.21055 | V84: 63.883295 | W84: 51.77843 | X84: 5.9217877 | Z84: 81.3 | AA84: 74.4 | AB84: 88.49852 | AC84: 96.077098 | AD84: 68.491484 | AE84: 78.803 | AF84: 82.15138 | AI84: 81.4711 | AJ84: 93.165548 | AK84: 85.41 | AL84: 64.32741 | AM84: 88.121452 | AN84: 31.734113 | AO84: 87.63 | AQ84: 75.635516 | AS84: 65.10704 | AV84: 103.3 | AW84: 74.14 | AX84: 69.46302 | AY84: 40.80977 | AZ84: 84.167 | BB84: 72.955629 | BC84: 142.67 | BD84: 83.8 | BE84: 95.817808 | BF84: 30.949828 | BH84: 43.413616
A85: 39387 | B85: 120.72 | C85: 13.805937 | F85: 9.7374382 | G85: 88.32 | H85: 2711.55 | I85: 111.9 | J85: 54.667525 | K85: 73.59291 | L85: 64.50758 | M85: 93.831928 | N85: 88 | O85: 63.522431 | P85: 72.979256 | R85: 91.69 | S85: 87.5362 | T85: 85.92239 | U85: 91.86436 | V85: 63.883295 | W85: 51.8749 | X85: 6.0335196 | Z85: 81.7 | AA85: 74.6 | AB85: 88.83122 | AC85: 95.880622 | AD85: 69.03295 | AE85: 78.803 | AF85: 83.31251 | AI85: 82.3272 | AJ85: 93.780212 | AK85: 85.64 | AL85: 64.78122 | AM85: 87.530033 | AN85: 32.339127 | AO85: 87.76 | AQ85: 76.031169 | AS85: 63.649523 | AV85: 104 | AW85: 74.83 | AX85: 70.2327 | AY85: 40.93684 | AZ85: 84.77 | BB85: 73.267663 | BC85: 145.45 | BD85: 84.1 | BE85: 96.386929 | BF85: 30.880889 | BH85: 43.947603
A86: 39417 | B86: 121.33 | C86: 14.070078 | F86: 9.9751104 | G86: 88.56 | H86: 2731.62 | I86: 112 | J86: 54.917472 | K86: 74.32883 | L86: 64.82166 | M86: 94.128065 | N86: 88 | O86: 64.246907 | P86: 73.396432 | R86: 92.03 | S86: 87.7635 | T86: 86.45332 | U86: 92.24516 | V86: 63.883295 | W86: 52.44356 | X86: 6.2011173 | Z86: 81.8 | AA86: 75 | AB86: 89.09738 | AC86: 96.077098 | AD86: 69.937709 | AE86: 79.101 | AF86: 83.85817 | AG86: 76.38085 | AI86: 82.7242 | AJ86: 94.04364 | AK86: 85.65 | AL86: 65.04906 | AM86: 87.69901 | AN86: 33.374373 | AO86: 87.39 | AQ86: 76.690589 | AS86: 64.474533 | AV86: 104.3 | AW86: 75.31 | AX86: 70.68167 | AY86: 41.22602 | AZ86: 85.125 | BB86: 73.53501 | BC86: 145.77 | BD86: 84.5 | BE86: 96.322267 | BF86: 30.972807 | BH86: 45.226478
A87: 39448 | B87: 120.39 | C87: 14.190115 | F87: 10.228478 | G87: 88.92 | H87: 2746.37 | I87: 111.8 | J87: 54.89748 | K87: 75.22079 | L87: 65.50569 | M87: 92.830287 | N87: 88.2 | O87: 64.947806 | P87: 74.234712 | R87: 91.92 | S87: 89.9495 | T87: 86.18785 | U87: 91.992 | V87: 63.883295 | W87: 53.37271 | X87: 6.2849162 | Z87: 81.4 | AA87: 75 | AB87: 89.49662 | AC87: 95.880622 | AD87: 70.436554 | AE87: 79.472 | AF87: 86.24643 | AG87: 76.715491 | AI87: 84.0625 | AJ87: 94.394876 | AK87: 84.82 | AL87: 65.35056 | AM87: 87.530033 | AN87: 34.198985 | AO87: 87.63 | AQ87: 78.207256 | AS87: 65.506125 | AV87: 105 | AW87: 75.96 | AX87: 71.64377 | AY87: 41.8 | AZ87: 84.598 | BB87: 73.817292 | BC87: 146.94 | BD87: 84.1 | BE87: 96.801044 | BF87: 31.214094 | BH87: 46.302869
A88: 39479 | B88: 121.42 | C88: 14.312362 | F88: 10.296309 | G88: 89.56 | H88: 2759.83 | I88: 112.2 | J88: 55.118614 | K88: 77.17652 | L88: 66.49683 | M88: 93.291913 | N88: 89.3 | O88: 64.926371 | P88: 74.935165 | R88: 92.12 | S88: 90.7748 | T88: 86.54181 | U88: 91.29514 | V88: 64.360036 | W88: 53.72305 | X88: 6.424581 | Z88: 82.4 | AA88: 74.8 | AB88: 89.69624 | AC88: 95.684145 | AD88: 74.668524 | AE88: 79.771 | AF88: 87.38046 | AG88: 76.991896 | AI88: 85.0022 | AJ88: 94.746113 | AK88: 85.18 | AL88: 65.54484 | AM88: 87.867987 | AN88: 35.086339 | AO88: 88.22 | AQ88: 79.130444 | AS88: 66.344294 | AV88: 105.4 | AW88: 76.49 | AX88: 72.3493 | AY88: 41.9 | AZ88: 84.73 | BB88: 73.660447 | BC88: 148.84 | BD88: 84.6 | BE88: 97.082165 | BF88: 31.50134 | BH88: 47.951251
A89: 39508 | B89: 123.58 | C89: 14.415979 | F89: 10.383092 | G89: 90.21 | H89: 2773.08 | I89: 112.6 | J89: 55.577943 | K89: 76.63628 | L89: 67.03427 | M89: 94.232584 | N89: 89.7 | O89: 66.036664 | P89: 76.04391 | R89: 92.81 | S89: 90.8777 | T89: 86.98425 | U89: 93.39295 | V89: 65.313518 | W89: 54.23586 | X89: 6.6201117 | Z89: 83.2 | AA89: 75.1 | AB89: 90.16203 | AC89: 96.175337 | AD89: 75.935651 | AE89: 80.515 | AF89: 88.66567 | AG89: 78.366752 | AI89: 85.8649 | AJ89: 94.746113 | AK89: 85.76 | AL89: 66.01989 | AM89: 88.79736 | AN89: 35.310419 | AO89: 89.09 | AQ89: 79.852621 | AS89: 66.795616 | AV89: 105.8 | AW89: 77.01 | AX89: 73.24725 | AY89: 42.5 | AZ89: 85.482 | BB89: 73.952507 | BC89: 150.27 | BD89: 84.9 | BE89: 97.923694 | BF89: 31.861356 | BH89: 49.384993
A90: 39539 | B90: 123.61 | C90: 14.548262 | F90: 10.502794 | G90: 90.42 | H90: 2788.33 | I90: 113.5 | J90: 55.790844 | K90: 76.71292 | L90: 67.5089 | M90: 95.199384 | N90: 90 | O90: 67.277705 | P90: 77.198497 | R90: 93.12 | S90: 91.1181 | T90: 86.80727 | U90: 93.98469 | V90: 65.790259 | W90: 54.54557 | X90: 6.8156425 | Z90: 83.3 | AA90: 76.2 | AB90: 90.36165 | AC90: 96.077098 | AD90: 76.67429 | AE90: 80.962 | AF90: 90.03419 | AG90: 78.888917 | AI90: 86.9284 | AJ90: 95.009541 | AK90: 86.07 | AL90: 66.17013 | AM90: 89.557756 | AN90: 35.467274 | AO90: 89.42 | AQ90: 80.647111 | AS90: 67.311412 | AV90: 106.2 | AW90: 77.41 | AX90: 73.88865 | AY90: 42.8 | AZ90: 86.402 | BB90: 74.555885 | BC90: 152.79 | BD90: 85.6 | BE90: 98.517579 | BF90: 31.964764 | BH90: 50.471463
A91: 39569 | B91: 123.42 | C91: 14.697019 | F91: 10.637458 | G91: 91.23 | H91: 2810.36 | I91: 114.6 | J91: 56.434843 | K91: 76.40607 | L91: 68.13708 | M91: 95.974567 | N91: 90.3 | O91: 67.502764 | P91: 78.008168 | R91: 93.62 | S91: 91.7829 | T91: 87.3382 | U91: 94.64483 | V91: 66.267 | W91: 55.31224 | X91: 6.9273743 | Z91: 83.9 | AA91: 76.7 | AB91: 90.82743 | AC91: 96.863005 | AD91: 76.615122 | AE91: 81.63 | AF91: 90.87711 | AG91: 79.777464 | AI91: 87.6265 | AJ91: 95.799823 | AK91: 86.45 | AL91: 66.09863 | AM91: 90.149175 | AN91: 35.391087 | AO91: 89.74 | AQ91: 81.504358 | AS91: 67.182463 | AV91: 107 | AW91: 77.78 | AX91: 73.76037 | AY91: 43.1 | AZ91: 86.985 | BB91: 74.601964 | BC91: 155.07 | BD91: 86.1 | BE91: 99.347185 | BF91: 32.244351 | BH91: 52.444897
A92: 39600 | B92: 122.29 | C92: 14.843665 | F92: 10.701298 | G92: 91.73 | H92: 2831.16 | I92: 115.4 | J92: 57.275275 | K92: 76.25326 | L92: 68.73037 | M92: 96.253284 | N92: 90.5 | O92: 69.11033 | P92: 78.598522 | R92: 93.96 | S92: 91.6976 | T92: 87.51518 | U92: 94.55009 | V92: 66.743741 | W92: 55.89106 | X92: 7.0949721 | Z92: 84.3 | AA92: 76.8 | AB92: 91.22667 | AC92: 97.255959 | AD92: 77.187425 | AE92: 82.151 | AF92: 91.49941 | AG92: 81.130965 | AI92: 88.1725 | AJ92: 99.575618 | AK92: 86.76 | AL92: 66.37217 | AM92: 89.726733 | AN92: 35.440385 | AO92: 89.58 | AQ92: 82.493488 | AS92: 67.956157 | AV92: 107.2 | AW92: 78 | AX92: 74.08106 | AY92: 43.7 | AZ92: 87.486 | BB92: 74.817173 | BC92: 154.51 | BD92: 86.6 | BE92: 100.34831 | BF92: 32.657985 | BH92: 53.567218
A93: 39630 | B93: 121.39 | C93: 15.015772 | F93: 10.783094 | G93: 92.21 | H93: 2846.16 | I93: 115.8 | J93: 57.922799 | K93: 76.32951 | L93: 69.05842 | M93: 95.67843 | N93: 90.3 | O93: 70.229196 | P93: 79.05926 | R93: 93.76 | S93: 90.5616 | T93: 88.04611 | U93: 93.81598 | V93: 68.173964 | W93: 56.65773 | X93: 7.122905 | Z93: 84.1 | AA93: 77.7 | AB93: 91.69245 | AC93: 97.452435 | AD93: 78.66854 | AE93: 82.747 | AF93: 91.77673 | AG93: 81.86105 | AI93: 88.537 | AJ93: 100.71714 | AK93: 87.51 | AL93: 66.74206 | AM93: 89.89571 | AN93: 35.767541 | AO93: 89.72 | AQ93: 83.416677 | AR93: 55.1203 | AS93: 68.27853 | AV93: 107.2 | AW93: 78.54 | AX93: 75.23557 | AY93: 44.4 | AZ93: 87.066 | BB93: 75.189886 | BC93: 155.4 | BD93: 86.6 | BE93: 100.87524 | BF93: 32.803524 | BH93: 54.172527
A94: 39661 | B94: 124.32 | C94: 15.17074 | F94: 10.80105 | G94: 91.65 | H94: 2854.13 | I94: 115.6 | J94: 58.459759 | K94: 76.25318 | L94: 69.19104 | M94: 96.018117 | N94: 90.4 | O94: 70.293498 | P94: 79.225183 | R94: 93.73 | S94: 93.6182 | T94: 87.78065 | U94: 92.93456 | V94: 69.127446 | W94: 56.94714 | X94: 7.2625698 | Z94: 84.5 | AA94: 78.4 | AB94: 91.82553 | AC94: 97.74715 | AD94: 79.160298 | AE94: 82.598 | AF94: 91.37613 | AG94: 82.103133 | AI94: 88.6807 | AJ94: 100.89276 | AK94: 87.43 | AL94: 67.12749 | AM94: 90.40264 | AN94: 36.005065 | AO94: 89.89 | AQ94: 83.878271 | AR94: 56.086807 | AS94: 68.665377 | AV94: 106.8 | AW94: 78.47 | AX94: 75.62041 | AY94: 44.7 | AZ94: 86.879 | BB94: 75.312342 | BC94: 155.02 | BD94: 87.1 | BE94: 100.47259 | BF94: 33.136729 | BH94: 55.017619
A95: 39692 | B95: 126.6 | C95: 15.301887 | F95: 10.912771 | G95: 91.8 | H95: 2861.55 | I95: 115.7 | J95: 59.083178 | K95: 76.25318 | L95: 69.05842 | M95: 97.211375 | N95: 90.8 | O95: 71.157297 | P95: 79.747573 | R95: 93.67 | S95: 92.8713 | T95: 87.69216 | U95: 94.75181 | V95: 69.604187 | W95: 57.50057 | X95: 7.5418994 | Z95: 84.7 | AA95: 78.4 | AB95: 91.55937 | AC95: 97.74715 | AD95: 80.691425 | AE95: 82.673 | AF95: 92.37639 | AG95: 82.715547 | AI95: 89.1263 | AJ95: 100.71714 | AK95: 88.16 | AL95: 67.58494 | AM95: 90.994059 | AN95: 36.296368 | AO95: 90.28 | AQ95: 84.735518 | AR95: 56.533264 | AS95: 68.471954 | AV95: 107.1 | AW95: 78.78 | AX95: 75.87697 | AY95: 44.9 | AZ95: 86.861 | BB95: 75.805733 | BC95: 155.72 | BD95: 87.5 | BE95: 100.33363 | BF95: 33.335887 | BH95: 55.116651
A96: 39722 | B96: 126.61 | C96: 15.466547 | F96: 11.022497 | G96: 91.63 | H96: 2874.43 | I96: 114.5 | J96: 59.603665 | K96: 76.02442 | L96: 69.29574 | M96: 98.030107 | N96: 90.7 | O96: 70.41353 | P96: 79.772782 | R96: 93.62 | S96: 92.4105 | T96: 87.51518 | U96: 94.7531 | V96: 70.557669 | W96: 57.75951 | X96: 7.6815642 | Z96: 84.5 | AA96: 78.4 | AB96: 91.55937 | AC96: 97.648912 | AD96: 79.789585 | AE96: 82.598 | AF96: 93.47868 | AG96: 82.24178 | AI96: 90.0193 | AJ96: 100.27809 | AK96: 90.04 | AL96: 68.04549 | AM96: 90.994059 | AN96: 36.587671 | AO96: 90.07 | AQ96: 85.197112 | AR96: 57.318244 | AS96: 68.665377 | AV96: 107.5 | AW96: 79.62 | AX96: 77.03148 | AY96: 45.1 | AZ96: 87.16 | BB96: 76.30651 | BC96: 159.77 | BD96: 87.3 | BE96: 99.320127 | BF96: 33.446955 | BH96: 55.011929
A97: 39753 | B97: 127.01 | C97: 15.646076 | F97: 11.171126 | G97: 91.09 | H97: 2884.78 | I97: 114.1 | J97: 59.526034 | K97: 75.41623 | L97: 69.49117 | M97: 97.054597 | N97: 90.4 | O97: 68.105065 | P97: 79.644603 | R97: 93.18 | S97: 93.0217 | T97: 87.07274 | U97: 94.49904 | V97: 70.557669 | W97: 57.83059 | X97: 7.7374302 | Z97: 83.8 | AA97: 78 | AB97: 91.22667 | AC97: 96.863005 | AD97: 78.932592 | AE97: 82.375 | AF97: 93.13739 | AG97: 81.116462 | AI97: 89.7986 | AJ97: 99.136572 | AK97: 89.76 | AL97: 68.81894 | AM97: 90.825083 | AN97: 36.999977 | AO97: 89.74 | AQ97: 85.724648 | AR97: 57.136717 | AS97: 68.923275 | AV97: 107.7 | AW97: 79.88 | AX97: 76.9032 | AY97: 45.1 | AZ97: 86.79 | BB97: 76.510293 | BC97: 161.1 | BD97: 87.3 | BE97: 97.417859 | BF97: 33.508234 | BH97: 54.593838
A98: 39783 | B98: 127.23 | C98: 15.924708 | F98: 11.302798 | G98: 90.89 | H98: 2892.86 | I98: 113.3 | J98: 58.81263 | K98: 75.2654 | L98: 69.79829 | M98: 96.105216 | N98: 90.1 | O98: 67.149099 | P98: 79.877734 | R98: 92.95 | S98: 92.6324 | T98: 87.4267 | U98: 94.05874 | V98: 70.080928 | W98: 57.81028 | X98: 7.8212291 | Z98: 82.7 | AA98: 78 | AB98: 91.09359 | AC98: 96.470052 | AD98: 76.245329 | AE98: 82.375 | AF98: 92.69434 | AG98: 80.581561 | AI98: 89.7322 | AJ98: 98.170671 | AK98: 89.88 | AL98: 69.29556 | AM98: 91.247525 | AN98: 37.318169 | AO98: 89.09 | AQ98: 85.724648 | AR98: 56.999346 | AS98: 69.310123 | AV98: 107.6 | AW98: 80.06 | AX98: 77.03148 | AY98: 45 | AZ98: 86.345 | BB98: 76.765751 | BC98: 160.44 | BD98: 87.1 | BE98: 96.410318 | BF98: 33.82229 | BH98: 54.2226
A99: 39814 | B99: 126.98 | C99: 16.075016 | F99: 11.768473 | G99: 90.98 | H99: 2906.74 | I99: 113 | J99: 58.365655 | K99: 75.94279 | L99: 70.21009 | M99: 93.858057 | N99: 89.8 | O99: 67.33772 | P99: 80.442804 | R99: 92.57 | S99: 93.944 | T99: 86.98425 | U99: 93.60725 | V99: 70.557669 | W99: 57.76966 | X99: 7.7932961 | Z99: 81.4 | AA99: 77.5 | AB99: 90.96051 | AC99: 95.880622 | AD99: 75.884174 | AE99: 82.45 | AF99: 94.72784 | AG99: 79.731825 | AI99: 92.1617 | AJ99: 98.082862 | AK99: 87.85 | AL99: 69.45615 | AM99: 90.571617 | AN99: 37.739439 | AO99: 89.32 | AQ99: 85.592764 | AR99: 57.136717 | AS99: 69.374597 | AV99: 108.1 | AW99: 81.05 | AX99: 77.28804 | AY99: 45.3 | AZ99: 85.281 | BB99: 76.618987 | BC99: 160.9 | BD99: 86.6 | BE99: 96.829935 | BF99: 34.086557 | BH99: 54.396113
A100: 39845 | B100: 128.91 | C100: 16.241094 | F100: 11.913149 | G100: 91.29 | H100: 2922.73 | I100: 113.8 | J100: 57.605647 | K100: 75.94279 | L100: 70.7964 | M100: 93.910317 | N100: 90.9 | O100: 67.543489 | P100: 80.817792 | R100: 92.92 | S100: 92.676 | T100: 87.51518 | U100: 92.75274 | V100: 70.557669 | W100: 57.89152 | X100: 7.7653631 | Z100: 81.1 | AA100: 77.5 | AB100: 91.16013 | AC100: 95.585907 | AD100: 75.756672 | AE100: 83.045 | AF100: 95.74971 | AG100: 80.472577 | AI100: 92.416 | AJ100: 98.258481 | AK100: 88.72 | AL100: 69.6095 | AM100: 90.740594 | AN100: 37.663252 | AO100: 89.95 | AQ100: 85.394938 | AR100: 57.921697 | AS100: 69.181173 | AV100: 109.1 | AW100: 81.76 | AX100: 77.35217 | AY100: 45.7 | AZ100: 85.29 | BB100: 76.444078 | BC100: 160.35 | BD100: 87.2 | BE100: 97.311464 | BF100: 33.998468 | BH100: 55.032547
A101: 39873 | B101: 130.5 | C101: 16.392465 | F101: 11.988877 | G101: 90.77 | H101: 2928.57 | I101: 114 | J101: 57.628674 | K101: 75.71496 | L101: 71.15237 | M101: 95.251644 | N101: 91.2 | O101: 67.648516 | P101: 81.699662 | R101: 93.09 | S101: 92.3063 | T101: 87.3382 | U101: 94.60283 | V101: 70.557669 | W101: 58.01845 | X101: 7.7932961 | Z101: 81 | AA101: 77.8 | AB101: 91.22667 | AC101: 95.880622 | AD101: 75.55371 | AE101: 83.64 | AF101: 95.97441 | AG101: 80.011398 | AI101: 92.4393 | AJ101: 98.082862 | AK101: 89.41 | AL101: 70.00995 | AM101: 91.247525 | AN101: 37.613954 | AO101: 90.85 | AQ101: 84.735518 | AR101: 58.13266 | AS101: 69.052224 | AV101: 109.9 | AW101: 82.17 | AX101: 77.60873 | AY101: 46.4 | AZ101: 85.43 | BB101: 76.854373 | BC101: 162.12 | BD101: 87.3 | BE101: 97.548101 | BF101: 34.258905 | BH101: 54.938992
A102: 39904 | B102: 130.81 | C102: 16.571015 | F102: 12.04087 | G102: 90.96 | H102: 2942.63 | I102: 113.9 | J102: 57.542306 | K102: 75.56353 | L102: 71.37572 | M102: 95.870048 | N102: 91.1 | O102: 67.74497 | P102: 82.23477 | R102: 93.24 | S102: 92.7446 | T102: 87.4267 | U102: 94.88779 | V102: 71.511151 | W102: 57.84075 | X102: 7.877095 | Z102: 80.4 | AA102: 78.6 | AB102: 91.42629 | AC102: 95.97886 | AD102: 75.420805 | AE102: 83.862 | AF102: 95.60559 | AG102: 80.325449 | AI102: 92.3634 | AJ102: 97.907244 | AK102: 89.52 | AL102: 70.25499 | AM102: 91.754455 | AN102: 37.354022 | AO102: 91.05 | AQ102: 84.603634 | AR102: 58.716489 | AS102: 68.665377 | AV102: 110.7 | AW102: 82.4 | AX102: 77.73701 | AY102: 46.6 | AZ102: 86.264 | BB102: 77.336483 | BC102: 162.15 | BD102: 87.5 | BE102: 97.791617 | BF102: 34.243585 | BH102: 55.131278
A103: 39934 | B103: 127.84 | C103: 16.728172 | F103: 12.0793 | G103: 90.89 | H103: 2956.46 | I103: 114.7 | J103: 57.415645 | K103: 75.33684 | L103: 71.38969 | M103: 96.584261 | N103: 91.4 | O103: 67.822134 | P103: 82.227597 | R103: 93.38 | S103: 93.8412 | T103: 87.3382 | U103: 95.1127 | V103: 71.987892 | W103: 57.86613 | X103: 7.9888268 | Z103: 80 | AA103: 78.9 | AB103: 91.62591 | AC103: 95.782383 | AD103: 75.503479 | AE103: 83.862 | AF103: 95.11963 | AG103: 80.095211 | AI103: 92.2175 | AJ103: 98.082862 | AK103: 89.52 | AL103: 70.05036 | AM103: 90.318152 | AN103: 36.749008 | AO103: 91.17 | AQ103: 84.669576 | AR103: 58.67724 | AS103: 68.665377 | AV103: 111.3 | AW103: 82.41 | AX103: 77.80116 | AY103: 46.7 | AZ103: 86.234 | BB103: 77.545226 | BC103: 163.19 | BD103: 87.9 | BE103: 98.074114 | BF103: 34.385293 | BH103: 55.373856
A104: 39965 | B104: 128.25 | C104: 16.914319 | F104: 12.131293 | G104: 90.72 | H104: 2967.1 | I104: 115.1 | J104: 57.611402 | K104: 74.96015 | L104: 71.3478 | M104: 96.453612 | N104: 91.6 | O104: 69.288234 | P104: 82.165439 | R104: 93.5 | S104: 93.8497 | T104: 87.60367 | U104: 95.04819 | V104: 72.941374 | W104: 57.93214 | X104: 8.1284916 | Z104: 79.8 | AA104: 79.6 | AB104: 91.69245 | AC104: 95.585907 | AD104: 75.558367 | AE104: 83.788 | AF104: 94.59816 | AG104: 80.563992 | AI104: 91.9001 | AJ104: 98.170671 | AK104: 89.14 | AL104: 70.17935 | AM104: 89.219802 | AN104: 36.5563 | AO104: 90.85 | AQ104: 84.867402 | AR104: 59.187477 | AS104: 69.245648 | AV104: 111.5 | AW104: 82.57 | AX104: 77.92943 | AY104: 46.9 | AZ104: 86.614 | BB104: 77.715132 | BC104: 163.37 | BD104: 88.1 | BE104: 98.91656 | BF104: 34.775948 | BH104: 55.678412
... A110: 40148 | B110: 134.55 | C110: 18.153017 | F110: 12.44551 | G110: 91.13 | H110: 3017.59 | I110: 114.8 | J110: 57.294732 | K110: 76.54786 | L110: 71.19425 | M110: 98.073657 | N110: 91.4 | O110: 71.020118 | P110: 83.321857 | R110: 93.8 | S110: 95.3986 | T110: 88.13461 | U110: 96.54366 | V110: 80.56923 | W110: 59.41979 | X110: 8.4078212 | Z110: 78.6 | AA110: 81 | AB110: 92.02515 | AC110: 94.8 | AD110: 78.284153 | AE110: 84.682 | AF110: 91.61096 | AG110: 83.31292 | AI110: 90.8823 | AJ110: 99.224382 | AK110: 89.29 | AL110: 71.77186 | AM110: 89.811221 | AN110: 38.160708 | AO110: 90.08 | AQ110: 86.515953 | AR110: 61.998686 | AS110: 70.599613 | AV110: 111.6 | AW110: 83.86 | AX110: 80.30259 | AY110: 47.8 | AZ110: 87.031 | BB110: 79.268723 | BC110: 170.91 | BD110: 88.9 | BE110: 99.033962 | BF110: 35.817694 | BH110: 57.756781
A111: 40179 | B111: 133.52 | C111: 18.297409 | E111: 46.346617 | F111: 12.54383 | G111: 91.54 | H111: 3040.22 | I111: 115.1 | J111: 57.59413 | K111: 77.00264 | L111: 71.68284 | M111: 96.140055 | N111: 91.6 | O111: 71.952506 | P111: 84.01399 | Q111: 33.906626 | R111: 93.59 | S111: 96.4744 | T111: 87.60367 | U111: 95.83238 | V111: 81.999453 | W111: 59.91737 | X111: 8.4078212 | Z111: 78.2 | AA111: 80.4 | AB111: 92.15823 | AC111: 94.9 | AD111: 78.896486 | AE111: 85.351 | AF111: 91.77027 | AG111: 82.395604 | AH111: 103.58759 | AI111: 92.031 | AJ111: 99.4 | AK111: 88.839305 | AL111: 72.55205 | AM111: 89.980198 | AN111: 39.191473 | AO111: 90.05 | AP111: 78.183392 | AQ111: 87.044649 | AR111: 63.602988 | AS111: 71.308833 | AT111: 68.974933 | AU111: 77.701026 | AV111: 112.3 | AW111: 85.27 | AX111: 80.49501 | AY111: 47.9 | AZ111: 86.158 | BA111: 81.133799 | BB111: 79.364692 | BC111: 174.07 | BD111: 88.8 | BE111: 99.372407 | BF111: 36.1509 | BG111: 166.5 | BH111: 58.542273
A112: 40210 | B112: 134.26 | C112: 18.459746 | E112: 46.371626 | F112: 12.609791 | G112: 91.93 | H112: 3063.93 | I112: 115.6 | J112: 57.752314 | K112: 77.93114 | L112: 72.27612 | M112: 96.610391 | N112: 92.7 | O112: 72.053247 | P112: 84.300315 | Q112: 33.97357 | R112: 94.11 | S112: 97.8969 | T112: 87.95763 | U112: 95.32219 | V112: 81.045971 | W112: 60.10523 | X112: 8.4636872 | Z112: 78.5 | AA112: 80.2 | AB112: 92.22477 | AC112: 94.9 | AD112: 79.401104 | AE112: 85.523 | AF112: 91.74881 | AG112: 82.830606 | AH112: 105.76079 | AI112: 91.9807 | AJ112: 99.4 | AK112: 89.171948 | AL112: 72.97167 | AM112: 90.825083 | AN112: 40.042974 | AO112: 90.69 | AP112: 78.183392 | AQ112: 87.044649 | AR112: 63.843388 | AS112: 71.244358 | AT112: 69.201643 | AU112: 78.094449 | AV112: 112.5 | AW112: 85.43 | AX112: 80.87984 | AY112: 48.2 | AZ112: 86.001 | BA112: 81.587204 | BB112: 79.542297 | BC112: 176.59 | BD112: 89 | BE112: 99.397172 | BF112: 36.353887 | BG112: 169.1 | BH112: 59.689701
A113: 40238 | B113: 135.29 | C113: 18.654168 | E113: 46.394551 | F113: 12.750425 | G113: 92.27 | H113: 3079.86 | I113: 115.6 | J113: 57.805042 | K113: 77.38162 | L113: 72.4576 | M113: 97.533642 | N113: 93.3 | O113: 72.672696 | P113: 84.437662 | Q113: 34.1983 | R113: 94.57 | S113: 97.7135 | T113: 88.40007 | U113: 98.32323 | V113: 81.045971 | W113: 60.00876 | X113: 8.603352 | Z113: 78.6 | AA113: 80.3 | AB113: 92.49094 | AC113: 95.1 | AD113: 79.458532 | AE113: 85.696 | AF113: 92.19034 | AG113: 83.608983 | AH113: 105.90243 | AI113: 92.253 | AJ113: 99.4 | AK113: 89.67997 | AL113: 73.48972 | AM113: 92.092409 | AN113: 40.513541 | AO113: 91.77 | AP113: 76.699391 | AQ113: 86.978549 | AR113: 64.63818 | AS113: 71.889104 | AT113: 69.394004 | AU113: 78.22559 | AV113: 112.8 | AW113: 85.62 | AX113: 81.26468 | AY113: 48.6 | AZ113: 86.639 | BA113: 81.775409 | BB113: 79.495531 | BC113: 177.62 | BD113: 89.4 | BE113: 99.805325 | BF113: 36.698583 | BG113: 173.2 | BH113: 60.137374
A114: 40269 | B114: 134.03 | C114: 18.845743 | E114: 46.369542 | F114: 12.836299 | G114: 92.59 | H114: 3097.42 | I114: 116 | J114: 58.068682 | K114: 77.53953 | L114: 72.79263 | M114: 98.213016 | N114: 93.4 | O114: 72.93205 | P114: 84.874474 | Q114: 34.430134 | R114: 94.81 | S114: 97.9481 | T114: 88.48856 | U114: 99.48056 | V114: 81.045971 | W114: 60.10015 | X114: 8.6871508 | Z114: 78.7 | AA114: 81 | AB114: 92.82363 | AC114: 95.1 | AD114: 79.436296 | AE114: 86.041 | AF114: 92.99764 | AG114: 84.099198 | AH114: 106.60475 | AI114: 92.65 | AJ114: 99.4 | AK114: 90.580986 | AL114: 73.25556 | AM114: 91.838944 | AN114: 40.952736 | AO114: 92.08 | AP114: 77.011813 | AQ114: 87.24295 | AR114: 65.820556 | AS114: 72.469375 | AT114: 69.407744 | AU114: 78.684584 | AV114: 113.3 | AW114: 85.92 | AX114: 81.52124 | AY114: 48.6 | AZ114: 87.562 | BA114: 82.177485 | BB114: 79.708686 | BC114: 178.68 | BD114: 89.9 | BE114: 99.978675 | BF114: 36.763692 | BG114: 182.2 | BH114: 60.221566
A115: 40299 | B115: 135.86 | C115: 19.045094 | E115: 46.598795 | F115: 12.937108 | G115: 92.96 | H115: 3110.74 | I115: 116.3 | J115: 58.279595 | K115: 77.46373 | L115: 72.86941 | M115: 98.134626 | N115: 93.4 | O115: 73.180686 | P115: 84.888697 | Q115: 34.586274 | R115: 94.92 | S115: 97.5996 | T115: 88.40007 | U115: 100.2748 | V115: 81.999453 | W115: 60.27278 | X115: 8.7150838 | Z115: 79.2 | AA115: 81.3 | AB115: 92.89017 | AC115: 95.1 | AD115: 79.163623 | AE115: 86.128 | AF115: 92.92392 | AG115: 83.999255 | AH115: 105.42708 | AI115: 92.8179 | AJ115: 99.6 | AK115: 90.736269 | AL115: 72.79398 | AM115: 91.838944 | AN115: 41.521897 | AO115: 92.04 | AP115: 78.964445 | AQ115: 87.375151 | AR115: 65.908866 | AS115: 71.760155 | AT115: 69.572624 | AU115: 78.619013 | AV115: 113.6 | AW115: 86.05 | AX115: 81.97021 | AY115: 48.7 | AZ115: 87.756 | BA115: 82.340027 | BB115: 80.015183 | BC115: 178.04 | BD115: 90.1 | BE115: 100.05618 | BF115: 36.821141 | BG115: 187 | BH115: 60.384165
A116: 40330 | B116: 136.08 | C116: 19.23908 | E116: 47.123993 | F116: 12.960755 | G116: 92.95 | H116: 3110.74 | I116: 116.2 | J116: 58.279595 | K116: 76.99632 | L116: 72.95316 | M116: 98.326244 | N116: 93.3 | O116: 73.056368 | P116: 84.880883 | Q116: 34.732508 | R116: 94.91 | S116: 97.3108 | T116: 88.40007 | U116: 100.0115 | V116: 82.952935 | W116: 60.85667 | X116: 8.7988827 | Z116: 79.1 | AA116: 81.6 | AB116: 92.89017 | AC116: 94.9 | AD116: 79.635439 | AE116: 86.041 | AF116: 93.29514 | AG116: 83.349589 | AH116: 104.7729 | AI116: 92.8611 | AJ116: 99.7 | AK116: 90.375662 | AL116: 72.77119 | AM116: 90.909571 | AN116: 42.064169 | AO116: 91.6 | AP116: 80.760866 | AQ116: 87.837853 | AR116: 66.149266 | AS116: 72.211476 | AT116: 69.751244 | AU116: 78.815725 | AV116: 113.9 | AW116: 86.18 | AX116: 82.22678 | AY116: 48.7 | AZ116: 87.913 | BA116: 82.553897 | BB116: 80.346897 | BC116: 177.04 | BD116: 90.2 | BE116: 99.958497 | BF116: 36.92455 | BG116: 190.4 | BH116: 60.51701
...

Sheet PPI
B1: Algeria | C1: Angola | D1: Australia | E1: Bangladesh | F1: Belarus, Republic of | G1: Belgium | H1: Brazil | I1: Canada | J1: Chile | K1: China, People's Republic of | L1: Colombia | M1: Cyprus | N1: Denmark | O1: Dominican Republic | P1: Ecuador | Q1: Egypt, Arab Republic of | R1: France | S1: Georgia | T1: Germany | U1: Greece | V1: India | W1: Indonesia | X1: Iran, Islamic Republic of | Y1: Iraq | Z1: Ireland | AA1: Israel | AB1: Italy | AC1: Japan | AD1: Jordan | AE1: Korea, Republic of | AF1: Latvia, Republic of | AG1: Lebanon | AH1: Libya | AI1: Lithuania, Republic of | AJ1: Malaysia | AK1: Malta | AL1: Mexico | AM1: Morocco | AN1: Mozambique, Republic of | AO1: Netherlands, The | AP1: Niger | AQ1: Oman | AR1: Pakistan | AS1: Paraguay | AT1: Peru | AU1: Philippines | AV1: Poland, Republic of | AW1: Romania | AX1: Saudi Arabia | AY1: South Africa | AZ1: Spain | BA1: Thailand | BB1: Tunisia | BC1: Türkiye, Republic of | BD1: United Kingdom | BE1: United States | BF1: Uruguay | BG1: Venezuela, República Bolivariana de | BH1: Vietnam | BI1: Yemen, Republic of
A2: COUNTRY | F2: Belarus, Republic of | G2: Belgium | H2: Brazil | I2: Canada | J2: Chile | K2: China, People's Republic of | L2: Colombia | M2: Cyprus | N2: Denmark | P2: Ecuador | R2: France | S2: Georgia | T2: Germany | U2: Greece | V2: India | X2: Iran, Islamic Republic of | AA2: Israel | AB2: Italy | AC2: Japan | AD2: Jordan | AE2: Korea, Republic of | AF2: Latvia, Republic of | AI2: Lithuania, Republic of | AJ2: Malaysia | AK2: Malta | AL2: Mexico | AM2: Morocco | AO2: Netherlands, The | AS2: Paraguay | AU2: Philippines | AV2: Poland, Republic of | AW2: Romania | AY2: South Africa | AZ2: Spain | BA2: Thailand | BB2: Tunisia | BC2: Türkiye, Republic of | BD2: United Kingdom | BE2: United States | BF2: Uruguay
A3: 2001-M01 | F3: 75.167555 | G3: 75.223485 | H3: 42.64832 | I3: 90.784869 | L3: 67.641437 | M3: 70.214484 | N3: 73.293861 | P3: 75.167555 | R3: 87.301038 | S3: 54.733795 | T3: 86.968239 | U3: 71.453984 | V3: 75.167555 | AA3: 70.235975 | AB3: 84.34907 | AC3: 98.722022 | AE3: 79.427278 | AF3: 58.169717 | AI3: 68.607841 | AJ3: 70.021873 | AK3: 112.6193 | AL3: 59.920573 | AO3: 80.2 | AS3: 42.036914 | AU3: 67.545639 | AV3: 78.808835 | AW3: 32.277346 | AY3: 75.167555 | AZ3: 79.282219 | BA3: 61.203543 | BB3: 66.777741 | BC3: 22.026765 | BD3: 72.377586 | BE3: 75.784915 | BF3: 31.430542
A4: 2001-M02 | F4: 75.167555 | G4: 75.223485 | H4: 42.780036 | I4: 91.184802 | L4: 68.839031 | M4: 70.645248 | N4: 73.917108 | P4: 75.167555 | R4: 87.404844 | S4: 54.788195 | T4: 87.314726 | U4: 72.128078 | V4: 75.167555 | AA4: 70.140285 | AB4: 84.463519 | AC4: 98.722022 | AE4: 79.265759 | AF4: 58.302829 | AI4: 69.032658 | AJ4: 70.287393 | AK4: 112.08908 | AL4: 59.923157 | AO4: 80.5 | AS4: 42.036914 | AU4: 67.484787 | AV4: 78.707668 | AW4: 33.28153 | AY4: 75.167555 | AZ4: 79.526917 | BA4: 61.324619 | BB4: 66.977674 | BC4: 22.607193 | BD4: 72.377586 | BE4: 74.377481 | BF4: 31.487443
A5: 2001-M03 | F5: 75.270665 | G5: 75.223485 | H5: 43.213627 | I5: 91.684719 | L5: 69.494318 | M5: 70.322175 | N5: 74.291056 | P5: 75.270665 | R5: 87.404844 | S5: 55.707495 | T5: 87.661213 | U5: 72.128078 | V5: 75.270665 | AA5: 70.523043 | AB5: 84.463519 | AC5: 98.526727 | AE5: 79.447468 | AF5: 58.302829 | AI5: 69.138862 | AJ5: 70.817287 | AK5: 111.45281 | AL5: 60.409438 | AO5: 80.5 | AS5: 41.604936 | AU5: 67.667343 | AV5: 78.859418 | AW5: 33.85535 | AY5: 75.270665 | AZ5: 79.771615 | BA5: 61.324619 | BB5: 66.777741 | BC5: 24.881358 | BD5: 71.867166 | BE5: 73.5655 | BF5: 31.843914
A6: 2001-M04 | F6: 75.476886 | G6: 75.488357 | H6: 43.813664 | I6: 91.984669 | L6: 70.499845 | M6: 70.429866 | N6: 74.914304 | P6: 75.476886 | R6: 87.612457 | S6: 55.854295 | T6: 88.585178 | U6: 72.689823 | V6: 75.476886 | AA6: 71.145023 | AB6: 84.692418 | AC6: 98.233783 | AE6: 79.396993 | AF6: 58.302829 | AI6: 69.457474 | AJ6: 70.295146 | AK6: 112.08908 | AL6: 60.459839 | AO6: 80.8 | AS6: 41.415945 | AU6: 67.728195 | AV6: 79.011168 | AW6: 34.429169 | AY6: 75.476886 | AZ6: 79.649266 | BA6: 62.293221 | BB6: 67.277574 | BC6: 28.454107 | BD6: 71.96925 | BE6: 73.83616 | BF6: 32.189525
A7: 2001-M05 | F7: 75.683107 | G7: 75.753228 | H7: 43.892737 | I7: 92.484585 | L7: 71.076045 | M7: 70.429866 | N7: 75.288252 | P7: 75.683107 | R7: 87.923875 | S7: 56.093695 | T7: 89.047161 | U7: 73.02687 | V7: 75.683107 | AA7: 71.432091 | AB7: 84.577969 | AC7: 98.038487 | AE7: 79.326329 | AF7: 58.835275 | AI7: 70.307107 | AJ7: 71.243734 | AK7: 112.08908 | AL7: 60.322115 | AO7: 81.2 | AS7: 41.604936 | AU7: 68.093306 | AV7: 79.011168 | AW7: 35.289898 | AY7: 75.683107 | AZ7: 80.016313 | BA7: 62.656446 | BB7: 67.377541 | BC7: 30.247861 | BD7: 71.96925 | BE7: 74.052689 | BF7: 32.181956
A8: 2001-M06 | F8: 75.579997 | G8: 75.620792 | H8: 44.754895 | I8: 91.284785 | L8: 70.906575 | M8: 70.537557 | N8: 76.036148 | P8: 75.579997 | R8: 88.027682 | S8: 56.430895 | T8: 89.047161 | U8: 73.02687 | V8: 75.579997 | AA8: 71.384247 | AB8: 84.577969 | AC8: 97.843191 | AE8: 79.003289 | AF8: 58.569052 | AI8: 67.758209 | AJ8: 69.997733 | AK8: 112.6193 | AL8: 60.271899 | AO8: 80.9 | AS8: 41.820925 | AU8: 68.580122 | AV8: 78.707668 | AW8: 35.863718 | AY8: 75.579997 | AZ8: 80.016313 | BA8: 62.595909 | BB8: 67.577474 | BC8: 31.116863 | BD8: 71.96925 | BE8: 73.348971 | BF8: 32.102211
A9: 2001-M07 | F9: 74.548892 | G9: 74.561307 | H9: 45.616835 | I9: 90.584902 | L9: 70.951767 | M9: 70.537557 | N9: 75.786849 | P9: 74.548892 | R9: 87.923875 | S9: 56.137195 | T9: 88.354187 | U9: 72.914521 | V9: 74.548892 | AA9: 70.523043 | AB9: 84.34907 | AC9: 97.745543 | AE9: 78.952814 | AF9: 58.702163 | AI9: 66.589964 | AJ9: 70.639492 | AK9: 114.20997 | AL9: 60.138975 | AO9: 79.9 | AS9: 42.792877 | AU9: 69.249493 | AV9: 78.960585 | AW9: 36.724447 | AY9: 74.548892 | AZ9: 80.138662 | BA9: 62.595909 | BB9: 67.977341 | BC9: 32.141631 | BD9: 71.356745 | BE9: 72.212198 | BF9: 32.660989
A10: 2001-M08 | F10: 74.13645 | G10: 74.164 | H10: 46.130154 | I10: 90.584902 | L10: 71.16643 | M10: 70.429866 | N10: 75.786849 | P10: 74.13645 | R10: 87.716263 | S10: 55.609495 | T10: 88.0077 | U10: 72.802172 | V10: 74.13645 | AA10: 70.140285 | AB10: 84.234621 | AC10: 97.550248 | AE10: 78.569205 | AF10: 58.835275 | AI10: 67.227188 | AJ10: 71.265625 | AK10: 113.5737 | AL10: 60.374177 | AO10: 79.5 | AS10: 43.899822 | AU10: 69.432049 | AV10: 79.567585 | AW10: 37.441721 | AY10: 74.13645 | AZ10: 79.771615 | BA10: 62.656446 | BB10: 68.177274 | BC10: 33.280353 | BD10: 71.254661 | BE10: 72.212198 | BF10: 32.090228
A11: 2001-M09 | F11: 74.652002 | G11: 74.693742 | H11: 46.350991 | I11: 91.284785 | L11: 71.22292 | M11: 70.429866 | N11: 75.786849 | P11: 74.652002 | R11: 87.612457 | S11: 55.821695 | T11: 88.354187 | U11: 73.139219 | V11: 74.652002 | AA11: 70.379509 | AB11: 84.234621 | AC11: 97.354952 | AE11: 78.357211 | AF11: 58.835275 | AI11: 67.970617 | AJ11: 70.409609 | AK11: 112.08908 | AL11: 60.773134 | AO11: 79.6 | AS11: 44.250804 | AU11: 69.492901 | AV11: 79.972252 | AW11: 38.015541 | AY11: 74.652002 | AZ11: 79.649266 | BA11: 62.656446 | BB11: 68.177274 | BC11: 35.060989 | BD11: 71.152577 | BE11: 72.158066 | BF11: 32.157618
A12: 2001-M10 | F12: 73.620897 | G12: 73.634257 | H12: 47.22276 | I12: 89.885019 | L12: 70.940469 | M12: 70.322175 | N12: 75.412901 | P12: 73.620897 | R12: 87.301038 | S12: 59.868795 | T12: 86.621752 | U12: 72.577474 | V12: 73.620897 | AA12: 70.762266 | AB12: 84.005722 | AC12: 96.671417 | AE12: 77.983697 | AF12: 58.702163 | AI12: 66.271351 | AJ12: 68.95628 | AK12: 113.25557 | AL12: 60.944828 | AO12: 78.7 | AS12: 44.3318 | AU12: 69.492901 | AV12: 79.517002 | AW12: 38.445906 | AY12: 73.620897 | AZ12: 79.526917 | BA12: 62.111608 | BB12: 68.177274 | BC12: 37.420414 | BD12: 71.254661 | BE12: 70.534103 | BF12: 32.513819
A13: 2001-M11 | F13: 72.796013 | G13: 72.839642 | H13: 47.565701 | I13: 89.785035 | L13: 70.850084 | M13: 70.429866 | N13: 75.163602 | P13: 72.796013 | R13: 87.093426 | S13: 59.607695 | T13: 86.044273 | U13: 72.240427 | V13: 72.796013 | AA13: 70.475198 | AB13: 83.776824 | AC13: 96.476121 | AE13: 77.670752 | AF13: 58.835275 | AI13: 64.465882 | AJ13: 68.426554 | AK13: 114.31601 | AL13: 60.954243 | AO13: 78 | AS13: 44.439795 | AU13: 69.249493 | AV13: 79.061752 | AW13: 39.019725 | AY13: 72.796013 | AZ13: 79.282219 | BA13: 61.869457 | BB13: 68.677108 | BC13: 38.986259 | BD13: 71.254661 | BE13: 70.263443 | BF13: 32.295606
A14: 2001-M12 | F14: 72.17735 | G14: 72.177464 | H14: 47.521359 | I14: 88.885185 | L14: 71.053449 | M14: 70.537557 | N14: 75.288252 | P14: 72.17735 | R14: 87.197232 | S14: 59.254095 | T14: 85.813282 | U14: 72.465125 | V14: 72.17735 | AA14: 69.901062 | AB14: 83.662375 | AC14: 96.378473 | AE14: 77.196288 | AF14: 58.702163 | AI14: 64.14727 | AJ14: 68.898152 | AK14: 114.42206 | AL14: 60.759657 | AO14: 77.4 | AS14: 45.006767 | AU14: 68.823529 | AV14: 78.808835 | AW14: 39.593545 | AY14: 72.17735 | AZ14: 79.404568 | BA14: 61.566769 | BB14: 68.877041 | BC14: 40.594734 | BD14: 71.662998 | BE14: 69.343197 | BF14: 32.119109
A15: 2002-M01 | F15: 72.796013 | G15: 72.839642 | H15: 47.458887 | I15: 89.785035 | L15: 71.358497 | M15: 70.645248 | N15: 75.786849 | P15: 72.796013 | R15: 87.301038 | S15: 58.969695 | T15: 86.159769 | U15: 73.02687 | V15: 72.796013 | AA15: 70.044596 | AB15: 83.891273 | AC15: 96.085529 | AD15: 52.439903 | AE15: 77.377998 | AF15: 58.968386 | AI15: 64.572086 | AJ15: 68.439567 | AK15: 113.67975 | AL15: 60.919904 | AO15: 77.1 | AS15: 45.14176 | AU15: 67.545639 | AV15: 78.910002 | AW15: 40.454274 | AY15: 72.796013 | AZ15: 79.282219 | BA15: 61.687844 | BB15: 69.776741 | BC15: 42.281092 | BD15: 71.867166 | BE15: 69.559726 | BF15: 32.334114
A16: 2002-M02 | F16: 72.692903 | G16: 72.707207 | H16: 47.524636 | I16: 90.184969 | L16: 71.57316 | M16: 71.183703 | N16: 76.784045 | P16: 72.692903 | R16: 87.404844 | S16: 59.811095 | T16: 86.275265 | U16: 73.02687 | V16: 72.692903 | AA16: 70.570887 | AB16: 83.891273 | AC16: 96.085529 | AD16: 51.919802 | AE16: 77.771702 | AF16: 58.569052 | AI16: 64.253474 | AJ16: 68.819731 | AK16: 111.55885 | AL16: 60.958674 | AO16: 77.1 | AS16: 45.789728 | AU16: 67.484787 | AV16: 79.061752 | AW16: 41.028093 | AY16: 72.692903 | AZ16: 79.282219 | BA16: 61.990533 | BB16: 69.876708 | BC16: 43.364066 | BD16: 71.560914 | BE16: 69.505594 | BF16: 33.075398
A17: 2002-M03 | F17: 73.311566 | G17: 73.369385 | H17: 47.473085 | I17: 90.784869 | L17: 71.968591 | M17: 71.076012 | N17: 76.784045 | P17: 73.311566 | R17: 87.716263 | S17: 59.633295 | T17: 86.852743 | U17: 73.700964 | V17: 73.311566 | AA17: 71.192868 | AB17: 84.120172 | AC17: 96.085529 | AD17: 51.951645 | AE17: 78.175501 | AF17: 58.569052 | AI17: 65.527923 | AJ17: 69.191423 | AK17: 111.6649 | AL17: 61.916836 | AO17: 77.8 | AS17: 46.140711 | AU17: 67.789047 | AV17: 79.213502 | AW17: 41.745368 | AY17: 73.311566 | AZ17: 79.893964 | BA17: 62.474834 | BB17: 69.676774 | BC17: 44.170763 | BD17: 71.356745 | BE17: 70.263443 | BF17: 34.246692
A18: 2002-M04 | F18: 74.548892 | G18: 74.561307 | H18: 47.831317 | I18: 90.984835 | L18: 72.239745 | M18: 71.076012 | N18: 76.784045 | P18: 74.548892 | R18: 88.027682 | S18: 60.616995 | T18: 86.275265 | U18: 74.15036 | V18: 74.548892 | AA18: 72.628208 | AB18: 84.234621 | AC18: 95.890233 | AD18: 51.627909 | AE18: 78.7812 | AF18: 58.702163 | AI18: 67.120984 | AJ18: 69.244823 | AK18: 111.02863 | AL18: 62.50761 | AO18: 78.9 | AS18: 46.113712 | AU18: 68.154158 | AV18: 79.466418 | AW18: 42.893007 | AY18: 74.548892 | AZ18: 79.893964 | BA18: 63.019672 | BB18: 69.776741 | BC18: 44.970902 | BD18: 71.254661 | BE18: 70.804764 | BF18: 35.206189
A19: 2002-M05 | F19: 74.652002 | G19: 74.693742 | H19: 48.437689 | I19: 90.484919 | L19: 72.736859 | M19: 71.614466 | N19: 76.534746 | P19: 74.652002 | R19: 88.027682 | S19: 60.468795 | T19: 86.159769 | U19: 73.925662 | V19: 74.652002 | AA19: 73.537257 | AB19: 84.234621 | AC19: 95.890233 | AD19: 51.755281 | AE19: 79.114334 | AF19: 58.835275 | AI19: 66.589964 | AJ19: 68.988314 | AK19: 111.24072 | AL19: 63.092846 | AO19: 78.8 | AS19: 47.112662 | AU19: 68.336714 | AV19: 79.567585 | AW19: 43.753736 | AY19: 74.652002 | AZ19: 80.016313 | BA19: 63.140747 | BB19: 69.676774 | BC19: 45.158639 | BD19: 70.948409 | BE19: 70.804764 | BF19: 36.708012
A20: 2002-M06 | F20: 74.342671 | G20: 74.296435 | H20: 49.649123 | I20: 90.184969 | L20: 72.996714 | M20: 71.614466 | N20: 76.784045 | P20: 74.342671 | R20: 87.923875 | S20: 60.492495 | T20: 86.044273 | U20: 73.588615 | V20: 74.342671 | AA20: 73.87217 | AB20: 84.120172 | AC20: 95.792585 | AD20: 52.047174 | AE20: 78.609585 | AF20: 58.569052 | AI20: 65.846535 | AJ20: 69.195656 | AK20: 110.39236 | AL20: 63.578388 | AO20: 78.4 | AS20: 49.299554 | AU20: 70.831643 | AV20: 79.719335 | AW20: 44.1841 | AY20: 74.342671 | AZ20: 79.649266 | BA20: 63.201285 | BB20: 69.276908 | BC20: 45.680041 | BD20: 70.846325 | BE20: 70.858896 | BF20: 36.724057
A21: 2002-M07 | F21: 74.342671 | G21: 74.296435 | H21: 51.047972 | I21: 90.484919 | L21: 73.674597 | M21: 72.04523 | N21: 75.911499 | P21: 74.342671 | R21: 88.131488 | S21: 60.605095 | T21: 85.697786 | U21: 73.700964 | V21: 74.342671 | AA21: 74.207082 | AB21: 84.234621 | AC21: 95.694938 | AD21: 52.179852 | AE21: 78.387496 | AF21: 58.702163 | AI21: 65.315515 | AJ21: 69.866779 | AK21: 109.33192 | AL21: 63.932853 | AO21: 78.8 | AS21: 52.674387 | AU21: 70.283976 | AV21: 80.376918 | AW21: 44.901375 | AY21: 74.342671 | AZ21: 80.138662 | BA21: 62.838059 | BB21: 69.276908 | BC21: 46.899104 | BD21: 70.846325 | BE21: 71.021292 | BF21: 40.526749
A22: 2002-M08 | F22: 74.652002 | G22: 74.693742 | H22: 52.743674 | I22: 91.084819 | L22: 74.567143 | M22: 72.475994 | N22: 76.410097 | P22: 74.652002 | R22: 88.131488 | S22: 60.741395 | T22: 85.351299 | U22: 74.15036 | V22: 74.652002 | AA22: 73.920014 | AB22: 84.463519 | AC22: 95.59729 | AD22: 52.726488 | AE22: 78.488445 | AF22: 58.835275 | AI22: 65.740331 | AJ22: 70.073639 | AK22: 109.54401 | AL22: 64.316856 | AO22: 79.4 | AS22: 53.052368 | AU22: 71.196755 | AV22: 80.680418 | AW22: 45.475194 | AY22: 74.652002 | AZ22: 80.016313 | BA22: 63.019672 | BB22: 69.876708 | BC22: 47.900097 | BD22: 70.948409 | BE22: 71.183688 | BF22: 46.363962
A23: 2002-M09 | F23: 75.992439 | G23: 76.0181 | H23: 54.768118 | I23: 91.784702 | L23: 76.03589 | M23: 72.799067 | N23: 77.157993 | P23: 75.992439 | R23: 88.235294 | S23: 60.225895 | T23: 85.697786 | U23: 74.824455 | V23: 75.992439 | AA23: 74.58984 | AB23: 84.692418 | AC23: 95.401994 | AD23: 52.40806 | AE23: 78.649965 | AF23: 58.968386 | AI23: 66.802372 | AJ23: 69.680608 | AK23: 108.90774 | AL23: 64.857784 | AO23: 80 | AS23: 54.942274 | AU23: 71.622718 | AV23: 80.933335 | AW23: 46.049014 | AY23: 75.992439 | AZ23: 80.261011 | BA23: 63.746124 | BB23: 70.076641 | BC23: 49.390519 | BD23: 71.765082 | BE23: 71.616745 | BF23: 54.736302
A24: 2002-M10 | F24: 76.817323 | G24: 76.812714 | H24: 58.066686 | I24: 92.084652 | L24: 77.278676 | M24: 72.799067 | N24: 77.531941 | P24: 76.817323 | R24: 88.3391 | S24: 60.219895 | T24: 86.044273 | U24: 74.824455 | V24: 76.817323 | AA24: 75.498888 | AB24: 84.806867 | AC24: 95.10905 | AD24: 53.00246 | AE24: 78.750915 | AF24: 58.968386 | AI24: 66.908576 | AJ24: 69.566662 | AK24: 109.11983 | AL24: 64.815322 | AO24: 79.9 | AS24: 56.778183 | AU24: 72.109533 | AV24: 80.933335 | AW24: 46.622833 | AY24: 76.817323 | AZ24: 80.383361 | BA24: 64.230425 | BB24: 70.176608 | BC24: 50.937509 | BD24: 71.96925 | BE24: 72.103934 | BF24: 52.570212
A25: 2002-M11 | F25: 75.786218 | G25: 75.753228 | H25: 62.392986 | I25: 91.784702 | L25: 77.233484 | M25: 73.337521 | N25: 75.537551 | P25: 75.786218 | R25: 88.027682 | S25: 60.569495 | T25: 85.813282 | U25: 74.262709 | V25: 75.786218 | AA25: 75.068286 | AB25: 84.463519 | AC25: 95.206698 | AD25: 52.77956 | AE25: 78.912434 | AF25: 59.234609 | AI25: 64.572086 | AJ25: 70.004634 | AK25: 109.01379 | AL25: 65.260249 | AO25: 78.9 | AS25: 59.073069 | AU25: 72.170385 | AV25: 80.528668 | AW25: 46.909743 | AY25: 75.786218 | AZ25: 80.138662 | BA25: 63.867199 | BB25: 70.276574 | BC25: 51.765521 | BD25: 71.96925 | BE25: 72.049802 | BF25: 52.653646
A26: 2002-M12 | F26: 76.30177 | G26: 76.282971 | H26: 64.350808 | I26: 91.484752 | L26: 77.651512 | M26: 73.445212 | N26: 76.160798 | P26: 76.30177 | R26: 88.235294 | S26: 60.545795 | T26: 86.044273 | U26: 74.487408 | V26: 76.30177 | AA26: 74.733374 | AB26: 84.806867 | AC26: 95.011402 | AD26: 53.241282 | AE26: 78.922529 | AF26: 59.234609 | AI26: 65.421719 | AJ26: 71.816516 | AK26: 108.16543 | AL26: 66.109487 | AO26: 79.3 | AS26: 61.583944 | AU26: 71.98783 | AV26: 80.629835 | AW26: 47.770472 | AY26: 76.30177 | AZ26: 80.138662 | BA26: 64.048812 | BB26: 70.176608 | BC26: 53.114115 | BD26: 71.662998 | BE26: 71.941537 | BF26: 52.865442
... A38: 2003-M12 | F38: 73.930229 | G38: 73.899128 | H38: 68.376979 | I38: 88.285285 | L38: 82.091646 | M38: 74.629812 | N38: 75.412901 | P38: 73.930229 | R38: 88.442907 | S38: 64.586995 | T38: 88.700674 | U38: 75.723247 | V38: 73.930229 | AA38: 77.221296 | AB38: 85.035765 | AC38: 94.816106 | AD38: 54.382318 | AE38: 81.385704 | AF38: 61.630616 | AI38: 65.209311 | AJ38: 73.761084 | AK38: 101.69671 | AL38: 70.868576 | AO38: 78.7 | AS38: 67.280662 | AU38: 78.01217 | AV38: 83.614252 | AW38: 56.664674 | AY38: 73.930229 | AZ38: 80.750408 | BA38: 65.925478 | BB38: 72.575808 | BC38: 59.717991 | BD38: 71.96925 | BE38: 75.514255 | BF38: 63.711939
A39: 2004-M01 | F39: 74.858223 | G39: 74.826178 | H39: 68.892919 | I39: 88.985169 | L39: 82.656549 | M39: 74.414431 | N39: 75.786849 | P39: 74.858223 | R39: 88.650519 | S39: 64.464295 | T39: 88.354187 | U39: 76.060294 | V39: 74.858223 | AA39: 77.173452 | AB39: 85.150215 | AC39: 95.011402 | AD39: 55.21554 | AE39: 82.496151 | AF39: 62.695507 | AI39: 65.634127 | AJ39: 75.112041 | AK39: 100.10604 | AL39: 71.154176 | AM39: 76.508128 | AO39: 79 | AS39: 67.469652 | AU39: 81.176471 | AV39: 84.271835 | AW39: 58.386133 | AY39: 74.858223 | AZ39: 80.750408 | BA39: 66.591392 | BB39: 72.375875 | BC39: 61.967246 | BD39: 71.662998 | BE39: 76.542764 | BF39: 64.591211
A40: 2004-M02 | F40: 74.858223 | G40: 74.826178 | H40: 69.872595 | I40: 90.984835 | L40: 83.447412 | M40: 74.952885 | N40: 76.036148 | P40: 74.858223 | R40: 88.650519 | S40: 64.845295 | T40: 88.469682 | U40: 76.060294 | V40: 74.858223 | AA40: 78.369568 | AB40: 85.264664 | AC40: 95.206698 | AD40: 55.332297 | AE40: 83.525839 | AF40: 63.361065 | AI40: 65.315515 | AJ40: 75.251726 | AK40: 101.06045 | AL40: 72.011694 | AM40: 76.219145 | AO40: 79.2 | AS40: 68.5226 | AU40: 82.271805 | AV40: 84.878835 | AW40: 58.959952 | AY40: 74.858223 | AZ40: 80.995106 | BA40: 66.89408 | BB40: 72.175941 | BC40: 62.100235 | BD40: 71.560914 | BE40: 76.921689 | BF40: 64.56233
A41: 2004-M03 | F41: 75.889328 | G41: 75.885664 | H41: 70.632963 | I41: 91.684719 | L41: 83.899334 | M41: 74.737503 | N41: 76.784045 | P41: 75.889328 | R41: 89.065744 | S41: 64.980995 | T41: 88.585178 | U41: 76.959086 | V41: 75.889328 | AA41: 78.943705 | AB41: 85.83691 | AC41: 95.401994 | AD41: 55.666647 | AE41: 84.333437 | AF41: 63.627288 | AI41: 67.01478 | AJ41: 77.272535 | AK41: 101.48462 | AL41: 72.794983 | AM41: 76.724865 | AO41: 80.3 | AS41: 69.683543 | AU41: 82.697769 | AV41: 86.143419 | AW41: 59.390317 | AY41: 75.889328 | AZ41: 81.973899 | BA41: 67.378382 | BB41: 72.875708 | BC41: 62.46451 | BD41: 71.96925 | BE41: 77.46301 | BF41: 65.258688
A42: 2004-M04 | F42: 76.920433 | G42: 76.94515 | H42: 71.738456 | I42: 92.784535 | L42: 84.441641 | M42: 74.952885 | N42: 76.908694 | P42: 76.920433 | R42: 89.480969 | S42: 66.033694 | T42: 89.047161 | U42: 77.857878 | V42: 76.920433 | AA42: 80.235511 | AB42: 86.294707 | AC42: 95.694938 | AD42: 56.759919 | AE42: 84.737236 | AF42: 64.425957 | AI42: 67.652005 | AJ42: 77.412165 | AK42: 101.69671 | AL42: 73.493439 | AM42: 77.591812 | AO42: 81.2 | AS42: 68.144619 | AU42: 82.636917 | AV42: 87.964419 | AW42: 61.111775 | AY42: 76.920433 | AZ42: 82.463295 | BA42: 68.589134 | BB42: 73.275575 | BC42: 63.886918 | BD42: 71.96925 | BE42: 78.383255 | BF42: 67.139175
A43: 2004-M05 | F43: 78.673312 | G43: 78.666814 | H43: 72.961904 | I43: 94.684219 | L43: 85.435869 | M43: 76.891322 | N43: 77.78124 | P43: 78.673312 | R43: 90 | S43: 64.606395 | T43: 89.740135 | U43: 78.531973 | V43: 78.673312 | AA43: 80.522579 | AB43: 87.095851 | AC43: 95.694938 | AD43: 56.685619 | AE43: 84.939136 | AF43: 64.825291 | AI43: 69.669882 | AJ43: 77.558423 | AK43: 101.16649 | AL43: 73.862462 | AM43: 79.253462 | AO43: 82 | AS43: 68.306611 | AU43: 84.705882 | AV43: 89.127835 | AW43: 62.115959 | AY43: 78.673312 | AZ43: 82.830343 | BA43: 69.739349 | BB43: 73.375541 | BC43: 66.783772 | BD43: 72.785922 | BE43: 79.465897 | BF43: 68.628162
A44: 2004-M06 | F44: 79.188864 | G44: 79.196557 | H44: 74.108463 | I44: 94.184302 | L44: 85.740917 | M44: 77.86054 | N44: 77.90589 | P44: 79.188864 | R44: 90.103806 | S44: 64.335095 | T44: 89.509143 | U44: 77.970228 | V44: 79.188864 | AA44: 81.04887 | AB44: 87.095851 | AC44: 95.987881 | AD44: 57.179183 | AE44: 84.858376 | AF44: 66.156406 | AI44: 68.607841 | AJ44: 77.56656 | AK44: 101.37858 | AL44: 74.382062 | AM44: 79.759181 | AO44: 81.6 | AS44: 67.361658 | AU44: 84.827586 | AV44: 88.925502 | AW44: 62.402869 | AY44: 79.188864 | AZ44: 83.075041 | BA44: 69.860424 | BB44: 73.575475 | BC44: 67.321512 | BD44: 72.275502 | BE44: 79.682425 | BF44: 68.230243
A45: 2004-M07 | F45: 79.498196 | G45: 79.461428 | H45: 75.10736 | I45: 93.984335 | L45: 85.401975 | M45: 79.260522 | N45: 78.030539 | P45: 79.498196 | R45: 90.519031 | S45: 65.103695 | T45: 89.971126 | U45: 78.531973 | V45: 79.498196 | AA45: 80.235511 | AB45: 87.439199 | AC45: 96.476121 | AD45: 57.051812 | AE45: 85.201605 | AF45: 66.422629 | AI45: 69.776086 | AJ45: 77.377554 | AK45: 101.27253 | AL45: 74.765931 | AM45: 79.903672 | AO45: 82.7 | AS45: 67.631644 | AU45: 85.436105 | AV45: 89.127835 | AW45: 63.550508 | AY45: 79.498196 | AZ45: 82.952692 | BA45: 70.102575 | BB45: 73.675442 | BC45: 66.818465 | BD45: 72.683838 | BE45: 79.790689 | BF45: 68.628162
A46: 2004-M08 | F46: 81.044853 | G46: 81.050657 | H46: 76.297824 | I46: 94.384269 | L46: 85.481062 | M46: 79.260522 | N46: 79.027734 | P46: 81.044853 | R46: 90.934256 | S46: 65.336195 | T46: 90.202117 | U46: 78.86902 | V46: 81.044853 | AA46: 80.618268 | AB46: 87.782546 | AC46: 96.476121 | AD46: 57.104883 | AE46: 85.948633 | AF46: 66.821963 | AI46: 71.050535 | AJ46: 78.490184 | AK46: 101.06045 | AL46: 75.18868 | AM46: 81.348585 | AO46: 83.6 | AS46: 68.495602 | AU46: 85.436105 | AV46: 89.380752 | AW46: 64.554692 | AY46: 81.044853 | AZ46: 83.442088 | BA46: 71.071177 | BB46: 73.875375 | BC46: 67.471847 | BD46: 73.602594 | BE46: 80.115482 | BF46: 70.267973
A47: 2004-M09 | F47: 81.869737 | G47: 81.845271 | H47: 76.795198 | I47: 93.884352 | L47: 85.740917 | M47: 78.93745 | N47: 79.401683 | P47: 81.869737 | R47: 90.934256 | S47: 64.922795 | T47: 90.317613 | U47: 79.093718 | V47: 81.869737 | AA47: 81.527317 | AB47: 87.896996 | AC47: 96.671417 | AD47: 57.497612 | AE47: 86.301958 | AF47: 66.955075 | AI47: 71.369148 | AJ47: 78.51431 | AK47: 101.27253 | AL47: 75.409246 | AM47: 81.92655 | AO47: 84.1 | AS47: 68.92758 | AU47: 86.166329 | AV47: 89.279585 | AW47: 65.271967 | AY47: 81.869737 | AZ47: 84.053834 | BA47: 71.979241 | BB47: 73.975342 | BC47: 67.957548 | BD47: 74.623435 | BE47: 79.953086 | BF47: 69.359819
A48: 2004-M10 | F48: 83.725726 | G48: 83.699371 | H48: 77.265486 | I48: 93.384435 | L48: 86.113753 | M48: 79.04514 | N48: 80.398878 | P48: 83.725726 | R48: 91.349481 | S48: 65.891595 | T48: 91.588065 | U48: 79.767812 | V48: 83.725726 | AA48: 82.627744 | AB48: 88.354793 | AC48: 96.671417 | AD48: 57.842576 | AE48: 86.342337 | AF48: 67.354409 | AI48: 73.493229 | AJ48: 80.616955 | AK48: 100.9544 | AL48: 75.720299 | AM48: 83.299217 | AO48: 85.5 | AS48: 70.520501 | AU48: 88.41785 | AV48: 89.633669 | AW48: 66.276151 | AY48: 83.725726 | AZ48: 84.665579 | BA48: 73.068919 | BB48: 74.075308 | BC48: 69.63437 | BD48: 76.25678 | BE48: 81.198123 | BF48: 67.999194
A49: 2004-M11 | F49: 83.313284 | G49: 83.302064 | H49: 78.037212 | I49: 91.584735 | L49: 86.294521 | M49: 79.260522 | N49: 79.277033 | P49: 83.313284 | R49: 91.349481 | S49: 65.917495 | T49: 90.548604 | U49: 79.093718 | V49: 83.313284 | AA49: 83.488948 | AB49: 88.240343 | AC49: 96.769064 | AD49: 57.890341 | AE49: 86.402907 | AF49: 68.153078 | AI49: 71.68776 | AJ49: 79.896077 | AK49: 100.63627 | AL49: 76.276661 | AM49: 83.660446 | AO49: 84.6 | AS49: 70.790488 | AU49: 88.843813 | AV49: 89.279585 | AW49: 65.989241 | AY49: 83.313284 | AZ49: 85.032626 | BA49: 72.645155 | BB49: 74.175275 | BC49: 69.63437 | BD49: 76.154695 | BE49: 81.955973 | BF49: 67.784189
A50: 2004-M12 | F50: 83.210174 | G50: 83.302064 | H50: 78.411171 | I50: 91.784702 | L50: 85.89909 | M50: 78.291304 | N50: 78.778436 | P50: 83.210174 | R50: 90.934256 | S50: 65.303895 | T50: 90.086622 | U50: 77.970228 | V50: 83.210174 | AA50: 83.058346 | AB50: 88.011445 | AC50: 96.671417 | AD50: 58.771327 | AE50: 85.766924 | AF50: 68.28619 | AI50: 69.563678 | AJ50: 79.182499 | AK50: 99.787911 | AL50: 76.427946 | AM50: 81.059603 | AO50: 83.2 | AS50: 70.466504 | AU50: 89.148073 | AV50: 88.116169 | AW50: 64.985057 | AY50: 83.210174 | AZ50: 84.298532 | BA50: 72.584618 | BB50: 74.375208 | BC50: 68.882691 | BD50: 75.440107 | BE50: 81.306388 | BF50: 66.940216
... A85: 2007-M11 | F85: 94.449218 | G85: 94.426664 | H85: 86.980109 | I85: 95.792017 | L85: 92.802199 | M85: 90.783451 | N85: 98.971642 | P85: 94.449218 | R85: 99.653979 | S85: 91.621392 | T85: 98.40231 | U85: 95.384327 | V85: 94.449218 | AA85: 98.114824 | AB85: 99.227468 | AC85: 102.53029 | AD85: 81.852102 | AE85: 90.117859 | AF85: 93.976705 | AI85: 95.371272 | AJ85: 96.437559 | AK85: 99.469777 | AL85: 87.131718 | AM85: 100.56592 | AO85: 100.9 | AS85: 89.603554 | AU85: 100.95335 | AV85: 93.275669 | AW85: 86.216378 | AY85: 94.449218 | AZ85: 95.676998 | BA85: 87.87803 | BB85: 86.471176 | BC85: 82.671134 | BD85: 89.527705 | BE85: 96.896427 | BF85: 82.661219
A86: 2007-M12 | F86: 94.964771 | G86: 94.956407 | H86: 88.633216 | I86: 96.891926 | L86: 93.717342 | M86: 91.429597 | N86: 99.220941 | P86: 94.964771 | R86: 99.861592 | S86: 91.677992 | T86: 98.286814 | U86: 95.496676 | V86: 94.964771 | X86: 73.639127 | AA86: 99.400171 | AB86: 99.341917 | AC86: 102.82323 | AD86: 82.929452 | AE86: 90.481278 | AF86: 93.843594 | AI86: 97.070537 | AJ86: 97.202263 | AK86: 98.515376 | AL86: 87.353697 | AM86: 101.43287 | AO86: 100.7 | AS86: 89.905928 | AU86: 100.46653 | AV86: 92.719252 | AW86: 87.220562 | AY86: 94.964771 | AZ86: 95.921697 | BA86: 87.578105 | BB86: 86.97101 | BC86: 82.797131 | BD86: 90.548545 | BE86: 96.679899 | BF86: 82.253673
A87: 2008-M01 | F87: 96.098986 | G87: 96.015892 | H87: 89.591704 | I87: 97.891842 | L87: 94.801955 | M87: 93.152652 | N87: 100.46744 | P87: 96.098986 | R87: 100.38062 | S87: 91.824692 | T87: 98.979788 | U87: 95.946072 | V87: 96.098986 | X87: 74.529854 | AA87: 98.800343 | AB87: 99.799714 | AC87: 103.11618 | AD87: 87.891633 | AE87: 90.986027 | AF87: 95.041597 | AI87: 99.725639 | AJ87: 98.306834 | AK87: 99.575822 | AL87: 87.951768 | AM87: 103.88922 | AO87: 101.1 | AS87: 91.037032 | AU87: 101.80527 | AV87: 93.629752 | AW87: 88.798565 | AY87: 96.098986 | AZ87: 97.022838 | BA87: 88.977756 | BB87: 89.470177 | BC87: 83.146486 | BD87: 92.079806 | BE87: 97.979069 | BF87: 83.155408
A88: 2008-M02 | F88: 97.026981 | G88: 97.075378 | H88: 90.053254 | I88: 97.991834 | L88: 96.462768 | M88: 94.12187 | N88: 99.968838 | P88: 97.026981 | R88: 100.79585 | S88: 93.117292 | T88: 99.441771 | U88: 97.181912 | V88: 97.026981 | X88: 75.831686 | AA88: 98.286204 | AB88: 100.37196 | AC88: 103.70206 | AD88: 95.953187 | AE88: 91.834005 | AF88: 96.638935 | AI88: 99.725639 | AJ88: 99.921207 | AK88: 97.348887 | AL88: 88.833745 | AM88: 105.1174 | AO88: 101.9 | AS88: 94.004778 | AU88: 102.35294 | AV88: 94.076033 | AW88: 89.80275 | AY88: 97.026981 | AZ88: 97.512235 | BA88: 91.077231 | BB88: 90.969677 | BC88: 85.276978 | BD88: 93.202731 | BE88: 98.899314 | BF88: 85.475532
A89: 2008-M03 | F89: 97.748754 | G89: 97.737557 | H89: 90.77627 | I89: 99.891676 | L89: 96.236807 | M89: 94.444943 | N89: 101.46463 | P89: 97.748754 | R89: 101.31488 | S89: 93.749892 | T89: 99.903754 | U89: 98.305402 | V89: 97.748754 | X89: 77.561751 | AA89: 100.42845 | AB89: 101.05866 | AC89: 104.1903 | AD89: 98.861502 | AE89: 93.025212 | AF89: 97.171381 | AI89: 101.53111 | AJ89: 100.94081 | AK89: 95.970308 | AL89: 89.801591 | AM89: 108.80193 | AO89: 103 | AS89: 94.329551 | AU89: 103.38742 | AV89: 94.254545 | AW89: 90.950389 | AY89: 97.748754 | AZ89: 98.368679 | BA89: 91.877031 | BB89: 91.76941 | BC89: 87.980184 | BD89: 94.325655 | BE89: 101.71418 | BF89: 86.903547
A90: 2008-M04 | F90: 98.573638 | G90: 98.532171 | H90: 91.953628 | I90: 101.69153 | L90: 96.462768 | M90: 94.983398 | N90: 103.45902 | P90: 98.573638 | R90: 101.93772 | S90: 97.343692 | T90: 100.59673 | U90: 99.65359 | V90: 98.573638 | X90: 79.360334 | AA90: 102.22793 | AB90: 101.28755 | AC90: 105.06914 | AD90: 103.22928 | AE90: 95.003828 | AF90: 100.23295 | AI90: 103.54899 | AJ90: 102.47022 | AK90: 95.970308 | AL90: 90.47399 | AM90: 109.45214 | AO90: 104.2 | AS90: 94.385546 | AU90: 103.44828 | AV90: 94.076033 | AW90: 91.811118 | AY90: 98.573638 | AZ90: 98.858075 | BA90: 94.976256 | BB90: 92.169277 | BC90: 91.937632 | BD90: 97.081924 | BE90: 103.33815 | BF90: 88.045959
A91: 2008-M05 | F91: 99.295412 | G91: 99.326785 | H91: 93.996639 | I91: 102.69144 | L91: 97.084161 | M91: 96.38338 | N91: 106.94921 | P91: 99.295412 | R91: 102.97578 | S91: 96.289392 | T91: 101.17421 | U91: 102.23762 | V91: 99.295412 | X91: 80.319578 | AA91: 104.28449 | AB91: 102.66094 | AC91: 106.33856 | AD91: 119.79288 | AE91: 96.911778 | AF91: 101.56406 | AI91: 106.5227 | AJ91: 104.67936 | AK91: 96.182397 | AL91: 91.174041 | AM91: 112.5587 | AO91: 107.4 | AS91: 95.091086 | AU91: 105.39554 | AV91: 94.790083 | AW91: 92.958757 | AY91: 99.295412 | AZ91: 100.08157 | BA91: 99.275181 | BB91: 92.96901 | BC91: 93.884856 | BD91: 100.04236 | BE91: 106.42367 | BF91: 91.014305
A92: 2008-M06 | F92: 100.84207 | G92: 100.78358 | H92: 96.150833 | I92: 104.59128 | L92: 98.643292 | M92: 97.352598 | N92: 111.68588 | P92: 100.84207 | R92: 103.70242 | S92: 97.912092 | T92: 102.09817 | U92: 104.14755 | V92: 100.84207 | X92: 81.645489 | AA92: 106.6838 | AB92: 103.57654 | AC92: 107.31504 | AD92: 137.44976 | AE92: 98.466405 | AF92: 102.89517 | AI92: 110.98327 | AJ92: 107.56824 | AK92: 95.652174 | AL92: 91.86536 | AM92: 117.03793 | AO92: 109.2 | AS92: 95.819023 | AU92: 107.58621 | AV92: 95.057851 | AW92: 94.393305 | AY92: 100.84207 | AZ92: 101.06036 | BA92: 101.77456 | BB92: 93.768744 | BC92: 94.188394 | BD92: 102.39029 | BE92: 108.53482 | BF92: 93.308757
A93: 2008-M07 | F93: 102.38873 | G93: 102.37281 | H93: 97.384328 | I93: 105.49121 | L93: 99.660117 | M93: 100.15256 | N93: 113.80492 | P93: 102.38873 | R93: 104.42907 | S93: 97.251992 | T93: 103.59962 | U93: 105.49574 | V93: 102.38873 | X93: 84.4503 | AA93: 108.31191 | AB93: 104.60658 | AC93: 109.65859 | AD93: 141.98206 | AE93: 100.38445 | AF93: 103.29451 | AI93: 112.36393 | AJ93: 107.56824 | AK93: 99.469777 | AL93: 92.651281 | AM93: 117.03793 | AO93: 110.2 | AS93: 96.546961 | AU93: 109.16836 | AV93: 94.879339 | AW93: 95.39749 | AY93: 102.38873 | AZ93: 102.6509 | BA93: 103.07423 | BB93: 95.468177 | BC93: 95.362456 | BD93: 102.90071 | BE93: 111.24143 | BF93: 95.304769
A94: 2008-M08 | F94: 101.77006 | G94: 101.71063 | H94: 96.607578 | I94: 105.79118 | L94: 99.332473 | M94: 100.58333 | N94: 110.19009 | P94: 101.77006 | R94: 104.11765 | S94: 97.948792 | T94: 103.25313 | U94: 103.58581 | V94: 101.77006 | X94: 86.490162 | AA94: 107.96915 | AB94: 104.26323 | AC94: 109.75623 | AD94: 151.41286 | AE94: 100.10179 | AF94: 104.75874 | AI94: 112.68254 | AJ94: 105.18916 | AK94: 99.893955 | AL94: 92.582876 | AM94: 119.78326 | AO94: 108 | AS94: 95.382261 | AU94: 109.59432 | AV94: 94.968595 | AW94: 95.684399 | AY94: 101.77006 | AZ94: 102.1615 | BA94: 100.77481 | BB94: 96.767744 | BC94: 93.134602 | BD94: 101.16529 | BE94: 107.72284 | BF94: 98.491328
A95: 2008-M09 | F95: 101.66695 | G95: 101.57819 | H95: 97.032432 | I95: 104.59128 | L95: 101.01588 | M95: 102.52176 | N95: 109.06825 | P95: 101.66695 | R95: 103.91003 | S95: 95.537592 | T95: 103.36862 | U95: 102.68701 | V95: 101.66695 | X95: 88.020059 | AA95: 106.59811 | AB95: 104.14878 | AC95: 109.0727 | AD95: 145.16635 | AE95: 99.687897 | AF95: 103.82696 | AI95: 112.15152 | AJ95: 104.16956 | AK95: 103.60551 | AL95: 93.003489 | AM95: 117.4714 | AO95: 107.2 | AS95: 94.363148 | AU95: 109.95943 | AV95: 95.32562 | AW95: 95.971309 | AY95: 101.66695 | AZ95: 101.6721 | BA95: 99.575106 | BB95: 97.367544 | BC95: 92.298441 | BD95: 100.65487 | BE95: 106.58607 | BF95: 97.33608
A96: 2008-M10 | F96: 100.22341 | G96: 100.25384 | H96: 98.352208 | I96: 104.3913 | L96: 102.99304 | M96: 102.62945 | N96: 103.33437 | P96: 100.22341 | R96: 103.18339 | S96: 92.704792 | T96: 103.25313 | U96: 99.091845 | V96: 100.22341 | X96: 88.937997 | AA96: 104.97001 | AB96: 102.3176 | AC96: 106.92445 | AD96: 136.41486 | AE96: 99.425428 | AF96: 105.29118 | AI96: 107.58474 | AJ96: 99.411405 | AK96: 105.19618 | AL96: 94.371573 | AM96: 113.49789 | AO96: 102.7 | AS96: 93.791996 | AU96: 109.89858 | AV96: 95.32562 | AW96: 96.401674 | AY96: 100.22341 | AZ96: 100.44861 | BA96: 93.076731 | BB96: 98.567144 | BC96: 92.825337 | BD96: 99.531941 | BE96: 100.9022 | BF96: 95.737987
A97: 2008-M11 | F97: 97.026981 | G97: 96.942942 | H97: 98.184014 | I97: 101.39155 | L97: 102.97045 | M97: 100.04487 | N97: 95.481458 | P97: 97.026981 | R97: 101.52249 | S97: 93.520692 | T97: 101.86718 | U97: 95.04728 | V97: 97.026981 | X97: 89.549955 | AA97: 98.714653 | AB97: 100.37196 | AC97: 104.97149 | AD97: 128.83447 | AE97: 97.113678 | AF97: 103.96007 | AI97: 100.46907 | AJ97: 97.117295 | AK97: 105.30223 | AL97: 94.73397 | AM97: 104.90066 | AO97: 98 | AS97: 93.523219 | AU97: 109.35091 | AV97: 95.147107 | AW97: 95.11058 | AY97: 97.026981 | AZ97: 98.12398 | BA97: 89.477631 | BB97: 98.567144 | BC97: 92.796701 | BD97: 98.511101 | BE97: 95.705521 | BF97: 89.772413
A98: 2008-M12 | F98: 93.211892 | G98: 93.234742 | H98: 97.323604 | I98: 98.791767 | L98: 102.14569 | M98: 100.04487 | N98: 91.243378 | P98: 93.211892 | R98: 100.17301 | S98: 92.998192 | T98: 100.94321 | U98: 91.676809 | V98: 93.211892 | X98: 89.294973 | AA98: 95.029991 | AB98: 98.769671 | AC98: 103.70206 | AD98: 128.057 | AE98: 95.478292 | AF98: 103.1614 | AI98: 90.273476 | AJ98: 94.653252 | AK98: 104.55992 | AL98: 94.863501 | AM98: 98.687538 | AO98: 92.3 | AS98: 91.574586 | AU98: 107.76876 | AV98: 94.790083 | AW98: 94.249851 | AY98: 93.211892 | AZ98: 96.044046 | BA98: 86.178455 | BB98: 98.467178 | BC98: 89.509328 | BD98: 97.073835 | BE98: 92.511729 | BF98: 87.542143
A99: 2009-M01 | F99: 92.902561 | G99: 92.837435 | H99: 97.004691 | I99: 98.791767 | J99: 69.506073 | L99: 100.65435 | M99: 96.921834 | N99: 90.246183 | P99: 92.902561 | R99: 98.304498 | S99: 89.496093 | T99: 100.25024 | U99: 92.013856 | V99: 92.902561 | X99: 88.581021 | AA99: 92.802057 | AB99: 98.082976 | AC99: 102.1397 | AD99: 120.13254 | AE99: 95.205727 | AF99: 102.36273 | AI99: 89.848659 | AJ99: 94.398351 | AK99: 103.28738 | AL99: 94.885332 | AM99: 95.797712 | AO99: 90.7 | AS99: 91.742571 | AU99: 104.72617 | AV99: 96.932231 | AW99: 95.254035 | AY99: 92.902561 | AZ99: 96.288744 | BA99: 86.778305 | BB99: 98.367211 | BC99: 89.715505 | BD99: 97.380061 | BE99: 92.674125 | BF99: 88.642837
A100: 2009-M02 | F100: 92.180787 | G100: 92.175257 | H100: 96.704999 | I100: 99.191734 | J100: 69.270322 | L100: 102.46203 | M100: 96.921834 | N100: 90.994079 | P100: 92.180787 | R100: 97.99308 | S100: 90.862092 | T100: 99.903754 | U100: 91.452111 | V100: 92.180787 | X100: 88.275041 | AA100: 93.830334 | AB100: 97.625179 | AC100: 101.65146 | AD100: 101.47262 | AE100: 95.851806 | AF100: 100.8985 | AI100: 90.592088 | AJ100: 92.953912 | AK100: 103.18134 | AL100: 95.397636 | AM100: 98.254064 | AO100: 90.4 | AS100: 91.87696 | AU100: 103.75254 | AV100: 99.431405 | AW100: 95.540944 | AY100: 92.180787 | AZ100: 96.288744 | BA100: 87.47813 | BB100: 98.067311 | BC100: 90.76357 | BD100: 96.767608 | BE100: 91.645615 | BF100: 89.502856
A101: 2009-M03 | F101: 90.943461 | G101: 90.850899 | H101: 95.296102 | I101: 99.691692 | J101: 71.9774 | L101: 102.77838 | M101: 95.521852 | N101: 90.994079 | P101: 90.943461 | R101: 97.474048 | S101: 88.157593 | T101: 99.21078 | U101: 91.115064 | V101: 90.943461 | X101: 88.020059 | AA101: 94.173093 | AB101: 96.938484 | AC101: 101.45616 | AD101: 102.99046 | AE101: 96.30608 | AF101: 99.301165 | AI101: 89.530047 | AJ101: 91.679407 | AK101: 102.65111 | AL101: 95.930315 | AM101: 88.71764 | AO101: 90.2 | AS101: 91.955353 | AU101: 103.81339 | AV101: 99.431405 | AW101: 95.254035 | AY101: 90.943461 | AZ101: 95.799347 | BA101: 88.177956 | BB101: 98.167278 | BC101: 91.027018 | BD101: 97.482137 | BE101: 90.99603 | BF101: 91.839024
A102: 2009-M04 | F102: 91.665235 | G102: 91.645514 | H102: 95.199117 | I102: 99.191734 | J102: 75.725038 | L102: 102.78968 | M102: 95.19878 | N102: 91.617326 | P102: 91.665235 | R102: 96.851211 | S102: 87.836693 | T102: 98.286814 | U102: 91.452111 | V102: 91.665235 | X102: 88.122052 | AA102: 95.8012 | AB102: 96.595136 | AC102: 100.77263 | AD102: 107.65544 | AE102: 96.417124 | AF102: 98.502496 | AI102: 89.636251 | AJ102: 92.614044 | AK102: 98.727466 | AL102: 95.463129 | AM102: 89.945816 | AO102: 89.9 | AS102: 91.664178 | AU102: 104.54361 | AV102: 98.538843 | AW102: 95.39749 | AY102: 91.665235 | AZ102: 95.676998 | BA102: 92.176956 | BB102: 98.067311 | BC102: 91.616912 | BD102: 96.461381 | BE102: 91.537351 | BF102: 90.731911
A103: 2009-M05 | F103: 93.108782 | G103: 93.102307 | H103: 95.106501 | I103: 98.091826 | J103: 76.350999 | L103: 102.22477 | M103: 94.768016 | N103: 91.991275 | P103: 93.108782 | R103: 96.747405 | S103: 87.772493 | T103: 98.286814 | U103: 92.575602 | V103: 93.108782 | X103: 88.683014 | AA103: 94.944302 | AB103: 96.709585 | AC103: 100.38204 | AD103: 103.3938 | AE103: 95.680191 | AF103: 97.570715 | AI103: 90.273476 | AJ103: 93.123846 | AK103: 98.727466 | AL103: 95.01923 | AM103: 90.740518 | AO103: 90.7 | AS103: 92.526504 | AU103: 104.84787 | AV103: 98.271074 | AW103: 95.540944 | AY103: 93.108782 | AZ103: 95.676998 | BA103: 92.176956 | BB103: 98.067311 | BC103: 91.571095 | BD103: 96.665532 | BE103: 92.457597 | BF103: 90.956543
A104: 2009-M06 | F104: 94.139887 | G104: 94.161792 | H104: 94.497945 | I104: 98.591784 | J104: 80.057989 | L104: 101.34353 | M104: 95.091089 | N104: 94.484263 | P104: 94.139887 | R104: 97.16263 | S104: 88.661793 | T104: 98.171319 | U104: 94.597884 | V104: 94.139887 | X104: 89.753942 | AA104: 95.71551 | AB104: 97.167382 | AC104: 99.991445 | AD104: 101.00559 | AE104: 95.427817 | AF104: 95.973378 | AI104: 92.291353 | AJ104: 94.14345 | AK104: 98.515376 | AL104: 95.276837 | AM104: 93.052378 | AO104: 92.1 | AS104: 93.27684 | AU104: 106.18661 | AV104: 99.07438 | AW104: 95.684399 | AY104: 94.139887 | AZ104: 96.288744 | BA104: 90.977256 | BB104: 98.267244 | BC104: 92.435892 | BD104: 96.25723 | BE104: 94.243955 | BF104: 92.336423
A105: 2009-M07 | F105: 93.418113 | G105: 93.367178 | H105: 93.398567 | I105: 97.891842 | J105: 81.122936 | L105: 101.03848 | M105: 97.137216 | N105: 94.359614 | P105: 93.418113 | R105: 97.058824 | S105: 88.533393 | T105: 97.247353 | U105: 93.811441 | V105: 93.418113 | X105: 91.181845 | AA105: 97.514996 | AB105: 96.709585 | AC105: 100.47968 | AD105: 98.787202 | AE105: 96.518074 | AF105: 95.707155 | AI105: 90.37968 | AJ105: 93.633648 | AK105: 96.818664 | AL105: 95.58975 | AM105: 94.425045 | AO105: 91.8 | AS105: 93.27684 | AU105: 105.63895 | AV105: 97.557025 | AW105: 95.540944 | AY105: 93.418113 | AZ105: 96.166395 | BA105: 89.677581 | BB105: 96.367877 | BC105: 91.782999 | BD105: 95.951004 | BE105: 93.377842 | BF105: 93.575105
A106: 2009-M08 | F106: 94.552329 | G106: 94.559099 | H106: 93.467156 | I106: 98.491792 | J106: 87.634558 | L106: 100.338 | M106: 96.921834 | N106: 94.858211 | P106: 94.552329 | R106: 97.577855 | S106: 89.936093 | T106: 97.478345 | U106: 95.496676 | V106: 94.552329 | X106: 92.201776 | AA106: 97.172237 | AB106: 97.167382 | AC106: 100.38204 | AD106: 97.895602 | AE106: 97.073298 | AF106: 95.707155 | AI106: 91.654129 | AJ106: 94.738219 | AK106: 97.348887 | AL106: 95.856089 | AM106: 94.786273 | AO106: 93.1 | AS106: 94.363148 | AU106: 106.97769 | AV106: 97.2 | AW106: 95.971309 | AY106: 94.552329 | AZ106: 96.655791 | BA106: 90.277431 | BB106: 96.567811 | BC106: 92.166717 | BD106: 96.359306 | BE106: 94.731144 | BF106: 95.279097
A107: 2009-M09 | F107: 94.036776 | G107: 94.029357 | H107: 93.734955 | I107: 97.891842 | J107: 89.439277 | L107: 99.501944 | M107: 97.352598 | N107: 94.608912 | P107: 94.036776 | R107: 97.266436 | S107: 91.329592 | T107: 97.247353 | U107: 94.710233 | V107: 94.036776 | X107: 91.691811 | AA107: 98.114824 | AB107: 96.938484 | AC107: 100.47968 | AD107: 98.649217 | AE107: 97.164153 | AF107: 95.840266 | AI107: 90.167271 | AJ107: 93.973516 | AK107: 96.818664 | AL107: 96.569239 | AM107: 95.364238 | AO107: 92.3 | AS107: 94.598328 | AU107: 105.9432 | AV107: 97.021488 | AW107: 96.258219 | AY107: 94.036776 | AZ107: 96.288744 | BA107: 92.276931 | BB107: 96.467844 | BC107: 92.733703 | BD107: 96.971759 | BE107: 94.243955 | BF107: 95.1379
A108: 2009-M10 | F108: 93.830555 | G108: 93.764485 | H108: 93.660906 | I108: 97.591867 | J108: 89.975815 | L108: 98.790167 | M108: 97.460289 | N108: 93.985665 | P108: 93.830555 | R108: 97.99308 | S108: 90.862092 | T108: 97.247353 | U108: 95.609025 | V108: 93.830555 | X108: 92.048787 | AA108: 97.257926 | AB108: 97.052933 | AC108: 99.698501 | AD108: 97.778845 | AE108: 96.38684 | AF108: 95.973378 | AI108: 90.37968 | AJ108: 96.097691 | AK108: 96.50053 | AL108: 96.685672 | AM108: 94.280554 | AO108: 92.9 | AS108: 96.524563 | AU108: 104.84787 | AV108: 97.378512 | AW108: 96.258219 | AY108: 93.830555 | AZ108: 96.288744 | BA108: 95.576106 | BB108: 96.767744 | BC108: 92.997151 | BD108: 98.09459 | BE108: 94.839408 | BF108: 95.054465
A109: 2009-M11 | F109: 94.964771 | G109: 94.956407 | H109: 93.624646 | I109: 98.391801 | J109: 91.187091 | L109: 98.982234 | M109: 97.029525 | N109: 95.980056 | P109: 94.964771 | R109: 97.99308 | S109: 91.641292 | T109: 97.362849 | U109: 95.946072 | V109: 94.964771 | X109: 93.680677 | AA109: 98.457584 | AB109: 97.281831 | AC109: 99.698501 | AD109: 99.105631 | AE109: 96.719974 | AF109: 94.242928 | AI109: 91.547925 | AJ109: 97.117295 | AK109: 96.182397 | AL109: 97.200886 | AM109: 96.303432 | AO109: 93.5 | AS109: 97.543676 | AU109: 105.51724 | AV109: 97.021488 | AW109: 96.545129 | AY109: 94.964771 | AZ109: 96.411093 | BA109: 96.575856 | BB109: 97.067644 | BC109: 94.199848 | BD109: 97.788363 | BE109: 96.030314 | BF109: 95.324023
A110: 2009-M12 | F110: 94.964771 | G110: 94.956407 | H110: 93.357502 | I110: 98.491792 | J110: 93.276337 | L110: 99.908674 | M110: 96.598762 | N110: 93.736366 | P110: 94.964771 | R110: 97.889273 | S110: 92.649792 | T110: 97.362849 | U110: 96.28312 | V110: 94.964771 | X110: 94.292635 | AA110: 98.286204 | AB110: 97.281831 | AC110: 99.796149 | AD110: 100.31035 | AE110: 97.204533 | AF110: 94.642263 | AI110: 91.441721 | AJ110: 98.051933 | AK110: 95.864263 | AL110: 97.633143 | AM110: 96.014449 | AO110: 93.7 | AS110: 96.927729 | AU110: 105.39554 | AV110: 96.842975 | AW110: 96.545129 | AY110: 94.964771 | AZ110: 96.411093 | BA110: 94.676331 | BB110: 96.767744 | BC110: 94.818378 | BD110: 98.502892 | BE110: 96.409239 | BF110: 96.77771
A111: 2010-M01 | F111: 96.408318 | G111: 96.413199 | H111: 94.252207 | I111: 99.091742 | J111: 96.544342 | K111: 97.786812 | L111: 99.569733 | M111: 97.56798 | N111: 97.974447 | P111: 96.408318 | R111: 98.512111 | S111: 93.363192 | T111: 98.055823 | U111: 97.294261 | V111: 96.408318 | X111: 94.751604 | AA111: 97.943445 | AB111: 98.426323 | AC111: 99.991445 | AD111: 100.46775 | AE111: 97.628522 | AF111: 95.574043 | AI111: 93.24719 | AJ111: 98.391801 | AK111: 99.363733 | AL111: 98.350659 | AM111: 96.014449 | AO111: 95.09434 | AS111: 95.494251 | AU111: 104.3002 | AV111: 97.2 | AW111: 97.262403 | AY111: 96.408318 | AZ111: 97.267537 | BA111: 96.675831 | BB111: 96.467844 | BC111: 95.368183 | BD111: 98.911194 | BE111: 98.466258 | BF111: 95.213999
A112: 2010-M02 | F112: 96.92387 | G112: 96.942942 | H112: 95.549485 | I112: 98.991751 | J112: 93.49583 | K112: 97.997009 | L112: 99.479348 | M112: 97.56798 | N112: 97.974447 | P112: 96.92387 | R112: 98.719723 | S112: 94.317492 | T112: 98.171319 | U112: 97.631308 | V112: 96.92387 | X112: 95.567549 | AA112: 98.286204 | AB112: 98.540773 | AC112: 99.991445 | AD112: 101.00348 | AE112: 97.800136 | AF112: 95.707155 | AI112: 95.158864 | AJ112: 98.391801 | AK112: 98.091198 | AL112: 98.880427 | AM112: 96.953642 | AO112: 95.917667 | AS112: 95.03509 | AU112: 101.86613 | AV112: 97.1 | AW112: 97.405858 | AY112: 96.92387 | AZ112: 97.634584 | BA112: 97.775556 | BB112: 97.167611 | BC112: 96.954598 | BD112: 99.217421 | BE112: 97.979069 | BF112: 95.20457
A113: 2010-M03 | F113: 98.058086 | G113: 98.002428 | H113: 96.050572 | I113: 98.991751 | J113: 98.471002 | K113: 98.449724 | L113: 99.739203 | M113: 97.891053 | N113: 98.223746 | P113: 98.058086 | R113: 98.927336 | S113: 94.586192 | T113: 98.633301 | U113: 98.979496 | V113: 98.058086 | X113: 96.383494 | AA113: 99.485861 | AB113: 98.88412 | AC113: 99.991445 | AD113: 97.906216 | AE113: 98.25441 | AF113: 96.505824 | AI113: 98.45119 | AJ113: 99.891676 | AK113: 99.893955 | AL113: 99.504797 | AM113: 98.615292 | AO113: 97.564322 | AS113: 96.569359 | AU113: 102.04868 | AV113: 96.9 | AW113: 97.836222 | AY113: 98.058086 | AZ113: 98.368679 | BA113: 99.275181 | BB113: 97.767411 | BC113: 98.838824 | BD113: 101.25893 | BE113: 99.224107 | BF113: 94.289957
A114: 2010-M04 | F114: 99.192301 | G114: 99.194349 | H114: 96.705218 | I114: 99.491709 | J114: 101.61707 | K114: 99.542064 | L114: 100.48487 | M114: 98.321816 | N114: 99.594889 | P114: 99.192301 | R114: 99.550173 | S114: 97.365692 | T114: 99.21078 | U114: 100.44003 | V114: 99.192301 | X114: 97.250436 | AA114: 100.68552 | AB114: 99.570815 | AC114: 100.29943 | AD114: 99.429367 | AE114: 98.971154 | AF114: 98.502496 | AI114: 100.25666 | AJ114: 99.791684 | AK114: 99.469777 | AL114: 99.250101 | AM114: 99.987959 | AO114: 100.03431 | AS114: 97.521278 | AU114: 99.127789 | AV114: 98.2 | AW114: 98.553497 | AY114: 99.192301 | AZ114: 99.59217 | BA114: 99.975006 | BB114: 98.667111 | BC114: 101.16404 | BD114: 101.36101 | BE114: 99.81956 | BF114: 94.016516
A115: 2010-M05 | F115: 100.01719 | G115: 99.988964 | H115: 98.695805 | I115: 99.891676 | J115: 95.658241 | K115: 99.822728 | L115: 101.63728 | M115: 100.26025 | N115: 100.09349 | P115: 100.01719 | R115: 99.550173 | S115: 99.496592 | T115: 99.788258 | U115: 99.878289 | V115: 100.01719 | X115: 98.729336 | AA115: 101.11397 | AB115: 100.25751 | AC115: 100.29943 | AD115: 100.74023 | AE115: 99.809037 | AF115: 100.23295 | AI115: 100.46907 | AJ115: 98.591784 | AK115: 99.681866 | AL115: 99.638695 | AM115: 101.28838 | AO115: 100.54889 | AS115: 97.006122 | AU115: 99.188641 | AV115: 100.2 | AW115: 99.270771 | AY115: 100.01719 | AZ115: 100.08157 | BA115: 99.575106 | BB115: 100.66644 | BC115: 100.00143 | BD115: 99.829874 | BE115: 100.03609 | BF115: 95.213999
A116: 2010-M06 | F116: 100.32652 | G116: 100.38627 | H116: 99.122624 | I116: 99.091742 | J116: 93.536477 | K116: 99.50141 | L116: 100.25891 | M116: 100.36794 | N116: 99.096292 | P116: 100.32652 | R116: 99.861592 | S116: 100.31189 | T116: 100.36574 | U116: 100.66473 | V116: 100.32652 | X116: 98.780332 | AA116: 99.143102 | AB116: 100.37196 | AC116: 99.991445 | AD116: 99.90701 | AE116: 99.920081 | AF116: 101.43095 | AI116: 101.10629 | AJ116: 98.991751 | AK116: 101.48462 | AL116: 99.77987 | AM116: 100.0602 | AO116: 100.96055 | AS116: 97.196506 | AU116: 100.04057 | AV116: 101.2 | AW116: 99.557681 | AY116: 100.32652 | AZ116: 100.44861 | BA116: 101.47463 | BB116: 101.36621 | BC116: 99.497444 | BD116: 99.421572 | BE116: 99.332371 | BF116: 96.581203
A117: 2010-M07 | F117: 100.22341 | G117: 100.25384 | H117: 99.461415 | I117: 98.991751 | J117: 95.154221 | K117: 99.072987 | L117: 99.490646 | M117: 101.55254 | N117: 99.844188 | P117: 100.22341 | R117: 100.0692 | S117: 99.533692 | T117: 100.59673 | U117: 99.541241 | V117: 100.22341 | X117: 99.392291 | AA117: 99.485861 | AB117: 100.48641 | AC117: 99.991445 | AD117: 97.853145 | AE117: 100.17246 | AF117: 101.56406 | AI117: 100.15046 | AJ117: 98.491792 | AK117: 100.21209 | AL117: 100.29799 | AM117: 100.49368 | AO117: 100.13722 | AS117: 98.305211 | AU117: 99.979716 | AV117: 101.3 | AW117: 100.27496 | AY117: 100.22341 | AZ117: 100.32626 | BA117: 99.675081 | BB117: 101.16628 | BC117: 99.342812 | BD117: 99.115345 | BE117: 99.657163 | BF117: 102.16317
A118: 2010-M08 | F118: 100.73896 | G118: 100.78358 | H118: 101.1569 | I118: 99.391717 | J118: 98.999411 | K118: 99.473304 | L118: 99.00483 | M118: 101.66024 | N118: 99.968838 | P118: 100.73896 | R118: 100.0692 | S118: 102.13709 | T118: 100.59673 | U118: 99.878289 | V118: 100.73896 | X118: 101.48315 | AA118: 99.91431 | AB118: 100.71531 | AC118: 99.888784 | AD118: 97.757616 | AE118: 100.47531 | AF118: 102.09651 | AI118: 100.15046 | AJ118: 98.991751 | AK118: 99.257688 | AL118: 100.36349 | AM118: 100.2047 | AO118: 100.24014 | AS118: 99.593101 | AU118: 99.188641 | AV118: 101.1 | AW118: 100.41841 | AY118: 100.73896 | AZ118: 100.44861 | BA118: 99.875031 | BB118: 100.56648 | BC118: 100.48824 | BD118: 98.707043 | BE118: 100.09022 | BF118: 105.51046
A119: 2010-M09 | F119: 101.35762 | G119: 101.31332 | H119: 102.64705 | I119: 100.19165 | J119: 101.70649 | K119: 100.33176 | L119: 98.293053 | M119: 101.55254 | N119: 100.21814 | P119: 101.35762 | R119: 100.48443 | S119: 104.12909 | T119: 100.82772 | U119: 100.21534 | V119: 101.35762 | X119: 101.99312 | AA119: 99.82862 | AB119: 100.82976 | AC119: 99.888784 | AD119: 99.296688 | AE119: 101.05072 | AF119: 102.36273 | AI119: 100.36286 | AJ119: 98.791767 | AK119: 100.9544 | AL119: 100.54978 | AM119: 100.0602 | AO119: 100.75472 | AS119: 101.32895 | AU119: 98.640974 | AV119: 101.2 | AW119: 101.56605 | AY119: 101.35762 | AZ119: 100.69331 | BA119: 100.77481 | BB119: 101.26624 | BC119: 100.99795 | BD119: 99.319496 | BE119: 100.09022 | BF119: 105.09559
A120: 2010-M10 | F120: 101.46073 | G120: 101.44576 | H120: 104.00484 | I120: 101.09158 | J120: 105.47039 | K120: 101.27383 | L120: 98.304351 | M120: 101.66024 | N120: 101.09068 | P120: 101.46073 | R120: 100.89965 | S120: 104.74059 | T120: 100.94321 | U120: 100.32768 | V120: 101.46073 | X120: 103.93098 | AA120: 100.68552 | AB120: 100.25751 | AC120: 99.786124 | AD120: 98.872117 | AE120: 101.42423 | AF120: 101.96339 | AI120: 101.2125 | AJ120: 100.89159 | AK120: 100.63627 | AL120: 100.6211 | AM120: 100.85491 | AO120: 101.57804 | AS120: 105.37181 | AU120: 98.336714 | AV120: 101.2 | AW120: 101.99641 | AY120: 101.46073 | AZ120: 100.93801 | BA120: 101.57461 | BB120: 101.16628 | BC120: 102.21783 | BD120: 100.44233 | BE120: 101.01047 | BF120: 106.8871
A121: 2010-M11 | F121: 101.87317 | G121: 101.84306 | H121: 106.06598 | I121: 101.89151 | J121: 107.2182 | K121: 103.04203 | L121: 100.57526 | M121: 100.79871 | N121: 101.96323 | P121: 101.87317 | R121: 101.41869 | S121: 104.44409 | T121: 101.05871 | U121: 101.67587 | V121: 101.87317 | X121: 105.46088 | AA121: 101.54242 | AB121: 100.60086 | AC121: 99.683463 | AD121: 102.85248 | AE121: 101.77756 | AF121: 101.96339 | AI121: 103.23037 | AJ121: 102.89143 | AK121: 99.469777 | AL121: 101.00096 | AM121: 101.64961 | AO121: 102.71012 | AS121: 107.15246 | AU121: 98.032454 | AV121: 101.6 | AW121: 102.57023 | AY121: 101.87317 | AZ121: 101.54976 | BA121: 102.27443 | BB121: 101.76608 | BC121: 101.89711 | BD121: 100.5444 | BE121: 101.60592 | BF121: 104.91644
A122: 2010-M12 | F122: 103.41983 | G122: 103.43229 | H122: 106.28791 | I122: 102.89143 | J122: 112.12834 | K122: 103.70635 | L122: 103.16251 | M122: 100.79871 | N122: 103.95762 | P122: 103.41983 | R122: 101.93772 | S122: 105.57439 | T122: 101.75168 | U122: 103.47346 | V122: 103.41983 | X122: 106.27683 | AA122: 101.88518 | AB122: 101.05866 | AC122: 100.19677 | AD122: 103.9139 | AE122: 102.71639 | AF122: 102.09651 | AI122: 106.20409 | AJ122: 105.89118 | AK122: 101.48462 | AL122: 101.76214 | AM122: 103.81698 | AO122: 104.45969 | AS122: 109.42586 | AU122: 99.249493 | AV122: 102.8 | AW122: 103.28751 | AY122: 103.41983 | AZ122: 102.6509 | BA122: 101.07473 | BB122: 101.96601 | BC122: 103.23153 | BD122: 101.87138 | BE122: 102.68856 | BF122: 104.90701
... A207: 2018-M01 | F207: 113.73088 | G207: 113.76228 | H207: 150.87662 | I207: 115.49038 | J207: 116.58039 | K207: 108.51126 | L207: 125.97328 | M207: 99.075653 | N207: 110.56404 | P207: 113.73088 | R207: 105.36332 | S207: 147.13849 | T207: 106.14052 | U207: 104.2599 | V207: 113.73088 | X207: 359.7568 | AA207: 103.54344 | AB207: 104.72103 | AC207: 102.9686 | AD207: 102.10995 | AE207: 103.4937 | AF207: 115.00832 | AI207: 104.29242 | AJ207: 108.29098 | AK207: 97.454931 | AL207: 137.35851 | AM207: 109.49468 | AO207: 106.72384 | AS207: 135.28446 | AU207: 59.513185 | AV207: 108.33723 | AW207: 117.77645 | AY207: 155.07161 | AZ207: 109.50245 | BA207: 101.87453 | BB207: 133.65545 | BC207: 184.79735 | BD207: 108.20908 | BE207: 115.51048 | BF207: 163.36678
A208: 2018-M02 | F208: 113.11222 | G208: 113.1001 | H208: 151.45286 | I208: 115.69036 | J208: 115.65565 | K208: 108.41088 | L208: 125.80381 | M208: 98.75258 | N208: 110.56404 | P208: 113.11222 | R208: 105.57093 | S208: 145.88319 | T208: 106.02502 | U208: 102.91171 | V208: 113.11222 | AA208: 104.44284 | AB208: 104.94993 | AC208: 102.9686 | AD208: 104.3098 | AE208: 103.92779 | AF208: 115.54077 | AI208: 102.48695 | AJ208: 106.69111 | AK208: 97.66702 | AL208: 137.65104 | AM208: 110.92198 | AO208: 106.49209 | AS208: 135.73242 | AU208: 59.756592 | AV208: 108.12625 | AW208: 118.06336 | AY208: 154.63065 | AZ208: 109.3801 | BA208: 101.67458 | BB208: 133.75541 | BC208: 189.75265 | BD208: 108.20908 | BE208: 115.91401 | BF208: 165.3563
A209: 2018-M03 | F209: 112.80289 | G209: 112.83523 | H209: 153.06634 | I209: 116.79027 | J209: 114.99066 | K209: 108.21012 | L209: 125.56655 | M209: 99.183344 | N209: 110.31474 | P209: 112.80289 | R209: 105.67474 | S209: 144.54819 | T209: 106.14052 | U209: 102.79936 | V209: 112.80289 | AA209: 104.44284 | AB209: 105.17883 | AC209: 102.86594 | AD209: 103.88205 | AE209: 103.88741 | AF209: 115.80699 | AI209: 102.48695 | AJ209: 106.29114 | AK209: 100.42418 | AL209: 138.33945 | AM209: 111.02393 | AO209: 106.72384 | AS209: 135.17247 | AU209: 59.939148 | AV209: 108.75918 | AW209: 118.20681 | AY209: 154.33667 | AZ209: 108.52365 | BA209: 101.57461 | BB209: 135.25492 | BC209: 192.66685 | BD209: 108.41325 | BE209: 116.41842 | BF209: 164.46054
A210: 2018-M04 | F210: 113.11222 | G210: 113.1001 | H210: 155.50302 | I210: 117.49021 | J210: 115.24003 | K210: 108.00936 | L210: 125.8716 | M210: 99.398726 | N210: 111.81053 | P210: 113.11222 | R210: 105.0519 | S210: 144.42289 | T210: 106.48701 | U210: 104.82165 | V210: 113.11222 | AA210: 105.45467 | AB210: 104.83548 | AC210: 103.17392 | AD210: 103.61144 | AE210: 104.01864 | AF210: 116.47255 | AI210: 104.50482 | AJ210: 106.7911 | AK210: 100.74231 | AL210: 138.3511 | AM210: 110.82003 | AO210: 107.18736 | AS210: 135.28446 | AU210: 60.365112 | AV210: 108.97016 | AW210: 118.63718 | AY210: 155.95353 | AZ210: 109.01305 | BA210: 101.97451 | BB210: 136.15462 | BC210: 197.67997 | BD210: 108.92367 | BE210: 116.72107 | BF210: 165.20543
A211: 2018-M05 | F211: 114.45266 | G211: 114.42446 | H211: 159.47085 | I211: 118.89009 | J211: 118.15974 | K211: 108.51126 | L211: 128.63962 | M211: 101.66024 | N211: 113.18168 | P211: 114.45266 | R211: 105.67474 | S211: 145.27839 | T211: 106.94899 | U211: 107.74272 | V211: 114.45266 | AA211: 105.90437 | AB211: 105.52217 | AC211: 103.68723 | AD211: 105.27879 | AE211: 104.32149 | AF211: 116.60566 | AI211: 106.84131 | AJ211: 107.09108 | AK211: 101.16649 | AL211: 141.10909 | AM211: 110.92198 | AO211: 108.23026 | AS211: 135.62043 | AU211: 60.669371 | AV211: 110.5525 | AW211: 119.64136 | AY211: 156.98245 | AZ211: 110.35889 | BA211: 102.97426 | BB211: 137.45418 | BC211: 205.17941 | BD211: 109.84243 | BE211: 117.22548 | BF211: 172.97493
A212: 2018-M06 | F212: 115.58687 | G212: 115.48394 | H212: 163.07648 | I212: 119.69003 | J212: 120.34172 | K212: 108.8124 | L212: 128.48145 | M212: 101.98331 | N212: 114.80212 | P212: 115.58687 | R212: 105.98616 | S212: 143.74189 | T212: 107.29548 | U212: 107.29332 | V212: 115.58687 | AA212: 107.02862 | AB212: 105.86552 | AC212: 103.99521 | AD212: 106.11683 | AE212: 104.35178 | AF212: 117.80366 | AI212: 107.37233 | AJ212: 106.39113 | AK212: 101.59067 | AL212: 143.10737 | AM212: 112.65514 | AO212: 108.69377 | AS212: 135.73242 | AU212: 60.912779 | AV212: 110.86896 | AW212: 120.35864 | AY212: 158.45232 | AZ212: 111.33768 | BA212: 103.17421 | BB212: 138.95368 | BC212: 211.39521 | BD212: 110.35285 | BE212: 117.62901 | BF212: 178.80205
A213: 2018-M07 | F213: 116.30864 | G213: 116.27856 | H213: 164.92046 | I213: 119.29006 | J213: 116.94406 | K213: 108.91278 | L213: 128.1764 | M213: 104.56789 | N213: 115.05142 | P213: 116.30864 | R213: 106.50519 | S213: 142.53029 | T213: 107.52647 | U213: 107.74272 | V213: 116.30864 | AA213: 106.69135 | AB213: 107.35336 | AC213: 104.40585 | AD213: 106.48347 | AE213: 104.83634 | AF213: 118.86855 | AI213: 108.54058 | AJ213: 106.69111 | AK213: 100.9544 | AL213: 142.00999 | AM213: 112.55319 | AO213: 108.92553 | AS213: 135.73242 | AU213: 61.27789 | AV213: 110.97445 | AW213: 120.21518 | AY213: 159.48123 | AZ213: 111.58238 | BA213: 103.17421 | BB213: 140.15328 | BC213: 215.13048 | BD213: 110.14868 | BE213: 117.83078 | BF213: 181.56474
A214: 2018-M08 | F214: 116.92731 | G214: 116.94074 | H214: 166.33637 | I214: 118.69011 | J214: 115.2712 | K214: 109.41468 | L214: 127.96174 | M214: 104.67558 | N214: 115.67467 | P214: 116.92731 | R214: 106.81661 | S214: 144.88669 | T214: 107.75746 | U214: 107.85507 | V214: 116.92731 | AA214: 106.80377 | AB214: 107.69671 | AC214: 104.40585 | AD214: 107.10327 | AE214: 105.3108 | AF214: 120.06656 | AI214: 109.1778 | AJ214: 106.59112 | AK214: 100.84836 | AL214: 141.53698 | AM214: 112.85904 | AO214: 109.04141 | AS214: 136.51635 | AU214: 61.460446 | AV214: 110.97445 | AW214: 121.07591 | AY214: 160.51014 | AZ214: 112.07178 | BA214: 103.07423 | BB214: 140.65312 | BC214: 229.33143 | BD214: 110.55702 | BE214: 117.62901 | BF214: 181.75332
A215: 2018-M09 | F215: 117.44286 | G215: 117.47048 | H215: 171.1768 | I215: 118.89009 | J215: 118.087 | K215: 110.01696 | L215: 131.02351 | M215: 105.42942 | N215: 115.05142 | P215: 117.44286 | R215: 107.23183 | S215: 146.13139 | T215: 108.10395 | U215: 108.64151 | V215: 117.44286 | AA215: 107.02862 | AB215: 108.15451 | AC215: 104.71383 | AE215: 105.61365 | AF215: 119.53411 | AI215: 109.81503 | AJ215: 107.89101 | AK215: 101.27253 | AL215: 142.87159 | AM215: 112.65514 | AO215: 109.27316 | AS215: 136.85232 | AU215: 61.764706 | AV215: 111.5019 | AW215: 121.36282 | AY215: 161.39206 | AZ215: 112.80587 | BA215: 103.27418 | BB215: 141.75275 | BC215: 254.28716 | BD215: 111.06744 | BE215: 117.62901 | BF215: 181.55531
A216: 2018-M10 | F216: 120.12373 | G216: 120.11919 | H216: 170.00785 | I216: 119.09008 | J216: 119.10526 | K216: 110.51887 | L216: 132.77471 | M216: 105.10634 | N216: 115.92396 | P216: 120.12373 | R216: 107.64706 | S216: 148.34559 | T216: 108.33494 | U216: 109.87735 | V216: 120.12373 | AA216: 107.70317 | AB216: 109.5279 | AC216: 105.12448 | AE216: 105.25023 | AF216: 119.66722 | AI216: 110.34605 | AJ216: 108.19098 | AK216: 100.84836 | AL216: 143.707 | AM216: 112.75709 | AO216: 109.73668 | AS216: 138.08422 | AU216: 61.764706 | AV216: 111.92385 | AW216: 122.79737 | AY216: 163.59687 | AZ216: 112.80587 | BA216: 103.47413 | BB216: 142.65245 | BC216: 256.60002 | BD216: 111.47577 | BE216: 118.63784 | BF216: 181.80047
A217: 2018-M11 | F217: 120.53617 | G217: 120.5165 | H217: 167.24189 | I217: 117.99017 | J217: 118.82472 | K217: 110.21773 | L217: 130.68457 | M217: 105.21404 | N217: 115.79931 | P217: 120.53617 | R217: 107.85467 | S217: 150.22689 | T217: 108.33494 | U217: 106.39453 | V217: 120.53617 | AA217: 106.9162 | AB217: 108.8412 | AC217: 104.81649 | AE217: 104.5133 | AF217: 119.80033 | AI217: 107.05372 | AJ217: 105.19123 | AK217: 101.48462 | AL217: 144.71414 | AM217: 113.06294 | AO217: 108.46202 | AS217: 138.42019 | AU217: 61.399594 | AV217: 111.60739 | AW217: 121.79319 | AY217: 164.18482 | AZ217: 111.82708 | BA217: 102.57436 | BB217: 143.25225 | BC217: 250.10667 | BD217: 111.27161 | BE217: 118.13343 | BF217: 179.30178
A218: 2018-M12 | F218: 118.37085 | G218: 118.39753 | H218: 164.64057 | I218: 117.09024 | J218: 118.44028 | K218: 109.21392 | L218: 128.63962 | M218: 104.99865 | N218: 113.43098 | P218: 118.37085 | R218: 106.92042 | S218: 150.44299 | T218: 107.98845 | U218: 103.36111 | V218: 118.37085 | AA218: 104.89254 | AB218: 108.3834 | AC218: 104.20053 | AE218: 104.00855 | AF218: 120.19967 | AI218: 104.39862 | AJ218: 103.79135 | AK218: 101.06045 | AL218: 144.13489 | AM218: 113.36879 | AO218: 106.9556 | AS218: 137.97223 | AU218: 61.095335 | AV218: 110.5525 | AW218: 121.64973 | AY218: 162.71495 | AZ218: 110.72594 | BA218: 100.97476 | BB218: 143.55215 | BC218: 244.55003 | BD218: 110.6591 | BE218: 117.83078 | BF218: 175.85077
A219: 2019-M01 | F219: 117.33975 | G219: 117.33804 | H219: 198.9352 | I219: 116.69028 | J219: 116.3622 | K219: 108.61164 | L219: 129.39659 | M219: 103.49098 | N219: 114.17887 | P219: 117.33975 | R219: 107.33564 | S219: 150.58999 | T219: 108.21944 | U219: 104.37225 | V219: 117.33975 | AA219: 103.65587 | AB219: 108.26896 | AE219: 103.8975 | AF219: 120.06656 | AI219: 104.50482 | AJ219: 104.3913 | AK219: 101.37858 | AL219: 143.42756 | AM219: 112.96099 | AO219: 107.53499 | AS219: 137.97223 | AU219: 60.608519 | AV219: 110.97445 | AW219: 122.36701 | AY219: 161.39206 | AZ219: 110.84829 | BA219: 100.77481 | BB219: 145.55148 | BC219: 245.6602 | BD219: 110.55702 | BE219: 117.7299 | BF219: 180.81042
A220: 2019-M02 | F220: 117.8553 | G220: 117.86779 | H220: 202.49143 | I220: 117.09024 | J220: 117.20037 | K220: 108.51126 | L220: 130.60548 | M220: 103.70636 | N220: 113.92957 | P220: 117.8553 | R220: 107.43945 | S220: 150.66289 | T220: 108.21944 | U220: 106.05749 | V220: 117.8553 | AA220: 104.10557 | AB220: 108.26896 | AE220: 103.99845 | AF220: 120.46589 | AI220: 105.56686 | AJ220: 104.99125 | AK220: 101.06045 | AL220: 143.82197 | AM220: 113.26684 | AO220: 107.9985 | AS220: 138.3082 | AU220: 60.365112 | AV220: 111.5019 | AW220: 123.37119 | AY220: 161.83303 | AZ220: 110.97064 | BA220: 101.07473 | BB220: 146.55115 | BC220: 245.89149 | BD220: 110.76119 | BE220: 118.13343 | BF220: 183.31854
A221: 2019-M03 | F221: 118.37085 | G221: 118.39753 | H221: 205.22447 | J221: 119.69094 | K221: 108.61164 | L221: 131.47543 | M221: 102.73714 | N221: 112.43378 | P221: 118.37085 | R221: 107.43945 | S221: 152.31659 | T221: 108.21944 | U221: 107.29332 | V221: 118.37085 | AA221: 105.5671 | AB221: 108.15451 | AE221: 104.36187 | AF221: 120.33278 | AI221: 106.4165 | AJ221: 104.69128 | AK221: 102.8632 | AL221: 144.33864 | AM221: 113.57269 | AO221: 108.69377 | AS221: 138.42019 | AU221: 60.669371 | AV221: 111.60739 | AW221: 124.51883 | AY221: 163.89085 | AZ221: 110.72594 | BA221: 101.97451 | BC221: 249.77709 | BD221: 110.96535 | BE221: 118.73872 | BF221: 185.33634
A222: 2019-M04 | F222: 117.64908 | G222: 117.60291 | H222: 207.46358 | J222: 119.60712 | K222: 109.01316 | L222: 133.35091 | M222: 103.06022 | N222: 113.18168 | P222: 117.64908 | R222: 107.02422 | S222: 152.65069 | T222: 108.56593 | U222: 108.52916 | V222: 117.64908 | AA222: 105.67952 | AB222: 107.01001 | AE222: 104.66472 | AF222: 120.86522 | AI222: 108.75299 | AK222: 102.33298 | AL222: 145.03433 | AM222: 113.36879 | AO222: 109.85255 | AS222: 138.42019 | AU222: 59.69574 | AV222: 112.02934 | AW222: 125.2361 | AY222: 166.09566 | AZ222: 111.46003 | BA222: 102.67433 | BC222: 257.21871 | BD222: 111.47577 | BE222: 119.54578 | BF222: 186.16609
A223: 2019-M05 | F223: 117.54597 | G223: 117.47048 | H223: 208.53374 | J223: 119.54725 | K223: 109.21392 | L223: 135.47494 | M223: 105.32173 | N223: 112.68308 | P223: 117.54597 | R223: 106.50519 | S223: 151.17869 | T223: 108.45043 | U223: 107.85507 | V223: 117.54597 | AA223: 106.24165 | AB223: 107.12446 | AE223: 104.77577 | AF223: 120.19967 | AI223: 109.60262 | AK223: 102.65111 | AL223: 145.02414 | AM223: 113.16489 | AO223: 109.96843 | AS223: 138.53218 | AU223: 59.391481 | AV223: 112.24032 | AW223: 125.37956 | AY223: 166.97758 | AZ223: 111.46003 | BA223: 102.97426 | BC223: 264.09368 | BD223: 111.98619 | BE223: 119.64667 | BF223: 190.428
A224: 2019-M06 | F224: 116.8242 | G224: 116.8083 | H224: 210.27893 | J224: 118.07446 | K224: 108.8124 | L224: 133.30572 | M224: 105.53711 | N224: 111.81053 | P224: 116.8242 | R224: 105.88235 | S224: 152.97129 | T224: 108.21944 | U224: 105.38339 | V224: 116.8242 | AA224: 105.45467 | AB224: 106.78112 | AE224: 104.48301 | AF224: 120.73211 | AI224: 106.5227 | AK224: 103.18134 | AL224: 145.39236 | AM224: 113.36879 | AO224: 108.92553 | AS224: 137.74825 | AU224: 59.269777 | AV224: 111.71287 | AW224: 124.37537 | AY224: 167.56553 | AZ224: 110.35889 | BA224: 102.07448 | BC224: 264.33653 | BD224: 111.78203 | BE224: 119.54578 | BF224: 196.02882
A225: 2019-M07 | F225: 116.10242 | G225: 116.01369 | H225: 209.80147 | J225: 117.88288 | K225: 108.61164 | L225: 134.08528 | M225: 106.07556 | N225: 112.43378 | P225: 116.10242 | R225: 106.29758 | S225: 157.79489 | T225: 108.33494 | U225: 106.73158 | V225: 116.10242 | AA225: 105.45467 | AB225: 106.55222 | AE225: 104.48301 | AF225: 120.46589 | AI225: 106.84131 | AK225: 102.65111 | AL225: 145.54081 | AM225: 113.47074 | AO225: 108.80965 | AS225: 136.85232 | AU225: 58.782961 | AV225: 111.81836 | AW225: 125.37956 | AY225: 167.27156 | AZ225: 110.97064 | BA225: 101.97451 | BC225: 261.71722 | BD225: 112.19036 | BE225: 119.74755 | BF225: 199.13096
A226: 2019-M08 | F226: 115.48376 | G226: 115.48394 | H226: 207.92457 | J226: 118.12236 | K226: 108.51126 | L226: 134.34514 | M226: 106.18325 | N226: 112.05983 | P226: 115.48376 | R226: 106.29758 | S226: 160.99059 | T226: 108.10395 | U226: 105.04634 | V226: 115.48376 | AA226: 104.66769 | AB226: 106.09442 | AE226: 104.72529 | AF226: 120.33278 | AI226: 105.46066 | AK226: 102.33298 | AL226: 144.32846 | AM226: 112.24734 | AO226: 108.23026 | AS226: 136.85232 | AU226: 59.087221 | AV226: 112.13483 | AW226: 124.94919 | AY226: 167.71252 | AZ226: 109.6248 | BA226: 101.27468 | BC226: 260.17339 | BD226: 112.08828 | BE226: 119.84843 | BF226: 200.055
A227: 2019-M09 | F227: 116.10242 | G227: 116.14612 | H227: 209.35695 | J227: 118.79289 | K227: 108.71202 | L227: 135.97206 | M227: 106.18325 | N227: 112.05983 | P227: 116.10242 | R227: 106.609 | S227: 162.54559 | T227: 108.21944 | U227: 106.50688 | V227: 116.10242 | AA227: 104.21799 | AB227: 106.32332 | AE227: 104.78586 | AF227: 119.93344 | AI227: 106.20409 | AK227: 103.28738 | AL227: 145.43166 | AM227: 111.12588 | AO227: 108.69377 | AS227: 137.97223 | AU227: 59.208925 | AV227: 112.55679 | AW227: 125.09265 | AY227: 168.00649 | AZ227: 109.86949 | BA227: 101.27468 | BC227: 260.51453 | BD227: 111.98619 | BE227: 119.34402 | BF227: 204.01518
A228: 2019-M10 | F228: 117.54597 | G228: 117.60291 | H228: 211.1186 | J228: 119.48738 | K228: 108.71202 | L228: 135.96076 | M228: 106.07556 | N228: 112.55843 | P228: 117.54597 | R228: 106.40138 | S228: 162.05699 | T228: 108.10395 | U228: 104.82165 | V228: 117.54597 | AA228: 104.33042 | AB228: 106.32332 | AE228: 104.54358 | AF228: 119.26789 | AI228: 105.35446 | AK228: 103.07529 | AL228: 144.71123 | AM228: 111.02393 | AO228: 108.69377 | AS228: 139.4281 | AU228: 58.782961 | AV228: 111.92385 | AW228: 125.52301 | AY228: 168.44746 | AZ228: 110.23654 | BA228: 100.87478 | BC228: 260.95398 | BD228: 111.67994 | BE228: 119.84843 | BF228: 209.35199
A229: 2019-M11 | F229: 117.64908 | G229: 117.73535 | H229: 213.4565 | J229: 125.46235 | K229: 108.71202 | L229: 135.92686 | M229: 105.86018 | N229: 112.80773 | P229: 117.64908 | R229: 107.54325 | S229: 163.00619 | T229: 108.10395 | U229: 107.63037 | V229: 117.64908 | AA229: 103.65587 | AB229: 106.09442 | AE229: 104.39216 | AF229: 119.13478 | AI229: 104.92964 | AK229: 102.75716 | AL229: 144.92808 | AM229: 111.12588 | AO229: 108.57789 | AS229: 139.76407 | AU229: 58.600406 | AV229: 111.71287 | AW229: 125.95338 | AY229: 168.00649 | AZ229: 109.74715 | BA229: 100.37491 | BC229: 260.75738 | BD229: 111.27161 | BE229: 119.34402 | BF229: 213.57618
...

Sheet TC
A1: fecha | B1: Argelia | C1: Angola | D1: Australia | E1: Bangladesh | F1: Bielorrusia | G1: Bélgica | H1: Brasil | I1: Canadá | J1: Chile | K1: China | L1: Colombia | M1: Chipre | N1: Dinamarca | O1: República Dominicana | P1: Ecuador | Q1: Egipto | R1: Francia | S1: Georgia | T1: República Federal de Alemania | U1: Grecia | V1: India | W1: Indonesia | X1: Irán | Y1: Iraq | Z1: Irlanda | AA1: Israel | AB1: Italia | AC1: Japón | AD1: Jordania | AE1: Corea Republicana | AF1: Letonia | AG1: Líbano | AH1: Libia | AI1: Lituania | AJ1: Malasia | AK1: Malta | AL1: México | AM1: Marruecos | AN1: Mozambique | AO1: Países Bajos | AP1: Nigeria | AQ1: Omán | AR1: Paquistán | AS1: Paraguay | AT1: Perú | AU1: Filipinas | AV1: Polonia | AW1: Rumania | AX1: Arabia Saudita | AY1: Sudáfrica | AZ1: España | BA1: Tailandia | BB1: Túnez | BC1: Turquía | BD1: Reino Unido | BE1: Estados Unidos | BF1: Uruguay | BG1: Venezuela | BH1: Vietnam | BI1: República de Yemen | BJ1: Confidencial | BK1: Cuba
B2: Algeria | C2: Angola | D2: Australia | E2: Bangladesh | F2: Belarus, Republic of | G2: Belgium | H2: Brazil | I2: Canada | J2: Chile | K2: China, People's Republic of | L2: Colombia | M2: Cyprus | N2: Denmark | O2: Dominican Republic | P2: Ecuador | Q2: Egypt, Arab Republic of | R2: France | S2: Georgia | T2: Germany | U2: Greece | V2: India | W2: Indonesia | X2: Iran, Islamic Republic of | Y2: Iraq | Z2: Ireland | AA2: Israel | AB2: Italy | AC2: Japan | AD2: Jordan | AE2: Korea, Republic of | AF2: Latvia, Republic of | AG2: Lebanon | AH2: Libya | AI2: Lithuania, Republic of | AJ2: Malaysia | AK2: Malta | AL2: Mexico | AM2: Morocco | AN2: Mozambique, Republic of | AO2: Netherlands, The | AP2: Niger | AQ2: Oman | AR2: Pakistan | AS2: Paraguay | AT2: Peru | AU2: Philippines | AV2: Poland, Republic of | AW2: Romania | AX2: Saudi Arabia | AY2: South Africa | AZ2: Spain | BA2: Thailand | BB2: Tunisia | BC2: Türkiye, Republic of | BD2: United Kingdom | BE2: United States | BF2: Uruguay | BG2: Venezuela, República Bolivariana de | BH2: Vietnam | BI2: Yemen, Republic of
A3: 36892
A4: 36923
A5: 36951
A6: 36982
A7: 37012
A8: 37043
A9: 37073
A10: 37104
A11: 37135
A12: 37165
A13: 37196
A14: 37226
... A298: 45870

Sheet Checks
A1: fecha | B1: Argelia | C1: Angola | D1: Australia | E1: Bangladesh | F1: Bielorrusia | G1: Bélgica | H1: Brasil | I1: Canadá | J1: Chile | K1: China | L1: Colombia | M1: Chipre | N1: Dinamarca | O1: República Dominicana | P1: Ecuador | Q1: Egipto | R1: Francia | S1: Georgia | T1: República Federal de Alemania | U1: Grecia | V1: India | W1: Indonesia | X1: Irán | Y1: Iraq | Z1: Irlanda | AA1: Israel | AB1: Italia | AC1: Japón | AD1: Jordania | AE1: Corea Republicana | AF1: Letonia | AG1: Líbano | AH1: Libia | AI1: Lituania | AJ1: Malasia | AK1: Malta | AL1: México | AM1: Marruecos | AN1: Mozambique | AO1: Países Bajos | AP1: Nigeria | AQ1: Omán | AR1: Paquistán | AS1: Paraguay | AT1: Perú | AU1: Filipinas | AV1: Polonia | AW1: Rumania | AX1: Arabia Saudita | AY1: Sudáfrica | AZ1: España | BA1: Tailandia | BB1: Túnez | BC1: Turquía | BD1: Reino Unido | BE1: Estados Unidos | BF1: Uruguay | BG1: Venezuela | BH1: Vietnam | BI1: República de Yemen | BJ1: Confidencial | BK1: Cuba
B2: Algeria | C2: Angola | D2: Australia | E2: Bangladesh | F2: Belarus, Republic of | G2: Belgium | H2: Brazil | I2: Canada | J2: Chile | K2: China, People's Republic of | L2: Colombia | M2: Cyprus | N2: Denmark | O2: Dominican Republic | P2: Ecuador | Q2: Egypt, Arab Republic of | R2: France | S2: Georgia | T2: Germany | U2: Greece | V2: India | W2: Indonesia | X2: Iran, Islamic Republic of | Y2: Iraq | Z2: Ireland | AA2: Israel | AB2: Italy | AC2: Japan | AD2: Jordan | AE2: Korea, Republic of | AF2: Latvia, Republic of | AG2: Lebanon | AH2: Libya | AI2: Lithuania, Republic of | AJ2: Malaysia | AK2: Malta | AL2: Mexico | AM2: Morocco | AN2: Mozambique, Republic of | AO2: Netherlands, The | AP2: Niger | AQ2: Oman | AR2: Pakistan | AS2: Paraguay | AT2: Peru | AU2: Philippines | AV2: Poland, Republic of | AW2: Romania | AX2: Saudi Arabia | AY2: South Africa | AZ2: Spain | BA2: Thailand | BB2: Tunisia | BC2: Türkiye, Republic of | BD2: United Kingdom | BE2: United States | BF2: Uruguay | BG2: Venezuela, República Bolivariana de | BH2: Vietnam | BI2: Yemen, Republic of
A3: 36892 | B3: =IF(Particip!B3>0, IF(AND(CPI!B3<>"",TC!B3<>""),"A", IF(OR(CPI!B3<>"",TC!B3<>""),"B","C") ), "" ) -> C | C3: =IF(Particip!C3>0, IF(AND(CPI!C3<>"",TC!C3<>""),"A", IF(OR(CPI!C3<>"",TC!C3<>""),"B","C") ), "" ) | D3: =IF(Particip!D3>0, IF(AND(CPI!D3<>"",TC!D3<>""),"A", IF(OR(CPI!D3<>"",TC!D3<>""),"B","C") ), "" ) | E3: =IF(Particip!E3>0, IF(AND(CPI!E3<>"",TC!E3<>""),"A", IF(OR(CPI!E3<>"",TC!E3<>""),"B","C") ), "" ) -> C | F3: =IF(Particip!F3>0, IF(AND(CPI!F3<>"",TC!F3<>""),"A", IF(OR(CPI!F3<>"",TC!F3<>""),"B","C") ), "" ) | G3: =IF(Particip!G3>0, IF(AND(CPI!G3<>"",TC!G3<>""),"A", IF(OR(CPI!G3<>"",TC!G3<>""),"B","C") ), "" ) -> B | H3: =IF(Particip!H3>0, IF(AND(CPI!H3<>"",TC!H3<>""),"A", IF(OR(CPI!H3<>"",TC!H3<>""),"B","C") ), "" ) -> B | I3: =IF(Particip!I3>0, IF(AND(CPI!I3<>"",TC!I3<>""),"A", IF(OR(CPI!I3<>"",TC!I3<>""),"B","C") ), "" ) | ... BK3: =IF(Particip!BK3>0, IF(AND(CPI!BK3<>"",TC!BK3<>""),"A", IF(OR(CPI!BK3<>"",TC!BK3<>""),"B","C") ), "" )
A4: 36923 | B4: =IF(Particip!B4>0, IF(AND(CPI!B4<>"",TC!B4<>""),"A", IF(OR(CPI!B4<>"",TC!B4<>""),"B","C") ), "" ) -> C | C4: =IF(Particip!C4>0, IF(AND(CPI!C4<>"",TC!C4<>""),"A", IF(OR(CPI!C4<>"",TC!C4<>""),"B","C") ), "" ) | D4: =IF(Particip!D4>0, IF(AND(CPI!D4<>"",TC!D4<>""),"A", IF(OR(CPI!D4<>"",TC!D4<>""),"B","C") ), "" ) | E4: =IF(Particip!E4>0, IF(AND(CPI!E4<>"",TC!E4<>""),"A", IF(OR(CPI!E4<>"",TC!E4<>""),"B","C") ), "" ) -> C | F4: =IF(Particip!F4>0, IF(AND(CPI!F4<>"",TC!F4<>""),"A", IF(OR(CPI!F4<>"",TC!F4<>""),"B","C") ), "" ) | G4: =IF(Particip!G4>0, IF(AND(CPI!G4<>"",TC!G4<>""),"A", IF(OR(CPI!G4<>"",TC!G4<>""),"B","C") ), "" ) -> B | H4: =IF(Particip!H4>0, IF(AND(CPI!H4<>"",TC!H4<>""),"A", IF(OR(CPI!H4<>"",TC!H4<>""),"B","C") ), "" ) -> B | I4: =IF(Particip!I4>0, IF(AND(CPI!I4<>"",TC!I4<>""),"A", IF(OR(CPI!I4<>"",TC!I4<>""),"B","C") ), "" ) | ... BK4: =IF(Particip!BK4>0, IF(AND(CPI!BK4<>"",TC!BK4<>""),"A", IF(OR(CPI!BK4<>"",TC!BK4<>""),"B","C") ), "" )
A5: 36951 | B5: =IF(Particip!B5>0, IF(AND(CPI!B5<>"",TC!B5<>""),"A", IF(OR(CPI!B5<>"",TC!B5<>""),"B","C") ), "" ) -> C | C5: =IF(Particip!C5>0, IF(AND(CPI!C5<>"",TC!C5<>""),"A", IF(OR(CPI!C5<>"",TC!C5<>""),"B","C") ), "" ) | D5: =IF(Particip!D5>0, IF(AND(CPI!D5<>"",TC!D5<>""),"A", IF(OR(CPI!D5<>"",TC!D5<>""),"B","C") ), "" ) | E5: =IF(Particip!E5>0, IF(AND(CPI!E5<>"",TC!E5<>""),"A", IF(OR(CPI!E5<>"",TC!E5<>""),"B","C") ), "" ) -> C | F5: =IF(Particip!F5>0, IF(AND(CPI!F5<>"",TC!F5<>""),"A", IF(OR(CPI!F5<>"",TC!F5<>""),"B","C") ), "" ) | G5: =IF(Particip!G5>0, IF(AND(CPI!G5<>"",TC!G5<>""),"A", IF(OR(CPI!G5<>"",TC!G5<>""),"B","C") ), "" ) -> B | H5: =IF(Particip!H5>0, IF(AND(CPI!H5<>"",TC!H5<>""),"A", IF(OR(CPI!H5<>"",TC!H5<>""),"B","C") ), "" ) -> B | I5: =IF(Particip!I5>0, IF(AND(CPI!I5<>"",TC!I5<>""),"A", IF(OR(CPI!I5<>"",TC!I5<>""),"B","C") ), "" ) | ... BK5: =IF(Particip!BK5>0, IF(AND(CPI!BK5<>"",TC!BK5<>""),"A", IF(OR(CPI!BK5<>"",TC!BK5<>""),"B","C") ), "" )
A6: 36982 | B6: =IF(Particip!B6>0, IF(AND(CPI!B6<>"",TC!B6<>""),"A", IF(OR(CPI!B6<>"",TC!B6<>""),"B","C") ), "" ) -> C | C6: =IF(Particip!C6>0, IF(AND(CPI!C6<>"",TC!C6<>""),"A", IF(OR(CPI!C6<>"",TC!C6<>""),"B","C") ), "" ) | D6: =IF(Particip!D6>0, IF(AND(CPI!D6<>"",TC!D6<>""),"A", IF(OR(CPI!D6<>"",TC!D6<>""),"B","C") ), "" ) | E6: =IF(Particip!E6>0, IF(AND(CPI!E6<>"",TC!E6<>""),"A", IF(OR(CPI!E6<>"",TC!E6<>""),"B","C") ), "" ) -> C | F6: =IF(Particip!F6>0, IF(AND(CPI!F6<>"",TC!F6<>""),"A", IF(OR(CPI!F6<>"",TC!F6<>""),"B","C") ), "" ) | G6: =IF(Particip!G6>0, IF(AND(CPI!G6<>"",TC!G6<>""),"A", IF(OR(CPI!G6<>"",TC!G6<>""),"B","C") ), "" ) -> B | H6: =IF(Particip!H6>0, IF(AND(CPI!H6<>"",TC!H6<>""),"A", IF(OR(CPI!H6<>"",TC!H6<>""),"B","C") ), "" ) -> B | I6: =IF(Particip!I6>0, IF(AND(CPI!I6<>"",TC!I6<>""),"A", IF(OR(CPI!I6<>"",TC!I6<>""),"B","C") ), "" ) | ... BK6: =IF(Particip!BK6>0, IF(AND(CPI!BK6<>"",TC!BK6<>""),"A", IF(OR(CPI!BK6<>"",TC!BK6<>""),"B","C") ), "" )
A7: 37012 | B7: =IF(Particip!B7>0, IF(AND(CPI!B7<>"",TC!B7<>""),"A", IF(OR(CPI!B7<>"",TC!B7<>""),"B","C") ), "" ) -> C | C7: =IF(Particip!C7>0, IF(AND(CPI!C7<>"",TC!C7<>""),"A", IF(OR(CPI!C7<>"",TC!C7<>""),"B","C") ), "" ) | D7: =IF(Particip!D7>0, IF(AND(CPI!D7<>"",TC!D7<>""),"A", IF(OR(CPI!D7<>"",TC!D7<>""),"B","C") ), "" ) | E7: =IF(Particip!E7>0, IF(AND(CPI!E7<>"",TC!E7<>""),"A", IF(OR(CPI!E7<>"",TC!E7<>""),"B","C") ), "" ) -> C | F7: =IF(Particip!F7>0, IF(AND(CPI!F7<>"",TC!F7<>""),"A", IF(OR(CPI!F7<>"",TC!F7<>""),"B","C") ), "" ) | G7: =IF(Particip!G7>0, IF(AND(CPI!G7<>"",TC!G7<>""),"A", IF(OR(CPI!G7<>"",TC!G7<>""),"B","C") ), "" ) -> B | H7: =IF(Particip!H7>0, IF(AND(CPI!H7<>"",TC!H7<>""),"A", IF(OR(CPI!H7<>"",TC!H7<>""),"B","C") ), "" ) -> B | I7: =IF(Particip!I7>0, IF(AND(CPI!I7<>"",TC!I7<>""),"A", IF(OR(CPI!I7<>"",TC!I7<>""),"B","C") ), "" ) | ... BK7: =IF(Particip!BK7>0, IF(AND(CPI!BK7<>"",TC!BK7<>""),"A", IF(OR(CPI!BK7<>"",TC!BK7<>""),"B","C") ), "" )
A8: 37043 | B8: =IF(Particip!B8>0, IF(AND(CPI!B8<>"",TC!B8<>""),"A", IF(OR(CPI!B8<>"",TC!B8<>""),"B","C") ), "" ) -> C | C8: =IF(Particip!C8>0, IF(AND(CPI!C8<>"",TC!C8<>""),"A", IF(OR(CPI!C8<>"",TC!C8<>""),"B","C") ), "" ) | D8: =IF(Particip!D8>0, IF(AND(CPI!D8<>"",TC!D8<>""),"A", IF(OR(CPI!D8<>"",TC!D8<>""),"B","C") ), "" ) | E8: =IF(Particip!E8>0, IF(AND(CPI!E8<>"",TC!E8<>""),"A", IF(OR(CPI!E8<>"",TC!E8<>""),"B","C") ), "" ) -> C | F8: =IF(Particip!F8>0, IF(AND(CPI!F8<>"",TC!F8<>""),"A", IF(OR(CPI!F8<>"",TC!F8<>""),"B","C") ), "" ) | G8: =IF(Particip!G8>0, IF(AND(CPI!G8<>"",TC!G8<>""),"A", IF(OR(CPI!G8<>"",TC!G8<>""),"B","C") ), "" ) -> B | H8: =IF(Particip!H8>0, IF(AND(CPI!H8<>"",TC!H8<>""),"A", IF(OR(CPI!H8<>"",TC!H8<>""),"B","C") ), "" ) -> B | I8: =IF(Particip!I8>0, IF(AND(CPI!I8<>"",TC!I8<>""),"A", IF(OR(CPI!I8<>"",TC!I8<>""),"B","C") ), "" ) | ... BK8: =IF(Particip!BK8>0, IF(AND(CPI!BK8<>"",TC!BK8<>""),"A", IF(OR(CPI!BK8<>"",TC!BK8<>""),"B","C") ), "" )
A9: 37073 | B9: =IF(Particip!B9>0, IF(AND(CPI!B9<>"",TC!B9<>""),"A", IF(OR(CPI!B9<>"",TC!B9<>""),"B","C") ), "" ) -> C | C9: =IF(Particip!C9>0, IF(AND(CPI!C9<>"",TC!C9<>""),"A", IF(OR(CPI!C9<>"",TC!C9<>""),"B","C") ), "" ) | D9: =IF(Particip!D9>0, IF(AND(CPI!D9<>"",TC!D9<>""),"A", IF(OR(CPI!D9<>"",TC!D9<>""),"B","C") ), "" ) | E9: =IF(Particip!E9>0, IF(AND(CPI!E9<>"",TC!E9<>""),"A", IF(OR(CPI!E9<>"",TC!E9<>""),"B","C") ), "" ) -> C | F9: =IF(Particip!F9>0, IF(AND(CPI!F9<>"",TC!F9<>""),"A", IF(OR(CPI!F9<>"",TC!F9<>""),"B","C") ), "" ) | G9: =IF(Particip!G9>0, IF(AND(CPI!G9<>"",TC!G9<>""),"A", IF(OR(CPI!G9<>"",TC!G9<>""),"B","C") ), "" ) -> B | H9: =IF(Particip!H9>0, IF(AND(CPI!H9<>"",TC!H9<>""),"A", IF(OR(CPI!H9<>"",TC!H9<>""),"B","C") ), "" ) -> B | I9: =IF(Particip!I9>0, IF(AND(CPI!I9<>"",TC!I9<>""),"A", IF(OR(CPI!I9<>"",TC!I9<>""),"B","C") ), "" ) | ... BK9: =IF(Particip!BK9>0, IF(AND(CPI!BK9<>"",TC!BK9<>""),"A", IF(OR(CPI!BK9<>"",TC!BK9<>""),"B","C") ), "" )
A10: 37104 | B10: =IF(Particip!B10>0, IF(AND(CPI!B10<>"",TC!B10<>""),"A", IF(OR(CPI!B10<>"",TC!B10<>""),"B","C") ), "" ) -> C | C10: =IF(Particip!C10>0, IF(AND(CPI!C10<>"",TC!C10<>""),"A", IF(OR(CPI!C10<>"",TC!C10<>""),"B","C") ), "" ) | D10: =IF(Particip!D10>0, IF(AND(CPI!D10<>"",TC!D10<>""),"A", IF(OR(CPI!D10<>"",TC!D10<>""),"B","C") ), "" ) | E10: =IF(Particip!E10>0, IF(AND(CPI!E10<>"",TC!E10<>""),"A", IF(OR(CPI!E10<>"",TC!E10<>""),"B","C") ), "" ) -> C | F10: =IF(Particip!F10>0, IF(AND(CPI!F10<>"",TC!F10<>""),"A", IF(OR(CPI!F10<>"",TC!F10<>""),"B","C") ), "" ) | G10: =IF(Particip!G10>0, IF(AND(CPI!G10<>"",TC!G10<>""),"A", IF(OR(CPI!G10<>"",TC!G10<>""),"B","C") ), "" ) -> B | H10: =IF(Particip!H10>0, IF(AND(CPI!H10<>"",TC!H10<>""),"A", IF(OR(CPI!H10<>"",TC!H10<>""),"B","C") ), "" ) -> B | I10: =IF(Particip!I10>0, IF(AND(CPI!I10<>"",TC!I10<>""),"A", IF(OR(CPI!I10<>"",TC!I10<>""),"B","C") ), "" ) | ... BK10: =IF(Particip!BK10>0, IF(AND(CPI!BK10<>"",TC!BK10<>""),"A", IF(OR(CPI!BK10<>"",TC!BK10<>""),"B","C") ), "" )
