Workbook

Sheet TCNB_NOS
A1: mes | B1: Afghanistan, Islamic Republic of | C1: Albania | D1: Algeria | E1: Angola | F1: Antigua and Barbuda | G1: Armenia, Republic of | H1: Aruba, Kingdom of the Netherlands | I1: Austria | J1: Azerbaijan, Republic of | K1: Bahamas, The | L1: Bahrain, Kingdom of | M1: Bangladesh | N1: Barbados | O1: Belarus, Republic of | P1: Belgium | Q1: Belize | R1: Benin | S1: Bolivia | T1: Bosnia and Herzegovina | U1: Botswana | V1: Brazil | W1: Brunei Darussalam | X1: Bulgaria | Y1: Burkina Faso | Z1: Burundi | AA1: Cabo Verde | AB1: Cambodia | AC1: Cameroon | AD1: Canada | AE1: Central African Republic | AF1: Chad | AG1: Chile | AH1: China, People's Republic of | AI1: Colombia | AJ1: Comoros, Union of the | AK1: Congo, Democratic Republic of the | AL1: Congo, Republic of | AM1: Costa Rica | AN1: Croatia, Republic of | AO1: Curaçao, Kingdom of the Netherlands | AP1: Czech Republic | AQ1: Côte d'Ivoire | AR1: Denmark | AS1: Djibouti | AT1: Dominica | AU1: Dominican Republic | AV1: Ecuador | AW1: Egypt, Arab Republic of | AX1: El Salvador | AY1: Equatorial Guinea, Republic of | AZ1: Estonia, Republic of | BA1: Ethiopia, The Federal Democratic Republic of | BB1: Fiji, Republic of | BC1: Finland | BD1: France | BE1: Gabon | BF1: Gambia, The | BG1: Georgia | BH1: Germany | BI1: Ghana | BJ1: Greece | BK1: Grenada | BL1: Guatemala | BM1: Guinea | BN1: Guinea-Bissau | BO1: Guyana | BP1: Haiti | BQ1: Honduras | BR1: Hong Kong Special Administrative Region, People's Republic of China | BS1: Hungary | BT1: Iceland | BU1: India | BV1: Indonesia | BW1: Iran, Islamic Republic of | BX1: Iraq | BY1: Ireland | BZ1: Israel | CA1: Italy | CB1: Jamaica | CC1: Japan | CD1: Jordan | CE1: Kazakhstan, Republic of | CF1: Kenya | CG1: Korea, Republic of | CH1: Kuwait | CI1: Latvia, Republic of | CJ1: Lebanon | CK1: Lesotho, Kingdom of | CL1: Liberia | CM1: Libya | CN1: Lithuania, Republic of | CO1: Luxembourg | CP1: Macao Special Administrative Region, People's Republic of China | CQ1: Madagascar, Republic of | CR1: Malawi | CS1: Malaysia | CT1: Maldives | CU1: Mali | CV1: Malta | CW1: Mauritania, Islamic Republic of | CX1: Mauritius | CY1: Mexico | CZ1: Moldova, Republic of | DA1: Mongolia | DB1: Montenegro | DC1: Morocco | DD1: Mozambique, Republic of | DE1: Myanmar | DF1: Namibia | DG1: Nepal | DH1: Netherlands, The | DI1: Nicaragua | DJ1: Niger | DK1: Nigeria | DL1: North Macedonia, Republic of | DM1: Norway | DN1: Oman | DO1: Pakistan | DP1: Panama | DQ1: Paraguay | DR1: Peru | DS1: Philippines | DT1: Poland, Republic of | DU1: Portugal | DV1: Qatar | DW1: Romania | DX1: Russian Federation | DY1: Rwanda | DZ1: Saudi Arabia | EA1: Senegal | EB1: Serbia, Republic of | EC1: Seychelles | ED1: Sierra Leone | EE1: Singapore | EF1: Slovak Republic | EG1: Slovenia, Republic of | EH1: South Africa | EI1: South Sudan, Republic of | EJ1: Spain | EK1: Sri Lanka | EL1: St. Kitts and Nevis | EM1: St. Lucia | EN1: St. Vincent and the Grenadines | EO1: Sudan | EP1: Suriname | EQ1: Sweden | ER1: Switzerland | ES1: Syrian Arab Republic | ET1: São Tomé and Príncipe, Democratic Republic of | EU1: Tanzania, United Republic of | EV1: Thailand | EW1: Togo | EX1: Trinidad and Tobago | EY1: Tunisia | EZ1: Türkiye, Republic of | FA1: Uganda | FB1: Ukraine | FC1: United Arab Emirates | FD1: United Kingdom | FE1: United States | FF1: Uruguay | FG1: Uzbekistan, Republic of | FH1: Vietnam | FI1: Zambia | FJ1: Zimbabwe
A2: 36892 | B2: 0.021039979 | C2: 0.0070516439 | D2: 0.013360031 | E2: 0.055804288 | F2: 0.37018519 | G2: 0.0018060098 | H2: 0.55837989 | I2: 0.93781268 | J2: 1.0916339 | K2: 0.9995 | L2: 2.6582447 | M2: 0.018509259 | N2: 0.49975 | O2: 8.3153078 | P2: 0.93781268 | Q2: 0.49975 | R2: 0.0014296862 | S2: 0.15599881 | T2: 0.47942308 | U2: 0.18305526 | V2: 0.51159101 | W2: 0.57558307 | X2: 0.47942249 | Y2: 0.0014296862 | Z2: 0.0012775449 | AA2: 0.0085027648 | AB2: 0.00025569199 | AC2: 0.0014296862 | AD2: 0.66493495 | AE2: 0.0014296862 | AF2: 0.0014296862 | AG2: 0.00175007 | AH2: 0.12074741 | AI2: 0.00044592665 | AJ2: 0.0019062483 | AK2: 0.01999 | AL2: 0.0014296862 | AM2: 0.00313372 | AN2: 0.123412 | AP2: 0.026706747 | AQ2: 0.0014296862 | AR2: 0.12571347 | AS2: 0.0056239837 | AT2: 0.37018519 | AU2: 0.060141677 | AV2: 0.9995 | AW2: 0.27013514 | AX2: 0.9995 | AY2: 0.0014296862 | AZ2: 0.93781268 | BA2: 0.12001537 | BB2: 0.45819103 | BC2: 0.93781268 | BD2: 0.93781268 | BE2: 0.0014296862 | BF2: 0.06753059 | BG2: 0.49524329 | BH2: 0.93781268 | BI2: 1.4311274 | BJ2: 0.93781268 | BK2: 0.37018519 | BL2: 0.12810883 | BM2: 0.00052329843 | BN2: 0.0014296862 | BO2: 0.0053840767 | BP2: 0.042675923 | BQ2: 0.065972291 | BR2: 0.12815746 | BS2: 0.0035413124 | BT2: 0.011785167 | BU2: 0.02147615 | BV2: 0.0001053547 | BW2: 0.00056947158 | BX2: 0.00049914979 | BY2: 0.93781268 | BZ2: 0.24265598 | CA2: 0.93781268 | CB2: 0.021939741 | CC2: 0.0085357853 | CD2: 1.409732 | CE2: 0.0068888276 | CF2: 0.012715379 | CG2: 0.00078526422 | CH2: 3.2698876 | CI2: 0.93781268 | CJ2: 0.00066301824 | CK2: 0.12841976 | CL2: 0.022152374 | CM2: 1.8484823 | CN2: 0.93781268 | CO2: 0.93781268 | CP2: 0.12441496 | CQ2: 0.00076777481 | CR2: 0.012477109 | CS2: 0.26302632 | CT2: 0.084919286 | CU2: 0.0014296862 | CV2: 0.93781268 | CW2: 0.040187367 | CX2: 0.035824758 | CY2: 0.10230192 | CZ2: 0.079164555 | DA2: 0.00091045728 | DB2: 0.93781268 | DC2: 0.094381492 | DD2: 0.057697858 | DE2: 0.15150367 | DF2: 0.12841976 | DG2: 0.013452221 | DH2: 0.93781268 | DI2: 0.076350164 | DJ2: 0.0014296862 | DK2: 0.0090859506 | DL2: 0.015434529 | DM2: 0.11385967 | DN2: 2.5994798 | DO2: 0.01691773 | DP2: 0.9995 | DQ2: 0.00027997199 | DR2: 0.28370707 | DS2: 0.019609959 | DT2: 0.24300997 | DU2: 0.93781268 | DV2: 0.27458791 | DW2: 0.38086347 | DX2: 0.035244295 | DY2: 0.0023123508 | DZ2: 0.26653333 | EA2: 0.0014296862 | EB2: 0.016059372 | EC2: 0.15673023 | ED2: 0.60451557 | EE2: 0.57558307 | EF2: 0.93781268 | EG2: 0.93781268 | EH2: 0.12841976 | EJ2: 0.93781268 | EK2: 0.011946853 | EL2: 0.37018519 | EM2: 0.37018519 | EN2: 0.37018519 | EO2: 0.3882458 | EP2: 0.4587705 | EQ2: 0.10557838 | ER2: 0.61309239 | ES2: 0.089042316 | ET2: 0.116606 | EU2: 0.0012411061 | EV2: 0.023202152 | EW2: 0.0014296862 | EX2: 0.15872638 | EY2: 0.72675053 | EZ2: 1.4871432 | FA2: 0.00054604357 | FB2: 0.18396496 | FC2: 0.27215793 | FD2: 1.4774575 | FE2: 0.9995 | FF2: 0.07957169 | FG2: 0.0030621936 | FH2: 6.8769781e-05 | FI2: 0.24835198 | FJ2: 18.129406
A3: 36923 | B3: 0.021039979 | C3: 0.0069973397 | D3: 0.01319559 | E3: 0.051121607 | F3: 0.37018519 | G3: 0.0018101965 | H3: 0.55837989 | I3: 0.92124415 | J3: 1.0904429 | K3: 0.9995 | L3: 2.6582447 | M3: 0.018509259 | N3: 0.49975 | O3: 8.1326282 | P3: 0.92124415 | Q3: 0.49975 | R3: 0.0014044276 | S3: 0.15542631 | T3: 0.47094905 | U3: 0.18214787 | V3: 0.49948638 | W3: 0.57341686 | X3: 0.47095133 | Y3: 0.0014044276 | Z3: 0.001339184 | AA3: 0.0083556261 | AB3: 0.00025556124 | AC3: 0.0014044276 | AD3: 0.65678154 | AE3: 0.0014044276 | AF3: 0.0014044276 | AG3: 0.001774901 | AH3: 0.12075544 | AI3: 0.00044552514 | AJ3: 0.0018725702 | AK3: 0.01999 | AL3: 0.0014044276 | AM3: 0.0031173975 | AN3: 0.11977294 | AP3: 0.026617134 | AQ3: 0.0014044276 | AR3: 0.12347235 | AS3: 0.0056239837 | AT3: 0.37018519 | AU3: 0.059993998 | AV3: 0.9995 | AW3: 0.26028646 | AX3: 0.9995 | AY3: 0.0014044276 | AZ3: 0.92124415 | BA3: 0.11962181 | BB3: 0.45018467 | BC3: 0.92124415 | BD3: 0.92124415 | BE3: 0.0014044276 | BF3: 0.066570313 | BG3: 0.48458257 | BH3: 0.92124415 | BI3: 1.4208564 | BJ3: 0.92124415 | BK3: 0.37018519 | BL3: 0.12919245 | BM3: 0.00051787565 | BN3: 0.0014044276 | BO3: 0.0053655787 | BP3: 0.042630782 | BQ3: 0.065741009 | BR3: 0.12815746 | BS3: 0.0034689203 | BT3: 0.011657336 | BU3: 0.021485895 | BV3: 0.00010332565 | BW3: 0.00056934532 | BX3: 0.00049914979 | BY3: 0.92124415 | BZ3: 0.24247938 | CA3: 0.92124415 | CB3: 0.021897251 | CC3: 0.0086136044 | CD3: 1.409732 | CE3: 0.0068821869 | CF3: 0.012773114 | CG3: 0.00079804222 | CH3: 3.2632899 | CI3: 0.92124415 | CJ3: 0.00066301824 | CK3: 0.12788607 | CL3: 0.022752106 | CM3: 1.8364074 | CN3: 0.92124415 | CO3: 0.92124415 | CP3: 0.12441496 | CQ3: 0.00075792504 | CR3: 0.012507884 | CS3: 0.26302632 | CT3: 0.084919286 | CU3: 0.0014044276 | CV3: 0.92124415 | CW3: 0.039862008 | CX3: 0.035592828 | CY3: 0.10301256 | CZ3: 0.07913071 | DA3: 0.00090953763 | DB3: 0.92124415 | DC3: 0.093464498 | DD3: 0.055934859 | DE3: 0.15057019 | DF3: 0.12788607 | DG3: 0.013501283 | DH3: 0.92124415 | DI3: 0.075990268 | DJ3: 0.0014044276 | DK3: 0.0090694615 | DL3: 0.015137311 | DM3: 0.11209467 | DN3: 2.5994798 | DO3: 0.016756069 | DP3: 0.9995 | DQ3: 0.00027058855 | DR3: 0.28314448 | DS3: 0.020697867 | DT3: 0.24437055 | DU3: 0.92124415 | DV3: 0.27458791 | DW3: 0.37273914 | DX3: 0.034954641 | DY3: 0.0023016611 | DZ3: 0.26653333 | EA3: 0.0014044276 | EB3: 0.015655323 | EC3: 0.15496364 | ED3: 0.56000672 | EE3: 0.57341686 | EF3: 0.92124415 | EG3: 0.92124415 | EH3: 0.12788607 | EJ3: 0.92124415 | EK3: 0.011491705 | EL3: 0.37018519 | EM3: 0.37018519 | EN3: 0.37018519 | EO3: 0.38229107 | EP3: 0.4587705 | EQ3: 0.10266329 | ER3: 0.59962325 | ES3: 0.089042316 | ET3: 0.11631561 | EU3: 0.001225358 | EV3: 0.023468501 | EW3: 0.0014044276 | EX3: 0.15883484 | EY3: 0.71942705 | EZ3: 1.3151074 | FA3: 0.00057344647 | FB3: 0.18408354 | FC3: 0.27215793 | FD3: 1.4530362 | FE3: 0.9995 | FF3: 0.079404802 | FG3: 0.003015083 | FH3: 6.8661125e-05 | FI3: 0.2774339 | FJ3: 18.128825
A4: 36951 | B4: 0.021039979 | C4: 0.0069251022 | D4: 0.013073289 | E4: 0.050972376 | F4: 0.37018519 | G4: 0.0018306867 | H4: 0.55837989 | I4: 0.90906797 | J4: 1.087122 | K4: 0.9995 | L4: 2.6582447 | M4: 0.018509259 | N4: 0.49975 | O4: 7.8392157 | P4: 0.90906797 | Q4: 0.49975 | R4: 0.0013858652 | S4: 0.1545754 | T4: 0.46460796 | U4: 0.18030125 | V4: 0.47863043 | W4: 0.56443415 | X4: 0.4646028 | Y4: 0.0013858652 | Z4: 0.0013081947 | AA4: 0.0082453391 | AB4: 0.0002556266 | AC4: 0.0013858652 | AD4: 0.64132178 | AE4: 0.0013858652 | AF4: 0.0013858652 | AG4: 0.0017004372 | AH4: 0.12074858 | AI4: 0.00043861189 | AJ4: 0.0018478202 | AK4: 0.01999 | AL4: 0.0013858652 | AM4: 0.0031009556 | AN4: 0.11841737 | AP4: 0.026333816 | AQ4: 0.0013858652 | AR4: 0.12178969 | AS4: 0.0056239837 | AT4: 0.37018519 | AU4: 0.059993998 | AV4: 0.9995 | AW4: 0.26028646 | AX4: 0.9995 | AY4: 0.0013858652 | AZ4: 0.90906797 | BA4: 0.11914696 | BB4: 0.4365868 | BC4: 0.90906797 | BD4: 0.90906797 | BE4: 0.0013858652 | BF4: 0.066409754 | BG4: 0.48425388 | BH4: 0.90906797 | BI4: 1.3990894 | BJ4: 0.90906797 | BK4: 0.37018519 | BL4: 0.12981497 | BM4: 0.00051787565 | BN4: 0.0013858652 | BO4: 0.0053650027 | BP4: 0.042238581 | BQ4: 0.065525086 | BR4: 0.12815746 | BS4: 0.003415576 | BT4: 0.011390931 | BU4: 0.021439067 | BV4: 9.8194286e-05 | BW4: 0.00056893593 | BX4: 0.00049914979 | BY4: 0.90906797 | BZ4: 0.23999904 | CA4: 0.90906797 | CB4: 0.021919677 | CC4: 0.0082518544 | CD4: 1.409732 | CE4: 0.0068731949 | CF4: 0.012854892 | CG4: 0.00077575033 | CH4: 3.2505334 | CI4: 0.90906797 | CJ4: 0.00066301824 | CK4: 0.12686119 | CL4: 0.022275462 | CM4: 1.8170402 | CN4: 0.90906797 | CO4: 0.90906797 | CP4: 0.12441651 | CQ4: 0.00075376847 | CR4: 0.012605959 | CS4: 0.26302632 | CT4: 0.084919286 | CU4: 0.0013858652 | CV4: 0.90906797 | CW4: 0.039599842 | CX4: 0.035351124 | CY4: 0.10392081 | CZ4: 0.078035946 | DA4: 0.00091029144 | DB4: 0.90906797 | DC4: 0.092468383 | DD4: 0.054049991 | DE4: 0.14892571 | DF4: 0.12686119 | DG4: 0.013506757 | DH4: 0.90906797 | DI4: 0.07563375 | DJ4: 0.0013858652 | DK4: 0.0090735781 | DL4: 0.014960022 | DM4: 0.11137533 | DN4: 2.5994798 | DO4: 0.01650577 | DP4: 0.9995 | DQ4: 0.00026636286 | DR4: 0.28394886 | DS4: 0.020622279 | DT4: 0.24600655 | DU4: 0.90906797 | DV4: 0.27458791 | DW4: 0.36613063 | DX4: 0.034853837 | DY4: 0.0023024177 | DZ4: 0.26653333 | EA4: 0.0013858652 | EB4: 0.01547046 | EC4: 0.15504537 | ED4: 0.52386343 | EE4: 0.56443415 | EF4: 0.90906797 | EG4: 0.90906797 | EH4: 0.12686119 | EJ4: 0.90906797 | EK4: 0.011647704 | EL4: 0.37018519 | EM4: 0.37018519 | EN4: 0.37018519 | EO4: 0.38851745 | EP4: 0.4587705 | EQ4: 0.099803887 | ER4: 0.59200862 | ES4: 0.089042316 | ET4: 0.11601453 | EU4: 0.0011970347 | EV4: 0.022796734 | EW4: 0.0013858652 | EX4: 0.15894345 | EY4: 0.7105787 | EZ4: 1.0426272 | FA4: 0.0005699086 | FB4: 0.18436197 | FC4: 0.27215793 | FD4: 1.4442598 | FE4: 0.9995 | FF4: 0.078154323 | FH4: 6.8684717e-05 | FI4: 0.29839473 | FJ4: 18.127147
A5: 36982 | B5: 0.021039979 | C5: 0.0068703602 | D5: 0.012917225 | E5: 0.051455398 | F5: 0.37018519 | G5: 0.0018245377 | H5: 0.55837989 | I5: 0.891554 | J5: 1.08171 | K5: 0.9995 | L5: 2.6582447 | M5: 0.018509259 | N5: 0.49975 | O5: 7.5662377 | P5: 0.891554 | Q5: 0.49975 | R5: 0.0013591653 | S5: 0.15377633 | T5: 0.45572084 | U5: 0.1769653 | V5: 0.45604806 | W5: 0.55175269 | X5: 0.45599708 | Y5: 0.0013591653 | Z5: 0.0012507508 | AA5: 0.008082646 | AB5: 0.00025556124 | AC5: 0.0013591653 | AD5: 0.64173973 | AE5: 0.0013591653 | AF5: 0.0013591653 | AG5: 0.0016696457 | AH5: 0.12075485 | AI5: 0.00043024407 | AJ5: 0.0018122204 | AK5: 0.01999 | AL5: 0.0013591653 | AM5: 0.003085829 | AN5: 0.11698281 | AP5: 0.025811533 | AQ5: 0.0013591653 | AR5: 0.11956857 | AS5: 0.0056239837 | AT5: 0.37018519 | AU5: 0.059993998 | AV5: 0.9995 | AW5: 0.26028646 | AX5: 0.9995 | AY5: 0.0013591653 | AZ5: 0.891554 | BA5: 0.11881553 | BB5: 0.43064409 | BC5: 0.891554 | BD5: 0.891554 | BE5: 0.0013591653 | BF5: 0.065644724 | BG5: 0.48687223 | BH5: 0.891554 | BI5: 1.3863495 | BJ5: 0.891554 | BK5: 0.37018519 | BL5: 0.12900619 | BM5: 0.00051388175 | BN5: 0.0013591653 | BO5: 0.0053532216 | BP5: 0.042721891 | BQ5: 0.065268781 | BR5: 0.12817389 | BS5: 0.0033429212 | BT5: 0.010731157 | BU5: 0.021363228 | BV5: 8.9384725e-05 | BW5: 0.0005706777 | BX5: 0.00049914979 | BY5: 0.891554 | BZ5: 0.23934387 | CA5: 0.891554 | CB5: 0.021925206 | CC5: 0.0080717127 | CD5: 1.409732 | CE5: 0.0068684717 | CF5: 0.012896857 | CG5: 0.00075402663 | CH5: 3.2518553 | CI5: 0.891554 | CJ5: 0.00066301824 | CK5: 0.12366789 | CL5: 0.021531667 | CM5: 1.79965 | CN5: 0.891554 | CO5: 0.891554 | CP5: 0.1244196 | CQ5: 0.00074019272 | CR5: 0.012693176 | CS5: 0.26302632 | CT5: 0.084919286 | CU5: 0.0013591653 | CV5: 0.891554 | CW5: 0.039519987 | CX5: 0.035262449 | CY5: 0.10688925 | CZ5: 0.077625642 | DA5: 0.00091397899 | DB5: 0.891554 | DC5: 0.09053196 | DD5: 0.052315874 | DE5: 0.1474254 | DF5: 0.12366789 | DG5: 0.013473982 | DH5: 0.891554 | DI5: 0.075269222 | DJ5: 0.0013591653 | DK5: 0.0088295053 | DL5: 0.014650313 | DM5: 0.10990497 | DN5: 2.5994798 | DO5: 0.016365897 | DP5: 0.9995 | DQ5: 0.00026390136 | DR5: 0.28083731 | DS5: 0.01991631 | DT5: 0.24878656 | DU5: 0.891554 | DV5: 0.27458791 | DW5: 0.35852644 | DX5: 0.034649038 | DY5: 0.0022898231 | DZ5: 0.26653333 | EA5: 0.0013591653 | EB5: 0.015052552 | EC5: 0.1653843 | ED5: 0.52466916 | EE5: 0.55175269 | EF5: 0.891554 | EG5: 0.891554 | EH5: 0.12366789 | EJ5: 0.891554 | EK5: 0.011373024 | EL5: 0.37018519 | EM5: 0.37018519 | EN5: 0.37018519 | EO5: 0.38844196 | EP5: 0.4587705 | EQ5: 0.098002879 | ER5: 0.5829994 | ES5: 0.089042316 | ET5: 0.11322956 | EU5: 0.0011301192 | EV5: 0.022009116 | EW5: 0.0013591653 | EX5: 0.15933873 | EY5: 0.69958704 | EZ5: 0.82998543 | FA5: 0.00056347318 | FB5: 0.18447086 | FC5: 0.27215793 | FD5: 1.434044 | FE5: 0.9995 | FF5: 0.077465607 | FH5: 6.8661125e-05 | FI5: 0.32195408 | FJ5: 18.122559
A6: 37012 | B6: 0.021039979 | C6: 0.0068211288 | D6: 0.01275888 | E6: 0.051155568 | F6: 0.37018519 | G6: 0.001804901 | H6: 0.55837989 | I6: 0.87372655 | J6: 1.080307 | K6: 0.9995 | L6: 2.6582447 | M6: 0.018279078 | N6: 0.49975 | O6: 7.370944 | P6: 0.87372655 | Q6: 0.49975 | R6: 0.0013319875 | S6: 0.1531003 | T6: 0.4466202 | U6: 0.17836748 | V6: 0.43524044 | W6: 0.5511442 | X6: 0.44742379 | Y6: 0.0013319875 | Z6: 0.0011743212 | AA6: 0.0079388403 | AB6: 0.00025477951 | AC6: 0.0013319875 | AD6: 0.64841354 | AE6: 0.0013319875 | AF6: 0.0013319875 | AG6: 0.0016534873 | AH6: 0.12075267 | AI6: 0.00042587551 | AJ6: 0.0017759834 | AK6: 0.0095719211 | AL6: 0.0013319875 | AM6: 0.0030707549 | AN6: 0.1189615 | AP6: 0.025451999 | AQ6: 0.0013319875 | AR6: 0.11724065 | AS6: 0.0056239837 | AT6: 0.37018519 | AU6: 0.059993998 | AV6: 0.9995 | AW6: 0.26021869 | AX6: 0.9995 | AY6: 0.0013319875 | AZ6: 0.87372655 | BA6: 0.11855481 | BB6: 0.43886453 | BC6: 0.87372655 | BD6: 0.87372655 | BE6: 0.0013319875 | BF6: 0.065495459 | BG6: 0.48404281 | BH6: 0.87372655 | BI6: 1.383325 | BJ6: 0.87372655 | BK6: 0.37018519 | BL6: 0.12865018 | BM6: 0.00051388175 | BN6: 0.0013319875 | BO6: 0.0053532216 | BP6: 0.042778757 | BQ6: 0.065030547 | BR6: 0.12817389 | BS6: 0.0033835477 | BT6: 0.0099472532 | BU6: 0.021303456 | BV6: 8.9002671e-05 | BW6: 0.00056969667 | BX6: 0.00049914979 | BY6: 0.87372655 | BZ6: 0.24142512 | CA6: 0.87372655 | CB6: 0.021875588 | CC6: 0.0081973263 | CD6: 1.409732 | CE6: 0.0068482357 | CF6: 0.012726032 | CG6: 0.00076975802 | CH6: 3.2493287 | CI6: 0.87372655 | CJ6: 0.00066301824 | CK6: 0.12536389 | CL6: 0.020625258 | CM6: 1.7918816 | CN6: 0.87372655 | CO6: 0.87372655 | CP6: 0.12441651 | CQ6: 0.00073497187 | CR6: 0.013013137 | CS6: 0.26302632 | CT6: 0.084919286 | CU6: 0.0013319875 | CV6: 0.87372655 | CW6: 0.039282346 | CX6: 0.034875728 | CY6: 0.10927438 | CZ6: 0.076648185 | DA6: 0.00091459788 | DB6: 0.87372655 | DC6: 0.085679997 | DD6: 0.049773145 | DE6: 0.14683846 | DF6: 0.12536389 | DG6: 0.013376606 | DH6: 0.87372655 | DI6: 0.074902578 | DJ6: 0.0013319875 | DK6: 0.0088396568 | DL6: 0.014400959 | DM6: 0.1093088 | DN6: 2.5994798 | DO6: 0.016157092 | DP6: 0.9995 | DQ6: 0.00026151914 | DR6: 0.27763889 | DS6: 0.019776806 | DT6: 0.2510928 | DU6: 0.87372655 | DV6: 0.27458791 | DW6: 0.35078791 | DX6: 0.034443782 | DY6: 0.0022762308 | DZ6: 0.26653333 | EA6: 0.0013319875 | EB6: 0.014742127 | EC6: 0.17370827 | ED6: 0.52627976 | EE6: 0.5511442 | EF6: 0.87372655 | EG6: 0.87372655 | EH6: 0.12536389 | EJ6: 0.87372655 | EK6: 0.011022085 | EL6: 0.37018519 | EM6: 0.37018519 | EN6: 0.37018519 | EO6: 0.38836649 | EP6: 0.4587705 | EQ6: 0.096910593 | ER6: 0.57003536 | ES6: 0.089042316 | ET6: 0.11256011 | EU6: 0.0011247777 | EV6: 0.021998217 | EW6: 0.0013319875 | EX6: 0.15970025 | EY6: 0.68581035 | EZ6: 0.88243292 | FA6: 0.00056067144 | FB6: 0.18462419 | FC6: 0.27215793 | FD6: 1.4244791 | FE6: 0.9995 | FF6: 0.076520261 | FH6: 6.8440153e-05 | FI6: 0.3007788 | FJ6: 18.127947
A7: 37043 | B7: 0.021039979 | C7: 0.0067279214 | D7: 0.012624484 | E7: 0.050466875 | F7: 0.37018519 | G7: 0.0018005343 | H7: 0.55837989 | I7: 0.85274008 | J7: 1.0765834 | K7: 0.9995 | L7: 2.6582447 | M7: 0.017535088 | N7: 0.49975 | O7: 7.2322721 | P7: 0.85274008 | Q7: 0.49975 | R7: 0.0012999939 | S7: 0.1521008 | T7: 0.43597822 | U7: 0.17661507 | V7: 0.42083768 | W7: 0.55048853 | X7: 0.43598691 | Y7: 0.0012999939 | Z7: 0.0010973026 | AA7: 0.0077342722 | AB7: 0.00025523493 | AC7: 0.0012999939 | AD7: 0.65566985 | AE7: 0.0012999939 | AF7: 0.0012999939 | AG7: 0.0016223806 | AH7: 0.12075573 | AI7: 0.00043349843 | AJ7: 0.0017333252 | AK7: 0.0029010536 | AL7: 0.0012999939 | AM7: 0.0030544266 | AN7: 0.11695352 | AP7: 0.025127586 | AQ7: 0.0012999939 | AR7: 0.11459672 | AS7: 0.0056239837 | AT7: 0.37018519 | AU7: 0.059993998 | AV7: 0.9995 | AW7: 0.25961039 | AX7: 0.9995 | AY7: 0.0012999939 | AZ7: 0.85274008 | BA7: 0.11827703 | BB7: 0.4351617 | BC7: 0.85274008 | BD7: 0.85274008 | BE7: 0.0012999939 | BF7: 0.063800995 | BG7: 0.48524129 | BH7: 0.85274008 | BI7: 1.3834934 | BJ7: 0.85274008 | BK7: 0.37018519 | BL7: 0.12816929 | BM7: 0.00051388175 | BN7: 0.0012999939 | BO7: 0.005352075 | BP7: 0.041959833 | BQ7: 0.064759622 | BR7: 0.12817389 | BS7: 0.0034545329 | BT7: 0.0095783421 | BU7: 0.021263578 | BV7: 8.8349686e-05 | BW7: 0.00056982812 | BX7: 0.00049914979 | BY7: 0.85274008 | BZ7: 0.24009128 | CA7: 0.85274008 | CB7: 0.0218686 | CC7: 0.0081823394 | CD7: 1.409732 | CE7: 0.0068271858 | CF7: 0.012713034 | CG7: 0.00077251262 | CH7: 3.2453722 | CI7: 0.85274008 | CJ7: 0.00066301824 | CK7: 0.12410676 | CL7: 0.018872186 | CM7: 1.52958 | CN7: 0.85274008 | CO7: 0.85274008 | CP7: 0.12441805 | CQ7: 0.00072864087 | CR7: 0.013344335 | CS7: 0.26302632 | CT7: 0.084919286 | CU7: 0.0012999939 | CV7: 0.85274008 | CW7: 0.039148486 | CX7: 0.034432865 | CY7: 0.10988709 | CZ7: 0.077349905 | DA7: 0.000912119 | DB7: 0.85274008 | DC7: 0.084127331 | DD7: 0.046926072 | DE7: 0.14553635 | DF7: 0.12410676 | DG7: 0.013371237 | DH7: 0.85274008 | DI7: 0.074539488 | DJ7: 0.0012999939 | DK7: 0.008925701 | DL7: 0.01399225 | DM7: 0.10748814 | DN7: 2.5994798 | DO7: 0.015757126 | DP7: 0.9995 | DQ7: 0.0002557247 | DR7: 0.28306429 | DS7: 0.01941229 | DT7: 0.25173152 | DU7: 0.85274008 | DV7: 0.27458791 | DW7: 0.34522658 | DX7: 0.034330091 | DY7: 0.0022693273 | DZ7: 0.26653333 | EA7: 0.0012999939 | EB7: 0.014339041 | EC7: 0.17677125 | ED7: 0.51433394 | EE7: 0.55048853 | EF7: 0.85274008 | EG7: 0.85274008 | EH7: 0.12410676 | EJ7: 0.85274008 | EK7: 0.011022082 | EL7: 0.37018519 | EM7: 0.37018519 | EN7: 0.37018519 | EO7: 0.38830614 | EP7: 0.45880048 | EQ7: 0.092688161 | ER7: 0.56023587 | ES7: 0.089042316 | ET7: 0.11138737 | EU7: 0.0011241452 | EV7: 0.022112049 | EW7: 0.0012999939 | EX7: 0.16029188 | EY7: 0.66887506 | EZ7: 0.82390656 | FA7: 0.00056544383 | FB7: 0.18505147 | FC7: 0.27215793 | FD7: 1.4003503 | FE7: 0.9995 | FF7: 0.074788243 | FH7: 6.7675537e-05 | FI7: 0.27729535 | FJ7: 18.129849
A8: 37073 | B8: 0.021039979 | C8: 0.0067616019 | D8: 0.012594808 | E8: 0.048443366 | F8: 0.37018519 | G8: 0.0018039888 | H8: 0.55837989 | I8: 0.8602333 | J8: 1.0728854 | K8: 0.9995 | L8: 2.6582447 | M8: 0.017535088 | N8: 0.49975 | O8: 7.1443888 | P8: 0.8602333 | Q8: 0.49975 | R8: 0.0013114172 | S8: 0.15091576 | T8: 0.43972967 | U8: 0.17460955 | V8: 0.40544004 | W8: 0.54805863 | X8: 0.43972723 | Y8: 0.0013114172 | Z8: 0.0011882683 | AA8: 0.0077958038 | AB8: 0.00025503955 | AC8: 0.0013114172 | AD8: 0.65311145 | AE8: 0.0013114172 | AF8: 0.0013114172 | AG8: 0.0015225604 | AH8: 0.12075792 | AI8: 0.00043375805 | AJ8: 0.0017485563 | AK8: 0.0038039962 | AL8: 0.0013114172 | AM8: 0.0030365172 | AN8: 0.11915265 | AP8: 0.02540994 | AQ8: 0.0013114172 | AR8: 0.1154549 | AS8: 0.0056239837 | AT8: 0.37018519 | AU8: 0.059993998 | AV8: 0.9995 | AW8: 0.25961039 | AX8: 0.9995 | AY8: 0.0013114172 | AZ8: 0.8602333 | BA8: 0.1179699 | BB8: 0.43126776 | BC8: 0.8602333 | BD8: 0.8602333 | BE8: 0.0013114172 | BF8: 0.063585065 | BG8: 0.48345748 | BH8: 0.8602333 | BI8: 1.391929 | BJ8: 0.8602333 | BK8: 0.37018519 | BL8: 0.12815828 | BM8: 0.00051388175 | BN8: 0.0013114172 | BO8: 0.005352075 | BP8: 0.041490417 | BQ8: 0.064520918 | BR8: 0.12817389 | BS8: 0.0034526236 | BT8: 0.0099660983 | BU8: 0.021201982 | BV8: 9.3350145e-05 | BW8: 0.00057033675 | BX8: 0.00049914979 | BY8: 0.8602333 | BZ8: 0.23808957 | CA8: 0.8602333 | CB8: 0.021863338 | CC8: 0.0080185102 | CD8: 1.409732 | CE8: 0.0068136887 | CF8: 0.012648953 | CG8: 0.00076731153 | CH8: 3.2500789 | CI8: 0.8602333 | CJ8: 0.00066301824 | CK8: 0.12263774 | CL8: 0.017637198 | CM8: 1.5307666 | CN8: 0.8602333 | CO8: 0.8602333 | CP8: 0.12441341 | CQ8: 0.00074632549 | CR8: 0.013852911 | CS8: 0.26302632 | CT8: 0.081359381 | CU8: 0.0013114172 | CV8: 0.8602333 | CW8: 0.039082662 | CX8: 0.034062987 | CY8: 0.10916339 | CZ8: 0.077475815 | DA8: 0.00091139541 | DB8: 0.8602333 | DC8: 0.084608027 | DD8: 0.045854661 | DE8: 0.1454474 | DF8: 0.12263774 | DG8: 0.013491078 | DH8: 0.8602333 | DI8: 0.076654651 | DJ8: 0.0013114172 | DK8: 0.0089762012 | DL8: 0.014083376 | DM8: 0.10789588 | DN8: 2.5994798 | DO8: 0.015589426 | DP8: 0.9995 | DQ8: 0.00023923502 | DR8: 0.28532686 | DS8: 0.018779122 | DT8: 0.2387778 | DU8: 0.8602333 | DV8: 0.27458791 | DW8: 0.34038278 | DX8: 0.034209184 | DY8: 0.0022539873 | DZ8: 0.26653333 | EA8: 0.0013114172 | EB8: 0.014429567 | EC8: 0.17723517 | ED8: 0.49158236 | EE8: 0.54805863 | EF8: 0.8602333 | EG8: 0.8602333 | EH8: 0.12263774 | EJ8: 0.8602333 | EK8: 0.011073075 | EL8: 0.37018519 | EM8: 0.37018519 | EN8: 0.37018519 | EO8: 0.38830614 | EP8: 0.45880048 | EQ8: 0.092833478 | ER8: 0.56810108 | ES8: 0.089042316 | ET8: 0.11160864 | EU8: 0.0011246891 | EV8: 0.021933867 | EW8: 0.0013114172 | EX8: 0.16200665 | EY8: 0.67306397 | EZ8: 0.75630659 | FA8: 0.00057917116 | FB8: 0.18608851 | FC8: 0.27215793 | FD8: 1.4130804 | FE8: 0.9995 | FF8: 0.073467798 | FH8: 6.7094046e-05 | FI8: 0.27121266 | FJ8: 18.145008
A9: 37104 | B9: 0.021039979 | C9: 0.0069773124 | D9: 0.012987131 | E9: 0.045982014 | F9: 0.37018519 | G9: 0.0018022648 | H9: 0.55837989 | I9: 0.90003237 | J9: 1.0685268 | K9: 0.9995 | L9: 2.6582447 | M9: 0.017535088 | N9: 0.49975 | O9: 6.9073946 | P9: 0.90003237 | Q9: 0.49975 | R9: 0.0013720905 | S9: 0.14974231 | T9: 0.46005315 | U9: 0.17433241 | V9: 0.39823407 | W9: 0.56731108 | X9: 0.46004787 | Y9: 0.0013720905 | Z9: 0.0011801448 | AA9: 0.0081392508 | AB9: 0.00025464968 | AC9: 0.0013720905 | AD9: 0.64895855 | AE9: 0.0013720905 | AF9: 0.0013720905 | AG9: 0.001483598 | AH9: 0.12075675 | AI9: 0.00043667264 | AJ9: 0.001829454 | AK9: 0.0033776021 | AL9: 0.0013720905 | AM9: 0.0030181785 | AN9: 0.12167515 | AP9: 0.026392923 | AQ9: 0.0013720905 | AR9: 0.12089185 | AS9: 0.0056239837 | AT9: 0.37018519 | AU9: 0.059993998 | AV9: 0.9995 | AW9: 0.24142512 | AX9: 0.9995 | AY9: 0.0013720905 | AZ9: 0.90003237 | BA9: 0.11768792 | BB9: 0.44334496 | BC9: 0.90003237 | BD9: 0.90003237 | BE9: 0.0013720905 | BF9: 0.063981103 | BG9: 0.48413659 | BH9: 0.90003237 | BI9: 1.3983972 | BJ9: 0.90003237 | BK9: 0.37018519 | BL9: 0.12733019 | BM9: 0.00050684584 | BN9: 0.0013720905 | BO9: 0.005352075 | BP9: 0.040693272 | BQ9: 0.064369667 | BR9: 0.12817389 | BS9: 0.0035815387 | BT9: 0.010155456 | BU9: 0.021208955 | BV9: 0.00011320904 | BW9: 0.00057095232 | BX9: 0.00049914979 | BY9: 0.90003237 | BZ9: 0.23610422 | CA9: 0.90003237 | CB9: 0.02187353 | CC9: 0.0082190729 | CD9: 1.409732 | CE9: 0.0067965456 | CF9: 0.012665708 | CG9: 0.00077758501 | CH9: 3.2689465 | CI9: 0.90003237 | CJ9: 0.00066301824 | CK9: 0.12022064 | CL9: 0.01865542 | CM9: 1.5597484 | CN9: 0.90003237 | CO9: 0.90003237 | CP9: 0.12441496 | CQ9: 0.00077590811 | CR9: 0.014745911 | CS9: 0.26302632 | CT9: 0.078085937 | CU9: 0.0013720905 | CV9: 0.90003237 | CW9: 0.039071967 | CX9: 0.033880782 | CY9: 0.10952104 | CZ9: 0.077570217 | DA9: 0.00090993509 | DB9: 0.90003237 | DC9: 0.087491246 | DD9: 0.045805004 | DE9: 0.14817945 | DF9: 0.12022064 | DG9: 0.013322226 | DH9: 0.90003237 | DI9: 0.07627442 | DJ9: 0.0013720905 | DK9: 0.0089883094 | DL9: 0.014742084 | DM9: 0.11171455 | DN9: 2.5994798 | DO9: 0.015585712 | DP9: 0.9995 | DQ9: 0.00023339716 | DR9: 0.28630765 | DS9: 0.019225591 | DT9: 0.23540357 | DU9: 0.90003237 | DV9: 0.27458791 | DW9: 0.33530142 | DX9: 0.034060085 | DY9: 0.0022618024 | DZ9: 0.26653333 | EA9: 0.0013720905 | EB9: 0.015064281 | EC9: 0.18114432 | ED9: 0.48533082 | EE9: 0.56731108 | EF9: 0.90003237 | EG9: 0.90003237 | EH9: 0.12022064 | EJ9: 0.90003237 | EK9: 0.01111467 | EL9: 0.37018519 | EM9: 0.37018519 | EN9: 0.37018519 | EO9: 0.38744988 | EP9: 0.45880048 | EQ9: 0.096631669 | ER9: 0.59468915 | ES9: 0.089042316 | ET9: 0.11275948 | EU9: 0.0011219622 | EV9: 0.022277697 | EW9: 0.0013720905 | EX9: 0.16270287 | EY9: 0.69448305 | EZ9: 0.71396274 | FA9: 0.00057094384 | FB9: 0.18693774 | FC9: 0.27215793 | FD9: 1.4361664 | FE9: 0.9995 | FF9: 0.074654736 | FH9: 6.6726751e-05 | FI9: 0.27807918 | FJ9: 18.147115
A10: 37135 | B10: 0.021042105 | C10: 0.0070056283 | D10: 0.013073101 | E10: 0.042720211 | F10: 0.37018519 | G10: 0.0018039237 | H10: 0.55837989 | I10: 0.91063945 | J10: 1.0660196 | K10: 0.9995 | L10: 2.6582447 | M10: 0.017535088 | N10: 0.49975 | O10: 6.7946975 | P10: 0.91063945 | Q10: 0.49975 | R10: 0.0013882609 | S10: 0.1489124 | T10: 0.46550941 | U10: 0.1708956 | V10: 0.37422359 | W10: 0.57165898 | X10: 0.46677252 | Y10: 0.0013882609 | Z10: 0.0011805769 | AA10: 0.0082610133 | AB10: 0.00025445519 | AC10: 0.0013882609 | AD10: 0.63756677 | AE10: 0.0013882609 | AF10: 0.0013882609 | AG10: 0.0014671775 | AH10: 0.12075908 | AI10: 0.00042929607 | AJ10: 0.0018510145 | AK10: 0.0032085647 | AL10: 0.0013882609 | AM10: 0.0029988899 | AN10: 0.12117923 | AP10: 0.026611465 | AQ10: 0.0013882609 | AR10: 0.12233033 | AS10: 0.0056239837 | AT10: 0.37018519 | AU10: 0.059993998 | AV10: 0.9995 | AW10: 0.24142512 | AX10: 0.9995 | AY10: 0.0013882609 | AZ10: 0.91063945 | BA10: 0.11741143 | BB10: 0.43795844 | BC10: 0.91063945 | BD10: 0.91063945 | BE10: 0.0013882609 | BF10: 0.061695246 | BG10: 0.48177962 | BH10: 0.91063945 | BI10: 1.3977253 | BJ10: 0.91063945 | BK10: 0.37018519 | BL10: 0.12567016 | BM10: 0.00050787602 | BN10: 0.0013882609 | BO10: 0.0053318041 | BP10: 0.039981119 | BQ10: 0.064091466 | BR10: 0.12814103 | BS10: 0.0035579524 | BT10: 0.01001503 | BU10: 0.020977627 | BV10: 0.00010739806 | BW10: 0.00056991876 | BX10: 0.00049914979 | BY10: 0.91063945 | BZ10: 0.23123193 | CA10: 0.91063945 | CB10: 0.021827195 | CC10: 0.0084009062 | CD10: 1.409732 | CE10: 0.0067753525 | CF10: 0.012660561 | CG10: 0.00077259025 | CH10: 3.2769203 | CI10: 0.91063945 | CJ10: 0.00066301824 | CK10: 0.11572895 | CL10: 0.020034075 | CM10: 1.5731868 | CN10: 0.91063945 | CO10: 0.91063945 | CP10: 0.12441341 | CQ10: 0.00078436943 | CR10: 0.016024588 | CS10: 0.26302632 | CT10: 0.078085937 | CU10: 0.0013882609 | CV10: 0.91063945 | CW10: 0.039044494 | CX10: 0.033642098 | CY10: 0.10650995 | CZ10: 0.07768658 | DA10: 0.00090904957 | DB10: 0.91063945 | DC10: 0.088312216 | DD10: 0.045297224 | DE10: 0.14962351 | DF10: 0.11572895 | DG10: 0.013309808 | DH10: 0.91063945 | DI10: 0.073454839 | DJ10: 0.0013882609 | DK10: 0.0090772864 | DL10: 0.014953553 | DM10: 0.11383179 | DN10: 2.5994798 | DO10: 0.015569045 | DP10: 0.9995 | DQ10: 0.0002268652 | DR10: 0.28638968 | DS10: 0.019502439 | DT10: 0.23693256 | DU10: 0.91063945 | DV10: 0.27458791 | DW10: 0.33056621 | DX10: 0.033963328 | DY10: 0.0022416295 | DZ10: 0.26653333 | EA10: 0.0013882609 | EB10: 0.015254442 | EC10: 0.18199862 | ED10: 0.4829389 | EE10: 0.57165898 | EF10: 0.91063945 | EG10: 0.91063945 | EH10: 0.11572895 | EJ10: 0.91063945 | EK10: 0.011083958 | EL10: 0.37018519 | EM10: 0.37018519 | EN10: 0.37018519 | EO10: 0.38693818 | EP10: 0.45880048 | EQ10: 0.094103624 | ER10: 0.61076212 | ES10: 0.089042316 | ET10: 0.11271243 | EU10: 0.0011205911 | EV10: 0.022570381 | EW10: 0.0013882609 | EX10: 0.16267904 | EY10: 0.69851143 | EZ10: 0.67891868 | FA10: 0.00057019893 | FB10: 0.18720734 | FC10: 0.27215793 | FD10: 1.4618557 | FE10: 0.9995 | FF10: 0.073583544 | FH10: 7.0891553e-05 | FI10: 0.27173691 | FJ10: 18.140309
A11: 37165 | B11: 0.021042105 | C11: 0.0070689497 | D11: 0.013030968 | E11: 0.039786225 | F11: 0.37018519 | G11: 0.0017823236 | H11: 0.55837989 | I11: 0.90541228 | J11: 1.0614911 | K11: 0.9995 | L11: 2.6582447 | M11: 0.017535088 | N11: 0.49975 | O11: 6.6811497 | P11: 0.90541228 | Q11: 0.49975 | R11: 0.0013802921 | S11: 0.14797542 | T11: 0.46287418 | U11: 0.16317835 | V11: 0.36486455 | W11: 0.55254269 | X11: 0.46288149 | Y11: 0.0013802921 | Z11: 0.0011730257 | AA11: 0.0082134933 | AB11: 0.0002536802 | AC11: 0.0013802921 | AD11: 0.63614719 | AE11: 0.0013802921 | AF11: 0.0013802921 | AG11: 0.0014115238 | AH11: 0.12075908 | AI11: 0.0004306983 | AJ11: 0.0018403895 | AK11: 0.0031366703 | AL11: 0.0013802921 | AM11: 0.0029786917 | AN11: 0.12114689 | AP11: 0.027006944 | AQ11: 0.0013802921 | AR11: 0.12177337 | AS11: 0.0056239837 | AT11: 0.37018519 | AU11: 0.059993998 | AV11: 0.9995 | AW11: 0.24142512 | AX11: 0.9995 | AY11: 0.0013802921 | AZ11: 0.90541228 | BA11: 0.11713211 | BB11: 0.43447763 | BC11: 0.90541228 | BD11: 0.90541228 | BE11: 0.0013802921 | BF11: 0.061514885 | BG11: 0.4803441 | BH11: 0.90541228 | BI11: 1.3944236 | BJ11: 0.90541228 | BK11: 0.37018519 | BL11: 0.12330312 | BM11: 0.00050787602 | BN11: 0.0013802921 | BO11: 0.0052744063 | BP11: 0.038895742 | BQ11: 0.063681079 | BR11: 0.12814103 | BS11: 0.0035503694 | BT11: 0.0097731495 | BU11: 0.020814036 | BV11: 9.8808759e-05 | BW11: 0.00056948763 | BX11: 0.00049914979 | BY11: 0.90541228 | BZ11: 0.23164457 | CA11: 0.90541228 | CB11: 0.021526474 | CC11: 0.0082411675 | CD11: 1.409732 | CE11: 0.0067565741 | CF11: 0.012657263 | CG11: 0.00076731153 | CH11: 3.2738612 | CI11: 0.90541228 | CJ11: 0.00066301824 | CK11: 0.10776164 | CL11: 0.019923588 | CM11: 1.5644957 | CN11: 0.90541228 | CO11: 0.90541228 | CP11: 0.12441186 | CQ11: 0.00078244137 | CR11: 0.016061824 | CS11: 0.26302632 | CT11: 0.078085937 | CU11: 0.0013802921 | CV11: 0.90541228 | CW11: 0.039119374 | CX11: 0.033286044 | CY11: 0.1066873 | CZ11: 0.077734311 | DA11: 0.0009089917 | DB11: 0.90541228 | DC11: 0.087991901 | DD11: 0.044618604 | DE11: 0.14869087 | DF11: 0.10776164 | DG11: 0.013107337 | DH11: 0.90541228 | DI11: 0.073094925 | DJ11: 0.0013802921 | DK11: 0.0090772864 | DL11: 0.0148663 | DM11: 0.11321122 | DN11: 2.5994798 | DO11: 0.015949126 | DP11: 0.9995 | DQ11: 0.00021944365 | DR11: 0.28887283 | DS11: 0.019320356 | DT11: 0.24182232 | DU11: 0.90541228 | DV11: 0.27458791 | DW11: 0.32466056 | DX11: 0.033841893 | DY11: 0.0022081366 | DZ11: 0.26653333 | EA11: 0.0013802921 | EB11: 0.015141186 | EC11: 0.17975649 | ED11: 0.4728138 | EE11: 0.55254269 | EF11: 0.90541228 | EG11: 0.90541228 | EH11: 0.10776164 | EJ11: 0.90541228 | EK11: 0.011001696 | EL11: 0.37018519 | EM11: 0.37018519 | EN11: 0.37018519 | EO11: 0.38540081 | EP11: 0.45977 | EQ11: 0.09466513 | ER11: 0.61183139 | ES11: 0.089042316 | ET11: 0.11174815 | EU11: 0.0011139221 | EV11: 0.022373844 | EW11: 0.0013802921 | EX11: 0.16218804 | EY11: 0.69414543 | EZ11: 0.62372579 | FA11: 0.00057518989 | FB11: 0.18821912 | FC11: 0.27215793 | FD11: 1.450611 | FE11: 0.9995 | FF11: 0.071583576 | FH11: 6.6535748e-05 | FI11: 0.26699684 | FJ11: 18.140309
A12: 37196 | B12: 0.021042105 | C12: 0.0071309323 | D12: 0.012864505 | E12: 0.036393481 | F12: 0.37018519 | G12: 0.0017700877 | H12: 0.55837989 | I12: 0.88786494 | J12: 1.0545474 | K12: 0.9995 | L12: 2.6582447 | M12: 0.017535088 | N12: 0.49975 | O12: 6.5284128 | P12: 0.88786494 | Q12: 0.49975 | R12: 0.0013535414 | S12: 0.14699178 | T12: 0.45391148 | U12: 0.1585778 | V12: 0.39315335 | W12: 0.54635997 | X12: 0.45390554 | Y12: 0.0013535414 | Z12: 0.0011610078 | AA12: 0.008048152 | AB12: 0.00025634778 | AC12: 0.0013535414 | AD12: 0.62765954 | AE12: 0.0013535414 | AF12: 0.0013535414 | AG12: 0.0014498114 | AH12: 0.12075806 | AI12: 0.00043259597 | AJ12: 0.0018047218 | AK12: 0.0031083813 | AL12: 0.0013535414 | AM12: 0.0029561385 | AN12: 0.11984263 | AP12: 0.026671114 | AQ12: 0.0013535414 | AR12: 0.11925158 | AS12: 0.0056239837 | AT12: 0.37018519 | AU12: 0.059639784 | AV12: 0.9995 | AW12: 0.24142512 | AX12: 0.9995 | AY12: 0.0013535414 | AZ12: 0.88786494 | BA12: 0.1168268 | BB12: 0.43762165 | BC12: 0.88786494 | BD12: 0.88786494 | BE12: 0.0013535414 | BF12: 0.059659888 | BG12: 0.46980024 | BH12: 0.88786494 | BI12: 1.3864802 | BJ12: 0.88786494 | BK12: 0.37018519 | BL12: 0.12365351 | BM12: 0.00050624256 | BN12: 0.0013535414 | BO12: 0.0052744063 | BP12: 0.037687258 | BQ12: 0.063239481 | BR12: 0.12814103 | BS12: 0.0035299311 | BT12: 0.0093150047 | BU12: 0.020824058 | BV12: 9.450643e-05 | BW12: 0.00056990418 | BX12: 0.00049914979 | BY12: 0.88786494 | BZ12: 0.2357923 | CA12: 0.88786494 | CB12: 0.021147308 | CC12: 0.0081719853 | CD12: 1.4099347 | CE12: 0.0067338139 | CF12: 0.01265842 | CG12: 0.00077842679 | CH12: 3.2587787 | CI12: 0.88786494 | CJ12: 0.00066301824 | CK12: 0.10247257 | CL12: 0.022211111 | CM12: 1.5515983 | CN12: 0.88786494 | CO12: 0.88786494 | CP12: 0.12441651 | CQ12: 0.00076972838 | CR12: 0.015431932 | CS12: 0.26302632 | CT12: 0.078085937 | CU12: 0.0013535414 | CV12: 0.88786494 | CW12: 0.03778828 | CX12: 0.032951346 | CY12: 0.1083786 | CZ12: 0.077634083 | DA12: 0.00090863636 | DB12: 0.88786494 | DC12: 0.086649328 | DD12: 0.043387291 | DE12: 0.14762355 | DF12: 0.10247257 | DG12: 0.013069631 | DH12: 0.88786494 | DI12: 0.072740637 | DJ12: 0.0013535414 | DK12: 0.0089649296 | DL12: 0.014582194 | DM12: 0.11206124 | DN12: 2.5994798 | DO12: 0.016251187 | DP12: 0.9995 | DQ12: 0.00021496935 | DR12: 0.29055233 | DS12: 0.019224888 | DT12: 0.24411987 | DU12: 0.88786494 | DV12: 0.27458791 | DW12: 0.31934438 | DX12: 0.033545221 | DY12: 0.0021847291 | DZ12: 0.26653333 | EA12: 0.0013535414 | EB12: 0.014809821 | EC12: 0.17716291 | ED12: 0.44410577 | EE12: 0.54635997 | EF12: 0.88786494 | EG12: 0.88786494 | EH12: 0.10247257 | EJ12: 0.88786494 | EK12: 0.010799123 | EL12: 0.37018519 | EM12: 0.37018519 | EN12: 0.37018519 | EO12: 0.38182957 | EP12: 0.45880188 | EQ12: 0.094323775 | ER12: 0.60517074 | ES12: 0.089042316 | ET12: 0.11099512 | EU12: 0.0010944909 | EV12: 0.02252572 | EW12: 0.0013535414 | EX12: 0.15989697 | EY12: 0.68514748 | EZ12: 0.65786053 | FA12: 0.00057567755 | FB12: 0.18903788 | FC12: 0.27215793 | FD12: 1.4356713 | FE12: 0.9995 | FF12: 0.071628207 | FH12: 6.6354644e-05 | FI12: 0.26296749 | FJ12: 18.140309
A13: 37226 | B13: 0.021059053 | C13: 0.007293491 | D13: 0.012894678 | E13: 0.032765808 | F13: 0.37018519 | G13: 0.0017704366 | H13: 0.55837989 | I13: 0.89192604 | J13: 1.0492337 | K13: 0.9995 | L13: 2.6582447 | M13: 0.017535088 | N13: 0.49975 | O13: 6.3621897 | P13: 0.89192604 | Q13: 0.49975 | R13: 0.0013597325 | S13: 0.14664456 | T13: 0.45600549 | U13: 0.14358363 | V13: 0.42317626 | W13: 0.54397222 | X13: 0.4560595 | Y13: 0.0013597325 | Z13: 0.0011585316 | AA13: 0.0080931174 | AB13: 0.00025595391 | AC13: 0.0013597325 | AD13: 0.63361015 | AE13: 0.0013597325 | AF13: 0.0013597325 | AG13: 0.0014937083 | AH13: 0.12075821 | AI13: 0.00043326542 | AJ13: 0.0018129766 | AK13: 0.0031226568 | AL13: 0.0013597325 | AM13: 0.0029339243 | AN13: 0.12070182 | AP13: 0.027402375 | AQ13: 0.0013597325 | AR13: 0.1199795 | AS13: 0.0056239837 | AT13: 0.37018519 | AU13: 0.05888591 | AV13: 0.9995 | AW13: 0.22950631 | AX13: 0.9995 | AY13: 0.0013597325 | AZ13: 0.89192604 | BA13: 0.11679813 | BB13: 0.43562487 | BC13: 0.89192604 | BD13: 0.89192604 | BE13: 0.0013597325 | BF13: 0.059903387 | BG13: 0.46727443 | BH13: 0.89192604 | BI13: 1.3731269 | BJ13: 0.89192604 | BK13: 0.37018519 | BL13: 0.12558079 | BM13: 0.00050624256 | BN13: 0.0013597325 | BO13: 0.0052744063 | BP13: 0.038191857 | BQ13: 0.062928522 | BR13: 0.12817389 | BS13: 0.003608173 | BT13: 0.0095417661 | BU13: 0.020858959 | BV13: 9.489855e-05 | BW13: 0.00056959155 | BX13: 0.00049914979 | BY13: 0.89192604 | BZ13: 0.23376289 | CA13: 0.89192604 | CB13: 0.021141537 | CC13: 0.0078479303 | CD13: 1.4099309 | CE13: 0.0066815964 | CF13: 0.012702306 | CG13: 0.00077501047 | CH13: 3.2505122 | CI13: 0.89192604 | CJ13: 0.00066301824 | CK13: 0.086200949 | CL13: 0.021710109 | CM13: 1.5448973 | CN13: 0.89192604 | CO13: 0.89192604 | CP13: 0.12442735 | CQ13: 0.00076515341 | CR13: 0.014848963 | CS13: 0.26302632 | CT13: 0.078085937 | CU13: 0.0013597325 | CV13: 0.89192604 | CW13: 0.037645951 | CX13: 0.032930068 | CY13: 0.10903002 | CZ13: 0.076326842 | DA13: 0.00090757203 | DB13: 0.89192604 | DC13: 0.086860172 | DD13: 0.043169445 | DE13: 0.14706748 | DF13: 0.086200949 | DG13: 0.013069631 | DH13: 0.89192604 | DI13: 0.072387146 | DJ13: 0.0013597325 | DK13: 0.0089320822 | DL13: 0.014612167 | DM13: 0.11161113 | DN13: 2.5994798 | DO13: 0.016421899 | DP13: 0.9995 | DQ13: 0.00021416786 | DR13: 0.29097525 | DS13: 0.019299502 | DT13: 0.24897868 | DU13: 0.89192604 | DV13: 0.27458791 | DW13: 0.3167385 | DX13: 0.033215249 | DY13: 0.002182791 | DZ13: 0.26653333 | EA13: 0.0013597325 | EB13: 0.01486933 | EC13: 0.174909 | ED13: 0.45155956 | EE13: 0.54397222 | EF13: 0.89192604 | EG13: 0.89192604 | EH13: 0.086200949 | EJ13: 0.89192604 | EK13: 0.010732114 | EL13: 0.37018519 | EM13: 0.37018519 | EN13: 0.37018519 | EO13: 0.38233494 | EP13: 0.45880188 | EQ13: 0.094734039 | ER13: 0.60492901 | ES13: 0.089042316 | ET13: 0.11094338 | EU13: 0.0010901813 | EV13: 0.022788626 | EW13: 0.0013597325 | EX13: 0.1590674 | EY13: 0.68499253 | EZ13: 0.68892027 | FA13: 0.00058333898 | FB13: 0.18878794 | FC13: 0.27215793 | FD13: 1.43844 | FE13: 0.9995 | FF13: 0.07103464 | FH13: 6.6328224e-05 | FI13: 0.26162661 | FJ13: 18.140309
A14: 37257 | B14: 0.02962148 | C14: 0.0099873731 | D14: 0.017974228 | E14: 0.042589904 | F14: 0.51851852 | G14: 0.0024819175 | H14: 0.78212291 | I14: 1.2366009 | J14: 1.4601585 | K14: 1.4 | L14: 3.7234043 | M14: 0.024239906 | N14: 0.7 | O14: 8.583691 | P14: 1.2366009 | Q14: 0.7 | R14: 0.0018851859 | S14: 0.20404297 | T14: 0.63212758 | U14: 0.20496603 | V14: 0.58895293 | W14: 0.76136611 | X14: 0.63213979 | Y14: 0.0018851859 | Z14: 0.0016182352 | AA14: 0.011222445 | AB14: 0.00035943517 | AC14: 0.0018851859 | AD14: 0.87484342 | AE14: 0.0018851859 | AF14: 0.0018851859 | AG14: 0.0020980698 | AH14: 0.16915036 | AI14: 0.00061539544 | AJ14: 0.0025135812 | AK14: 0.004276768 | AL14: 0.0018851859 | AM14: 0.0040806809 | AN14: 0.16557858 | AP14: 0.03854095 | AQ14: 0.0018851859 | AR14: 0.16630989 | AS14: 0.0078775159 | AT14: 0.51851852 | AU14: 0.082134376 | AV14: 1.4 | AW14: 0.3113879 | AX14: 1.4 | AY14: 0.0018851859 | AZ14: 1.2366009 | BA14: 0.1635686 | BB14: 0.61043769 | BC14: 1.2366009 | BD14: 1.2366009 | BE14: 0.0018851859 | BF14: 0.080490301 | BG14: 0.63961988 | BH14: 1.2366009 | BI14: 1.914012 | BJ14: 1.2366009 | BK14: 0.51851852 | BL14: 0.17464002 | BM14: 0.0007079109 | BN14: 0.0018851859 | BO14: 0.0073843557 | BP14: 0.052566562 | BQ14: 0.08762322 | BR14: 0.17953321 | BS14: 0.0050739345 | BT14: 0.013667871 | BU14: 0.028964093 | BV14: 0.00013490985 | BW14: 0.00079829312 | BX14: 0.00069915929 | BY14: 1.2366009 | BZ14: 0.30856715 | CA14: 1.2366009 | CB14: 0.029547958 | CC14: 0.010552917 | CD14: 1.9746177 | CE14: 0.009262935 | CF14: 0.017812407 | CG14: 0.0010625379 | CH14: 4.55294 | CI14: 1.2366009 | CJ14: 0.00092868988 | CK14: 0.1208161 | CL14: 0.02686109 | CM14: 1.0663465 | CN14: 1.2366009 | CO14: 1.2366009 | CP14: 0.17428543 | CQ14: 0.0010569787 | CR14: 0.020682768 | CS14: 0.36842105 | CT14: 0.109375 | CU14: 0.0018851859 | CV14: 1.2366009 | CW14: 0.052728711 | CX14: 0.046136862 | CY14: 0.15281507 | CZ14: 0.10692982 | DA14: 0.0012704174 | DB14: 1.2366009 | DC14: 0.12085635 | DD14: 0.060049292 | DE14: 0.20413817 | DF14: 0.1208161 | DG14: 0.018280342 | DH14: 1.2366009 | DI14: 0.10089218 | DJ14: 0.0018851859 | DK14: 0.012334802 | DL14: 0.020302036 | DM14: 0.15610365 | DN14: 3.6410923 | DO14: 0.023057067 | DP14: 1.4 | DQ14: 0.00029270332 | DR14: 0.40462428 | DS14: 0.027232215 | DT14: 0.34441192 | DU14: 1.2366009 | DV14: 0.38461538 | DW14: 0.43679022 | DX14: 0.045951508 | DY14: 0.0030647389 | DZ14: 0.37333333 | EA14: 0.0018851859 | EB14: 0.020663383 | EC14: 0.24365624 | ED14: 0.67270499 | EE14: 0.76136611 | EF14: 1.2366009 | EG14: 1.2366009 | EH14: 0.1208161 | EJ14: 1.2366009 | EK14: 0.014991984 | EL14: 0.51851852 | EM14: 0.51851852 | EN14: 0.51851852 | EO14: 0.53549572 | EP14: 0.64264402 | EQ14: 0.13412428 | ER14: 0.83995296 | ES14: 0.1247216 | ET14: 0.15482102 | EU14: 0.0015140045 | EV14: 0.031831421 | EW14: 0.0018851859 | EX14: 0.22270298 | EY14: 0.95225139 | EZ14: 1.0249772 | FA14: 0.00080518076 | FB14: 0.26352445 | FC14: 0.38121171 | FD14: 2.0051561 | FE14: 1.4 | FF14: 0.097680098 | FH14: 9.2709092e-05 | FI14: 0.36376392 | FJ14: 25.409137
A15: 37288 | B15: 0.041281129 | C15: 0.013781663 | D15: 0.02472156 | E15: 0.0563538 | F15: 0.72261852 | G15: 0.0034515108 | H15: 1.0899832 | I15: 1.6974992 | J15: 2.029405 | K15: 1.95107 | L15: 5.189016 | M15: 0.033697237 | N15: 0.975535 | O15: 11.72518 | P15: 1.6974992 | Q15: 0.975535 | R15: 0.0025878208 | S15: 0.28120694 | T15: 0.86789418 | U15: 0.2873277 | V15: 0.80662725 | W15: 1.0653493 | X15: 0.8679137 | Y15: 0.0025878208 | Z15: 0.0022527596 | AA15: 0.015384561 | AB15: 0.00050078799 | AC15: 0.0025878208 | AD15: 1.2225937 | AE15: 0.0025878208 | AF15: 0.0025878208 | AG15: 0.0028741235 | AH15: 0.23573128 | AI15: 0.00085322517 | AJ15: 0.0034504278 | AK15: 0.0058141967 | AL15: 0.0025878208 | AM15: 0.0056397456 | AN15: 0.22633109 | AP15: 0.053396918 | AQ15: 0.0025878208 | AR15: 0.2284636 | AS15: 0.010978275 | AT15: 0.72261852 | AU15: 0.11378247 | AV15: 1.95107 | AW15: 0.43357111 | AX15: 1.95107 | AY15: 0.0025878208 | AZ15: 1.6974992 | BA15: 0.22791809 | BB15: 0.8437698 | BC15: 1.6974992 | BD15: 1.6974992 | BE15: 0.0025878208 | BF15: 0.11124624 | BG15: 0.88092379 | BH15: 1.6974992 | BI15: 2.6211202 | BJ15: 1.6974992 | BK15: 0.72261852 | BL15: 0.24575703 | BM15: 0.0009863977 | BN15: 0.0025878208 | BO15: 0.010255296 | BP15: 0.072930653 | BQ15: 0.12135029 | BR15: 0.25013718 | BS15: 0.0069703476 | BT15: 0.019258415 | BU15: 0.040070033 | BV15: 0.00019073348 | BW15: 0.0011126385 | BX15: 0.00097436337 | BY15: 1.6974992 | BZ15: 0.41850493 | CA15: 1.6974992 | CB15: 0.041115668 | CC15: 0.01461274 | CD15: 2.7518618 | CE15: 0.012856286 | CF15: 0.024933738 | CG15: 0.001479518 | CH15: 6.3409777 | CI15: 1.6974992 | CJ15: 0.0012942421 | CK15: 0.16997456 | CL15: 0.03579945 | CM15: 1.4764468 | CN15: 1.6974992 | CO15: 1.6974992 | CP15: 0.24286977 | CQ15: 0.0013911035 | CR15: 0.027277354 | CS15: 0.51343947 | CT15: 0.15242734 | CU15: 0.0025878208 | CV15: 1.6974992 | CW15: 0.071793862 | CX15: 0.064212886 | CY15: 0.21425732 | CZ15: 0.1488185 | DA15: 0.0017682345 | DB15: 1.6974992 | DC15: 0.16658726 | DD15: 0.083325824 | DE15: 0.28253037 | DF15: 0.16997456 | DG15: 0.025381423 | DH15: 1.6974992 | DI15: 0.13994491 | DJ15: 0.0025878208 | DK15: 0.017069729 | DL15: 0.027852772 | DM15: 0.21803563 | DN15: 5.0743043 | DO15: 0.032410425 | DP15: 1.95107 | DQ15: 0.00039769869 | DR15: 0.56113604 | DS15: 0.038046126 | DT15: 0.46597167 | DU15: 1.6974992 | DV15: 0.53600824 | DW15: 0.60530202 | DX15: 0.063344989 | DY15: 0.0042441894 | DZ15: 0.52028533 | EA15: 0.0025878208 | EB15: 0.028242936 | EC15: 0.33738609 | ED15: 0.93428626 | EE15: 1.0653493 | EF15: 1.6974992 | EG15: 1.6974992 | EH15: 0.16997456 | EJ15: 1.6974992 | EK15: 0.020858388 | EL15: 0.72261852 | EM15: 0.72261852 | EN15: 0.72261852 | EO15: 0.74550839 | EP15: 0.89560248 | EQ15: 0.18475482 | ER15: 1.1485936 | ES15: 0.1738147 | ET15: 0.21618504 | EU15: 0.0020416797 | EV15: 0.044568279 | EW15: 0.0025878208 | EX15: 0.31026493 | EY15: 1.3134096 | EZ15: 1.4407951 | FA15: 0.0011203787 | FB15: 0.36667356 | FC15: 0.53126481 | FD15: 2.7753485 | FE15: 1.95107 | FF15: 0.13319066 | FH15: 0.000128775 | FI15: 0.49972978 | FJ15: 35.410718
... A31: 37773 | B31: 0.057634623 | C31: 0.023604202 | D31: 0.035421989 | E31: 0.036749665 | F31: 1.0403333 | G31: 0.0047998975 | H31: 1.5692179 | I31: 3.2759666 | J31: 2.8550722 | K31: 2.8089 | L31: 7.4704787 | M31: 0.048512953 | N31: 1.40445 | O31: 13.692133 | P31: 3.2759666 | Q31: 1.40445 | R31: 0.0049941788 | S31: 0.36784966 | T31: 1.6747726 | U31: 0.55282425 | V31: 0.97449873 | W31: 1.6197094 | X31: 1.6747555 | Y31: 0.0049941788 | Z31: 0.002617142 | AA31: 0.029755297 | AB31: 0.00070047382 | AC31: 0.0049941788 | AD31: 2.0771717 | AE31: 0.0049941788 | AF31: 0.0049941788 | AG31: 0.0039607716 | AH31: 0.33935922 | AI31: 0.00099361503 | AJ31: 0.0066589051 | AK31: 0.0066453192 | AL31: 0.0049941788 | AM31: 0.007078227 | AN31: 0.43590481 | AP31: 0.10428052 | AQ31: 0.0049941788 | AR31: 0.44080053 | AS31: 0.01580511 | AT31: 1.0403333 | AU31: 0.096558955 | AV31: 2.8089 | AW31: 0.4691822 | AX31: 2.8089 | AY31: 0.0049941788 | AZ31: 3.2759666 | BA31: 0.32674546 | BB31: 1.5016595 | BC31: 3.2759666 | BD31: 3.2759666 | BE31: 0.0049941788 | BF31: 0.10204311 | BG31: 1.3076816 | BH31: 3.2759666 | BI31: 3.2353305 | BJ31: 3.2759666 | BK31: 1.0403333 | BL31: 0.35466133 | BM31: 0.0014186364 | BN31: 0.0049941788 | BO31: 0.014520031 | BP31: 0.06753722 | BQ31: 0.1623773 | BR31: 0.36020775 | BS31: 0.012556549 | BT31: 0.037937601 | BU31: 0.060125221 | BV31: 0.00034105976 | BW31: 0.00034370093 | BX31: 0.0019252228 | BY31: 3.2759666 | BZ31: 0.64159434 | CA31: 3.2759666 | CB31: 0.047653624 | CC31: 0.023751041 | CD31: 3.9617772 | CE31: 0.018832719 | CF31: 0.03810109 | CG31: 0.0023524732 | CH31: 9.3878779 | CI31: 3.2759666 | CJ31: 0.0018632836 | CK31: 0.35544448 | CL31: 0.039684939 | CM31: 2.0565723 | CN31: 3.2759666 | CO31: 3.2759666 | CP31: 0.34968317 | CQ31: 0.0023435975 | CR31: 0.030807922 | CS31: 0.73918421 | CT31: 0.21944531 | CU31: 0.0049941788 | CV31: 3.2759666 | CW31: 0.10766607 | CX31: 0.1009176 | CY31: 0.26763408 | CZ31: 0.19832803 | DA31: 0.0024777052 | DB31: 3.2759666 | DC31: 0.30106432 | DD31: 0.11813582 | DE31: 0.46268263 | DF31: 0.35544448 | DG31: 0.036626679 | DH31: 3.2759666 | DI31: 0.18643472 | DJ31: 0.0049941788 | DK31: 0.022047708 | DL31: 0.05349002 | DM31: 0.40118317 | DN31: 7.3053316 | DO31: 0.048666121 | DP31: 2.8089 | DQ31: 0.00045121442 | DR31: 0.80738718 | DS31: 0.052601912 | DT31: 0.73984618 | DU31: 3.2759666 | DV31: 0.77167582 | DW31: 0.86119174 | DX31: 0.092151581 | DY31: 0.005278894 | DZ31: 0.74904 | EA31: 0.0049941788 | EB31: 0.050409084 | EC31: 0.50594402 | ED31: 1.210305 | EE31: 1.6197094 | EF31: 3.2759666 | EG31: 3.2759666 | EH31: 0.35544448 | EJ31: 3.2759666 | EK31: 0.028889143 | EL31: 1.0403333 | EM31: 1.0403333 | EN31: 1.0403333 | EO31: 1.0772387 | EP31: 1.0700571 | EQ31: 0.35922285 | ER31: 2.126231 | ES31: 0.25023608 | ET31: 0.30158151 | EU31: 0.0027025025 | EV31: 0.067518551 | EW31: 0.0049941788 | EX31: 0.44665829 | EY31: 2.2246951 | EZ31: 1.9763199 | FA31: 0.0014056933 | FB31: 0.52670167 | FC31: 0.76484683 | FD31: 4.6640874 | FE31: 2.8089 | FF31: 0.10515262 | FH31: 0.00018138318 | FI31: 0.57950832 | FJ31: 3.3949125
A32: 37803 | B32: 0.057756262 | C32: 0.023284016 | D32: 0.035982423 | E32: 0.034633164 | F32: 1.0375185 | G32: 0.0048335778 | H32: 1.5649721 | I32: 3.1855896 | J32: 2.8473762 | K32: 2.8013 | L32: 7.450266 | M32: 0.048188539 | N32: 1.40065 | O32: 13.562925 | P32: 3.1855896 | Q32: 1.40065 | R32: 0.0048564001 | S32: 0.36529008 | T32: 1.6286295 | U32: 0.56653723 | V32: 0.97301146 | W32: 1.5959459 | X32: 1.6286628 | Y32: 0.0048564001 | Z32: 0.0025968981 | AA32: 0.028900237 | AB32: 0.00070313755 | AC32: 0.0048564001 | AD32: 2.0276968 | AE32: 0.0048564001 | AF32: 0.0048564001 | AG32: 0.0039953504 | AH32: 0.33843489 | AI32: 0.00097987981 | AJ32: 0.0064752001 | AK32: 0.0064858795 | AL32: 0.0048564001 | AM32: 0.0069975109 | AN32: 0.42500065 | AP32: 0.099921527 | AQ32: 0.0048564001 | AR32: 0.42836739 | AS32: 0.015762347 | AT32: 1.0375185 | AU32: 0.08038665 | AV32: 2.8013 | AW32: 0.45968165 | AX32: 2.8013 | AY32: 0.0048564001 | AZ32: 3.1855896 | BA32: 0.32564925 | BB32: 1.4937237 | BC32: 3.1855896 | BD32: 3.1855896 | BE32: 0.0048564001 | BF32: 0.096709936 | BG32: 1.3129453 | BH32: 3.1855896 | BI32: 3.2202187 | BJ32: 3.1855896 | BK32: 1.0375185 | BL32: 0.35375577 | BM32: 0.0014130139 | BN32: 0.0048564001 | BO32: 0.014444158 | BP32: 0.06484896 | BQ32: 0.16116839 | BR32: 0.35923314 | BS32: 0.012068847 | BT32: 0.036314493 | BU32: 0.060595415 | BV32: 0.00033474338 | BW32: 0.00034074096 | BY32: 3.1855896 | BZ32: 0.64088309 | CA32: 3.1855896 | CB32: 0.047528962 | CC32: 0.023601458 | CD32: 3.9510578 | CE32: 0.019064244 | CF32: 0.037476939 | CG32: 0.0023707885 | CH32: 9.3405311 | CI32: 3.1855896 | CJ32: 0.0018582421 | CK32: 0.37113978 | CL32: 0.038580085 | CM32: 2.0270892 | CN32: 3.1855896 | CO32: 3.1855896 | CP32: 0.34872835 | CQ32: 0.0022898299 | CR32: 0.030751278 | CS32: 0.73718421 | CT32: 0.21885156 | CU32: 0.0048564001 | CV32: 3.1855896 | CW32: 0.10716936 | CX32: 0.096083664 | CY32: 0.2682364 | CZ32: 0.19870335 | DA32: 0.0024431575 | DB32: 3.1855896 | DC32: 0.29410591 | DD32: 0.11835597 | DE32: 0.45591849 | DF32: 0.37113978 | DG32: 0.03699551 | DH32: 3.1855896 | DI32: 0.18502666 | DJ32: 0.0048564001 | DK32: 0.022001524 | DL32: 0.052023615 | DM32: 0.38426612 | DN32: 7.2855657 | DO32: 0.048502614 | DP32: 2.8013 | DQ32: 0.00046605996 | DR32: 0.80705755 | DS32: 0.052152333 | DT32: 0.71710526 | DU32: 3.1855896 | DV32: 0.76958791 | DW32: 0.85727987 | DX32: 0.092270345 | DY32: 0.0051936461 | DZ32: 0.74701333 | EA32: 0.0048564001 | EB32: 0.048972663 | EC32: 0.50588724 | ED32: 1.2042438 | EE32: 1.5959459 | EF32: 3.1855896 | EG32: 3.1855896 | EH32: 0.37113978 | EJ32: 3.1855896 | EK32: 0.028837701 | EL32: 1.0375185 | EM32: 1.0375185 | EN32: 1.0375185 | EO32: 1.0741593 | EP32: 1.0671619 | EQ32: 0.3467728 | ER32: 2.0581904 | ES32: 0.24955902 | ET32: 0.30004391 | EU32: 0.0026901267 | EV32: 0.067125142 | EW32: 0.0048564001 | EX32: 0.44536479 | EY32: 2.1794912 | EZ32: 1.9794075 | FA32: 0.0014039655 | FB32: 0.52536524 | FC32: 0.7627774 | FD32: 4.5511852 | FE32: 2.8013 | FF32: 0.10407951 | FH32: 0.00018061251 | FI32: 0.58612946 | FJ32: 3.3857269
A33: 37834 | B33: 0.060153789 | C33: 0.024419429 | D33: 0.037642453 | E33: 0.034198029 | F33: 1.0846296 | G33: 0.0050653821 | H33: 1.6360335 | I33: 3.2619585 | J33: 2.9796911 | K33: 2.9285 | L33: 7.7885638 | M33: 0.050128981 | N33: 1.46425 | O33: 14.06587 | P33: 3.2619585 | Q33: 1.46425 | R33: 0.0049728237 | S33: 0.38024566 | T33: 1.667318 | U33: 0.59861818 | V33: 0.97561382 | W33: 1.670136 | X33: 1.6673309 | Y33: 0.0049728237 | Z33: 0.0026637499 | AA33: 0.029610718 | AB33: 0.00073157632 | AC33: 0.0049728237 | AD33: 2.0983054 | AE33: 0.0049728237 | AF33: 0.0049728237 | AG33: 0.0041611606 | AH33: 0.35381134 | AI33: 0.0010213477 | AJ33: 0.0066304316 | AK33: 0.0069124658 | AL33: 0.0049728237 | AM33: 0.0072555869 | AN33: 0.43469581 | AP33: 0.10098624 | AQ33: 0.0049728237 | AR33: 0.43876735 | AS33: 0.016478075 | AT33: 1.0846296 | AU33: 0.085797095 | AV33: 2.9285 | AW33: 0.47689226 | AX33: 2.9285 | AY33: 0.0049728237 | AZ33: 3.2619585 | BA33: 0.34029771 | BB33: 1.5461941 | BC33: 3.2619585 | BD33: 3.2619585 | BE33: 0.0049728237 | BF33: 0.096559342 | BG33: 1.3800009 | BH33: 3.2619585 | BI33: 3.3628726 | BJ33: 3.2619585 | BK33: 1.0846296 | BL33: 0.36969428 | BM33: 0.0014753149 | BN33: 0.0049728237 | BO33: 0.015022571 | BP33: 0.070498315 | BQ33: 0.16773296 | BR33: 0.37554501 | BS33: 0.012577306 | BT33: 0.036684204 | BU33: 0.063755905 | BV33: 0.0003438821 | BW33: 0.00035275957 | BY33: 3.2619585 | BZ33: 0.64761168 | CA33: 3.2619585 | CB33: 0.049636519 | CC33: 0.024645141 | CD33: 4.1304654 | CE33: 0.019954347 | CF33: 0.038553084 | CG33: 0.0024851072 | CH33: 9.7724045 | CI33: 3.2619585 | CJ33: 0.0019426202 | CK33: 0.39592141 | CL33: 0.052062222 | CM33: 2.0988836 | CN33: 3.2619585 | CO33: 3.2619585 | CP33: 0.36454962 | CQ33: 0.0023685432 | CR33: 0.028316601 | CS33: 0.77065789 | CT33: 0.22878906 | CU33: 0.0049728237 | CV33: 3.2619585 | CW33: 0.11149819 | CX33: 0.10158385 | CY33: 0.27285772 | CZ33: 0.20909045 | DA33: 0.0025416815 | DB33: 3.2619585 | DC33: 0.30250599 | DD33: 0.12333777 | DE33: 0.47219401 | DF33: 0.39592141 | DG33: 0.039062292 | DH33: 3.2619585 | DI33: 0.19247327 | DJ33: 0.0049728237 | DK33: 0.022949728 | DL33: 0.053306418 | DM33: 0.39520918 | DN33: 7.6163849 | DO33: 0.050674463 | DP33: 2.9285 | DQ33: 0.00047024536 | DR33: 0.84137792 | DS33: 0.053253782 | DT33: 0.74737138 | DU33: 3.2619585 | DV33: 0.80453297 | DW33: 0.87787035 | DX33: 0.096497934 | DY33: 0.0053442843 | DZ33: 0.78093333 | EA33: 0.0049728237 | EB33: 0.050171923 | EC33: 0.52506544 | ED33: 1.238633 | EE33: 1.670136 | EF33: 3.2619585 | EG33: 3.2619585 | EH33: 0.39592141 | EJ33: 3.2619585 | EK33: 0.030200703 | EL33: 1.0846296 | EM33: 1.0846296 | EN33: 1.0846296 | EO33: 1.1220307 | EP33: 1.115619 | EQ33: 0.35299932 | ER33: 2.113952 | ES33: 0.26089087 | ET33: 0.31192084 | EU33: 0.0028020679 | EV33: 0.07036585 | EW33: 0.0049728237 | EX33: 0.46570615 | EY33: 2.2551209 | EZ33: 2.0912181 | FA33: 0.0014653556 | FB33: 0.54926196 | FC33: 0.79741321 | FD33: 4.6681225 | FE33: 2.9285 | FF33: 0.10533074 | FH33: 0.00018870417 | FI33: 0.62327465 | FJ33: 3.5394643
A34: 37865 | B34: 0.059392428 | C34: 0.02421612 | D34: 0.037607557 | E34: 0.036299695 | F34: 1.0818148 | G34: 0.0050818588 | H34: 1.6317877 | I34: 3.2777543 | J34: 2.9733681 | K34: 2.9209 | L34: 7.7683511 | M34: 0.049991956 | N34: 1.46045 | O34: 13.913619 | P34: 3.2777543 | Q34: 1.46045 | R34: 0.0049969042 | S34: 0.37778238 | T34: 1.6751343 | U34: 0.60156524 | V34: 0.99962355 | W34: 1.6727275 | X34: 1.6733887 | Y34: 0.0049969042 | Z34: 0.0026239243 | AA34: 0.029626737 | AB34: 0.00072876747 | AC34: 0.0049969042 | AD34: 2.1426416 | AE34: 0.0049969042 | AF34: 0.0049969042 | AG34: 0.0043244404 | AH34: 0.35288844 | AI34: 0.0010284569 | AJ34: 0.006662539 | AK34: 0.0076269741 | AL34: 0.0049969042 | AM34: 0.0071780694 | AN34: 0.43574633 | AP34: 0.10124788 | AQ34: 0.0049969042 | AR34: 0.44111362 | AS34: 0.016435312 | AT34: 1.0818148 | AU34: 0.09057188 | AV34: 2.9209 | AW34: 0.47573986 | AX34: 2.9209 | AY34: 0.0049969042 | AZ34: 3.2777543 | BA34: 0.33927659 | BB34: 1.5549908 | BC34: 3.2777543 | BD34: 3.2777543 | BE34: 0.0049969042 | BF34: 0.08982465 | BG34: 1.372926 | BH34: 3.2777543 | BI34: 3.3541453 | BJ34: 3.2777543 | BK34: 1.0818148 | BL34: 0.36582678 | BM34: 0.0014677889 | BN34: 0.0049969042 | BO34: 0.015008992 | BP34: 0.070217318 | BQ34: 0.16655642 | BR34: 0.37519589 | BS34: 0.012822775 | BT34: 0.036888732 | BU34: 0.06370973 | BV34: 0.0003461069 | BW34: 0.00035106396 | BY34: 3.2777543 | BZ34: 0.65420624 | CA34: 3.2777543 | CB34: 0.049161317 | CC34: 0.025357236 | CD34: 4.1197461 | CE34: 0.019749155 | CF34: 0.037493486 | CG34: 0.0025046949 | CH34: 9.8188975 | CI34: 3.2777543 | CJ34: 0.0019375788 | CK34: 0.39954859 | CL34: 0.051198948 | CM34: 2.1105653 | CN34: 3.2777543 | CO34: 3.2777543 | CP34: 0.36413389 | CQ34: 0.0023873509 | CR34: 0.027024401 | CS34: 0.76865789 | CT34: 0.22819531 | CU34: 0.0049969042 | CV34: 3.2777543 | CW34: 0.11168081 | CX34: 0.10172957 | CY34: 0.26734703 | CZ34: 0.21397437 | DA34: 0.002525332 | DB34: 3.2777543 | DC34: 0.30355213 | DD34: 0.12306195 | DE34: 0.47348798 | DF34: 0.39954859 | DG34: 0.03919093 | DH34: 3.2777543 | DI34: 0.19104148 | DJ34: 0.0049969042 | DK34: 0.022788553 | DL34: 0.053405079 | DM34: 0.39957592 | DN34: 7.596619 | DO34: 0.050550196 | DP34: 2.9209 | DQ34: 0.00046974156 | DR34: 0.83909796 | DS34: 0.053084591 | DT34: 0.73361798 | DU34: 3.2777543 | DV34: 0.80244505 | DW34: 0.86418898 | DX34: 0.095468912 | DY34: 0.0052912463 | DZ34: 0.77890667 | EA34: 0.0049969042 | EB34: 0.049711608 | EC34: 0.52545513 | ED34: 1.2100987 | EE34: 1.6727275 | EF34: 3.2777543 | EG34: 3.2777543 | EH34: 0.39954859 | EJ34: 3.2777543 | EK34: 0.030599422 | EL34: 1.0818148 | EM34: 1.0818148 | EN34: 1.0818148 | EO34: 1.1186473 | EP34: 1.1127238 | EQ34: 0.3612342 | ER34: 2.1185592 | ES34: 0.26021381 | ET34: 0.30917501 | EU34: 0.0027874314 | EV34: 0.072198891 | EW34: 0.0049969042 | EX34: 0.4641654 | EY34: 2.2551729 | EZ34: 2.1249771 | FA34: 0.0014648673 | FB34: 0.5478468 | FC34: 0.79534377 | FD34: 4.7029368 | FE34: 2.9209 | FF34: 0.10484545 | FH34: 0.0001879964 | FI34: 0.61548944 | FJ34: 3.5302787
A35: 37895 | B35: 0.058508062 | C35: 0.024576016 | D35: 0.037434976 | E35: 0.036355031 | F35: 1.0589259 | G35: 0.0050705849 | H35: 1.5972626 | I35: 3.3428349 | J35: 2.9115605 | K35: 2.8591 | L35: 7.6039894 | M35: 0.048937164 | N35: 1.42955 | O35: 13.492431 | P35: 3.3428349 | Q35: 1.42955 | R35: 0.0050961189 | S35: 0.36890185 | T35: 1.7091084 | U35: 0.61454303 | V35: 0.9994407 | W35: 1.6496077 | X35: 1.7090681 | Y35: 0.0050961189 | Z35: 0.0026639646 | AA35: 0.030315979 | AB35: 0.00071638687 | AC35: 0.0050961189 | AD35: 2.1629609 | AE35: 0.0050961189 | AF35: 0.0050961189 | AG35: 0.0044253719 | AH35: 0.34543627 | AI35: 0.00099405466 | AJ35: 0.0067948252 | AK35: 0.0076176302 | AL35: 0.0050961189 | AM35: 0.0069674668 | AN35: 0.44061995 | AP35: 0.10452219 | AQ35: 0.0050961189 | AR35: 0.44988922 | AS35: 0.016087575 | AT35: 1.0589259 | AU35: 0.081147254 | AV35: 2.8591 | AW35: 0.46597021 | AX35: 2.8591 | AY35: 0.0050961189 | AZ35: 3.3428349 | BA35: 0.3319517 | BB35: 1.5707644 | BC35: 3.3428349 | BD35: 3.3428349 | BE35: 0.0050961189 | BF35: 0.086677742 | BG35: 1.3619302 | BH35: 3.3428349 | BI35: 3.2760238 | BJ35: 3.3428349 | BK35: 1.0589259 | BL35: 0.3531388 | BM35: 0.0014313392 | BN35: 0.0050961189 | BO35: 0.014643278 | BP35: 0.068305887 | BQ35: 0.16244609 | BR35: 0.36924964 | BS35: 0.013087522 | BT35: 0.037511152 | BU35: 0.062993809 | BV35: 0.00033854333 | BW35: 0.00034297826 | BX35: 0.0014669574 | BY35: 3.3428349 | BZ35: 0.64278327 | CA35: 3.3428349 | CB35: 0.047685444 | CC35: 0.026091547 | CD35: 4.0325811 | CE35: 0.019328691 | CF35: 0.036781979 | CG35: 0.0024514906 | CH35: 9.7249292 | CI35: 3.3428349 | CJ35: 0.0018965837 | CK35: 0.41124106 | CL35: 0.061979189 | CM35: 2.1187466 | CN35: 3.3428349 | CO35: 3.3428349 | CP35: 0.35851773 | CQ35: 0.0023588805 | CR35: 0.026399888 | CS35: 0.75239474 | CT35: 0.22336719 | CU35: 0.0050961189 | CV35: 3.3428349 | CW35: 0.1089098 | CX35: 0.10092057 | CY35: 0.25595323 | CZ35: 0.21457788 | DA35: 0.0024617915 | DB35: 3.3428349 | DC35: 0.30732106 | DD35: 0.1202586 | DE35: 0.4765961 | DF35: 0.41124106 | DG35: 0.038454607 | DH35: 3.3428349 | DI35: 0.18609098 | DJ35: 0.0050961189 | DK35: 0.022116247 | DL35: 0.054640767 | DM35: 0.40612216 | DN35: 7.4358908 | DO35: 0.049612183 | DP35: 2.8591 | DQ35: 0.00046066221 | DR35: 0.8220529 | DS35: 0.052029044 | DT35: 0.72897172 | DU35: 3.3428349 | DV35: 0.78546703 | DW35: 0.8622871 | DX35: 0.094782346 | DY35: 0.0051096417 | DZ35: 0.76242667 | EA35: 0.0050961189 | EB35: 0.050407086 | EC35: 0.51983636 | ED35: 1.1585529 | EE35: 1.6496077 | EF35: 3.3428349 | EG35: 3.3428349 | EH35: 0.41124106 | EJ35: 3.3428349 | EK35: 0.030251153 | EL35: 1.0589259 | EM35: 1.0589259 | EN35: 1.0589259 | EO35: 1.0948953 | EP35: 1.089181 | EQ35: 0.37098358 | ER35: 2.1601753 | ES35: 0.25470824 | ET35: 0.30324661 | EU35: 0.0027356798 | EV35: 0.072055747 | EW35: 0.0050961189 | EX35: 0.45388303 | EY35: 2.257303 | EZ35: 1.9993133 | FA35: 0.0014362075 | FB35: 0.53624517 | FC35: 0.778516 | FD35: 4.7923232 | FE35: 2.8591 | FF35: 0.10125081 | FH35: 0.0001835934 | FI35: 0.60166053 | FJ35: 3.4555856
A36: 37926 | B36: 0.059155916 | C36: 0.024965157 | D36: 0.040401168 | E36: 0.036779794 | F36: 1.0681111 | G36: 0.0051082876 | H36: 1.6111173 | I36: 3.3747254 | J36: 2.9347235 | K36: 2.8839 | L36: 7.6699468 | M36: 0.04933834 | N36: 1.44195 | O36: 13.506716 | P36: 3.3747254 | Q36: 1.44195 | R36: 0.0051447356 | S36: 0.37138295 | T36: 1.7250426 | U36: 0.63385204 | V36: 0.9900103 | W36: 1.6680548 | X36: 1.7250491 | Y36: 0.0051447356 | Z36: 0.0026445182 | AA36: 0.0305595 | AB36: 0.00072278195 | AC36: 0.0051447356 | AD36: 2.197125 | AE36: 0.0051447356 | AF36: 0.0051447356 | AG36: 0.0046107727 | AH36: 0.34842713 | AI36: 0.0010138335 | AJ36: 0.0068596475 | AK36: 0.007719142 | AL36: 0.0051447356 | AM36: 0.0069679617 | AN36: 0.4427791 | AP36: 0.10547124 | AQ36: 0.0051447356 | AR36: 0.4526335 | AS36: 0.01622712 | AT36: 1.0681111 | AU36: 0.071672182 | AV36: 2.8839 | AW36: 0.47005803 | AX36: 2.8839 | AY36: 0.0051447356 | AZ36: 3.3747254 | BA36: 0.33466399 | BB36: 1.6164041 | BC36: 3.3747254 | BD36: 3.3747254 | BE36: 0.0051447356 | BF36: 0.092681924 | BG36: 1.3326094 | BH36: 3.3747254 | BI36: 3.2893127 | BJ36: 3.3747254 | BK36: 1.0681111 | BL36: 0.35699696 | BM36: 0.00144195 | BN36: 0.0051447356 | BO36: 0.014722038 | BP36: 0.067721665 | BQ36: 0.16314881 | BR36: 0.37149298 | BS36: 0.013009293 | BT36: 0.038046174 | BU36: 0.063351786 | BV36: 0.00033863297 | BW36: 0.00034515884 | BX36: 0.0014602025 | BY36: 3.3747254 | BZ36: 0.64177942 | CA36: 3.3747254 | CB36: 0.048020833 | CC36: 0.026410281 | CD36: 4.0675599 | CE36: 0.01960903 | CF36: 0.037581365 | CG36: 0.0024339379 | CH36: 9.7862492 | CI36: 3.3747254 | CJ36: 0.0019130348 | CK36: 0.42859818 | CL36: 0.065647621 | CM36: 2.1400053 | CN36: 3.3747254 | CO36: 3.3747254 | CP36: 0.36063626 | CQ36: 0.0023317168 | CR36: 0.026846831 | CS36: 0.75892105 | CT36: 0.22530469 | CU36: 0.0051447356 | CV36: 3.3747254 | CW36: 0.10953321 | CX36: 0.10293908 | CY36: 0.25947186 | CZ36: 0.21506074 | DA36: 0.002468543 | DB36: 3.3747254 | DC36: 0.30963399 | DD36: 0.12116331 | DE36: 0.48062597 | DF36: 0.42859818 | DG36: 0.039082532 | DH36: 3.3747254 | DI36: 0.18679319 | DJ36: 0.0051447356 | DK36: 0.021188477 | DL36: 0.055074728 | DM36: 0.41158471 | DN36: 7.5003901 | DO36: 0.050303594 | DP36: 2.8839 | DQ36: 0.00048203988 | DR36: 0.82918344 | DS36: 0.052082468 | DT36: 0.73032314 | DU36: 3.3747254 | DV36: 0.79228022 | DW36: 0.84550028 | DX36: 0.096730373 | DY36: 0.0051094929 | DZ36: 0.76904 | EA36: 0.0051447356 | EB36: 0.050228334 | EC36: 0.52434545 | ED36: 1.1526655 | EE36: 1.6680548 | EF36: 3.3747254 | EG36: 3.3747254 | EH36: 0.42859818 | EJ36: 3.3747254 | EK36: 0.030110601 | EL36: 1.0681111 | EM36: 1.0681111 | EN36: 1.0681111 | EO36: 1.106214 | EP36: 1.0986286 | EQ36: 0.37512926 | ER36: 2.1642452 | ES36: 0.25691759 | ET36: 0.30352689 | EU36: 0.0027491271 | EV36: 0.072359804 | EW36: 0.0051447356 | EX36: 0.4579 | EY36: 2.2788621 | EZ36: 1.9557951 | FA36: 0.0014605812 | FB36: 0.54087052 | FC36: 0.78526889 | FD36: 4.8704654 | FE36: 2.8839 | FF36: 0.099873595 | FH36: 0.00018440437 | FI36: 0.60697477 | FJ36: 3.4970831
A37: 37956 | B37: 0.061276833 | C37: 0.027238936 | D37: 0.042136335 | E37: 0.037723718 | F37: 1.0965185 | G37: 0.0052375898 | H37: 1.6539665 | I37: 3.6372804 | J37: 3.0085808 | K37: 2.9606 | L37: 7.8739362 | M37: 0.050568524 | N37: 1.4803 | O37: 13.772859 | P37: 3.6372804 | Q37: 1.4803 | R37: 0.0055449982 | S37: 0.37943762 | T37: 1.8601914 | U37: 0.67101834 | V37: 1.0123597 | W37: 1.7306366 | X37: 1.8583893 | Y37: 0.0055449982 | Z37: 0.0027082704 | AA37: 0.032899211 | AB37: 0.00074386935 | AC37: 0.0055449982 | AD37: 2.2551225 | AE37: 0.0055449982 | AF37: 0.0055449982 | AG37: 0.0049105988 | AH37: 0.35768998 | AI37: 0.0010546452 | AJ37: 0.0073933309 | AK37: 0.0080092521 | AL37: 0.0055449982 | AM37: 0.0070944861 | AN37: 0.47243366 | AP37: 0.1124848 | AQ37: 0.0055449982 | AR37: 0.48771889 | AS37: 0.016658695 | AT37: 1.0965185 | AU37: 0.078289801 | AV37: 2.9606 | AW37: 0.48155498 | AX37: 2.9606 | AY37: 0.0055449982 | AZ37: 3.6372804 | BA37: 0.34348098 | BB37: 1.6997426 | BC37: 3.6372804 | BD37: 3.6372804 | BE37: 0.0055449982 | BF37: 0.095322114 | BG37: 1.3980922 | BH37: 3.6372804 | BI37: 3.3558006 | BJ37: 3.6372804 | BK37: 1.0965185 | BL37: 0.36877047 | BM37: 0.0014803 | BN37: 0.0055449982 | BO37: 0.015143734 | BP37: 0.06895588 | BQ37: 0.16699099 | BR37: 0.38137318 | BS37: 0.013717913 | BT37: 0.040517312 | BU37: 0.064942529 | BV37: 0.00034888873 | BW37: 0.00035613304 | BX37: 0.0016783447 | BY37: 3.6372804 | BZ37: 0.67396649 | CA37: 3.6372804 | CB37: 0.048957629 | CC37: 0.027429344 | CD37: 4.1757405 | CE37: 0.020406672 | CF37: 0.038945322 | CG37: 0.0024817469 | CH37: 10.046149 | CI37: 3.6372804 | CJ37: 0.0019639138 | CK37: 0.45543558 | CL37: 0.063477702 | CM37: 2.2482766 | CN37: 3.6372804 | CO37: 3.6372804 | CP37: 0.3702054 | CQ37: 0.0024584392 | CR37: 0.027389378 | CS37: 0.77910526 | CT37: 0.23129688 | CU37: 0.0055449982 | CV37: 3.6372804 | CW37: 0.11217793 | CX37: 0.11113989 | CY37: 0.26286303 | CZ37: 0.22392316 | DA37: 0.0025297787 | DB37: 3.6372804 | DC37: 0.3307157 | DD37: 0.12421307 | DE37: 0.50464486 | DF37: 0.45543558 | DG37: 0.039943335 | DH37: 3.6372804 | DI37: 0.19084516 | DJ37: 0.0055449982 | DK37: 0.021654001 | DL37: 0.059310218 | DM37: 0.44122206 | DN37: 7.69987 | DO37: 0.051745172 | DP37: 2.9606 | DQ37: 0.00049167559 | DR37: 0.85295304 | DS37: 0.053396964 | DT37: 0.78159402 | DU37: 3.6372804 | DV37: 0.81335165 | DW37: 0.89681046 | DX37: 0.10056693 | DY37: 0.0051503027 | DZ37: 0.78949333 | EA37: 0.0055449982 | EB37: 0.053220156 | EC37: 0.53829091 | ED37: 1.1678665 | EE37: 1.7306366 | EF37: 3.6372804 | EG37: 3.6372804 | EH37: 0.45543558 | EJ37: 3.6372804 | EK37: 0.030707031 | EL37: 1.0965185 | EM37: 1.0965185 | EN37: 1.0965185 | EO37: 1.1371178 | EP37: 1.1278476 | EQ37: 0.40307144 | ER37: 2.3375126 | ES37: 0.26375056 | ET37: 0.31265577 | EU37: 0.0027933904 | EV37: 0.074638229 | EW37: 0.0055449982 | EX37: 0.46996635 | EY37: 2.4048412 | EZ37: 2.070493 | FA37: 0.0015235999 | FB37: 0.55527245 | FC37: 0.80615385 | FD37: 5.1815811 | FE37: 2.9606 | FF37: 0.10129293 | FH37: 0.00018926037 | FI37: 0.64673628 | FJ37: 3.5900913
A38: 37987 | B38: 0.059025267 | C38: 0.027234299 | D38: 0.040372406 | E38: 0.036315699 | F38: 1.0714074 | G38: 0.0050890156 | H38: 1.6160894 | I38: 3.6487437 | J38: 2.9348684 | K38: 2.8928 | L38: 7.693617 | M38: 0.049116504 | N38: 1.4464 | O38: 13.423977 | P38: 3.6487437 | Q38: 1.4464 | R38: 0.005562474 | S38: 0.36893253 | T38: 1.8654103 | U38: 0.63252722 | V38: 1.0146497 | W38: 1.7029493 | X38: 1.866443 | Y38: 0.005562474 | Z38: 0.002643903 | AA38: 0.033098398 | AB38: 0.00072646911 | AC38: 0.005562474 | AD38: 2.232116 | AE38: 0.005562474 | AF38: 0.005562474 | AG38: 0.005042884 | AH38: 0.34949903 | AI38: 0.0010522563 | AJ38: 0.007416632 | AK38: 0.0076485597 | AL38: 0.005562474 | AM38: 0.0068872911 | AN38: 0.47448635 | AP38: 0.11148021 | AQ38: 0.005562474 | AR38: 0.48984596 | AS38: 0.016277199 | AT38: 1.0714074 | AU38: 0.062022536 | AV38: 2.8928 | AW38: 0.46985447 | AX38: 2.8928 | AY38: 0.005562474 | AZ38: 3.6487437 | BA38: 0.3355138 | BB38: 1.7075191 | BC38: 3.6487437 | BD38: 3.6487437 | BE38: 0.005562474 | BF38: 0.094954243 | BG38: 1.363435 | BH38: 3.6487437 | BI38: 3.2684105 | BJ38: 3.6487437 | BK38: 1.0714074 | BL38: 0.35659431 | BM38: 0.0014575686 | BN38: 0.005562474 | BO38: 0.014759184 | BP38: 0.06658871 | BQ38: 0.16262466 | BR38: 0.37254346 | BS38: 0.013790999 | BT38: 0.041664986 | BU38: 0.063639984 | BV38: 0.00034509991 | BW38: 0.00034750359 | BX38: 0.0019719155 | BY38: 3.6487437 | BZ38: 0.65396179 | CA38: 3.6487437 | CB38: 0.047750078 | CC38: 0.027159381 | CD38: 4.0801128 | CE38: 0.020487252 | CF38: 0.037916232 | CG38: 0.0024425831 | CH38: 9.8160842 | CI38: 3.6487437 | CJ38: 0.0019189386 | CK38: 0.41472349 | CL38: 0.054071028 | CM38: 2.2321654 | CN38: 3.6487437 | CO38: 3.6487437 | CP38: 0.36166704 | CQ38: 0.0022420322 | CR38: 0.026629354 | CS38: 0.76126316 | CT38: 0.226 | CU38: 0.005562474 | CV38: 3.6487437 | CW38: 0.10910874 | CX38: 0.11261289 | CY38: 0.26464669 | CZ38: 0.21907849 | DA38: 0.0024721617 | DB38: 3.6487437 | DC38: 0.3304471 | DD38: 0.12211889 | DE38: 0.50185629 | DF38: 0.41472349 | DG38: 0.039070773 | DH38: 3.6487437 | DI38: 0.18561764 | DJ38: 0.005562474 | DK38: 0.021336118 | DL38: 0.05958148 | DM38: 0.42478708 | DN38: 7.5235371 | DO38: 0.05038409 | DP38: 2.8928 | DQ38: 0.00046708917 | DR38: 0.83414072 | DS38: 0.052098022 | DT38: 0.77211338 | DU38: 3.6487437 | DV38: 0.79472527 | DW38: 0.8881275 | DX38: 0.1000159 | DY38: 0.0049718136 | DZ38: 0.77141333 | EA38: 0.005562474 | EB38: 0.053154876 | EC38: 0.52596364 | ED38: 1.1178823 | EE38: 1.7029493 | EF38: 3.6487437 | EG38: 3.6487437 | EH38: 0.41472349 | EJ38: 3.6487437 | EK38: 0.029546394 | EL38: 1.0714074 | EM38: 1.0714074 | EN38: 1.0714074 | EO38: 1.112701 | EP38: 1.0576965 | EQ38: 0.39930431 | ER38: 2.3296717 | ES38: 0.25771047 | ET38: 0.30504921 | EU38: 0.002671871 | EV38: 0.07408299 | EW38: 0.005562474 | EX38: 0.45919647 | EY38: 2.3897563 | EZ38: 2.1461596 | FA38: 0.0014925504 | FB38: 0.5426141 | FC38: 0.78769231 | FD38: 5.2694087 | FE38: 2.8928 | FF38: 0.098344382 | FH38: 0.00018460753 | FI38: 0.6067571 | FJ38: 0.75675469
A39: 38018 | B39: 0.059273447 | C39: 0.027888329 | D39: 0.041043366 | E39: 0.036645534 | F39: 1.0858889 | G39: 0.0051951803 | H39: 1.637933 | I39: 3.7078127 | J39: 2.9697645 | K39: 2.9319 | L39: 7.7976064 | M39: 0.049791538 | N39: 1.46595 | O39: 13.602895 | P39: 3.7078127 | Q39: 1.46595 | R39: 0.005652524 | S39: 0.37342385 | T39: 1.8955725 | U39: 0.61170457 | V39: 1.0008155 | W39: 1.7388648 | X39: 1.8955756 | Y39: 0.005652524 | Z39: 0.0026727014 | AA39: 0.03363042 | AB39: 0.00073334167 | AC39: 0.005652524 | AD39: 2.2061612 | AE39: 0.005652524 | AF39: 0.005652524 | AG39: 0.0050177132 | AH39: 0.35421741 | AI39: 0.0010787214 | AJ39: 0.0075366986 | AK39: 0.0076990928 | AL39: 0.005652524 | AM39: 0.0069280938 | AN39: 0.48443045 | AP39: 0.11283048 | AQ39: 0.005652524 | AR39: 0.49756555 | AS39: 0.016497206 | AT39: 1.0858889 | AU39: 0.058123454 | AV39: 2.9319 | AW39: 0.47538671 | AX39: 2.9319 | AY39: 0.005652524 | AZ39: 3.7078127 | BA39: 0.33995408 | BB39: 1.745946 | BC39: 3.7078127 | BD39: 3.7078127 | BE39: 0.005652524 | BF39: 0.098234269 | BG39: 1.4220789 | BH39: 3.7078127 | BI39: 3.2980297 | BJ39: 3.7078127 | BK39: 1.0858889 | BL39: 0.36182538 | BM39: 0.0014696241 | BN39: 0.005652524 | BO39: 0.014958673 | BP39: 0.066740421 | BQ39: 0.16414727 | BR39: 0.37714175 | BS39: 0.01409974 | BT39: 0.042795212 | BU39: 0.064764316 | BV39: 0.0003477111 | BW39: 0.00034923508 | BX39: 0.0020808375 | BY39: 3.7078127 | BZ39: 0.65683178 | CA39: 3.7078127 | CB39: 0.048283665 | CC39: 0.027517067 | CD39: 4.1352609 | CE39: 0.021065527 | CF39: 0.038380829 | CG39: 0.0025130069 | CH39: 9.9487615 | CI39: 3.7078127 | CJ39: 0.0019448756 | CK39: 0.43328038 | CL39: 0.053816079 | CM39: 2.270495 | CN39: 3.7078127 | CO39: 3.7078127 | CP39: 0.36614557 | CQ39: 0.002137455 | CR39: 0.02693835 | CS39: 0.77155263 | CT39: 0.22905469 | CU39: 0.005652524 | CV39: 3.7078127 | CW39: 0.11050846 | CX39: 0.11590141 | CY39: 0.26622657 | CZ39: 0.22715053 | DA39: 0.002499105 | DB39: 3.7078127 | DC39: 0.33563432 | DD39: 0.12298424 | DE39: 0.51065942 | DF39: 0.43328038 | DG39: 0.039759967 | DH39: 3.7078127 | DI39: 0.18737567 | DJ39: 0.005652524 | DK39: 0.021773421 | DL39: 0.0603975 | DM39: 0.42246398 | DN39: 7.6252276 | DO39: 0.051084858 | DP39: 2.9319 | DQ39: 0.00048606333 | DR39: 0.84153272 | DS39: 0.052290368 | DT39: 0.76238396 | DU39: 3.7078127 | DV39: 0.80546703 | DW39: 0.91414763 | DX39: 0.10281813 | DY39: 0.0050333047 | DZ39: 0.78184 | EA39: 0.005652524 | EB39: 0.053429091 | EC39: 0.53307273 | ED39: 1.1192423 | EE39: 1.7388648 | EF39: 3.7078127 | EG39: 3.7078127 | EH39: 0.43328038 | EJ39: 3.7078127 | EK39: 0.02975163 | EL39: 1.0858889 | EM39: 1.0858889 | EN39: 1.0858889 | EO39: 1.129 | EP39: 1.0719927 | EQ39: 0.40401326 | ER39: 2.3555074 | ES39: 0.26119376 | ET39: 0.30834873 | EU39: 0.0026447776 | EV39: 0.075078551 | EW39: 0.005652524 | EX39: 0.46539573 | EY39: 2.4162683 | EZ39: 2.2076663 | FA39: 0.0015720104 | FB39: 0.55001674 | FC39: 0.79833901 | FD39: 5.47415 | FE39: 2.9319 | FF39: 0.099335931 | FH39: 0.00018641277 | FI39: 0.61562041 | FJ39: 0.76206386
A40: 38047 | B40: 0.058013378 | C40: 0.027243683 | D40: 0.040550715 | E40: 0.036115864 | F40: 1.0731852 | G40: 0.0051477198 | H40: 1.6187709 | I40: 3.5529363 | J40: 2.9387424 | K40: 2.8976 | L40: 7.706383 | M40: 0.049108701 | N40: 1.4488 | O40: 13.4675 | P40: 3.5529363 | Q40: 1.4488 | R40: 0.0054164165 | S40: 0.36749188 | T40: 1.8164779 | U40: 0.60080035 | V40: 0.99757062 | W40: 1.7047714 | X40: 1.8172468 | Y40: 0.0054164165 | Z40: 0.0026386195 | AA40: 0.032375419 | AB40: 0.00072603358 | AC40: 0.0054164165 | AD40: 2.1813421 | AE40: 0.0054164165 | AF40: 0.0054164165 | AG40: 0.0047980659 | AH40: 0.35007303 | AI40: 0.0010849184 | AJ40: 0.0072218887 | AK40: 0.0075477065 | AL40: 0.0054164165 | AM40: 0.0067953378 | AN40: 0.47393807 | AP40: 0.10770946 | AQ40: 0.0054164165 | AR40: 0.47692173 | AS40: 0.016304207 | AT40: 1.0731852 | AU40: 0.061414156 | AV40: 2.8976 | AW40: 0.46907984 | AX40: 2.8976 | AY40: 0.0054164165 | AZ40: 3.5529363 | BA40: 0.33589131 | BB40: 1.6811045 | BC40: 3.5529363 | BD40: 3.5529363 | BE40: 0.0054164165 | BF40: 0.096789279 | BG40: 1.4517034 | BH40: 3.5529363 | BI40: 3.2313139 | BJ40: 3.5529363 | BK40: 1.0731852 | BL40: 0.35781321 | BM40: 0.0014506133 | BN40: 0.0054164165 | BO40: 0.01471087 | BP40: 0.071246269 | BQ40: 0.16145047 | BR40: 0.37186858 | BS40: 0.014026527 | BT40: 0.040782548 | BU40: 0.064365365 | BV40: 0.00033715369 | BW40: 0.00034341174 | BX40: 0.0020362614 | BY40: 3.5529363 | BZ40: 0.64346783 | CA40: 3.5529363 | CB40: 0.047582295 | CC40: 0.02667574 | CD40: 4.0868829 | CE40: 0.020844544 | CF40: 0.037503608 | CG40: 0.0024843528 | CH40: 9.8323719 | CI40: 3.5529363 | CJ40: 0.0019221227 | CK40: 0.43633626 | CL40: 0.053166972 | CM40: 2.2087969 | CN40: 3.5529363 | CO40: 3.5529363 | CP40: 0.36102833 | CQ40: 0.0019399847 | CR40: 0.026607164 | CS40: 0.76252632 | CT40: 0.226375 | CU40: 0.0054164165 | CV40: 3.5529363 | CW40: 0.10923622 | CX40: 0.11199753 | CY40: 0.2634565 | CZ40: 0.22937479 | DA40: 0.0024604934 | DB40: 3.5529363 | DC40: 0.32339647 | DD40: 0.12152379 | DE40: 0.49673427 | DF40: 0.43633626 | DG40: 0.039396329 | DH40: 3.5529363 | DI40: 0.18444451 | DJ40: 0.0054164165 | DK40: 0.021773042 | DL40: 0.057940296 | DM40: 0.41572453 | DN40: 7.5360208 | DO40: 0.050445217 | DP40: 2.8976 | DQ40: 0.0004859951 | DR40: 0.8362482 | DS40: 0.051464489 | DT40: 0.74482688 | DU40: 3.5529363 | DV40: 0.79604396 | DW40: 0.88759363 | DX40: 0.10155116 | DY40: 0.0049772403 | DZ40: 0.77269333 | EA40: 0.0054164165 | EB40: 0.051155844 | EC40: 0.52683636 | ED40: 1.0959401 | EE40: 1.7047714 | EF40: 3.5529363 | EG40: 3.5529363 | EH40: 0.43633626 | EJ40: 3.5529363 | EK40: 0.029733521 | EL40: 1.0731852 | EM40: 1.0731852 | EN40: 1.0731852 | EO40: 1.1166949 | EP40: 1.0594516 | EQ40: 0.38471547 | ER40: 2.2694236 | ES40: 0.25813808 | ET40: 0.30066481 | EU40: 0.0026144946 | EV40: 0.073544081 | EW40: 0.0054164165 | EX40: 0.45995111 | EY40: 2.3264552 | EZ40: 2.1969907 | FA40: 0.0015039571 | FB40: 0.54369078 | FC40: 0.78899932 | FD40: 5.2955152 | FE40: 2.8976 | FF40: 0.09770737 | FH40: 0.00018392789 | FI40: 0.61363049 | FJ40: 0.68003575
A41: 38078 | B41: 0.056500282 | C41: 0.026543429 | D41: 0.039658943 | E41: 0.034828951 | F41: 1.0503333 | G41: 0.0050926624 | H41: 1.5843017 | I41: 3.3989396 | J41: 2.8812685 | K41: 2.8359 | L41: 7.5422872 | M41: 0.048042569 | N41: 1.41795 | O41: 13.177117 | P41: 3.3989396 | Q41: 1.41795 | R41: 0.00518165 | S41: 0.35932491 | T41: 1.7383887 | U41: 0.59022228 | V41: 0.97615126 | W41: 1.6840061 | X41: 1.7360882 | Y41: 0.00518165 | Z41: 0.0025798734 | AA41: 0.030878702 | AB41: 0.00071110832 | AC41: 0.00518165 | AD41: 2.1124772 | AE41: 0.00518165 | AF41: 0.00518165 | AG41: 0.0046628521 | AH41: 0.34262745 | AI41: 0.0010743673 | AJ41: 0.0069088667 | AK41: 0.0073552926 | AL41: 0.00518165 | AM41: 0.0066037165 | AN41: 0.45365066 | AP41: 0.10458015 | AQ41: 0.00518165 | AR41: 0.4564513 | AS41: 0.015957034 | AT41: 1.0503333 | AU41: 0.063285195 | AV41: 2.8359 | AW41: 0.45874246 | AX41: 2.8359 | AY41: 0.00518165 | AZ41: 3.3989396 | BA41: 0.32863235 | BB41: 1.6301939 | BC41: 3.3989396 | BD41: 3.3989396 | BE41: 0.00518165 | BF41: 0.09436706 | BG41: 1.4258635 | BH41: 3.3989396 | BI41: 3.1522579 | BJ41: 3.3989396 | BK41: 1.0503333 | BL41: 0.35244114 | BM41: 0.00141795 | BN41: 0.00518165 | BO41: 0.014377186 | BP41: 0.074312532 | BQ41: 0.15730007 | BR41: 0.36376347 | BS41: 0.013592312 | BT41: 0.038805419 | BU41: 0.064553357 | BV41: 0.00032887626 | BW41: 0.00033186454 | BX41: 0.0019652807 | BY41: 3.3989396 | BZ41: 0.62297351 | CA41: 3.3989396 | CB41: 0.046797184 | CC41: 0.0264409 | CD41: 3.999859 | CE41: 0.02052026 | CF41: 0.036399739 | CG41: 0.0024641787 | CH41: 9.6230064 | CI41: 3.3989396 | CJ41: 0.001881194 | CK41: 0.4304782 | CL41: 0.0519967 | CM41: 2.1439525 | CN41: 3.3989396 | CO41: 3.3989396 | CP41: 0.35315892 | CQ41: 0.0015716094 | CR41: 0.026038094 | CS41: 0.74628947 | CT41: 0.22155469 | CU41: 0.00518165 | CV41: 3.3989396 | CW41: 0.10657272 | CX41: 0.10532982 | CY41: 0.2520016 | CZ41: 0.2345677 | DA41: 0.0024176471 | DB41: 3.3989396 | DC41: 0.31053173 | DD41: 0.11900865 | DE41: 0.48213193 | DF41: 0.4304782 | DG41: 0.03916989 | DH41: 3.3989396 | DI41: 0.17978463 | DJ41: 0.00518165 | DK41: 0.02132416 | DL41: 0.055612425 | DM41: 0.40981214 | DN41: 7.3755527 | DO41: 0.049351551 | DP41: 2.8359 | DQ41: 0.00049457621 | DR41: 0.81726225 | DS41: 0.050728125 | DT41: 0.71637154 | DU41: 3.3989396 | DV41: 0.77909341 | DW41: 0.83597212 | DX41: 0.098894891 | DY41: 0.0048722618 | DZ41: 0.75624 | EA41: 0.00518165 | EB41: 0.048642724 | EC41: 0.51561818 | ED41: 1.0690657 | EE41: 1.6840061 | EF41: 3.3989396 | EG41: 3.3989396 | EH41: 0.4304782 | EJ41: 3.3989396 | EK41: 0.028930006 | EL41: 1.0503333 | EM41: 1.0503333 | EN41: 1.0503333 | EO41: 1.0933801 | EP41: 1.0368921 | EQ41: 0.37081058 | ER41: 2.1841834 | ES41: 0.25264143 | ET41: 0.29134921 | EU41: 0.0025525495 | EV41: 0.071998324 | EW41: 0.00518165 | EX41: 0.45052187 | EY41: 2.2381028 | EZ41: 2.0907919 | FA41: 0.0014779688 | FB41: 0.53216363 | FC41: 0.77219877 | FD41: 5.1116639 | FE41: 2.8359 | FF41: 0.095646514 | FH41: 0.00018032047 | FI41: 0.59892924 | FJ41: 0.59979164
A42: 38108 | B42: 0.058290581 | C42: 0.027492467 | D42: 0.040826514 | E42: 0.035517581 | F42: 1.0813704 | G42: 0.005282995 | H42: 1.6311173 | I42: 3.5057533 | J42: 2.9705257 | K42: 2.9197 | L42: 7.7651596 | M42: 0.049017699 | N42: 1.45985 | O42: 13.552391 | P42: 3.5057533 | Q42: 1.45985 | R42: 0.0053444865 | S42: 0.36929713 | T42: 1.7908526 | U42: 0.59260387 | V42: 0.94195446 | W42: 1.7073271 | X42: 1.7895801 | Y42: 0.0053444865 | Z42: 0.0026523919 | AA42: 0.03176349 | AB42: 0.00072810474 | AC42: 0.0053444865 | AD42: 2.1182958 | AE42: 0.0053444865 | AF42: 0.0053444865 | AG42: 0.0045924563 | AH42: 0.3527456 | AI42: 0.0010736441 | AJ42: 0.007125982 | AK42: 0.0075456592 | AL42: 0.0053444865 | AM42: 0.0067488789 | AN42: 0.47187116 | AP42: 0.10962715 | AQ42: 0.0053444865 | AR42: 0.47074017 | AS42: 0.016428559 | AT42: 1.0813704 | AU42: 0.061219911 | AV42: 2.9197 | AW42: 0.47164965 | AX42: 2.9197 | AY42: 0.0053444865 | AZ42: 3.5057533 | BA42: 0.33824143 | BB42: 1.620762 | BC42: 3.5057533 | BD42: 3.5057533 | BE42: 0.0053444865 | BF42: 0.097446766 | BG42: 1.5046122 | BH42: 3.5057533 | BI42: 3.2375084 | BJ42: 3.5057533 | BK42: 1.0813704 | BL42: 0.36570076 | BM42: 0.00145985 | BN42: 0.0053444865 | BO42: 0.014735541 | BP42: 0.078072899 | BQ42: 0.16128622 | BR42: 0.37451257 | BS42: 0.013859116 | BT42: 0.039788771 | BU42: 0.064522616 | BV42: 0.00032519519 | BW42: 0.00034089357 | BX42: 0.0019970588 | BY42: 3.5057533 | BZ42: 0.63533892 | CA42: 3.5057533 | CB42: 0.048209144 | CC42: 0.02594787 | CD42: 4.1180536 | CE42: 0.021293028 | CF42: 0.036845127 | CG42: 0.0024798492 | CH42: 9.9073634 | CI42: 3.5057533 | CJ42: 0.0019367828 | CK42: 0.4277322 | CL42: 0.052484271 | CM42: 2.1926668 | CN42: 3.5057533 | CO42: 3.5057533 | CP42: 0.36355183 | CQ42: 0.0014575936 | CR42: 0.026812682 | CS42: 0.76834211 | CT42: 0.22810156 | CU42: 0.0053444865 | CV42: 3.5057533 | CX42: 0.10497081 | CY42: 0.25362451 | CZ42: 0.24789227 | DA42: 0.002510706 | DB42: 3.5057533 | DC42: 0.32039549 | DD42: 0.12294949 | DE42: 0.49263502 | DF42: 0.4277322 | DG42: 0.040551389 | DH42: 3.5057533 | DI42: 0.18434612 | DJ42: 0.0053444865 | DK42: 0.022116929 | DL42: 0.057166073 | DM42: 0.4274817 | DN42: 7.593498 | DO42: 0.050650123 | DP42: 2.9197 | DQ42: 0.00050478907 | DR42: 0.83726199 | DS42: 0.052281929 | DT42: 0.7417937 | DU42: 3.5057533 | DV42: 0.80211538 | DW42: 0.86489743 | DX42: 0.10072551 | DY42: 0.0050257476 | DZ42: 0.77858667 | EA42: 0.0053444865 | EB42: 0.049572647 | EC42: 0.53085455 | ED42: 1.0975944 | EE42: 1.7073271 | EF42: 3.5057533 | EG42: 3.5057533 | EH42: 0.4277322 | EJ42: 3.5057533 | EK42: 0.029535895 | EL42: 1.0813704 | EM42: 1.0813704 | EN42: 1.0813704 | EO42: 1.1253421 | EP42: 1.0675328 | EQ42: 0.38402805 | ER42: 2.2745119 | ES42: 0.2601069 | ET42: 0.29564397 | EU42: 0.0026183738 | EV42: 0.072062013 | EW42: 0.0053444865 | EX42: 0.46348123 | EY42: 2.2962643 | EZ42: 1.9382832 | FA42: 0.0015735084 | FB42: 0.54805613 | FC42: 0.79501702 | FD42: 5.2136569 | FE42: 2.9197 | FF42: 0.098106551 | FH42: 0.00018542487 | FI42: 0.61408146 | FJ42: 0.54714849
A43: 38139 | B43: 0.060852261 | C43: 0.028768707 | D43: 0.041426552 | E43: 0.035498818 | F43: 1.0964074 | G43: 0.0054427603 | H43: 1.6537989 | I43: 3.5933063 | J43: 3.0172229 | K43: 2.9603 | L43: 7.8731383 | M43: 0.049045369 | N43: 1.48015 | O43: 13.741801 | P43: 3.5933063 | Q43: 1.48015 | R43: 0.0054779602 | S43: 0.37386966 | T43: 1.8371333 | U43: 0.62465447 | V43: 0.94628231 | W43: 1.7297231 | X43: 1.8370982 | Y43: 0.0054779602 | Z43: 0.0026861514 | AA43: 0.032577308 | AB43: 0.00073675958 | AC43: 0.0054779602 | AD43: 2.1804428 | AE43: 0.0054779602 | AF43: 0.0054779602 | AG43: 0.0046003108 | AH43: 0.35766843 | AI43: 0.0010897238 | AJ43: 0.0073039469 | AK43: 0.0076200434 | AL43: 0.0054779602 | AM43: 0.0067915481 | AN43: 0.48754619 | AP43: 0.11364788 | AQ43: 0.0054779602 | AR43: 0.48331981 | AS43: 0.016657007 | AT43: 1.0964074 | AU43: 0.060822726 | AV43: 2.9603 | AW43: 0.47794569 | AX43: 2.9603 | AY43: 0.0054779602 | AZ43: 3.5933063 | BA43: 0.34281777 | BB43: 1.6491198 | BC43: 3.5933063 | BD43: 3.5933063 | BE43: 0.0054779602 | BF43: 0.098488554 | BG43: 1.5418229 | BH43: 3.5933063 | BI43: 3.2803149 | BJ43: 3.5933063 | BK43: 1.0964074 | BL43: 0.37295823 | BM43: 0.00148015 | BN43: 0.0054779602 | BO43: 0.014918611 | BP43: 0.081546022 | BQ43: 0.16288923 | BR43: 0.37972037 | BS43: 0.014191275 | BT43: 0.041035487 | BU43: 0.065051816 | BV43: 0.00031482506 | BW43: 0.0003436586 | BX43: 0.0020276027 | BY43: 3.5933063 | BZ43: 0.65542665 | CA43: 3.5933063 | CB43: 0.048544947 | CC43: 0.027042898 | CD43: 4.1753173 | CE43: 0.021706262 | CF43: 0.037344142 | CG43: 0.0025549562 | CH43: 10.045131 | CI43: 3.5933063 | CJ43: 0.0019637148 | CK43: 0.46121368 | CL43: 0.052044655 | CM43: 2.245314 | CN43: 3.5933063 | CO43: 3.5933063 | CP43: 0.36860785 | CQ43: 0.0012941044 | CR43: 0.027187474 | CS43: 0.77902632 | CT43: 0.23127344 | CU43: 0.0054779602 | CV43: 3.5933063 | CX43: 0.1056831 | CY43: 0.26015467 | CZ43: 0.24702515 | DA43: 0.0025367839 | DB43: 3.5933063 | DC43: 0.32779679 | DD43: 0.12631406 | DE43: 0.50499829 | DF43: 0.46121368 | DG43: 0.040177796 | DH43: 3.5933063 | DI43: 0.18615109 | DJ43: 0.0054779602 | DK43: 0.022384121 | DL43: 0.058559619 | DM43: 0.43342606 | DN43: 7.6990897 | DO43: 0.051129193 | DP43: 2.9603 | DQ43: 0.00049924531 | DR43: 0.85134591 | DS43: 0.052876852 | DT43: 0.78176248 | DU43: 3.5933063 | DV43: 0.81326923 | DW43: 0.88183847 | DX43: 0.10196855 | DY43: 0.0051088101 | DZ43: 0.78941333 | EA43: 0.0054779602 | EB43: 0.050242105 | EC43: 0.53823636 | ED43: 1.102118 | EE43: 1.7297231 | EF43: 3.5933063 | EG43: 3.5933063 | EH43: 0.46121368 | EJ43: 3.5933063 | EK43: 0.029378688 | EL43: 1.0964074 | EM43: 1.0964074 | EN43: 1.0964074 | EO43: 1.1407707 | EP43: 1.0823766 | EQ43: 0.39298539 | ER43: 2.3643436 | ES43: 0.26372383 | ET43: 0.29703725 | EU43: 0.0026570031 | EV43: 0.072632816 | EW43: 0.0054779602 | EX43: 0.4699411 | EY43: 2.3436783 | EZ43: 1.9817775 | FA43: 0.0016277329 | FB43: 0.55623826 | FC43: 0.80607216 | FD43: 5.4098061 | FE43: 2.9603 | FF43: 0.099537667 | FH43: 0.00018817061 | FI43: 0.61256627 | FJ43: 0.55316209
A44: 38169 | B44: 0.063027567 | C44: 0.029174456 | D44: 0.041166629 | E44: 0.034557769 | F44: 1.0945185 | G44: 0.0056189113 | H44: 1.6509497 | I44: 3.624808 | J44: 3.0113496 | K44: 2.9552 | L44: 7.8595745 | M44: 0.049460242 | N44: 1.4776 | O44: 13.697906 | P44: 3.624808 | Q44: 1.4776 | R44: 0.0055259842 | S44: 0.37258561 | T44: 1.8531548 | U44: 0.64379234 | V44: 0.97339332 | W44: 1.7261682 | X44: 1.8531385 | Y44: 0.0055259842 | Z44: 0.0026797 | AA44: 0.032870019 | AB44: 0.00073494156 | AC44: 0.0055259842 | AD44: 2.2354975 | AE44: 0.0055259842 | AF44: 0.0055259842 | AG44: 0.0046730657 | AH44: 0.35704922 | AI44: 0.0011137744 | AJ44: 0.0073679789 | AK44: 0.0075739616 | AL44: 0.0055259842 | AM44: 0.0067295168 | AN44: 0.49191017 | AP44: 0.11494807 | AQ44: 0.0055259842 | AR44: 0.48745004 | AS44: 0.016628311 | AT44: 1.0945185 | AU44: 0.06486974 | AV44: 2.9552 | AW44: 0.47685282 | AX44: 2.9552 | AY44: 0.0055259842 | AZ44: 3.624808 | BA44: 0.34210435 | BB44: 1.6752321 | BC44: 3.624808 | BD44: 3.624808 | BE44: 0.0055259842 | BF44: 0.098491893 | BG44: 1.5490905 | BH44: 3.624808 | BI44: 3.2739279 | BJ44: 3.624808 | BK44: 1.0945185 | BL44: 0.37430764 | BM44: 0.0013509486 | BN44: 0.0055259842 | BO44: 0.014888407 | BP44: 0.081988453 | BQ44: 0.16198469 | BR44: 0.37887179 | BS44: 0.014514022 | BT44: 0.041325689 | BU44: 0.064185432 | BV44: 0.00032666777 | BW44: 0.00033985836 | BX44: 0.002019959 | BY44: 3.624808 | BZ44: 0.65799786 | CA44: 3.624808 | CB44: 0.048158372 | CC44: 0.027021736 | CD44: 4.1681241 | CE44: 0.021798333 | CF44: 0.036944387 | CG44: 0.0025527357 | CH44: 10.027825 | CI44: 3.624808 | CJ44: 0.0019603317 | CK44: 0.4828198 | CL44: 0.050855274 | CM44: 2.2522732 | CN44: 3.624808 | CO44: 3.624808 | CP44: 0.36785244 | CQ44: 0.0013679265 | CR44: 0.027123448 | CS44: 0.77768421 | CT44: 0.230875 | CU44: 0.0055259842 | CV44: 3.624808 | CX44: 0.1048594 | CY44: 0.25756744 | CZ44: 0.24715023 | DA44: 0.0024983937 | DB44: 3.624808 | DC44: 0.33009036 | DD44: 0.12821992 | DE44: 0.50630482 | DF44: 0.4828198 | DG44: 0.039768537 | DH44: 3.624808 | DI44: 0.18508865 | DJ44: 0.0055259842 | DK44: 0.022337281 | DL44: 0.059103054 | DM44: 0.42767004 | DN44: 7.6858257 | DO44: 0.050744538 | DP44: 2.9552 | DQ44: 0.00050005922 | DR44: 0.85874524 | DS44: 0.052816039 | DT44: 0.81119956 | DU44: 3.624808 | DV44: 0.81186813 | DW44: 0.88491918 | DX44: 0.10161717 | DY44: 0.0051090082 | DZ44: 0.78805333 | EA44: 0.0055259842 | EB44: 0.049955711 | EC44: 0.53730909 | ED44: 1.0957848 | EE44: 1.7261682 | EF44: 3.624808 | EG44: 3.624808 | EH44: 0.4828198 | EJ44: 3.624808 | EK44: 0.028734193 | EL44: 1.0945185 | EM44: 1.0945185 | EN44: 1.0945185 | EO44: 1.1397277 | EP44: 1.0805119 | EQ44: 0.39411915 | ER44: 2.3736546 | ES44: 0.26326949 | ET44: 0.29458499 | EU44: 0.0026825333 | EV44: 0.072284968 | EW44: 0.0055259842 | EX44: 0.46925813 | EY44: 2.3543658 | EZ44: 2.037292 | FA44: 0.0016903645 | FB44: 0.55568718 | FC44: 0.80468346 | FD44: 5.4414554 | FE44: 2.9552 | FF44: 0.10030616 | FH44: 0.00018781061 | FI44: 0.61783811 | FJ44: 0.55129425
A45: 38200 | B45: 0.066539605 | C45: 0.029378046 | D45: 0.041500324 | E45: 0.035568472 | F45: 1.1161481 | G45: 0.0058219191 | H45: 1.6835754 | I45: 3.6693457 | J45: 3.0734775 | K45: 3.0136 | L45: 8.0148936 | M45: 0.050745967 | N45: 1.5068 | O45: 13.952175 | P45: 3.6693457 | Q45: 1.5068 | R45: 0.0055938814 | S45: 0.37885474 | T45: 1.8759258 | U45: 0.63493669 | V45: 1.0038307 | W45: 1.7578264 | X45: 1.8758792 | Y45: 0.0055938814 | Z45: 0.0027323584 | AA45: 0.033400749 | AB45: 0.00074594059 | AC45: 0.0055938814 | AD45: 2.2973515 | AE45: 0.0055938814 | AF45: 0.0055938814 | AG45: 0.0047388864 | AH45: 0.36410207 | AI45: 0.0011597058 | AJ45: 0.0074585085 | AK45: 0.0076614073 | AL45: 0.0055938814 | AM45: 0.0068102416 | AN45: 0.49820991 | AP45: 0.11597906 | AQ45: 0.0055938814 | AR45: 0.49355461 | AS45: 0.016956916 | AT45: 1.1161481 | AU45: 0.071573043 | AV45: 3.0136 | AW45: 0.48555547 | AX45: 3.0136 | AY45: 0.0055938814 | AZ45: 3.6693457 | BA45: 0.34875997 | BB45: 1.7054306 | BC45: 3.6693457 | BD45: 3.6693457 | BE45: 0.0055938814 | BF45: 0.10035699 | BG45: 1.647226 | BH45: 3.6693457 | BI45: 3.3365883 | BJ45: 3.6693457 | BK45: 1.1161481 | BL45: 0.38098802 | BM45: 0.0011994428 | BN45: 0.0055938814 | BO45: 0.015124718 | BP45: 0.08310674 | BQ45: 0.16438745 | BR45: 0.38640851 | BS45: 0.01473571 | BT45: 0.042154147 | BU45: 0.065030966 | BV45: 0.00032558341 | BW45: 0.000345761 | BX45: 0.002059877 | BY45: 3.6693457 | BZ45: 0.66466696 | CA45: 3.6693457 | CB45: 0.048906358 | CC45: 0.027308233 | CD45: 4.2504937 | CE45: 0.022139289 | CF45: 0.037285158 | CG45: 0.0026001726 | CH45: 10.225993 | CI45: 3.6693457 | CJ45: 0.0019990713 | CK45: 0.46666192 | CL45: 0.05151453 | CM45: 2.2846357 | CN45: 3.6693457 | CO45: 3.6693457 | CP45: 0.37513905 | CQ45: 0.0014773012 | CR45: 0.027660522 | CS45: 0.79305263 | CT45: 0.2354375 | CU45: 0.0055938814 | CV45: 3.6693457 | CX45: 0.10637637 | CY45: 0.26445063 | CZ45: 0.25073633 | DA45: 0.002529079 | DB45: 3.6693457 | DC45: 0.33414274 | DD45: 0.13290971 | DE45: 0.5135826 | DF45: 0.46666192 | DG45: 0.040202914 | DH45: 3.6693457 | DI45: 0.18795529 | DJ45: 0.0055938814 | DK45: 0.022773542 | DL45: 0.059814657 | DM45: 0.4405848 | DN45: 7.8377113 | DO45: 0.051500277 | DP45: 3.0136 | DQ45: 0.00050969979 | DR45: 0.88752761 | DS45: 0.053974088 | DT45: 0.82713949 | DU45: 3.6693457 | DV45: 0.82791209 | DW45: 0.89655548 | DX45: 0.10315955 | DY45: 0.0052152845 | DZ45: 0.80362667 | EA45: 0.0055938814 | EB45: 0.05013467 | EC45: 0.54792727 | ED45: 1.1092298 | EE45: 1.7578264 | EF45: 3.6693457 | EG45: 3.6693457 | EH45: 0.46666192 | EJ45: 3.6693457 | EK45: 0.02914394 | EL45: 1.1161481 | EM45: 1.1161481 | EN45: 1.1161481 | EO45: 1.1635072 | EP45: 1.1018647 | EQ45: 0.3994163 | ER45: 2.3851018 | ES45: 0.26847216 | ET45: 0.29830624 | EU45: 0.0027727849 | EV45: 0.072704682 | EW45: 0.0055938814 | EX45: 0.47842515 | EY45: 2.3879556 | EZ45: 2.043774 | FA45: 0.001740433 | FB45: 0.56714845 | FC45: 0.82058543 | FD45: 5.4829613 | FE45: 3.0136 | FF45: 0.10432844 | FH45: 0.00019119401 | FI45: 0.62950414 | FJ45: 0.53954108
A46: 38231 | B46: 0.066287101 | C46: 0.029252099 | D46: 0.041268809 | E46: 0.034918635 | F46: 1.1096296 | G46: 0.0058357194 | H46: 1.673743 | I46: 3.6604583 | J46: 3.0538024 | K46: 2.996 | L46: 7.9680851 | M46: 0.050390374 | N46: 1.498 | O46: 13.840383 | P46: 3.6604583 | Q46: 1.498 | R46: 0.0055803327 | S46: 0.37534453 | T46: 1.8714637 | U46: 0.62498696 | V46: 1.0365535 | W46: 1.7665094 | X46: 1.872383 | Y46: 0.0055803327 | Z46: 0.0027163762 | AA46: 0.033158607 | AB46: 0.00074103389 | AC46: 0.0055803327 | AD46: 2.3264568 | AE46: 0.0055803327 | AF46: 0.0055803327 | AG46: 0.0048592977 | AH46: 0.3619822 | AI46: 0.0011736225 | AJ46: 0.0074404437 | AK46: 0.007360098 | AL46: 0.0055803327 | AM46: 0.0067161335 | AN46: 0.49334113 | AP46: 0.11578296 | AQ46: 0.0055803327 | AR46: 0.49209785 | AS46: 0.016857884 | AT46: 1.1096296 | AU46: 0.079635466 | AV46: 2.996 | AW46: 0.4818657 | AX46: 2.996 | AY46: 0.0055803327 | AZ46: 3.6604583 | BA46: 0.34662687 | BB46: 1.6900771 | BC46: 3.6604583 | BD46: 3.6604583 | BE46: 0.0055803327 | BF46: 0.099560022 | BG46: 1.6606618 | BH46: 3.6604583 | BI46: 3.3169002 | BJ46: 3.6604583 | BK46: 1.1096296 | BL46: 0.3792938 | BM46: 0.0011523077 | BN46: 0.0055803327 | BO46: 0.015026582 | BP46: 0.081839588 | BQ46: 0.16268816 | BR46: 0.38415181 | BS46: 0.014774633 | BT46: 0.04176774 | BU46: 0.064996203 | BV46: 0.00032686014 | BW46: 0.00034271942 | BX46: 0.0020478469 | BY46: 3.6604583 | BZ46: 0.66616267 | CA46: 3.6604583 | CB46: 0.048462026 | CC46: 0.027234259 | CD46: 4.22567 | CE46: 0.022118863 | CF46: 0.037115724 | CG46: 0.0026098243 | CH46: 10.166271 | CI46: 3.6604583 | CJ46: 0.0019873964 | CK46: 0.45642483 | CL46: 0.0534809 | CM46: 2.2705945 | CN46: 3.6604583 | CO46: 3.6604583 | CP46: 0.37294538 | CQ46: 0.0014517234 | CR46: 0.027495395 | CS46: 0.78842105 | CT46: 0.2340625 | CU46: 0.0055803327 | CV46: 3.6604583 | CX46: 0.10509994 | CY46: 0.26084382 | CZ46: 0.24715393 | DA46: 0.0024988948 | DB46: 3.6604583 | DC46: 0.33313319 | DD46: 0.1346891 | DE46: 0.51054838 | DF46: 0.45642483 | DG46: 0.040094525 | DH46: 3.6604583 | DI46: 0.18609967 | DJ46: 0.0055803327 | DK46: 0.022637803 | DL46: 0.059645393 | DM46: 0.4380117 | DN46: 7.7919376 | DO46: 0.05080067 | DP46: 2.996 | DQ46: 0.00050568815 | DR46: 0.89230403 | DS46: 0.05329709 | DT46: 0.83624082 | DU46: 3.6604583 | DV46: 0.82307692 | DW46: 0.89110257 | DX46: 0.1025262 | DY46: 0.0052113411 | DZ46: 0.79893333 | EA46: 0.0055803327 | EB46: 0.049352943 | EC46: 0.54472727 | ED46: 1.09567 | EE46: 1.7665094 | EF46: 3.6604583 | EG46: 3.6604583 | EH46: 0.45642483 | EJ46: 3.6604583 | EK46: 0.029018616 | EL46: 1.1096296 | EM46: 1.1096296 | EN46: 1.1096296 | EO46: 1.1596671 | EP46: 1.0954305 | EQ46: 0.40257508 | ER46: 2.37136 | ES46: 0.26690423 | ET46: 0.29533012 | EU46: 0.0027927453 | EV46: 0.072320508 | EW46: 0.0055803327 | EX46: 0.47558575 | EY46: 2.3683794 | EZ46: 1.9964017 | FA46: 0.0017463736 | FB46: 0.56425033 | FC46: 0.81579306 | FD46: 5.3709082 | FE46: 2.996 | FF46: 0.10718413 | FH46: 0.00019016185 | FI46: 0.61693186 | FJ46: 0.5330083
A47: 38261 | B47: 0.065075832 | C47: 0.029514911 | D47: 0.040678932 | E47: 0.034117057 | F47: 1.0997037 | G47: 0.0058634912 | H47: 1.6587709 | I47: 3.7084318 | J47: 3.0261522 | K47: 2.9692 | L47: 7.8968085 | M47: 0.049857858 | N47: 1.4846 | O47: 13.681121 | P47: 3.7084318 | Q47: 1.4846 | R47: 0.0056534679 | S47: 0.37084869 | T47: 1.895693 | U47: 0.6313954 | V47: 1.0410739 | W47: 1.7696984 | X47: 1.8956777 | Y47: 0.0056534679 | Z47: 0.0026921508 | AA47: 0.033573604 | AB47: 0.0007331358 | AC47: 0.0056534679 | AD47: 2.3811892 | AE47: 0.0056534679 | AF47: 0.0056534679 | AG47: 0.0048893426 | AH47: 0.35874895 | AI47: 0.0011505406 | AJ47: 0.0075379572 | AK47: 0.0069749452 | AL47: 0.0056534679 | AM47: 0.0066030645 | AN47: 0.49104819 | AP47: 0.1176713 | AQ47: 0.0056534679 | AR47: 0.49867823 | AS47: 0.016707086 | AT47: 1.0997037 | AU47: 0.090035521 | AV47: 2.9692 | AW47: 0.47642887 | AX47: 2.9692 | AY47: 0.0056534679 | AZ47: 3.7084318 | BA47: 0.34342687 | BB47: 1.7202679 | BC47: 3.7084318 | BD47: 3.7084318 | BE47: 0.0056534679 | BF47: 0.098619945 | BG47: 1.6218047 | BH47: 3.7084318 | BI47: 3.2872697 | BJ47: 3.7084318 | BK47: 1.0997037 | BL47: 0.37923142 | BM47: 0.0011643922 | BN47: 0.0056534679 | BO47: 0.014846 | BP47: 0.080798515 | BQ47: 0.16059018 | BR47: 0.38125321 | BS47: 0.015029358 | BT47: 0.042326443 | BU47: 0.064854333 | BV47: 0.00032652612 | BW47: 0.00033925749 | BX47: 0.0020295284 | BY47: 3.7084318 | BZ47: 0.66579962 | CA47: 3.7084318 | CB47: 0.048134333 | CC47: 0.027259374 | CD47: 4.1878702 | CE47: 0.022267887 | CF47: 0.036565782 | CG47: 0.0025953638 | CH47: 10.075331 | CI47: 3.7084318 | CJ47: 0.0019696186 | CK47: 0.46669831 | CL47: 0.056935762 | CM47: 2.2733892 | CN47: 3.7084318 | CO47: 3.7084318 | CP47: 0.37007733 | CQ47: 0.0014371009 | CR47: 0.027251943 | CS47: 0.78136842 | CT47: 0.23196875 | CU47: 0.0056534679 | CV47: 3.7084318 | CX47: 0.10395849 | CY47: 0.26076723 | CZ47: 0.24131009 | DA47: 0.002465253 | DB47: 3.7084318 | DC47: 0.3361904 | DD47: 0.14132802 | DE47: 0.5103472 | DF47: 0.46669831 | DG47: 0.039828303 | DH47: 3.7084318 | DI47: 0.18368306 | DJ47: 0.0056534679 | DK47: 0.022429031 | DL47: 0.060268011 | DM47: 0.44987879 | DN47: 7.7222367 | DO47: 0.05014613 | DP47: 2.9692 | DQ47: 0.00049424886 | DR47: 0.89406805 | DS47: 0.052700146 | DT47: 0.85316936 | DU47: 3.7084318 | DV47: 0.81571429 | DW47: 0.90300072 | DX47: 0.10211297 | DY47: 0.0051940873 | DZ47: 0.79178667 | EA47: 0.0056534679 | EB47: 0.049057171 | EC47: 0.53985455 | ED47: 1.0738129 | EE47: 1.7696984 | EF47: 3.7084318 | EG47: 3.7084318 | EH47: 0.46669831 | EJ47: 3.7084318 | EK47: 0.028599122 | EL47: 1.0997037 | EM47: 1.0997037 | EN47: 1.0997037 | EO47: 1.1602063 | EP47: 1.0856307 | EQ47: 0.40914246 | ER47: 2.4027708 | ES47: 0.2645167 | ET47: 0.29271572 | EU47: 0.0027952936 | EV47: 0.071946769 | EW47: 0.0056534679 | EX47: 0.47132403 | EY47: 2.3681608 | EZ47: 1.9975807 | FA47: 0.0017109235 | FB47: 0.55949801 | FC47: 0.80849558 | FD47: 5.3615992 | FE47: 2.9692 | FF47: 0.10925696 | FH47: 0.00018846081 | FI47: 0.60641585 | FJ47: 0.52794529
A48: 38292 | B48: 0.064326925 | C48: 0.030074681 | D48: 0.040456515 | E48: 0.034012082 | F48: 1.0942963 | G48: 0.0058773873 | H48: 1.6506145 | I48: 3.8384283 | J48: 3.0131454 | K48: 2.9546 | L48: 7.8579787 | M48: 0.049406622 | N48: 1.4773 | O48: 13.586617 | P48: 3.8384283 | Q48: 1.4773 | R48: 0.0058516462 | S48: 0.36806896 | T48: 1.9622568 | U48: 0.65547076 | V48: 1.0608063 | W48: 1.7895821 | X48: 1.9622767 | Y48: 0.0058516462 | Z48: 0.0026818797 | AA48: 0.034766145 | AB48: 0.00073351539 | AC48: 0.0058516462 | AD48: 2.470244 | AE48: 0.0058516462 | AF48: 0.0058516462 | AG48: 0.004951401 | AH48: 0.35698665 | AI48: 0.0011677384 | AJ48: 0.007802195 | AK48: 0.0068277952 | AL48: 0.0058516462 | AM48: 0.0065181231 | AN48: 0.50720814 | AP48: 0.12264331 | AQ48: 0.0058516462 | AR48: 0.51684658 | AS48: 0.016624935 | AT48: 1.0942963 | AU48: 0.098046941 | AV48: 2.9546 | AW48: 0.47452782 | AX48: 2.9546 | AY48: 0.0058516462 | AZ48: 3.8384283 | BA48: 0.3416394 | BB48: 1.765712 | BC48: 3.8384283 | BD48: 3.8384283 | BE48: 0.0058516462 | BF48: 0.098468942 | BG48: 1.6427221 | BH48: 3.8384283 | BI48: 3.2707403 | BJ48: 3.8384283 | BK48: 1.0942963 | BL48: 0.3803367 | BM48: 0.0011586667 | BN48: 0.0058516462 | BO48: 0.014773 | BP48: 0.079478999 | BQ48: 0.15937471 | BR48: 0.38001286 | BS48: 0.015642736 | BT48: 0.044032787 | BU48: 0.065475755 | BV48: 0.00032692669 | BW48: 0.0003362252 | BX48: 0.0020195489 | BY48: 3.8384283 | BZ48: 0.67070735 | CA48: 3.8384283 | CB48: 0.047795063 | CC48: 0.028166678 | CD48: 4.1672779 | CE48: 0.022586958 | CF48: 0.036384709 | CG48: 0.0027076861 | CH48: 10.025789 | CI48: 3.8384283 | CJ48: 0.0019599337 | CK48: 0.4854286 | CL48: 0.05651492 | CM48: 2.3145709 | CN48: 3.8384283 | CO48: 3.8384283 | CP48: 0.36891034 | CQ48: 0.0014969596 | CR48: 0.027120555 | CS48: 0.77752632 | CT48: 0.23082812 | CU48: 0.0058516462 | CV48: 3.8384283 | CX48: 0.10374298 | CY48: 0.25931647 | CZ48: 0.23665577 | DA48: 0.0024414146 | DB48: 3.8384283 | DC48: 0.34532088 | DD48: 0.14572842 | DE48: 0.51963629 | DF48: 0.4854286 | DG48: 0.040171312 | DH48: 3.8384283 | DI48: 0.18204223 | DJ48: 0.0058516462 | DK48: 0.02232043 | DL48: 0.062367543 | DM48: 0.47122807 | DN48: 7.6842653 | DO48: 0.049744283 | DP48: 2.9546 | DQ48: 0.00048358375 | DR48: 0.89257447 | DS48: 0.052458981 | DT48: 0.89996954 | DU48: 3.8384283 | DV48: 0.8117033 | DW48: 0.96312194 | DX48: 0.10336407 | DY48: 0.0051846003 | DZ48: 0.78789333 | EA48: 0.0058516462 | EB48: 0.049722158 | EC48: 0.5372 | ED48: 1.0503639 | EE48: 1.7895821 | EF48: 3.8384283 | EG48: 3.8384283 | EH48: 0.4854286 | EJ48: 3.8384283 | EK48: 0.028229112 | EL48: 1.0942963 | EM48: 1.0942963 | EN48: 1.0942963 | EO48: 1.1662588 | EP48: 1.0802925 | EQ48: 0.42649075 | ER48: 2.5249754 | ES48: 0.26321604 | ET48: 0.29283996 | EU48: 0.0027901235 | EV48: 0.07331259 | EW48: 0.0058516462 | EX48: 0.4690288 | EY48: 2.40681 | EZ48: 2.0428525 | FA48: 0.001706988 | FB48: 0.55680983 | FC48: 0.80452008 | FD48: 5.4942725 | FE48: 2.9546 | FF48: 0.11085889 | FH48: 0.00018685808 | FI48: 0.61584446 | FJ48: 0.52307165
A49: 38322 | B49: 0.062072713 | C49: 0.03141256 | D49: 0.040875826 | E49: 0.034689646 | F49: 1.1003333 | G49: 0.006109683 | H49: 1.6597207 | I49: 3.9832665 | J49: 3.0301145 | K49: 2.9709 | L49: 7.9013298 | M49: 0.04912966 | N49: 1.48545 | O49: 13.668611 | P49: 3.9832665 | Q49: 1.48545 | R49: 0.0060724506 | S49: 0.36952871 | T49: 2.0318584 | U49: 0.68684977 | V49: 1.0933034 | W49: 1.809869 | X49: 2.0341664 | Y49: 0.0060724506 | Z49: 0.0026857535 | AA49: 0.036073513 | AB49: 0.00073792846 | AC49: 0.0060724506 | AD49: 2.4369427 | AE49: 0.0060724506 | AF49: 0.0060724506 | AG49: 0.0051562907 | AH49: 0.35895608 | AI49: 0.0012320382 | AJ49: 0.0080966008 | AK49: 0.006740094 | AL49: 0.0060724506 | AM49: 0.0065014443 | AN49: 0.5269963 | AP49: 0.1299038 | AQ49: 0.0060724506 | AR49: 0.53516423 | AS49: 0.016716651 | AT49: 1.1003333 | AU49: 0.1012952 | AV49: 2.9709 | AW49: 0.47859847 | AX49: 2.9709 | AY49: 0.0060724506 | AZ49: 3.9832665 | BA49: 0.34382233 | BB49: 1.7887217 | BC49: 3.9832665 | BD49: 3.9832665 | BE49: 0.0060724506 | BF49: 0.09968493 | BG49: 1.650225 | BH49: 3.9832665 | BI49: 3.2880427 | BJ49: 3.9832665 | BK49: 1.1003333 | BL49: 0.38211031 | BM49: 0.0011650588 | BN49: 0.0060724506 | BO49: 0.014870858 | BP49: 0.079258874 | BQ49: 0.15976618 | BR49: 0.38206019 | BS49: 0.016197252 | BT49: 0.047360115 | BU49: 0.067551774 | BV49: 0.00032104649 | BW49: 0.00033785182 | BX49: 0.0020320793 | BY49: 3.9832665 | BZ49: 0.68425538 | CA49: 3.9832665 | CB49: 0.048141132 | CC49: 0.028611412 | CD49: 4.190268 | CE49: 0.022846047 | CF49: 0.037241253 | CG49: 0.0028269785 | CH49: 10.081099 | CI49: 3.9832665 | CJ49: 0.0019707463 | CK49: 0.52029772 | CL49: 0.056826702 | CM49: 2.3682082 | CN49: 3.9832665 | CO49: 3.9832665 | CP49: 0.3709237 | CQ49: 0.0015872058 | CR49: 0.027270174 | CS49: 0.78181579 | CT49: 0.23210156 | CU49: 0.0060724506 | CV49: 3.9832665 | CW49: 0.11482183 | CX49: 0.10491763 | CY49: 0.2650223 | CZ49: 0.23818457 | DA49: 0.0024517029 | DB49: 3.9832665 | DC49: 0.35632556 | DD49: 0.1535991 | DE49: 0.53206655 | DF49: 0.52029772 | DG49: 0.040932764 | DH49: 3.9832665 | DI49: 0.18230295 | DJ49: 0.0060724506 | DK49: 0.022445942 | DL49: 0.064669274 | DM49: 0.48464927 | DN49: 7.726658 | DO49: 0.049927174 | DP49: 2.9709 | DQ49: 0.0004794945 | DR49: 0.90545854 | DS49: 0.052879173 | DT49: 0.95977903 | DU49: 3.9832665 | DV49: 0.81618132 | DW49: 1.0276457 | DX49: 0.10640721 | DY49: 0.0052329452 | DZ49: 0.79224 | EA49: 0.0060724506 | EB49: 0.050757805 | EC49: 0.54016364 | ED49: 1.0463163 | EE49: 1.809869 | EF49: 3.9832665 | EG49: 3.9832665 | EH49: 0.52029772 | EJ49: 3.9832665 | EK49: 0.02834683 | EL49: 1.1003333 | EM49: 1.1003333 | EN49: 1.1003333 | EO49: 1.1813663 | EP49: 1.0930464 | EQ49: 0.44344372 | ER49: 2.5905548 | ES49: 0.26466815 | ET49: 0.2938041 | EU49: 0.0028299431 | EV49: 0.075830243 | EW49: 0.0060724506 | EX49: 0.4715864 | EY49: 2.4534644 | EZ49: 2.1271706 | FA49: 0.0017082589 | FB49: 0.55992386 | FC49: 0.80895848 | FD49: 5.7318979 | FE49: 2.9709 | FF49: 0.11176991 | FH49: 0.0001883177 | FI49: 0.63869582 | FJ49: 0.52060201
A50: 38353 | B50: 0.059748387 | C50: 0.030433884 | D50: 0.040540764 | E50: 0.033992118 | F50: 1.0911111 | G50: 0.0059917212 | H50: 1.6458101 | I50: 3.8649416 | J50: 3.0048285 | K50: 2.946 | L50: 7.8351064 | M50: 0.047783098 | N50: 1.473 | O50: 13.565722 | P50: 3.8649416 | Q50: 1.473 | R50: 0.0058920654 | S50: 0.36571287 | T50: 1.9950806 | U50: 0.66077517 | V50: 1.0942723 | W50: 1.798425 | X50: 1.9758551 | Y50: 0.0058920654 | Z50: 0.0025946574 | AA50: 0.035135888 | AB50: 0.00073101737 | AC50: 0.0058920654 | AD50: 2.4042405 | AE50: 0.0058920654 | AF50: 0.0058920654 | AG50: 0.0051313314 | AH50: 0.35594756 | AI50: 0.0012467414 | AJ50: 0.0078560873 | AK50: 0.0063747082 | AL50: 0.0058920654 | AM50: 0.0063978109 | AN50: 0.51255704 | AP50: 0.12752143 | AQ50: 0.0058920654 | AR50: 0.51939351 | AS50: 0.016576544 | AT50: 1.0911111 | AU50: 0.096920293 | AV50: 2.946 | AW50: 0.50165174 | AX50: 2.946 | AY50: 0.0058920654 | AZ50: 3.8649416 | BA50: 0.34045602 | BB50: 1.7618552 | BC50: 3.8649416 | BD50: 3.8649416 | BE50: 0.0058920654 | BF50: 0.099207285 | BG50: 1.6205512 | BH50: 3.8649416 | BI50: 3.261208 | BJ50: 3.8649416 | BK50: 1.0911111 | BL50: 0.37950957 | BM50: 0.0011330769 | BN50: 0.0058920654 | BO50: 0.014748436 | BP50: 0.078349397 | BQ50: 0.15786682 | BR50: 0.37793457 | BS50: 0.015686066 | BT50: 0.047023144 | BU50: 0.067330217 | BV50: 0.00032038106 | BW50: 0.00033386219 | BX50: 0.0020275292 | BY50: 3.8649416 | BZ50: 0.67280243 | CA50: 3.8649416 | CB50: 0.047818077 | CC50: 0.028342184 | CD50: 4.1551481 | CE50: 0.02264238 | CF50: 0.037775866 | CG50: 0.0028375216 | CH50: 10.089041 | CI50: 3.8649416 | CJ50: 0.0019542289 | CK50: 0.49805579 | CL50: 0.051341931 | CM50: 2.3305537 | CN50: 3.8649416 | CO50: 3.8649416 | CP50: 0.36697019 | CQ50: 0.001601087 | CR50: 0.027042409 | CS50: 0.77526316 | CT50: 0.23015625 | CU50: 0.0058920654 | CV50: 3.8649416 | CW50: 0.11373639 | CX50: 0.10371779 | CY50: 0.26173638 | CZ50: 0.23630953 | DA50: 0.0024329011 | DB50: 3.8649416 | DC50: 0.34749581 | DD50: 0.15689391 | DE50: 0.52281318 | DF50: 0.49348387 | DG50: 0.041428772 | DH50: 3.8649416 | DI50: 0.18002823 | DJ50: 0.0058920654 | DK50: 0.02225748 | DL50: 0.063100266 | DM50: 0.47060703 | DN50: 7.6618986 | DO50: 0.049827481 | DP50: 2.946 | DQ50: 0.00046810201 | DR50: 0.90141362 | DS50: 0.052827698 | DT50: 0.94931202 | DU50: 3.8649416 | DV50: 0.80934066 | DW50: 1.0132019 | DX50: 0.1054591 | DY50: 0.0052091806 | DZ50: 0.7856 | EA50: 0.0058920654 | EB50: 0.048503648 | EC50: 0.53563636 | ED50: 1.0297135 | EE50: 1.798425 | EF50: 3.8649416 | EG50: 3.8649416 | EH50: 0.49805579 | EJ50: 3.8649416 | EK50: 0.029565846 | EL50: 1.0911111 | EM50: 1.0911111 | EN50: 1.0911111 | EO50: 1.1754848 | EP50: 1.0850829 | EQ50: 0.42712985 | ER50: 2.5226922 | ES50: 0.26244989 | ET50: 0.29118009 | EU50: 0.0027133858 | EV50: 0.076114394 | EW50: 0.0058920654 | EX50: 0.46763389 | EY50: 2.3968758 | EZ50: 2.1815758 | FA50: 0.0017009181 | FB50: 0.55536201 | FC50: 0.80217835 | FD50: 5.5494857 | FE50: 2.946 | FF50: 0.11539591 | FH50: 0.00018625529 | FI50: 0.61503132 | FJ50: 0.50472809
A51: 38384 | B51: 0.05863098 | C51: 0.029952892 | D51: 0.040058536 | E51: 0.033464411 | F51: 1.0797407 | G51: 0.0061582915 | H51: 1.6286592 | I51: 3.7940443 | J51: 2.9760714 | K51: 2.9153 | L51: 7.7534574 | M51: 0.046188678 | N51: 1.45765 | O51: 13.453471 | P51: 3.7940443 | Q51: 1.45765 | R51: 0.0057839833 | S51: 0.36150689 | T51: 1.9396078 | U51: 0.6505188 | V51: 1.1225645 | W51: 1.7797924 | X51: 1.939654 | Y51: 0.0057839833 | Z51: 0.0025675057 | AA51: 0.034351589 | AB51: 0.00072357905 | AC51: 0.0057839833 | AD51: 2.3516742 | AE51: 0.0057839833 | AF51: 0.0057839833 | AG51: 0.0050826389 | AH51: 0.35223826 | AI51: 0.0012455939 | AJ51: 0.0077119777 | AK51: 0.0061616168 | AL51: 0.0057839833 | AM51: 0.0062864967 | AN51: 0.50426488 | AP51: 0.12662005 | AQ51: 0.0057839833 | AR51: 0.50969991 | AS51: 0.016403801 | AT51: 1.0797407 | AU51: 0.09977412 | AV51: 2.9153 | AW51: 0.50318449 | AX51: 2.9153 | AY51: 0.0057839833 | AZ51: 3.7940443 | BA51: 0.33682252 | BB51: 1.758983 | BC51: 3.7940443 | BD51: 3.7940443 | BE51: 0.0057839833 | BF51: 0.09886998 | BG51: 1.5942798 | BH51: 3.7940443 | BI51: 3.2248626 | BJ51: 3.7940443 | BK51: 1.0797407 | BL51: 0.37780033 | BM51: 0.0010601091 | BN51: 0.0057839833 | BO51: 0.014594743 | BP51: 0.077242245 | BQ51: 0.15567113 | BR51: 0.37380433 | BS51: 0.015570688 | BT51: 0.047013385 | BU51: 0.066742522 | BV51: 0.00031563505 | BW51: 0.0003292853 | BX51: 0.0019981494 | BY51: 3.7940443 | BZ51: 0.66707091 | CA51: 3.7940443 | CB51: 0.04718001 | CC51: 0.027796251 | CD51: 4.1118477 | CE51: 0.022402982 | CF51: 0.037891497 | CG51: 0.0028513443 | CH51: 9.9839041 | CI51: 3.7940443 | CJ51: 0.001933864 | CK51: 0.48232299 | CL51: 0.051763139 | CM51: 2.2894332 | CN51: 3.7940443 | CO51: 3.7940443 | CP51: 0.36288792 | CQ51: 0.0015448408 | CR51: 0.026760602 | CS51: 0.76718421 | CT51: 0.22775781 | CU51: 0.0057839833 | CV51: 3.7940443 | CW51: 0.11198909 | CX51: 0.10157415 | CY51: 0.26145719 | CZ51: 0.23315126 | DA51: 0.0024123293 | DB51: 3.7940443 | DC51: 0.34152999 | DD51: 0.15860977 | DE51: 0.51457973 | DF51: 0.48458304 | DG51: 0.04107792 | DH51: 3.7940443 | DI51: 0.17745165 | DJ51: 0.0057839833 | DK51: 0.022007081 | DL51: 0.061775825 | DM51: 0.45622848 | DN51: 7.5820546 | DO51: 0.049308234 | DP51: 2.9153 | DQ51: 0.00046116307 | DR51: 0.8945931 | DS51: 0.053186482 | DT51: 0.94649524 | DU51: 3.7940443 | DV51: 0.80090659 | DW51: 1.0321729 | DX51: 0.10421612 | DY51: 0.0051664067 | DZ51: 0.77741333 | EA51: 0.0057839833 | EB51: 0.04733675 | EC51: 0.53005455 | ED51: 1.0143526 | EE51: 1.7797924 | EF51: 3.7940443 | EG51: 3.7940443 | EH51: 0.48232299 | EJ51: 3.7940443 | EK51: 0.029331137 | EL51: 1.0797407 | EM51: 1.0797407 | EN51: 1.0797407 | EO51: 1.1644897 | EP51: 1.0737753 | EQ51: 0.41754751 | ER51: 2.4477339 | ES51: 0.25971492 | ET51: 0.28798206 | EU51: 0.0026264863 | EV51: 0.075836719 | EW51: 0.0057839833 | EX51: 0.46275338 | EY51: 2.3563692 | EZ51: 2.2258378 | FA51: 0.0017037912 | FB51: 0.55005546 | FC51: 0.79381892 | FD51: 5.5024348 | FE51: 2.9153 | FF51: 0.11693568 | FH51: 0.00018458275 | FI51: 0.61245798 | FJ51: 0.48191854
A52: 38412 | B52: 0.059795613 | C52: 0.030514024 | D52: 0.040404961 | E52: 0.03360527 | F52: 1.0839259 | G52: 0.0062801044 | H52: 1.6349721 | I52: 3.8633071 | J52: 3.0032551 | K52: 2.9266 | L52: 7.7835106 | M52: 0.046051058 | N52: 1.4633 | O52: 13.585365 | P52: 3.8633071 | Q52: 1.4633 | R52: 0.0058895737 | S52: 0.36211782 | T52: 1.9734995 | U52: 0.65420811 | V52: 1.0823625 | W52: 1.7945573 | X52: 1.9743642 | Y52: 0.0058895737 | Z52: 0.0025517793 | AA52: 0.035039104 | AB52: 0.00072764794 | AC52: 0.0058895737 | AD52: 2.4065455 | AE52: 0.0058895737 | AF52: 0.0058895737 | AG52: 0.0049901105 | AH52: 0.35360358 | AI52: 0.0012433987 | AJ52: 0.007852765 | AK52: 0.0059148577 | AL52: 0.0058895737 | AM52: 0.0062686887 | AN52: 0.51794398 | AP52: 0.12958158 | AQ52: 0.0058895737 | AR52: 0.51917134 | AS52: 0.016467384 | AT52: 1.0839259 | AU52: 0.10234571 | AV52: 2.9266 | AW52: 0.50549261 | AX52: 2.9266 | AY52: 0.0058895737 | AZ52: 3.8633071 | BA52: 0.33803045 | BB52: 1.7830419 | BC52: 3.8633071 | BD52: 3.8633071 | BE52: 0.0058895737 | BF52: 0.099979844 | BG52: 1.5935747 | BH52: 3.8633071 | BI52: 3.2346607 | BJ52: 3.8633071 | BK52: 1.0839259 | BL52: 0.38434313 | BM52: 0.00096301415 | BN52: 0.0058895737 | BO52: 0.014651314 | BP52: 0.07685601 | BQ52: 0.15595641 | BR52: 0.37525324 | BS52: 0.015742026 | BT52: 0.048825492 | BU52: 0.066984814 | BV52: 0.00031162885 | BW52: 0.00033018932 | BX52: 0.0019922396 | BY52: 3.8633071 | BZ52: 0.67604528 | CA52: 3.8633071 | CB52: 0.047540456 | CC52: 0.027789613 | CD52: 4.1277856 | CE52: 0.022420899 | CF52: 0.039124199 | CG52: 0.0029048427 | CH52: 10.022603 | CI52: 3.8633071 | CJ52: 0.0019413599 | CK52: 0.49062867 | CL52: 0.051871677 | CM52: 2.3100509 | CN52: 3.8633071 | CO52: 3.8633071 | CP52: 0.36430213 | CQ52: 0.0015410782 | CR52: 0.026610293 | CS52: 0.77015789 | CT52: 0.22864062 | CU52: 0.0058895737 | CV52: 3.8633071 | CW52: 0.10895756 | CX52: 0.10144335 | CY52: 0.26288558 | CZ52: 0.23227906 | DA52: 0.002433682 | DB52: 3.8633071 | DC52: 0.34671658 | DD52: 0.14966958 | DE52: 0.51984085 | DF52: 0.46284991 | DG52: 0.041266215 | DH52: 3.8633071 | DI52: 0.17743852 | DJ52: 0.0058895737 | DK52: 0.022112079 | DL52: 0.062846946 | DM52: 0.47203226 | DN52: 7.6114434 | DO52: 0.049499357 | DP52: 2.9266 | DQ52: 0.00046590041 | DR52: 0.89792287 | DS52: 0.053758068 | DT52: 0.95979273 | DU52: 3.8633071 | DV52: 0.80401099 | DW52: 1.0615011 | DX52: 0.1059748 | DY52: 0.0052087351 | DZ52: 0.78042667 | EA52: 0.0058895737 | EB52: 0.047844105 | EC52: 0.53210909 | ED52: 1.0177248 | EE52: 1.7945573 | EF52: 3.8633071 | EG52: 3.8633071 | EH52: 0.49062867 | EJ52: 3.8633071 | EK52: 0.029429919 | EL52: 1.0839259 | EM52: 1.0839259 | EN52: 1.0839259 | EO52: 1.1722342 | EP52: 1.0779374 | EQ52: 0.42500973 | ER52: 2.4942897 | ES52: 0.2607216 | ET52: 0.28870549 | EU52: 0.0026413289 | EV52: 0.075913446 | EW52: 0.0058895737 | EX52: 0.46453968 | EY52: 2.372406 | EZ52: 2.2374259 | FA52: 0.0017102318 | FB52: 0.55302103 | FC52: 0.79689585 | FD52: 5.5764944 | FE52: 2.9266 | FF52: 0.11463601 | FH52: 0.00018505217 | FI52: 0.62135881 | FJ52: 0.481586
A53: 38443 | B53: 0.058807392 | C53: 0.029797508 | D53: 0.039771224 | E53: 0.033202127 | F53: 1.0742222 | G53: 0.0064757037 | H53: 1.6203352 | I53: 3.7525099 | J53: 3.019212 | K53: 2.9004 | L53: 7.7138298 | M53: 0.045661568 | N53: 1.4502 | O53: 13.472937 | P53: 3.7525099 | Q53: 1.4502 | R53: 0.0057206645 | S53: 0.35851669 | T53: 1.91856 | U53: 0.63589923 | V53: 1.1248836 | W53: 1.7544157 | X53: 1.9185077 | Y53: 0.0057206645 | Z53: 0.0025710031 | AA53: 0.034036708 | AB53: 0.00072059627 | AC53: 0.0057206645 | AD53: 2.3465658 | AE53: 0.0057206645 | AF53: 0.0057206645 | AG53: 0.0049967267 | AH53: 0.35043799 | AI53: 0.0012342075 | AJ53: 0.0076275526 | AK53: 0.0056771216 | AL53: 0.0057206645 | AM53: 0.0061741202 | AN53: 0.50753995 | AP53: 0.12454483 | AQ53: 0.0057206645 | AR53: 0.50347524 | AS53: 0.016319962 | AT53: 1.0742222 | AU53: 0.10160883 | AV53: 2.9004 | AW53: 0.50121831 | AX53: 2.9004 | AY53: 0.0057206645 | AZ53: 3.7525099 | BA53: 0.33491143 | BB53: 1.741592 | BC53: 3.7525099 | BD53: 3.7525099 | BE53: 0.0057206645 | BF53: 0.10033521 | BG53: 1.5847448 | BH53: 3.7525099 | BI53: 3.2045186 | BJ53: 3.7525099 | BK53: 1.0742222 | BL53: 0.38130947 | BM53: 0.00086838323 | BN53: 0.0057206645 | BO53: 0.014507077 | BP53: 0.07509865 | BQ53: 0.15415606 | BR53: 0.37194152 | BS53: 0.01513068 | BT53: 0.046547906 | BU53: 0.066308195 | BV53: 0.00030394551 | BW53: 0.00032619777 | BX53: 0.0019677069 | BY53: 3.7525099 | BZ53: 0.66349453 | CA53: 3.7525099 | CB53: 0.047126033 | CC53: 0.027015774 | CD53: 4.0908322 | CE53: 0.0220781 | CF53: 0.038089773 | CG53: 0.002869013 | CH53: 9.9328767 | CI53: 3.7525099 | CJ53: 0.0019239801 | CK53: 0.47068675 | CL53: 0.05121667 | CM53: 2.2671013 | CN53: 3.7525099 | CO53: 3.7525099 | CP53: 0.36109137 | CQ53: 0.0014980244 | CR53: 0.025608335 | CS53: 0.76326316 | CT53: 0.22659375 | CU53: 0.0057206645 | CV53: 3.7525099 | CW53: 0.10961866 | CX53: 0.099930403 | CY53: 0.26068199 | CZ53: 0.22997875 | DA53: 0.002443615 | DB53: 3.7525099 | DC53: 0.33757376 | DD53: 0.14521822 | DE53: 0.50979014 | DF53: 0.47144877 | DG53: 0.040902553 | DH53: 3.7525099 | DI53: 0.17513435 | DJ53: 0.0057206645 | DK53: 0.021914124 | DL53: 0.061119728 | DM53: 0.45892405 | DN53: 7.543303 | DO53: 0.049056221 | DP53: 2.9004 | DQ53: 0.0004617148 | DR53: 0.89023941 | DS53: 0.053226357 | DT53: 0.9048763 | DU53: 3.7525099 | DV53: 0.79681319 | DW53: 1.0343533 | DX53: 0.10425406 | DY53: 0.0051785459 | DZ53: 0.77344 | EA53: 0.0057206645 | EB53: 0.046193099 | EC53: 0.52734545 | ED53: 1.0121229 | EE53: 1.7544157 | EF53: 3.7525099 | EG53: 3.7525099 | EH53: 0.47068675 | EJ53: 3.7525099 | EK53: 0.029084208 | EL53: 1.0742222 | EM53: 1.0742222 | EN53: 1.0742222 | EO53: 1.1635109 | EP53: 1.0682873 | EQ53: 0.40933725 | ER53: 2.4250836 | ES53: 0.25838753 | ET53: 0.28498914 | EU53: 0.0026245826 | EV53: 0.073467837 | EW53: 0.0057206645 | EX53: 0.46038826 | EY53: 2.3160585 | EZ53: 2.1344441 | FA53: 0.0016315647 | FB53: 0.55862758 | FC53: 0.78976174 | FD53: 5.4950551 | FE53: 2.9004 | FF53: 0.1150473 | FH53: 0.00018337232 | FI53: 0.61974359 | FJ53: 0.47495104
A54: 38473 | B54: 0.057879989 | C54: 0.029409807 | D54: 0.039361052 | E54: 0.032539189 | F54: 1.0707037 | G54: 0.0064349881 | H54: 1.6150279 | I54: 3.6696953 | J54: 3.021154 | K54: 2.8909 | L54: 7.6885638 | M54: 0.045492885 | N54: 1.44545 | O54: 13.445734 | P54: 3.6696953 | Q54: 1.44545 | R54: 0.0055944145 | S54: 0.3573424 | T54: 1.8759439 | U54: 0.60303719 | V54: 1.1789967 | W54: 1.7507979 | X54: 1.8733152 | Y54: 0.0055944145 | Z54: 0.0026111894 | AA54: 0.033349318 | AB54: 0.00071327412 | AC54: 0.0055944145 | AD54: 2.3025712 | AE54: 0.0055944145 | AF54: 0.0055944145 | AG54: 0.004998876 | AH54: 0.34929016 | AI54: 0.0012358393 | AJ54: 0.0074592193 | AK54: 0.0056484315 | AL54: 0.0055944145 | AM54: 0.0061120978 | AN54: 0.50236272 | AP54: 0.12142047 | AQ54: 0.0055944145 | AR54: 0.4927886 | AS54: 0.016266508 | AT54: 1.0707037 | AU54: 0.10000346 | AV54: 2.8909 | AW54: 0.49958525 | AX54: 2.8909 | AY54: 0.0055944145 | AZ54: 3.6696953 | BA54: 0.33372198 | BB54: 1.7271894 | BC54: 3.6696953 | BD54: 3.6696953 | BE54: 0.0055944145 | BF54: 0.10122943 | BG54: 1.5841416 | BH54: 3.6696953 | BI54: 3.1926766 | BJ54: 3.6696953 | BK54: 1.0707037 | BL54: 0.38075532 | BM54: 0.00081433803 | BN54: 0.0055944145 | BO54: 0.0144545 | BP54: 0.074787027 | BQ54: 0.15332598 | BR54: 0.37110398 | BS54: 0.014575476 | BT54: 0.04459201 | BU54: 0.066474434 | BV54: 0.00030506632 | BW54: 0.00032368718 | BX54: 0.0019625933 | BY54: 3.6696953 | BZ54: 0.66098866 | CA54: 3.6696953 | CB54: 0.046948181 | CC54: 0.027039836 | CD54: 4.077433 | CE54: 0.022005785 | CF54: 0.037840689 | CG54: 0.0028845252 | CH54: 9.9003425 | CI54: 3.6696953 | CJ54: 0.0019176783 | CK54: 0.45516451 | CL54: 0.051048914 | CM54: 2.2399844 | CN54: 3.6696953 | CO54: 3.6696953 | CP54: 0.3602461 | CQ54: 0.0014913923 | CR54: 0.024816722 | CS54: 0.76076316 | CT54: 0.22585156 | CU54: 0.0055944145 | CV54: 3.6696953 | CW54: 0.10904119 | CX54: 0.099257347 | CY54: 0.26300036 | CZ54: 0.22950208 | DA54: 0.0024334175 | DB54: 3.6696953 | DC54: 0.33138082 | DD54: 0.12288206 | DE54: 0.50436163 | DF54: 0.45659728 | DG54: 0.04084923 | DH54: 3.6696953 | DI54: 0.17385044 | DJ54: 0.0055944145 | DK54: 0.021847793 | DL54: 0.059893427 | DM54: 0.45383046 | DN54: 7.5185956 | DO54: 0.048590524 | DP54: 2.8909 | DQ54: 0.0004621521 | DR54: 0.88816861 | DS54: 0.053199144 | DT54: 0.8784527 | DU54: 3.6696953 | DV54: 0.7942033 | DW54: 1.0140712 | DX54: 0.10354115 | DY54: 0.0051743333 | DZ54: 0.77090667 | EA54: 0.0055944145 | EB54: 0.044927912 | EC54: 0.52561818 | ED54: 1.0095969 | EE54: 1.7507979 | EF54: 3.6696953 | EG54: 3.6696953 | EH54: 0.45516451 | EJ54: 3.6696953 | EK54: 0.028949466 | EL54: 1.0707037 | EM54: 1.0707037 | EN54: 1.0707037 | EO54: 1.1613771 | EP54: 1.055073 | EQ54: 0.39910705 | ER54: 2.3684836 | ES54: 0.2575412 | ET54: 0.28387047 | EU54: 0.0025911826 | EV54: 0.072678774 | EW54: 0.0055944145 | EX54: 0.4588803 | EY54: 2.2770164 | EZ54: 2.1160524 | FA54: 0.0016281046 | FB54: 0.57245545 | FC54: 0.78717495 | FD54: 5.3685305 | FE54: 2.8909 | FF54: 0.11806242 | FH54: 0.00018246024 | FI54: 0.61639659 | FJ54: 0.40743746
A55: 38504 | B55: 0.057549224 | C55: 0.028367929 | D55: 0.039006363 | E55: 0.032354355 | F55: 1.068 | G55: 0.0064230119 | H55: 1.6109497 | I55: 3.5078732 | J55: 3.0462387 | K55: 2.8836 | L55: 7.6691489 | M55: 0.045235921 | N55: 1.4418 | O55: 13.414651 | P55: 3.5078732 | Q55: 1.4418 | R55: 0.0053477182 | S55: 0.35644005 | T55: 1.7934523 | U55: 0.52149381 | V55: 1.1951755 | W55: 1.7250538 | X55: 1.7935067 | Y55: 0.0053477182 | Z55: 0.0026307339 | AA55: 0.031867937 | AB55: 0.00070589963 | AC55: 0.0053477182 | AD55: 2.3250833 | AE55: 0.0053477182 | AF55: 0.0053477182 | AG55: 0.0049252737 | AH55: 0.34840814 | AI55: 0.0012366465 | AJ55: 0.0071302909 | AK55: 0.0064043609 | AL55: 0.0053477182 | AM55: 0.006054479 | AN55: 0.48028317 | AP55: 0.11680169 | AQ55: 0.0053477182 | AR55: 0.47129969 | AS55: 0.016225432 | AT55: 1.068 | AU55: 0.099148537 | AV55: 2.8836 | AW55: 0.4983151 | AX55: 2.8836 | AY55: 0.0053477182 | AZ55: 3.5078732 | BA55: 0.33279092 | BB55: 1.7065812 | BC55: 3.5078732 | BD55: 3.5078732 | BE55: 0.0053477182 | BF55: 0.10191632 | BG55: 1.5857025 | BH55: 3.5078732 | BI55: 3.1846122 | BJ55: 3.5078732 | BK55: 1.068 | BL55: 0.37873882 | BM55: 0.00077153177 | BN55: 0.0053477182 | BO55: 0.014404316 | BP55: 0.073604787 | BQ55: 0.15288042 | BR55: 0.37083333 | BS55: 0.014090398 | BT55: 0.044267731 | BU55: 0.066162501 | BV55: 0.00029935221 | BW55: 0.00032114935 | BX55: 0.0019643052 | BY55: 3.5078732 | BZ55: 0.64295748 | CA55: 3.5078732 | CB55: 0.046813208 | CC55: 0.026544709 | CD55: 4.0671368 | CE55: 0.021559626 | CF55: 0.037605305 | CG55: 0.0028525923 | CH55: 9.8753425 | CI55: 3.5078732 | CJ55: 0.0019128358 | CK55: 0.42738235 | CL55: 0.04964876 | CM55: 2.1897064 | CN55: 3.5078732 | CO55: 3.5078732 | CP55: 0.36001205 | CQ55: 0.0014136334 | CR55: 0.02366322 | CS55: 0.75884211 | CT55: 0.22528125 | CU55: 0.0053477182 | CV55: 3.5078732 | CW55: 0.10861017 | CX55: 0.098474862 | CY55: 0.26616208 | CZ55: 0.22902801 | DA55: 0.0024221145 | DB55: 3.5078732 | DC55: 0.31939214 | DD55: 0.11787005 | DE55: 0.49265359 | DF55: 0.4272 | DG55: 0.040844193 | DH55: 3.5078732 | DI55: 0.17270685 | DJ55: 0.0053477182 | DK55: 0.021784721 | DL55: 0.057253704 | DM55: 0.44431433 | DN55: 7.4996099 | DO55: 0.048311777 | DP55: 2.8836 | DQ55: 0.00046980942 | DR55: 0.88649779 | DS55: 0.052259012 | DT55: 0.86425895 | DU55: 3.5078732 | DV55: 0.7921978 | DW55: 0.97107323 | DX55: 0.10116404 | DY55: 0.0051746972 | DZ55: 0.76896 | EA55: 0.0053477182 | EB55: 0.042563932 | EC55: 0.52429091 | ED55: 1.0044902 | EE55: 1.7250538 | EF55: 3.5078732 | EG55: 3.5078732 | EH55: 0.42738235 | EJ55: 3.5078732 | EK55: 0.02883773 | EL55: 1.068 | EM55: 1.068 | EN55: 1.068 | EO55: 1.1654676 | EP55: 1.0524088 | EQ55: 0.37826138 | ER55: 2.2801926 | ES55: 0.25689087 | ET55: 0.28309778 | EU55: 0.0025537218 | EV55: 0.070561808 | EW55: 0.0053477182 | EX55: 0.45772882 | EY55: 2.1987038 | EZ55: 2.1258307 | FA55: 0.0016588442 | FB55: 0.57046429 | FC55: 0.7851872 | FD55: 5.2446255 | FE55: 2.8836 | FF55: 0.11891134 | FH55: 0.00018175859 | FI55: 0.61484009 | FJ55: 0.2945986
A56: 38534 | B56: 0.057589659 | C56: 0.028333999 | D56: 0.039207381 | E56: 0.032172315 | F56: 1.0628148 | G56: 0.0064829974 | H56: 1.6031285 | I56: 3.4541922 | J56: 3.0524542 | K56: 2.8696 | L56: 7.6319149 | M56: 0.044709798 | N56: 1.4348 | O56: 13.349647 | P56: 3.4541922 | Q56: 1.4348 | R56: 0.005265882 | S56: 0.35519247 | T56: 1.7659912 | U56: 0.51682155 | V56: 1.2094239 | W56: 1.7059425 | X56: 1.7660164 | Y56: 0.005265882 | Z56: 0.0026833237 | AA56: 0.031489773 | AB56: 0.00069431406 | AC56: 0.005265882 | AD56: 2.3468507 | AE56: 0.005265882 | AF56: 0.005265882 | AG56: 0.0049839346 | AH56: 0.34867431 | AI56: 0.0012350971 | AJ56: 0.007021176 | AK56: 0.005885812 | AL56: 0.005265882 | AM56: 0.0059846921 | AN56: 0.47302703 | AP56: 0.11455489 | AQ56: 0.005265882 | AR56: 0.46310088 | AS56: 0.016146657 | AT56: 1.0628148 | AU56: 0.09874119 | AV56: 2.8696 | AW56: 0.49737412 | AX56: 2.8696 | AY56: 0.005265882 | AZ56: 3.4541922 | BA56: 0.33107204 | BB56: 1.6682191 | BC56: 3.4541922 | BD56: 3.4541922 | BE56: 0.005265882 | BF56: 0.10214462 | BG56: 1.5804373 | BH56: 3.4541922 | BI56: 3.1686245 | BJ56: 3.4541922 | BK56: 1.0628148 | BL56: 0.37814816 | BM56: 0.00075022222 | BN56: 0.005265882 | BO56: 0.014356614 | BP56: 0.069072423 | BQ56: 0.15209303 | BR56: 0.36908039 | BS56: 0.014026787 | BT56: 0.044073107 | BU56: 0.065913116 | BV56: 0.00029286115 | BW56: 0.00031904747 | BX56: 0.0019441734 | BY56: 3.4541922 | BZ56: 0.62922925 | CA56: 3.4541922 | CB56: 0.046353326 | CC56: 0.025636307 | CD56: 4.0473907 | CE56: 0.021152882 | CF56: 0.037642171 | CG56: 0.0027660395 | CH56: 9.8273973 | CI56: 3.4541922 | CJ56: 0.0019035489 | CK56: 0.42795806 | CL56: 0.048383072 | CM56: 2.1528241 | CN56: 3.4541922 | CO56: 3.4541922 | CP56: 0.35833289 | CQ56: 0.0014134359 | CR56: 0.023265769 | CS56: 0.75759016 | CT56: 0.2241875 | CU56: 0.005265882 | CV56: 3.4541922 | CW56: 0.10808286 | CX56: 0.097418558 | CY56: 0.26835997 | CZ56: 0.22812262 | DA56: 0.0024044577 | DB56: 3.4541922 | DC56: 0.31533373 | DD56: 0.11688684 | DE56: 0.48445968 | DF56: 0.42807489 | DG56: 0.040617127 | DH56: 3.4541922 | DI56: 0.17116816 | DJ56: 0.005265882 | DK56: 0.021678628 | DL56: 0.056470736 | DM56: 0.43610942 | DN56: 7.463199 | DO56: 0.048111809 | DP56: 2.8696 | DQ56: 0.00047546144 | DR56: 0.88238369 | DS56: 0.051237184 | DT56: 0.84419863 | DU56: 3.4541922 | DV56: 0.78835165 | DW56: 0.96923025 | DX56: 0.1000251 | DY56: 0.0051670058 | DZ56: 0.76522667 | EA56: 0.005265882 | EB56: 0.041644656 | EC56: 0.52174545 | ED56: 0.99469997 | EE56: 1.7059425 | EF56: 3.4541922 | EG56: 3.4541922 | EH56: 0.42795806 | EJ56: 3.4541922 | EK56: 0.028610027 | EL56: 1.0628148 | EM56: 1.0628148 | EN56: 1.0628148 | EO56: 1.1682612 | EP56: 1.0472993 | EQ56: 0.36637089 | ER56: 2.2176883 | ES56: 0.25564365 | ET56: 0.28165917 | EU56: 0.0025233697 | EV56: 0.068804788 | EW56: 0.005265882 | EX56: 0.45549929 | EY56: 2.156297 | EZ56: 2.151376 | FA56: 0.0016377853 | FB56: 0.56787486 | FC56: 0.78137509 | FD56: 5.0231939 | FE56: 2.8696 | FF56: 0.11660301 | FH56: 0.00018079637 | FI56: 0.62112554 | FJ56: 0.22878085
A57: 38565 | B57: 0.058275834 | C57: 0.02912171 | D57: 0.0392044 | E57: 0.032379626 | F57: 1.0696296 | G57: 0.0062647893 | H57: 1.6134078 | I57: 3.5500552 | J57: 3.0993177 | K57: 2.888 | L57: 7.6808511 | M57: 0.044159764 | N57: 1.444 | O57: 13.434745 | P57: 3.5500552 | Q57: 1.444 | R57: 0.0054120242 | S57: 0.35831266 | T57: 1.8150441 | U57: 0.53205601 | V57: 1.2238167 | W57: 1.7371429 | X57: 1.8150965 | Y57: 0.0054120242 | Z57: 0.0026692299 | AA57: 0.032185601 | AB57: 0.00070114105 | AC57: 0.0054120242 | AD57: 2.3986258 | AE57: 0.0054120242 | AF57: 0.0054120242 | AG57: 0.0052834745 | AH57: 0.35646928 | AI57: 0.0012522819 | AJ57: 0.0072160323 | AK57: 0.0059602246 | AL57: 0.0054120242 | AM57: 0.0059857403 | AN57: 0.4827126 | AP57: 0.11996843 | AQ57: 0.0054120242 | AR57: 0.47555769 | AS57: 0.01625019 | AT57: 1.0696296 | AU57: 0.099136271 | AV57: 2.888 | AW57: 0.50118006 | AX57: 2.888 | AY57: 0.0054120242 | AZ57: 3.5500552 | BA57: 0.33309497 | BB57: 1.6997971 | BC57: 3.5500552 | BD57: 3.5500552 | BE57: 0.0054120242 | BF57: 0.10290177 | BG57: 1.6021303 | BH57: 3.5500552 | BI57: 3.1882338 | BJ57: 3.5500552 | BK57: 1.0696296 | BL57: 0.38063305 | BM57: 0.00073918608 | BN57: 0.0054120242 | BO57: 0.014463865 | BP57: 0.067800271 | BQ57: 0.15304473 | BR57: 0.37163814 | BS57: 0.014524971 | BT57: 0.045344638 | BU57: 0.066201332 | BV57: 0.00028977655 | BW57: 0.00032085114 | BX57: 0.0019513514 | BY57: 3.5500552 | BZ57: 0.64049678 | CA57: 3.5500552 | CB57: 0.046373758 | CC57: 0.026083405 | CD57: 4.0733427 | CE57: 0.021310508 | CF57: 0.038095966 | CG57: 0.0028281285 | CH57: 9.890411 | CI57: 3.5500552 | CJ57: 0.0019157546 | CK57: 0.44740511 | CL57: 0.048448247 | CM57: 2.1923399 | CN57: 3.5500552 | CO57: 3.5500552 | CP57: 0.36078353 | CQ57: 0.0014397384 | CR57: 0.023365696 | CS57: 0.76835076 | CT57: 0.225625 | CU57: 0.0054120242 | CV57: 3.5500552 | CW57: 0.10877589 | CX57: 0.097173293 | CY57: 0.27065781 | CZ57: 0.22963281 | DA57: 0.0024065263 | DB57: 3.5500552 | DC57: 0.32277894 | DD57: 0.11780687 | DE57: 0.49290005 | DF57: 0.44671307 | DG57: 0.040935507 | DH57: 3.5500552 | DI57: 0.17155349 | DJ57: 0.0054120242 | DK57: 0.021920304 | DL57: 0.058006994 | DM57: 0.4484472 | DN57: 7.5110533 | DO57: 0.048399944 | DP57: 2.888 | DQ57: 0.00047981392 | DR57: 0.88662389 | DS57: 0.051615394 | DT57: 0.87858599 | DU57: 3.5500552 | DV57: 0.79340659 | DW57: 1.0129068 | DX57: 0.10142016 | DY57: 0.0052071689 | DZ57: 0.77013333 | EA57: 0.0054120242 | EB57: 0.042269497 | EC57: 0.52509091 | ED57: 0.99611969 | EE57: 1.7371429 | EF57: 3.5500552 | EG57: 3.5500552 | EH57: 0.44740511 | EJ57: 3.5500552 | EK57: 0.028656937 | EL57: 1.0696296 | EM57: 1.0696296 | EN57: 1.0696296 | EO57: 1.1905351 | EP57: 1.0540146 | EQ57: 0.38008102 | ER57: 2.2857505 | ES57: 0.25728285 | ET57: 0.2813441 | EU57: 0.0025495433 | EV57: 0.0701884 | EW57: 0.0054120242 | EX57: 0.45842725 | EY57: 2.1972002 | EZ57: 2.1514043 | FA57: 0.0015913075 | FB57: 0.57188119 | FC57: 0.7863853 | FD57: 5.1788756 | FE57: 2.888 | FF57: 0.11864121 | FH57: 0.00018189834 | FI57: 0.65636364 | FJ57: 0.13628386
A58: 38596 | B58: 0.059228241 | C58: 0.028819634 | D58: 0.039725441 | E58: 0.032641004 | F58: 1.0784074 | G58: 0.0064075555 | H58: 1.626648 | I58: 3.5686986 | J58: 3.1711578 | K58: 2.9117 | L58: 7.743883 | M58: 0.044364638 | N58: 1.45585 | O58: 13.537628 | P58: 3.5686986 | Q58: 1.45585 | R58: 0.005440446 | S58: 0.36152222 | T58: 1.8243105 | U58: 0.54012391 | V58: 1.269489 | W58: 1.7323298 | X58: 1.8228886 | Y58: 0.005440446 | Z58: 0.0027759822 | AA58: 0.032377863 | AB58: 0.00070144543 | AC58: 0.005440446 | AD58: 2.4725913 | AE58: 0.005440446 | AF58: 0.005440446 | AG58: 0.005425191 | AH58: 0.35982985 | AI58: 0.00126898 | AJ58: 0.007253928 | AK58: 0.0062711717 | AL58: 0.005440446 | AM58: 0.0059962108 | AN58: 0.48043835 | AP58: 0.12184884 | AQ58: 0.005440446 | AR58: 0.47838738 | AS58: 0.016383545 | AT58: 1.0784074 | AU58: 0.094488958 | AV58: 2.9117 | AW58: 0.50574054 | AX58: 2.9117 | AY58: 0.005440446 | AZ58: 3.5686986 | BA58: 0.33572779 | BB58: 1.7176746 | BC58: 3.5686986 | BD58: 3.5686986 | BE58: 0.005440446 | BF58: 0.10349988 | BG58: 1.6213944 | BH58: 3.5686986 | BI58: 3.2234479 | BJ58: 3.5686986 | BK58: 1.0784074 | BL58: 0.38198653 | BM58: 0.00071681438 | BN58: 0.005440446 | BO58: 0.014571614 | BP58: 0.068694528 | BQ58: 0.15421895 | BR58: 0.37512239 | BS58: 0.014516402 | BT58: 0.046872183 | BU58: 0.066303086 | BV58: 0.00028493561 | BW58: 0.00032272214 | BX58: 0.0019660365 | BY58: 3.5686986 | BZ58: 0.64162627 | CA58: 3.5686986 | CB58: 0.046754331 | CC58: 0.02621795 | CD58: 4.1067701 | CE58: 0.021678952 | CF58: 0.039292428 | CG58: 0.0028287333 | CH58: 9.9715753 | CI58: 3.5686986 | CJ58: 0.001931476 | CK58: 0.4584322 | CL58: 0.049849341 | CM58: 2.2090025 | CN58: 3.5686986 | CO58: 3.5686986 | CP58: 0.36415824 | CQ58: 0.0014251243 | CR58: 0.023557443 | CS58: 0.77262113 | CT58: 0.22747656 | CU58: 0.005440446 | CV58: 3.5686986 | CW58: 0.10930215 | CX58: 0.097124006 | CY58: 0.27012459 | CZ58: 0.23164251 | DA58: 0.0024020162 | DB58: 3.5686986 | DC58: 0.32467663 | DD58: 0.11834976 | DE58: 0.49684322 | DF58: 0.45797288 | DG58: 0.041009859 | DH58: 3.5686986 | DI58: 0.17225732 | DJ58: 0.005440446 | DK58: 0.022567819 | DL58: 0.058400558 | DM58: 0.45709576 | DN58: 7.5726918 | DO58: 0.048653031 | DP58: 2.9117 | DQ58: 0.00047561254 | DR58: 0.88033258 | DS58: 0.051850018 | DT58: 0.91127316 | DU58: 3.5686986 | DV58: 0.79991758 | DW58: 1.0163711 | DX58: 0.10265296 | DY58: 0.0052568406 | DZ58: 0.77645333 | EA58: 0.005440446 | EB58: 0.04226495 | EC58: 0.5294 | ED58: 1.0011897 | EE58: 1.7323298 | EF58: 3.5686986 | EG58: 3.5686986 | EH58: 0.4584322 | EJ58: 3.5686986 | EK58: 0.028717511 | EL58: 1.0784074 | EM58: 1.0784074 | EN58: 1.0784074 | EO58: 1.212501 | EP58: 1.0626642 | EQ58: 0.38224429 | ER58: 2.3011025 | ES58: 0.25939421 | ET58: 0.27643623 | EU58: 0.0025586515 | EV58: 0.071003738 | EW58: 0.005440446 | EX58: 0.46218194 | EY58: 2.2063348 | EZ58: 2.1784487 | FA58: 0.0015759305 | FB58: 0.57657426 | FC58: 0.79283867 | FD58: 5.2643283 | FE58: 2.9117 | FF58: 0.12086507 | FH58: 0.00018329871 | FI58: 0.65578829 | FJ58: 0.11401596
A59: 38626 | B59: 0.06078914 | C59: 0.029007193 | D59: 0.040399638 | E59: 0.033333262 | F59: 1.0985185 | G59: 0.0065998309 | H59: 1.6569832 | I59: 3.5635078 | J59: 3.2279128 | K59: 2.966 | L59: 7.8882979 | M59: 0.045128111 | N59: 1.483 | O59: 13.794451 | P59: 3.5635078 | Q59: 1.483 | R59: 0.0054325326 | S59: 0.36853648 | T59: 1.82194 | U59: 0.53377004 | V59: 1.3149203 | W59: 1.7541992 | X59: 1.8219792 | Y59: 0.0054325326 | Z59: 0.0028967673 | AA59: 0.032319109 | AB59: 0.00070990905 | AC59: 0.0054325326 | AD59: 2.5187355 | AE59: 0.0054325326 | AF59: 0.0054325326 | AG59: 0.0055387488 | AH59: 0.36665084 | AI59: 0.0012937559 | AJ59: 0.0072433767 | AK59: 0.0064780787 | AL59: 0.0054325326 | AM59: 0.0060699324 | AN59: 0.48277922 | AP59: 0.12000809 | AQ59: 0.0054325326 | AR59: 0.4773093 | AS59: 0.01668908 | AT59: 1.0985185 | AU59: 0.090698702 | AV59: 2.966 | AW59: 0.51573639 | AX59: 2.966 | AY59: 0.0054325326 | AZ59: 3.5635078 | BA59: 0.34189414 | BB59: 1.73305 | BC59: 3.5635078 | BD59: 3.5635078 | BE59: 0.0054325326 | BF59: 0.10557414 | BG59: 1.6502532 | BH59: 3.5635078 | BI59: 3.2745147 | BJ59: 3.5635078 | BK59: 1.0985185 | BL59: 0.38625777 | BM59: 0.00070602238 | BN59: 0.0054325326 | BO59: 0.014844102 | BP59: 0.068995196 | BQ59: 0.15697856 | BR59: 0.38241362 | BS59: 0.014166308 | BT59: 0.048464052 | BU59: 0.066178767 | BV59: 0.00029395441 | BW59: 0.00032769303 | BX59: 0.0020108475 | BY59: 3.5635078 | BZ59: 0.64122798 | CA59: 3.5635078 | CB59: 0.047519794 | CC59: 0.025832412 | CD59: 4.1833568 | CE59: 0.022162445 | CF59: 0.040239572 | CG59: 0.0028348865 | CH59: 10.157534 | CI59: 3.5635078 | CJ59: 0.0019674959 | CK59: 0.4499052 | CL59: 0.053615329 | CM59: 2.2185518 | CN59: 3.5635078 | CO59: 3.5635078 | CP59: 0.37126085 | CQ59: 0.0014105472 | CR59: 0.023992881 | CS59: 0.78611185 | CT59: 0.23171875 | CU59: 0.0054325326 | CV59: 3.5635078 | CW59: 0.11042442 | CX59: 0.09780064 | CY59: 0.27383854 | CZ59: 0.23546784 | DA59: 0.0024336011 | DB59: 3.5635078 | DC59: 0.32555485 | DD59: 0.11613406 | DE59: 0.49902416 | DF59: 0.45099291 | DG59: 0.041476717 | DH59: 3.5635078 | DI59: 0.17475637 | DJ59: 0.0054325326 | DK59: 0.022896403 | DL59: 0.058332088 | DM59: 0.45490798 | DN59: 7.7139142 | DO59: 0.049663823 | DP59: 2.966 | DQ59: 0.00048386571 | DR59: 0.87730715 | DS59: 0.053242191 | DT59: 0.90981595 | DU59: 3.5635078 | DV59: 0.81483516 | DW59: 0.99107829 | DX59: 0.10389811 | DY59: 0.0053466489 | DZ59: 0.79093333 | EA59: 0.0054325326 | EB59: 0.041894726 | EC59: 0.53927273 | ED59: 1.016474 | EE59: 1.7541992 | EF59: 3.5635078 | EG59: 3.5635078 | EH59: 0.4499052 | EJ59: 3.5635078 | EK59: 0.029214479 | EL59: 1.0985185 | EM59: 1.0985185 | EN59: 1.0985185 | EO59: 1.2584327 | EP59: 1.0824818 | EQ59: 0.37819235 | ER59: 2.3006873 | ES59: 0.26423163 | ET59: 0.26502232 | EU59: 0.0025977256 | EV59: 0.072585093 | EW59: 0.0054325326 | EX59: 0.47087587 | EY59: 2.2114524 | EZ59: 2.1891609 | FA59: 0.0015986071 | FB59: 0.58732673 | FC59: 0.80762423 | FD59: 5.2309483 | FE59: 2.966 | FF59: 0.12572058 | FH59: 0.00018648224 | FI59: 0.68183908 | FJ59: 0.11392575
A60: 38657 | B60: 0.060335101 | C60: 0.028514463 | D60: 0.040065461 | E60: 0.03602921 | F60: 1.098963 | G60: 0.0064748306 | H60: 1.6576536 | I60: 3.497061 | J60: 3.2282843 | K60: 2.9672 | L60: 7.8914894 | M60: 0.045097652 | N60: 1.4836 | O60: 13.80459 | P60: 3.497061 | Q60: 1.4836 | R60: 0.0053312351 | S60: 0.36905473 | T60: 1.7878796 | U60: 0.52427733 | V60: 1.3426244 | W60: 1.7460794 | X60: 1.7879007 | Y60: 0.0053312351 | Z60: 0.0029462229 | AA60: 0.031716288 | AB60: 0.00071292648 | AC60: 0.0053312351 | AD60: 2.512285 | AE60: 0.0053312351 | AF60: 0.0053312351 | AG60: 0.0055997584 | AH60: 0.36704284 | AI60: 0.0013014891 | AJ60: 0.0071083135 | AK60: 0.0065463112 | AL60: 0.0053312351 | AM60: 0.0060317525 | AN60: 0.47456855 | AP60: 0.11954875 | AQ60: 0.0053312351 | AR60: 0.4683894 | AS60: 0.016695832 | AT60: 1.098963 | AU60: 0.088461231 | AV60: 2.9672 | AW60: 0.51586432 | AX60: 2.9672 | AY60: 0.0053312351 | AZ60: 3.497061 | BA60: 0.3419418 | BB60: 1.7066257 | BC60: 3.497061 | BD60: 3.497061 | BE60: 0.0053312351 | BF60: 0.10536632 | BG60: 1.6513802 | BH60: 3.497061 | BI60: 3.2755294 | BJ60: 3.497061 | BK60: 1.098963 | BL60: 0.38982554 | BM60: 0.00068964555 | BN60: 0.0053312351 | BO60: 0.014850108 | BP60: 0.068991174 | BQ60: 0.15703376 | BR60: 0.38266701 | BS60: 0.013928555 | BT60: 0.046727559 | BU60: 0.064890162 | BV60: 0.00029473057 | BW60: 0.00032710837 | BX60: 0.002008937 | BY60: 3.497061 | BZ60: 0.63134601 | CA60: 3.497061 | CB60: 0.046155737 | CC60: 0.025059329 | CD60: 4.1850494 | CE60: 0.022126771 | CF60: 0.039701552 | CG60: 0.0028491593 | CH60: 10.161644 | CI60: 3.497061 | CJ60: 0.0019682919 | CK60: 0.4444278 | CL60: 0.052684659 | CM60: 2.1914172 | CN60: 3.497061 | CO60: 3.497061 | CP60: 0.37150574 | CQ60: 0.001376463 | CR60: 0.024000647 | CS60: 0.78518126 | CT60: 0.2318125 | CU60: 0.0053312351 | CV60: 3.497061 | CW60: 0.1104691 | CX60: 0.097392857 | CY60: 0.27756003 | CZ60: 0.23420764 | DA60: 0.002423391 | DB60: 3.497061 | DC60: 0.3208998 | DD60: 0.10561738 | DE60: 0.49273485 | DF60: 0.45502224 | DG60: 0.040524447 | DH60: 3.497061 | DI60: 0.17411524 | DJ60: 0.0053312351 | DK60: 0.022932752 | DL60: 0.057174017 | DM60: 0.44686747 | DN60: 7.7170351 | DO60: 0.049634059 | DP60: 2.9672 | DQ60: 0.00048356161 | DR60: 0.87888392 | DS60: 0.054383566 | DT60: 0.88120694 | DU60: 3.497061 | DV60: 0.81516484 | DW60: 0.95796474 | DX60: 0.10318363 | DY60: 0.0053598266 | DZ60: 0.79125333 | EA60: 0.0053312351 | EB60: 0.040708307 | EC60: 0.53949091 | ED60: 1.0138069 | EE60: 1.7460794 | EF60: 3.497061 | EG60: 3.497061 | EH60: 0.4444278 | EJ60: 3.497061 | EK60: 0.02911883 | EL60: 1.098963 | EM60: 1.098963 | EN60: 1.098963 | EO60: 1.2772588 | EP60: 1.0829197 | EQ60: 0.36572184 | ER60: 2.2637249 | ES60: 0.26433853 | ET60: 0.2542699 | EU60: 0.0025335781 | EV60: 0.072245755 | EW60: 0.0053312351 | EX60: 0.47143311 | EY60: 2.1645754 | EZ60: 2.1871683 | FA60: 0.0016174695 | FB60: 0.58756436 | FC60: 0.80795099 | FD60: 5.1483499 | FE60: 2.9672 | FF60: 0.1261511 | FH60: 0.0001865225 | FI60: 0.73627792 | FJ60: 0.0461063
... A97: 39783 | B97: 0.06556705 | C97: 0.03762877 | D97: 0.048263822 | E97: 0.045554491 | F97: 1.2676296 | G97: 0.011118503 | H97: 1.912067 | I97: 4.6032014 | J97: 4.2537907 | K97: 3.4226 | L97: 9.1026596 | M97: 0.04968203 | N97: 1.7113 | O97: 15.629595 | P97: 4.6032014 | Q97: 1.7113 | R97: 0.0070175353 | S97: 0.48754986 | T97: 2.383865 | U97: 0.43634463 | V97: 1.4298964 | W97: 2.3160103 | X97: 2.344889 | Y97: 0.0070175353 | Z97: 0.0027723911 | AA97: 0.041554609 | AB97: 0.00084446089 | AC97: 0.0070175353 | AD97: 2.7724585 | AE97: 0.0070175353 | AF97: 0.0070175353 | AG97: 0.0052710528 | AH97: 0.50018341 | AI97: 0.0015193189 | AJ97: 0.0093567138 | AK97: 0.0056395722 | AL97: 0.0070175353 | AM97: 0.0062251728 | AN97: 0.63647682 | AP97: 0.17571619 | AQ97: 0.0070175353 | AR97: 0.61396333 | AS97: 0.019258276 | AT97: 1.2676296 | AU97: 0.096712016 | AV97: 3.4226 | AW97: 0.62229091 | AX97: 3.4226 | AY97: 0.0070175353 | AZ97: 4.6032014 | BA97: 0.34429478 | BB97: 1.8960337 | BC97: 4.6032014 | BD97: 4.6032014 | BE97: 0.0070175353 | BF97: 0.12756426 | BG97: 2.0674117 | BH97: 4.6032014 | BI97: 2.8650594 | BJ97: 4.6032014 | BK97: 1.2676296 | BL97: 0.44419814 | BM97: 0.00068505954 | BN97: 0.0070175353 | BO97: 0.01679062 | BP97: 0.08512681 | BQ97: 0.18113691 | BR97: 0.44156883 | BS97: 0.017393028 | BT97: 0.027604952 | BU97: 0.070373912 | BV97: 0.00030439887 | BW97: 0.00034584381 | BX97: 0.0029203072 | BY97: 4.6032014 | BZ97: 0.88439276 | CA97: 4.6032014 | CB97: 0.043170803 | CC97: 0.037478578 | CD97: 4.8205634 | CE97: 0.028384475 | CF97: 0.043857153 | CG97: 0.0024912654 | CH97: 12.430531 | CI97: 4.6032014 | CJ97: 0.0022703814 | CK97: 0.34314359 | CL97: 0.054078053 | CM97: 2.6938746 | CN97: 4.6032014 | CO97: 4.6032014 | CP97: 0.42873069 | CQ97: 0.0018588964 | CR97: 0.024342817 | CS97: 0.96362408 | CT97: 0.26739062 | CU97: 0.0070175353 | CV97: 4.6032014 | CW97: 0.1333775 | CX97: 0.10664132 | CY97: 0.25594125 | CZ97: 0.32926395 | DA97: 0.0027849337 | DB97: 4.6032014 | DC97: 0.41192966 | DD97: 0.13411442 | DE97: 0.60530923 | DF97: 0.34413208 | DG97: 0.043840396 | DH97: 4.6032014 | DI97: 0.17278466 | DJ97: 0.0070175353 | DK97: 0.027060405 | DL97: 0.074847085 | DM97: 0.48824536 | DN97: 8.9014304 | DO97: 0.04327626 | DP97: 3.4226 | DQ97: 0.00069965463 | DR97: 1.0991714 | DS97: 0.071164454 | DT97: 1.1518089 | DU97: 4.6032014 | DV97: 0.94027473 | DW97: 1.1791497 | DX97: 0.12166476 | DY97: 0.006167218 | DZ97: 0.91269333 | EA97: 0.0070175353 | EB97: 0.052855014 | EC97: 0.20437192 | ED97: 1.1295971 | EE97: 2.3160103 | EF97: 4.6032014 | EG97: 4.6032014 | EH97: 0.34314359 | EJ97: 4.6032014 | EK97: 0.030726332 | EL97: 1.2676296 | EM97: 1.2676296 | EN97: 1.2676296 | EO97: 1.5592 | EP97: 1.2468488 | EQ97: 0.4266783 | ER97: 2.9854938 | ES97: 0.30490869 | ET97: 0.23065643 | EU97: 0.0026868553 | EV97: 0.097849238 | EW97: 0.0070175353 | EX97: 0.5443499 | EY97: 2.5496126 | EZ97: 2.218543 | FA97: 0.0017496267 | FB97: 0.45144946 | FC97: 0.93195371 | FD97: 5.0897086 | FE97: 3.4226 | FF97: 0.1405389 | FH97: 0.00020618072 | FI97: 0.70135246 | FJ97: 6.984898e-07
A98: 39814 | B98: 0.066322037 | C98: 0.036610757 | D98: 0.048519348 | E98: 0.045987999 | F98: 1.282963 | G98: 0.011338934 | H98: 1.9351955 | I98: 4.5858741 | J98: 4.3111388 | K98: 3.464 | L98: 9.212766 | M98: 0.05024732 | N98: 1.732 | O98: 12.985988 | P98: 4.5858741 | Q98: 1.732 | R98: 0.00699112 | S98: 0.49344729 | T98: 2.3449213 | U98: 0.44107161 | V98: 1.5017496 | W98: 2.327957 | X98: 2.3421231 | Y98: 0.00699112 | Z98: 0.0028133325 | AA98: 0.042057209 | AB98: 0.00084529039 | AC98: 0.00699112 | AD98: 2.8247574 | AE98: 0.00699112 | AF98: 0.00699112 | AG98: 0.0055569325 | AH98: 0.50657495 | AI98: 0.0015375192 | AJ98: 0.0093214934 | AK98: 0.0050605543 | AL98: 0.00699112 | AM98: 0.0062260491 | AN98: 0.6264633 | AP98: 0.16868761 | AQ98: 0.00699112 | AR98: 0.6151005 | AS98: 0.019491225 | AT98: 1.282963 | AU98: 0.097612859 | AV98: 3.464 | AW98: 0.62753623 | AX98: 3.464 | AY98: 0.00699112 | AZ98: 4.5858741 | BA98: 0.32259266 | BB98: 1.9256107 | BC98: 4.5858741 | BD98: 4.5858741 | BE98: 0.00699112 | BF98: 0.13214515 | BG98: 2.0770559 | BH98: 4.5858741 | BI98: 2.7949008 | BJ98: 4.5858741 | BK98: 1.282963 | BL98: 0.44060484 | BM98: 0.00070324697 | BN98: 0.00699112 | BO98: 0.016956288 | BP98: 0.086180088 | BQ98: 0.18332795 | BR98: 0.44662197 | BS98: 0.01636355 | BT98: 0.027999838 | BU98: 0.070934476 | BV98: 0.00030988057 | BW98: 0.00035113785 | BX98: 0.0029606838 | BY98: 4.5858741 | BZ98: 0.88399183 | CA98: 4.5858741 | CB98: 0.041898418 | CC98: 0.038283764 | CD98: 4.8788732 | CE98: 0.028564361 | CF98: 0.04387609 | CG98: 0.0025733601 | CH98: 12.186563 | CI98: 4.5858741 | CJ98: 0.0022978441 | CK98: 0.34992373 | CL98: 0.053755431 | CM98: 2.7255894 | CN98: 4.5858741 | CO98: 4.5858741 | CP98: 0.43359077 | CQ98: 0.0018186114 | CR98: 0.024640774 | CS98: 0.97134204 | CT98: 0.270625 | CU98: 0.00699112 | CV98: 4.5858741 | CW98: 0.13372452 | CX98: 0.10693206 | CY98: 0.25012275 | CZ98: 0.33138822 | DA98: 0.0025978506 | DB98: 4.5858741 | DC98: 0.41171437 | DD98: 0.13525966 | DE98: 0.61050405 | DF98: 0.35000505 | DG98: 0.044812419 | DH98: 4.5858741 | DI98: 0.17415247 | DJ98: 0.00699112 | DK98: 0.023761833 | DL98: 0.075179648 | DM98: 0.49770115 | DN98: 9.0091027 | DO98: 0.043705092 | DP98: 3.464 | DQ98: 0.00069210789 | DR98: 1.0992987 | DS98: 0.073378715 | DT98: 1.0921588 | DU98: 4.5858741 | DV98: 0.95164835 | DW98: 1.0825338 | DX98: 0.11006784 | DY98: 0.0061388127 | DZ98: 0.92373333 | EA98: 0.00699112 | EB98: 0.049066893 | EC98: 0.20747751 | ED98: 1.1366135 | EE98: 2.327957 | EF98: 4.5858741 | EG98: 4.5858741 | EH98: 0.34992373 | EJ98: 4.5858741 | EK98: 0.030454621 | EL98: 1.282963 | EM98: 1.282963 | EN98: 1.282963 | EO98: 1.5591664 | EP98: 1.2619308 | EQ98: 0.42732934 | ER98: 3.0653782 | ES98: 0.30859688 | ET98: 0.21025261 | EU98: 0.0026272514 | EV98: 0.09934847 | EW98: 0.00699112 | EX98: 0.55035668 | EY98: 2.5231262 | EZ98: 2.172314 | FA98: 0.0017530631 | FB98: 0.44987013 | FC98: 0.94322668 | FD98: 4.9905059 | FE98: 3.464 | FF98: 0.14873081 | FH98: 0.00020408885 | FI98: 0.69003984
A99: 39845 | B99: 0.067013359 | C99: 0.0348884 | D99: 0.048620717 | E99: 0.046605614 | F99: 1.3005556 | G99: 0.011495491 | H99: 1.9617318 | I99: 4.4893474 | J99: 4.3539988 | K99: 3.5115 | L99: 9.3390957 | M99: 0.050959102 | N99: 1.75575 | O99: 12.510064 | P99: 4.4893474 | Q99: 1.75575 | R99: 0.006843966 | S99: 0.50021368 | T99: 2.2952054 | U99: 0.44081095 | V99: 1.5188806 | W99: 2.3135459 | X99: 2.2952481 | Y99: 0.006843966 | Z99: 0.0028597373 | AA99: 0.04236253 | AB99: 0.00085271977 | AC99: 0.006843966 | AD99: 2.8201648 | AE99: 0.006843966 | AF99: 0.006843966 | AG99: 0.0057945736 | AH99: 0.51369562 | AI99: 0.0013969225 | AJ99: 0.009125288 | AK99: 0.0048049425 | AL99: 0.006843966 | AM99: 0.0062409707 | AN99: 0.60514349 | AP99: 0.15774224 | AQ99: 0.006843966 | AR99: 0.60243961 | AS99: 0.019758498 | AT99: 1.3005556 | AU99: 0.098486751 | AV99: 3.5115 | AW99: 0.63043088 | AX99: 3.5115 | AY99: 0.006843966 | AZ99: 4.4893474 | BA99: 0.31818594 | BB99: 1.8916461 | BC99: 4.4893474 | BD99: 4.4893474 | BE99: 0.006843966 | BF99: 0.13498553 | BG99: 2.0977956 | BH99: 4.4893474 | BI99: 2.6868926 | BJ99: 4.4893474 | BK99: 1.3005556 | BL99: 0.44187264 | BM99: 0.00075338028 | BN99: 0.006843966 | BO99: 0.017161918 | BP99: 0.086799076 | BQ99: 0.18584183 | BR99: 0.45286304 | BS99: 0.015048856 | BT99: 0.030851344 | BU99: 0.071283426 | BV99: 0.00029592207 | BW99: 0.00036784448 | BX99: 0.0030012821 | BY99: 4.4893474 | BZ99: 0.85581633 | CA99: 4.4893474 | CB99: 0.03998994 | CC99: 0.037961296 | CD99: 4.9457746 | CE99: 0.024233954 | CF99: 0.044151638 | CG99: 0.002456522 | CH99: 12.094258 | CI99: 4.4893474 | CJ99: 0.0023293532 | CK99: 0.35092891 | CL99: 0.05444186 | CM99: 2.6997094 | CN99: 4.4893474 | CO99: 4.4893474 | CP99: 0.43969047 | CQ99: 0.00178786 | CR99: 0.024975107 | CS99: 0.96506898 | CT99: 0.27433594 | CU99: 0.006843966 | CV99: 4.4893474 | CW99: 0.13572064 | CX99: 0.10484124 | CY99: 0.24187216 | CZ99: 0.33245892 | DA99: 0.0024437006 | DB99: 4.4893474 | DC99: 0.40528375 | DD99: 0.1346434 | DE99: 0.60761005 | DF99: 0.35093242 | DG99: 0.044817138 | DH99: 4.4893474 | DI99: 0.17584599 | DJ99: 0.006843966 | DK99: 0.023865027 | DL99: 0.07305595 | DM99: 0.51113537 | DN99: 9.1326398 | DO99: 0.044119088 | DP99: 3.5115 | DQ99: 0.00068758567 | DR99: 1.0851024 | DS99: 0.073012908 | DT99: 0.96698243 | DU99: 4.4893474 | DV99: 0.9646978 | DW99: 1.0488351 | DX99: 0.098197133 | DY99: 0.0061928901 | DZ99: 0.9364 | EA99: 0.006843966 | EB99: 0.047940203 | EC99: 0.20942938 | ED99: 1.1466722 | EE99: 2.3135459 | EF99: 4.4893474 | EG99: 4.4893474 | EH99: 0.35092891 | EJ99: 4.4893474 | EK99: 0.030824317 | EL99: 1.3005556 | EM99: 1.3005556 | EN99: 1.3005556 | EO99: 1.5622636 | EP99: 1.279235 | EQ99: 0.41151709 | ER99: 3.012534 | ES99: 0.31282851 | ET99: 0.20475195 | EU99: 0.0026649115 | EV99: 0.099553944 | EW99: 0.006843966 | EX99: 0.55972647 | EY99: 2.4448235 | EZ99: 2.1169669 | FA99: 0.001787175 | FB99: 0.45603896 | FC99: 0.95616065 | FD99: 5.0571021 | FE99: 3.5115 | FF99: 0.15103096 | FH99: 0.00020685085 | FI99: 0.64907579
A100: 39873 | B100: 0.070391061 | C100: 0.036360018 | D100: 0.050103731 | E100: 0.048345484 | F100: 1.3533333 | G100: 0.0099916599 | H100: 2.0413408 | I100: 4.7684036 | J100: 4.5453415 | K100: 3.654 | L100: 9.7180851 | M100: 0.052969188 | N100: 1.827 | O100: 12.84503 | P100: 4.7684036 | Q100: 1.827 | R100: 0.0072693844 | S100: 0.52051282 | T100: 2.43592 | U100: 0.45801527 | V100: 1.5685475 | W100: 2.3877671 | X100: 2.4426766 | Y100: 0.0072693844 | Z100: 0.0029599268 | AA100: 0.042391551 | AB100: 0.00088948393 | AC100: 0.0072693844 | AD100: 2.8896485 | AE100: 0.0072693844 | AF100: 0.0072693844 | AG100: 0.0060144188 | AH100: 0.53434958 | AI100: 0.0014750465 | AJ100: 0.0096925125 | AK100: 0.0044460668 | AL100: 0.0072693844 | AM100: 0.0064607185 | AN100: 0.63992154 | AP100: 0.17494973 | AQ100: 0.0072693844 | AR100: 0.63941483 | AS100: 0.020560316 | AT100: 1.3533333 | AU100: 0.10216144 | AV100: 3.654 | AW100: 0.64902309 | AX100: 3.654 | AY100: 0.0072693844 | AZ100: 4.7684036 | BA100: 0.32981093 | BB100: 1.9881852 | BC100: 4.7684036 | BD100: 4.7684036 | BE100: 0.0072693844 | BF100: 0.13959405 | BG100: 2.184231 | BH100: 4.7684036 | BI100: 2.6996675 | BJ100: 4.7684036 | BK100: 1.3533333 | BL100: 0.45235873 | BM100: 0.00076801224 | BN100: 0.0072693844 | BO100: 0.017955774 | BP100: 0.090037922 | BQ100: 0.19338347 | BR100: 0.47130143 | BS100: 0.015646142 | BT100: 0.031863963 | BU100: 0.071327205 | BV100: 0.0003084195 | BW100: 0.0003693334 | BX100: 0.0031230769 | BY100: 4.7684036 | BZ100: 0.88048193 | CA100: 4.7684036 | CB100: 0.041431641 | CC100: 0.037223422 | CD100: 5.1464789 | CE100: 0.024242022 | CF100: 0.045526192 | CG100: 0.0024993502 | CH100: 12.522374 | CI100: 4.7684036 | CJ100: 0.0024238806 | CK100: 0.3489638 | CL100: 0.056284658 | CM100: 2.8045339 | CN100: 4.7684036 | CO100: 4.7684036 | CP100: 0.45753926 | CQ100: 0.0018862081 | CR100: 0.025986772 | CS100: 0.99484001 | CT100: 0.28546875 | CU100: 0.0072693844 | CV100: 4.7684036 | CW100: 0.1385613 | CX100: 0.10756012 | CY100: 0.24790865 | CZ100: 0.33773564 | DA100: 0.0023378867 | DB100: 4.7684036 | DC100: 0.42935702 | DD100: 0.13466454 | DE100: 0.63056533 | DF100: 0.36564864 | DG100: 0.045246852 | DH100: 4.7684036 | DI100: 0.1822616 | DJ100: 0.0072693844 | DK100: 0.024735987 | DL100: 0.077454145 | DM100: 0.53893805 | DN100: 9.503251 | DO100: 0.045565017 | DP100: 3.654 | DQ100: 0.00071158715 | DR100: 1.1509386 | DS100: 0.075405435 | DT100: 1.0318536 | DU100: 4.7684036 | DV100: 1.0038462 | DW100: 1.1122949 | DX100: 0.10540435 | DY100: 0.0064288078 | DZ100: 0.9744 | EA100: 0.0072693844 | EB100: 0.050427822 | EC100: 0.22123215 | ED100: 1.1772893 | EE100: 2.3877671 | EF100: 4.7684036 | EG100: 4.7684036 | EH100: 0.3489638 | EJ100: 4.7684036 | EK100: 0.031980311 | EL100: 1.3533333 | EM100: 1.3533333 | EN100: 1.3533333 | EO100: 1.6552661 | EP100: 1.3311475 | EQ100: 0.42600173 | ER100: 3.1155145 | ES100: 0.32552339 | ET100: 0.21664413 | EU100: 0.0027917151 | EV100: 0.10225453 | EW100: 0.0072693844 | EX100: 0.58070976 | EY100: 2.5690783 | EZ100: 2.1402093 | FA100: 0.0017810965 | FB100: 0.47454545 | FC100: 0.99496256 | FD100: 5.1565385 | FE100: 3.654 | FF100: 0.15237126 | FH100: 0.0002152831 | FI100: 0.65483871
A101: 39904 | B101: 0.072277886 | C101: 0.037372945 | D101: 0.050509208 | E101: 0.047994282 | F101: 1.3679259 | G101: 0.0099171832 | H101: 2.063352 | I101: 4.8717054 | J101: 4.5983566 | K101: 3.6934 | L101: 9.8228723 | M101: 0.053512258 | N101: 1.8467 | O101: 13.05642 | P101: 4.8717054 | Q101: 1.8467 | R101: 0.007426867 | S101: 0.52612536 | T101: 2.4905165 | U101: 0.49155543 | V101: 1.6749354 | W101: 2.454902 | X101: 2.4940239 | Y101: 0.007426867 | Z101: 0.0030087083 | AA101: 0.043571271 | AB101: 0.00090126891 | AC101: 0.007426867 | AD101: 3.017378 | AE101: 0.007426867 | AF101: 0.007426867 | AG101: 0.0063332076 | AH101: 0.54066899 | AI101: 0.0015522662 | AJ101: 0.0099024893 | AK101: 0.0044228628 | AL101: 0.007426867 | AM101: 0.0064777134 | AN101: 0.65664612 | AP101: 0.18200365 | AQ101: 0.007426867 | AR101: 0.65368755 | AS101: 0.020782012 | AT101: 1.3679259 | AU101: 0.10281099 | AV101: 3.6934 | AW101: 0.65718861 | AX101: 3.6934 | AY101: 0.007426867 | AZ101: 4.8717054 | BA101: 0.33156723 | BB101: 1.8126066 | BC101: 4.8717054 | BD101: 4.8717054 | BE101: 0.007426867 | BF101: 0.13897083 | BG101: 2.2182583 | BH101: 4.8717054 | BI101: 2.6686416 | BJ101: 4.8717054 | BK101: 1.3679259 | BL101: 0.45646277 | BM101: 0.00075212162 | BN101: 0.007426867 | BO101: 0.018139581 | BP101: 0.090633136 | BQ101: 0.19546867 | BR101: 0.47650626 | BS101: 0.016510505 | BT101: 0.029166864 | BU101: 0.073776664 | BV101: 0.00033642732 | BW101: 0.00037038285 | BX101: 0.0031567521 | BY101: 4.8717054 | BZ101: 0.88023237 | CA101: 4.8717054 | CB101: 0.041629647 | CC101: 0.037305815 | CD101: 5.2019718 | CE101: 0.024506668 | CF101: 0.04638446 | CG101: 0.002752366 | CH101: 12.674478 | CI101: 4.8717054 | CJ101: 0.0024500166 | CK101: 0.41054504 | CL101: 0.05603702 | CM101: 2.8558858 | CN101: 4.8717054 | CO101: 4.8717054 | CP101: 0.46266394 | CQ101: 0.0018256142 | CR101: 0.02626698 | CS101: 1.0230961 | CT101: 0.28854687 | CU101: 0.007426867 | CV101: 4.8717054 | CW101: 0.13900117 | CX101: 0.10871927 | CY101: 0.27380829 | CZ101: 0.33128229 | DA101: 0.0025814974 | DB101: 4.8717054 | DC101: 0.43736308 | DD101: 0.13506086 | DE101: 0.64183929 | DF101: 0.40955866 | DG101: 0.045560335 | DH101: 4.8717054 | DI101: 0.18347731 | DJ101: 0.007426867 | DK101: 0.02508592 | DL101: 0.079578043 | DM101: 0.55373313 | DN101: 9.6057217 | DO101: 0.045858528 | DP101: 3.6934 | DQ101: 0.00073201863 | DR101: 1.1972123 | DS101: 0.076600292 | DT101: 1.099488 | DU101: 4.8717054 | DV101: 1.0146703 | DW101: 1.1622872 | DX101: 0.11006872 | DY101: 0.006496763 | DZ101: 0.98490667 | EA101: 0.007426867 | EB101: 0.05181952 | EC101: 0.24450752 | ED101: 1.1706794 | EE101: 2.454902 | EF101: 4.8717054 | EG101: 4.8717054 | EH101: 0.41054504 | EJ101: 4.8717054 | EK101: 0.031468034 | EL101: 1.3679259 | EM101: 1.3679259 | EN101: 1.3679259 | EO101: 1.5881493 | EP101: 1.3455009 | EQ101: 0.44767942 | ER101: 3.2159448 | ES101: 0.32903341 | ET101: 0.22213268 | EU101: 0.0027669555 | EV101: 0.10430992 | EW101: 0.007426867 | EX101: 0.58630981 | EY101: 2.6289416 | EZ101: 2.3049584 | FA101: 0.0016976386 | FB101: 0.47966234 | FC101: 1.0056909 | FD101: 5.4275488 | FE101: 3.6934 | FF101: 0.15366629 | FH101: 0.00021805408 | FI101: 0.65254417
A102: 39934 | B102: 0.074504901 | C102: 0.038477233 | D102: 0.051283569 | E102: 0.047869059 | F102: 1.3794444 | G102: 0.0099997584 | H102: 2.0807263 | I102: 5.0841101 | J102: 4.6347685 | K102: 3.7245 | L102: 9.9055851 | M102: 0.053957304 | N102: 1.86225 | O102: 13.405776 | P102: 5.0841101 | Q102: 1.86225 | R102: 0.0077506759 | S102: 0.53055556 | T102: 2.5951982 | U102: 0.52120067 | V102: 1.7969772 | W102: 2.5482435 | X102: 2.6120345 | Y102: 0.0077506759 | Z102: 0.0030337957 | AA102: 0.044566464 | AB102: 0.00090269026 | AC102: 0.0077506759 | AD102: 3.2361068 | AE102: 0.0077506759 | AF102: 0.0077506759 | AG102: 0.0065836456 | AH102: 0.54575003 | AI102: 0.0016702168 | AJ102: 0.010334235 | AK102: 0.0047404796 | AL102: 0.0077506759 | AM102: 0.0064825228 | AN102: 0.68868575 | AP102: 0.19030709 | AQ102: 0.0077506759 | AR102: 0.68090824 | AS102: 0.020957006 | AT102: 1.3794444 | AU102: 0.10334554 | AV102: 3.7245 | AW102: 0.66390374 | AX102: 3.7245 | AY102: 0.0077506759 | AZ102: 5.0841101 | BA102: 0.33260965 | BB102: 1.7390198 | BC102: 5.0841101 | BD102: 5.0841101 | BE102: 0.0077506759 | BF102: 0.13967434 | BG102: 2.2587786 | BH102: 5.0841101 | BI102: 2.640553 | BJ102: 5.0841101 | BK102: 1.3794444 | BL102: 0.45979268 | BM102: 0.0007577824 | BN102: 0.0077506759 | BO102: 0.01830491 | BP102: 0.091265067 | BQ102: 0.1971146 | BR102: 0.48051864 | BS102: 0.018029335 | BT102: 0.029477641 | BU102: 0.076740017 | BV102: 0.00036022051 | BW102: 0.00038113739 | BX102: 0.0031833333 | BY102: 5.0841101 | BZ102: 0.9102796 | CA102: 5.0841101 | CB102: 0.041934663 | CC102: 0.038674228 | CD102: 5.2457746 | CE102: 0.024773846 | CF102: 0.047835023 | CG102: 0.0029589818 | CH102: 12.867721 | CI102: 5.0841101 | CJ102: 0.0024706468 | CK102: 0.44452475 | CL102: 0.054844647 | CM102: 2.9311022 | CN102: 5.0841101 | CO102: 5.0841101 | CP102: 0.46651886 | CQ102: 0.0018514192 | CR102: 0.026490043 | CS102: 1.0573757 | CT102: 0.29097656 | CU102: 0.0077506759 | CV102: 5.0841101 | CW102: 0.13931176 | CX102: 0.11276352 | CY102: 0.28180257 | CZ102: 0.33083141 | DA102: 0.0026156299 | DB102: 5.0841101 | DC102: 0.45394713 | DD102: 0.13716969 | DE102: 0.65892364 | DF102: 0.44485984 | DG102: 0.046739438 | DH102: 5.0841101 | DI102: 0.18426963 | DJ102: 0.0077506759 | DK102: 0.025192776 | DL102: 0.082542335 | DM102: 0.57833851 | DN102: 9.686606 | DO102: 0.046170267 | DP102: 3.7245 | DQ102: 0.00073964463 | DR102: 1.2439464 | DS102: 0.078370681 | DT102: 1.1524181 | DU102: 5.0841101 | DV102: 1.0232143 | DW102: 1.2189893 | DX102: 0.1161815 | DY102: 0.0065663742 | DZ102: 0.9932 | EA102: 0.0077506759 | EB102: 0.05367024 | EC102: 0.26264792 | ED102: 1.1646196 | EE102: 2.5482348 | EF102: 5.0841101 | EG102: 5.0841101 | EH102: 0.44452475 | EJ102: 5.0841101 | EK102: 0.031854788 | EL102: 1.3794444 | EM102: 1.3794444 | EN102: 1.3794444 | EO102: 1.5809245 | EP102: 1.3568306 | EQ102: 0.48029495 | ER102: 3.3605043 | ES102: 0.33180401 | ET102: 0.23085834 | EU102: 0.0028002578 | EV102: 0.10784119 | EW102: 0.0077506759 | EX102: 0.59035648 | EY102: 2.7122779 | EZ102: 2.3962108 | FA102: 0.0016570401 | FB102: 0.4866731 | FC102: 1.0141593 | FD102: 5.7370314 | FE102: 3.7245 | FF102: 0.15718838 | FH102: 0.00021989019 | FI102: 0.71763006
A103: 39965 | B103: 0.075211577 | C103: 0.040260551 | D103: 0.051498585 | E103: 0.048429427 | F103: 1.3955926 | G103: 0.010275296 | H103: 2.1050838 | I103: 5.2815402 | J103: 4.6872745 | K103: 3.7681 | L103: 10.021543 | M103: 0.054574158 | N103: 1.88405 | O103: 13.360872 | P103: 5.2815402 | Q103: 1.88405 | R103: 0.0080516562 | S103: 0.53676638 | T103: 2.7001966 | U103: 0.54215706 | V103: 1.9246837 | W103: 2.5945904 | X103: 2.7001791 | Y103: 0.0080516562 | Z103: 0.0030642682 | AA103: 0.046473538 | AB103: 0.00090885191 | AC103: 0.0080516562 | AD103: 3.3448678 | AE103: 0.0080516562 | AF103: 0.0080516562 | AG103: 0.0068129385 | AH103: 0.55143636 | AI103: 0.0018028842 | AJ103: 0.010735542 | AK103: 0.0049223394 | AL103: 0.0080516562 | AM103: 0.006534234 | AN103: 0.72351678 | AP103: 0.19897032 | AQ103: 0.0080516562 | AR103: 0.70838268 | AS103: 0.021202334 | AT103: 1.3955926 | AU103: 0.10465755 | AV103: 3.7681 | AW103: 0.672875 | AX103: 3.7681 | AY103: 0.0080516562 | AZ103: 5.2815402 | BA103: 0.3345856 | BB103: 1.8211535 | BC103: 5.2815402 | BD103: 5.2815402 | BE103: 0.0080516562 | BF103: 0.14031175 | BG103: 2.2781741 | BH103: 5.2815402 | BI103: 2.6131068 | BJ103: 5.2815402 | BK103: 1.3955926 | BL103: 0.46348122 | BM103: 0.00078584097 | BN103: 0.0080516562 | BO103: 0.018475607 | BP103: 0.091973297 | BQ103: 0.19942207 | BR103: 0.48614372 | BS103: 0.0188151 | BT103: 0.029750311 | BU103: 0.078877739 | BV103: 0.00036908505 | BW103: 0.0003851903 | BX103: 0.0032205983 | BY103: 5.2815402 | BZ103: 0.95549751 | CA103: 5.2815402 | CB103: 0.042382598 | CC103: 0.03904068 | CD103: 5.3071831 | CE103: 0.025063855 | CF103: 0.048401332 | CG103: 0.0029873548 | CH103: 13.097428 | CI103: 5.2815402 | CJ103: 0.0024995688 | CK103: 0.46830511 | CL103: 0.053968777 | CM103: 3.0125789 | CN103: 5.2815402 | CO103: 5.2815402 | CP103: 0.47198597 | CQ103: 0.00195208 | CR103: 0.026800142 | CS103: 1.0710293 | CT103: 0.29438281 | CU103: 0.0080516562 | CV103: 5.2815402 | CW103: 0.14252052 | CX103: 0.11651767 | CY103: 0.28238371 | CZ103: 0.33667638 | DA103: 0.0026376911 | DB103: 5.2815402 | DC103: 0.46890827 | DD103: 0.14060075 | DE103: 0.67733817 | DF103: 0.46798231 | DG103: 0.049381981 | DH103: 5.2815402 | DI103: 0.18566813 | DJ103: 0.0080516562 | DK103: 0.025425776 | DL103: 0.086204845 | DM103: 0.58968701 | DN103: 9.8 | DO103: 0.046454201 | DP103: 3.7681 | DQ103: 0.00075008389 | DR103: 1.2600234 | DS103: 0.078657291 | DT103: 1.1721832 | DU103: 5.2815402 | DV103: 1.0351923 | DW103: 1.2545697 | DX103: 0.12144897 | DY103: 0.0066343561 | DZ103: 1.0048267 | EA103: 0.0080516562 | EB103: 0.05638547 | EC103: 0.27408267 | ED103: 1.1582002 | EE103: 2.5945904 | EF103: 5.2815402 | EG103: 5.2815402 | EH103: 0.46830511 | EJ103: 5.2815402 | EK103: 0.032793719 | EL103: 1.3955926 | EM103: 1.3955926 | EN103: 1.3955926 | EO103: 1.5881064 | EP103: 1.372714 | EQ103: 0.48575705 | ER103: 3.4832835 | ES103: 0.3356882 | ET103: 0.24026837 | EU103: 0.0028688509 | EV103: 0.11054021 | EW103: 0.0080516562 | EX103: 0.59630327 | EY103: 2.7885 | EZ103: 2.443671 | FA103: 0.0017631182 | FB103: 0.49477578 | FC103: 1.0260313 | FD103: 6.1631221 | FE103: 3.7681 | FF103: 0.16109394 | FH103: 0.0002223199 | FI103: 0.74321499
A104: 39995 | B104: 0.076057097 | C104: 0.041372637 | D104: 0.051995785 | E104: 0.04896409 | F104: 1.411 | G104: 0.010429137 | H104: 2.128324 | I104: 5.3669894 | J104: 4.7372544 | K104: 3.8097 | L104: 10.132181 | M104: 0.055165074 | N104: 1.90485 | O104: 13.415665 | P104: 5.3669894 | Q104: 1.90485 | R104: 0.0081819226 | S104: 0.54269231 | T104: 2.7439213 | U104: 0.55173063 | V104: 1.9676651 | W104: 2.627206 | X104: 2.7439499 | Y104: 0.0081819226 | Z104: 0.0030961843 | AA104: 0.04835833 | AB104: 0.00091119349 | AC104: 0.0081819226 | AD104: 3.3949182 | AE104: 0.0081819226 | AF104: 0.0081819226 | AG104: 0.007049517 | AH104: 0.55762375 | AI104: 0.0018559639 | AJ104: 0.01090923 | AK104: 0.0049328637 | AL104: 0.0081819226 | AM104: 0.0065464006 | AN104: 0.73301212 | AP104: 0.20825999 | AQ104: 0.0081819226 | AR104: 0.72076964 | AS104: 0.021436409 | AT104: 1.411 | AU104: 0.10562829 | AV104: 3.8097 | AW104: 0.68449857 | AX104: 3.8097 | AY104: 0.0081819226 | AZ104: 5.3669894 | BA104: 0.31456267 | BB104: 1.8495104 | BC104: 5.3669894 | BD104: 5.3669894 | BE104: 0.0081819226 | BF104: 0.14207922 | BG104: 2.2857743 | BH104: 5.3669894 | BI104: 2.6074191 | BJ104: 5.3669894 | BK104: 1.411 | BL104: 0.46591177 | BM104: 0.00080793048 | BN104: 0.0081819226 | BO104: 0.018657623 | BP104: 0.092288573 | BQ104: 0.2016237 | BR104: 0.49157419 | BS104: 0.019711802 | BT104: 0.029913765 | BU104: 0.078585676 | BV104: 0.00037735494 | BW104: 0.00038345768 | BX104: 0.0032561538 | BY104: 5.3669894 | BZ104: 0.97875347 | CA104: 5.3669894 | CB104: 0.042882276 | CC104: 0.040316031 | CD104: 5.3657746 | CE104: 0.025293454 | CF104: 0.049636944 | CG104: 0.0030140747 | CH104: 13.258325 | CI104: 5.3669894 | CJ104: 0.0025271642 | CK104: 0.47912947 | CL104: 0.053582278 | CM104: 3.0596347 | CN104: 5.3669894 | CO104: 5.3669894 | CP104: 0.47723856 | CQ104: 0.0019682269 | CR104: 0.027096017 | CS104: 1.073898 | CT104: 0.29763281 | CU104: 0.0081819226 | CV104: 5.3669894 | CW104: 0.14433962 | CX104: 0.11905573 | CY104: 0.28511664 | CZ104: 0.33966684 | DA104: 0.0026172353 | DB104: 5.3669894 | DC104: 0.49772024 | DD104: 0.14157191 | DE104: 0.68811863 | DF104: 0.4791292 | DG104: 0.049269391 | DH104: 5.3669894 | DI104: 0.1869541 | DJ104: 0.0081819226 | DK104: 0.025639007 | DL104: 0.087646405 | DM104: 0.59995276 | DN104: 9.9081925 | DO104: 0.046314149 | DP104: 3.8097 | DQ104: 0.00076101355 | DR104: 1.2646307 | DS104: 0.079128069 | DT104: 1.2471601 | DU104: 5.3669894 | DV104: 1.0466209 | DW104: 1.2724449 | DX104: 0.12088453 | DY104: 0.0066920998 | DZ104: 1.01592 | EA104: 0.0081819226 | EB104: 0.057585221 | EC104: 0.28246774 | ED104: 1.1496018 | EE104: 2.627206 | EF104: 5.3669894 | EG104: 5.3669894 | EH104: 0.47912947 | EJ104: 5.3669894 | EK104: 0.033155129 | EL104: 1.411 | EM104: 1.411 | EN104: 1.411 | EO104: 1.5930169 | EP104: 1.3878689 | EQ104: 0.49567196 | ER104: 3.5296741 | ES104: 0.33939421 | ET104: 0.244049 | EU104: 0.0028760386 | EV104: 0.11205785 | EW104: 0.0081819226 | EX104: 0.60121199 | EY104: 2.8528531 | EZ104: 2.5118723 | FA104: 0.0018048895 | FB104: 0.49812163 | FC104: 1.0373587 | FD104: 6.2284979 | FE104: 3.8097 | FF104: 0.1628411 | FH104: 0.00022461529 | FI104: 0.74263158
A105: 40026 | B105: 0.077795339 | C105: 0.041782572 | D105: 0.052599202 | E105: 0.049343238 | F105: 1.4219259 | G105: 0.010299375 | H105: 2.1448045 | I105: 5.4777706 | J105: 4.7745305 | K105: 3.8392 | L105: 10.210638 | M105: 0.055592239 | N105: 1.9196 | O105: 13.551281 | P105: 5.4777706 | Q105: 1.9196 | R105: 0.0083508074 | S105: 0.54689459 | T105: 2.8006151 | U105: 0.55636548 | V105: 2.0823075 | W105: 2.6622472 | X105: 2.8007003 | Y105: 0.0083508074 | Z105: 0.0031196522 | AA105: 0.049046662 | AB105: 0.00092533141 | AC105: 0.0083508074 | AD105: 3.5279955 | AE105: 0.0083508074 | AF105: 0.0083508074 | AG105: 0.0070201872 | AH105: 0.56192617 | AI105: 0.0019015637 | AJ105: 0.01113441 | AK105: 0.0047733433 | AL105: 0.0083508074 | AM105: 0.006541029 | AN105: 0.74683686 | AP105: 0.21358554 | AQ105: 0.0083508074 | AR105: 0.73583134 | AS105: 0.021602399 | AT105: 1.4219259 | AU105: 0.10634543 | AV105: 3.8392 | AW105: 0.69448588 | AX105: 3.8392 | AY105: 0.0083508074 | AZ105: 5.4777706 | BA105: 0.30738437 | BB105: 1.9102011 | BC105: 5.4777706 | BD105: 5.4777706 | BE105: 0.0083508074 | BF105: 0.14334776 | BG105: 2.2889167 | BH105: 5.4777706 | BI105: 2.6101027 | BJ105: 5.4777706 | BK105: 1.4219259 | BL105: 0.46470249 | BM105: 0.00081061692 | BN105: 0.0083508074 | BO105: 0.018794732 | BP105: 0.092613276 | BQ105: 0.20318495 | BR105: 0.49531673 | BS105: 0.020302485 | BT105: 0.03019509 | BU105: 0.079428985 | BV105: 0.000384516 | BW105: 0.00038626485 | BX105: 0.0032813675 | BY105: 5.4777706 | BZ105: 1.0018528 | CA105: 5.4777706 | CB105: 0.045417657 | CC105: 0.040481623 | CD105: 5.4073239 | CE105: 0.025462263 | CF105: 0.050269798 | CG105: 0.0031001292 | CH105: 13.366948 | CI105: 5.4777706 | CJ105: 0.002546733 | CK105: 0.48383113 | CL105: 0.053167151 | CM105: 3.0998125 | CN105: 5.4777706 | CO105: 5.4777706 | CP105: 0.48090991 | CQ105: 0.0019963289 | CR105: 0.02730389 | CS105: 1.0913388 | CT105: 0.2999375 | CU105: 0.0083508074 | CV105: 5.4777706 | CW105: 0.14716909 | CX105: 0.12098218 | CY105: 0.29528901 | CZ105: 0.34251354 | DA105: 0.0026544426 | DB105: 5.4777706 | DC105: 0.48468628 | DD105: 0.141407 | DE105: 0.69675686 | DF105: 0.48343512 | DG105: 0.049771872 | DH105: 5.4777706 | DI105: 0.18762268 | DJ105: 0.0083508074 | DK105: 0.02528118 | DL105: 0.089483289 | DM105: 0.63248764 | DN105: 9.9849155 | DO105: 0.046309989 | DP105: 3.8392 | DQ105: 0.00077526035 | DR105: 1.3012032 | DS105: 0.079716413 | DT105: 1.3255075 | DU105: 5.4777706 | DV105: 1.0547253 | DW105: 1.2980795 | DX105: 0.12138803 | DY105: 0.0067586314 | DZ105: 1.0237867 | EA105: 0.0083508074 | EB105: 0.0586943 | EC105: 0.29659349 | ED105: 1.0981034 | EE105: 2.6622472 | EF105: 5.4777706 | EG105: 5.4777706 | EH105: 0.48383113 | EJ105: 5.4777706 | EK105: 0.033424719 | EL105: 1.4219259 | EM105: 1.4219259 | EN105: 1.4219259 | EO105: 1.5656784 | EP105: 1.3986157 | EQ105: 0.53590323 | ER105: 3.5927862 | ES105: 0.34202227 | ET105: 0.24693073 | EU105: 0.0029099495 | EV105: 0.11302436 | EW105: 0.0083508074 | EX105: 0.60529428 | EY105: 2.9027673 | EZ105: 2.5888065 | FA105: 0.001853192 | FB105: 0.49178818 | FC105: 1.0453914 | FD105: 6.3532723 | FE105: 3.8392 | FF105: 0.1680006 | FH105: 0.0002262612 | FI105: 0.79486542
A106: 40057 | B106: 0.077608564 | C106: 0.041744691 | D106: 0.052929046 | E106: 0.049384366 | F106: 1.4231111 | G106: 0.010114874 | H106: 2.1465922 | I106: 5.5951632 | J106: 4.7820784 | K106: 3.8424 | L106: 10.219149 | M106: 0.055638575 | N106: 1.9212 | O106: 13.765037 | P106: 5.5951632 | Q106: 1.9212 | R106: 0.0085297712 | S106: 0.54735043 | T106: 2.8603809 | U106: 0.57640899 | V106: 2.109615 | W106: 2.6969321 | X106: 2.8585032 | Y106: 0.0085297712 | Z106: 0.0031219988 | AA106: 0.049694989 | AB106: 0.00092454283 | AC106: 0.0085297712 | AD106: 3.5519831 | AE106: 0.0085297712 | AF106: 0.0085297712 | AG106: 0.0069980027 | AH106: 0.56266674 | AI106: 0.0019398517 | AJ106: 0.011373028 | AK106: 0.0045598462 | AL106: 0.0085297712 | AM106: 0.0065468337 | AN106: 0.76375996 | AP106: 0.22063738 | AQ106: 0.0085297712 | AR106: 0.7516579 | AS106: 0.021620405 | AT106: 1.4231111 | AU106: 0.10634662 | AV106: 3.8424 | AW106: 0.69811554 | AX106: 3.8424 | AY106: 0.0085297712 | AZ106: 5.5951632 | BA106: 0.30683479 | BB106: 1.9546586 | BC106: 5.5951632 | BD106: 5.5951632 | BE106: 0.0085297712 | BF106: 0.14282157 | BG106: 2.283473 | BH106: 5.5951632 | BI106: 2.6308798 | BJ106: 5.5951632 | BK106: 1.4231111 | BL106: 0.46207073 | BM106: 0.00081070901 | BN106: 0.0085297712 | BO106: 0.018818689 | BP106: 0.092450501 | BQ106: 0.20335431 | BR106: 0.49572958 | BS106: 0.020565189 | BT106: 0.030836306 | BU106: 0.079324597 | BV106: 0.00039141064 | BW106: 0.00038871891 | BX106: 0.0032841026 | BY106: 5.5951632 | BZ106: 1.0203139 | CA106: 5.5951632 | CB106: 0.043259212 | CC106: 0.041996583 | CD106: 5.411831 | CE106: 0.025468284 | CF106: 0.050822103 | CG106: 0.0031517041 | CH106: 13.405487 | CI106: 5.5951632 | CJ106: 0.0025488557 | CK106: 0.51087657 | CL106: 0.053448324 | CM106: 3.1374192 | CN106: 5.5951632 | CO106: 5.5951632 | CP106: 0.48132281 | CQ106: 0.0019752731 | CR106: 0.027326648 | CS106: 1.0992812 | CT106: 0.3001875 | CU106: 0.0085297712 | CV106: 5.5951632 | CW106: 0.14760862 | CX106: 0.124026 | CY106: 0.28677409 | CZ106: 0.34132822 | DA106: 0.0027088342 | DB106: 5.5951632 | DC106: 0.49453647 | DD106: 0.13771303 | DE106: 0.70498872 | DF106: 0.51071974 | DG106: 0.049296401 | DH106: 5.5951632 | DI106: 0.18701508 | DJ106: 0.0085297712 | DK106: 0.025229153 | DL106: 0.091356944 | DM106: 0.65125424 | DN106: 9.993238 | DO106: 0.046323947 | DP106: 3.8424 | DQ106: 0.00077939148 | DR106: 1.3205485 | DS106: 0.079818195 | DT106: 1.3437314 | DU106: 5.5951632 | DV106: 1.0556044 | DW106: 1.3199588 | DX106: 0.12470709 | DY106: 0.0067552743 | DZ106: 1.02464 | EA106: 0.0085297712 | EB106: 0.059940097 | EC106: 0.33296152 | ED106: 1.0691241 | EE106: 2.6977463 | EF106: 5.5951632 | EG106: 5.5951632 | EH106: 0.51087657 | EJ106: 5.5951632 | EK106: 0.033470966 | EL106: 1.4231111 | EM106: 1.4231111 | EN106: 1.4231111 | EO106: 1.629793 | EP106: 1.3997814 | EQ106: 0.54856947 | ER106: 3.6923238 | ES106: 0.34230735 | ET106: 0.24213048 | EU106: 0.0029357767 | EV106: 0.11374711 | EW106: 0.0085297712 | EX106: 0.60554102 | EY106: 2.9497927 | EZ106: 2.584545 | FA106: 0.001958506 | FB106: 0.48035902 | FC106: 1.0462628 | FD106: 6.2769266 | FE106: 3.8424 | FF106: 0.17512021 | FH106: 0.00022623646 | FI106: 0.82632258
A107: 40087 | B107: 0.077328213 | C107: 0.041398423 | D107: 0.052945401 | E107: 0.045183156 | F107: 1.4171111 | G107: 0.0099214416 | H107: 2.1375419 | I107: 5.6690371 | J107: 4.7636952 | K107: 3.8262 | L107: 10.176064 | M107: 0.055369841 | N107: 1.9131 | O107: 13.981685 | P107: 5.6690371 | Q107: 1.9131 | R107: 0.0086423913 | S107: 0.54504274 | T107: 2.8982872 | U107: 0.57690394 | V107: 2.202383 | W107: 2.7364718 | X107: 2.8981972 | Y107: 0.0086423913 | Z107: 0.0031089876 | AA107: 0.050462896 | AB107: 0.00091821454 | AC107: 0.0086423913 | AD107: 3.6272374 | AE107: 0.0086423913 | AF107: 0.0086423913 | AG107: 0.0070098382 | AH107: 0.56040628 | AI107: 0.0020086516 | AJ107: 0.011523188 | AK107: 0.0043962635 | AL107: 0.0086423913 | AM107: 0.0065703266 | AN107: 0.78235655 | AP107: 0.21945512 | AQ107: 0.0086423913 | AR107: 0.76150861 | AS107: 0.021529251 | AT107: 1.4171111 | AU107: 0.10581263 | AV107: 3.8262 | AW107: 0.70042671 | AX107: 3.8262 | AY107: 0.0086423913 | AZ107: 5.6690371 | BA107: 0.30482306 | BB107: 2.0086363 | BC107: 5.6690371 | BD107: 5.6690371 | BE107: 0.0086423913 | BF107: 0.14210004 | BG107: 2.2821186 | BH107: 5.6690371 | BI107: 2.6313183 | BJ107: 5.6690371 | BK107: 1.4171111 | BL107: 0.45844496 | BM107: 0.00080211401 | BN107: 0.0086423913 | BO107: 0.018755882 | BP107: 0.091357323 | BQ107: 0.20249694 | BR107: 0.49370323 | BS107: 0.02109145 | BT107: 0.030882942 | BU107: 0.081894559 | BV107: 0.00040508178 | BW107: 0.00038648485 | BX107: 0.0032702564 | BY107: 5.6690371 | BZ107: 1.026837 | CA107: 5.6690371 | CB107: 0.043030706 | CC107: 0.042377233 | CD107: 5.3890141 | CE107: 0.025374362 | CF107: 0.050850836 | CG107: 0.0032556477 | CH107: 13.375651 | CI107: 5.6690371 | CJ107: 0.0025381095 | CK107: 0.51131248 | CL107: 0.053837062 | CM107: 3.1474552 | CN107: 5.6690371 | CO107: 5.6690371 | CP107: 0.47931151 | CQ107: 0.0019029383 | CR107: 0.027203697 | CS107: 1.1241206 | CT107: 0.29892188 | CU107: 0.0086423913 | CV107: 5.6690371 | CW107: 0.14674388 | CX107: 0.12591196 | CY107: 0.28849547 | CZ107: 0.34178191 | DA107: 0.0026596691 | DB107: 5.6690371 | DC107: 0.49868363 | DD107: 0.131401 | DE107: 0.70783461 | DF107: 0.4489001 | DG107: 0.050395004 | DH107: 5.6690371 | DI107: 0.18546887 | DJ107: 0.0086423913 | DK107: 0.0256173 | DL107: 0.092583765 | DM107: 0.67840426 | DN107: 9.9511053 | DO107: 0.045930126 | DP107: 3.8262 | DQ107: 0.00078464264 | DR107: 1.3323351 | DS107: 0.081666938 | DT107: 1.3439882 | DU107: 5.6690371 | DV107: 1.0511538 | DW107: 1.3237614 | DX107: 0.12981259 | DY107: 0.0067192872 | DZ107: 1.02032 | EA107: 0.0086423913 | EB107: 0.060871502 | EC107: 0.37023292 | ED107: 1.034192 | EE107: 2.7369099 | EF107: 5.6690371 | EG107: 5.6690371 | EH107: 0.51131248 | EJ107: 5.6690371 | EK107: 0.033328223 | EL107: 1.4171111 | EM107: 1.4171111 | EN107: 1.4171111 | EO107: 1.7402893 | EP107: 1.3938798 | EQ107: 0.54980458 | ER107: 3.7447183 | ES107: 0.34086414 | ET107: 0.24041501 | EU107: 0.0029086495 | EV107: 0.11469081 | EW107: 0.0086423913 | EX107: 0.60143356 | EY107: 2.9655867 | EZ107: 2.6067298 | FA107: 0.0020156114 | FB107: 0.47826496 | FC107: 1.0418516 | FD107: 6.1902142 | FE107: 3.8262 | FF107: 0.18377522 | FH107: 0.00022504411 | FI107: 0.82107296
A108: 40118 | B108: 0.077712072 | C108: 0.041271859 | D108: 0.05274704 | E108: 0.04417424 | F108: 1.4114815 | G108: 0.0098454406 | H108: 2.1290503 | I108: 5.6839069 | J108: 4.747135 | K108: 3.811 | L108: 10.135638 | M108: 0.055152911 | N108: 1.9055 | O108: 13.957969 | P108: 5.6839069 | Q108: 1.9055 | R108: 0.0086650602 | S108: 0.54287749 | T108: 2.9059929 | U108: 0.57211914 | V108: 2.2103306 | W108: 2.7435721 | X108: 2.9060546 | Y108: 0.0086650602 | Z108: 0.003097115 | AA108: 0.051509314 | AB108: 0.000915006 | AC108: 0.0086650602 | AD108: 3.5967251 | AE108: 0.0086650602 | AF108: 0.0086650602 | AG108: 0.0075051977 | AH108: 0.55819277 | AI108: 0.0019310184 | AJ108: 0.011553414 | AK108: 0.004234021 | AL108: 0.0086650602 | AM108: 0.0067173617 | AN108: 0.78011136 | AP108: 0.22009818 | AQ108: 0.0086650602 | AR108: 0.76377337 | AS108: 0.021443724 | AT108: 1.4114815 | AU108: 0.10537138 | AV108: 3.811 | AW108: 0.69922051 | AX108: 3.811 | AY108: 0.0086650602 | AZ108: 5.6839069 | BA108: 0.30288099 | BB108: 2.0105402 | BC108: 5.6839069 | BD108: 5.6839069 | BE108: 0.0086650602 | BF108: 0.14160601 | BG108: 2.2671029 | BH108: 5.6839069 | BI108: 2.6441407 | BJ108: 5.6839069 | BK108: 1.4114815 | BL108: 0.45891611 | BM108: 0.00079193999 | BN108: 0.0086650602 | BO108: 0.018696036 | BP108: 0.090362874 | BQ108: 0.2016925 | BR108: 0.49174194 | BS108: 0.020985683 | BT108: 0.030797378 | BU108: 0.081835556 | BV108: 0.00040287542 | BW108: 0.00038450627 | BX108: 0.003257265 | BY108: 5.6839069 | BZ108: 1.0084678 | CA108: 5.6839069 | CB108: 0.042755275 | CC108: 0.042728753 | CD108: 5.3676056 | CE108: 0.025420224 | CF108: 0.050990645 | CG108: 0.0032734082 | CH108: 13.352388 | CI108: 5.6839069 | CJ108: 0.0025280265 | CK108: 0.50697453 | CL108: 0.056159741 | CM108: 3.1552852 | CN108: 5.6839069 | CO108: 5.6839069 | CP108: 0.47741337 | CQ108: 0.0019523766 | CR108: 0.026700764 | CS108: 1.1243712 | CT108: 0.29773437 | CU108: 0.0086650602 | CV108: 5.6839069 | CW108: 0.14575286 | CX108: 0.12736448 | CY108: 0.29024028 | CZ108: 0.34418024 | DA108: 0.0026623168 | DB108: 5.6839069 | DC108: 0.4994823 | DD108: 0.12931795 | DE108: 0.7091288 | DF108: 0.50771782 | DG108: 0.051007514 | DH108: 5.6839069 | DI108: 0.18398043 | DJ108: 0.0086650602 | DK108: 0.025263507 | DL108: 0.092787822 | DM108: 0.67570922 | DN108: 9.9115735 | DO108: 0.045556752 | DP108: 3.811 | DQ108: 0.00078902692 | DR108: 1.3211995 | DS108: 0.081029212 | DT108: 1.3615577 | DU108: 5.6839069 | DV108: 1.046978 | DW108: 1.3259803 | DX108: 0.13149042 | DY108: 0.0066875195 | DZ108: 1.0162667 | EA108: 0.0086650602 | EB108: 0.060327647 | EC108: 0.35212662 | ED108: 0.99788692 | EE108: 2.743503 | EF108: 5.6839069 | EG108: 5.6839069 | EH108: 0.50697453 | EJ108: 5.6839069 | EK108: 0.033281111 | EL108: 1.4114815 | EM108: 1.4114815 | EN108: 1.4114815 | EO108: 1.695511 | EP108: 1.3883424 | EQ108: 0.55003103 | ER108: 3.7640436 | ES108: 0.33951002 | ET108: 0.23563892 | EU108: 0.0028759566 | EV108: 0.1146765 | EW108: 0.0086650602 | EX108: 0.5997136 | EY108: 2.9627614 | EZ108: 2.5682756 | FA108: 0.0020338586 | FB108: 0.4767087 | FC108: 1.0377127 | FD108: 6.3210353 | FE108: 3.811 | FF108: 0.18625314 | FH108: 0.00022186645 | FI108: 0.81781116
A109: 40148 | B109: 0.078172485 | C109: 0.040506772 | D109: 0.052197806 | E109: 0.042896258 | F109: 1.41 | G109: 0.010006045 | H109: 2.1268156 | I109: 5.5633941 | J109: 4.7409714 | K109: 3.807 | L109: 10.125 | M109: 0.055042529 | N109: 1.9035 | O109: 13.409746 | P109: 5.5633941 | Q109: 1.9035 | R109: 0.0084813396 | S109: 0.54230769 | T109: 2.8416928 | U109: 0.56912635 | V109: 2.1794138 | W109: 2.7268021 | X109: 2.8448662 | Y109: 0.0084813396 | Z109: 0.0030938643 | AA109: 0.050511971 | AB109: 0.00091514423 | AC109: 0.0084813396 | AD109: 3.6105842 | AE109: 0.0084813396 | AF109: 0.0084813396 | AG109: 0.0075919832 | AH109: 0.55756684 | AI109: 0.0018874098 | AJ109: 0.011308453 | AK109: 0.0042098395 | AL109: 0.0084813396 | AM109: 0.0067026132 | AN109: 0.76451571 | AP109: 0.21340882 | AQ109: 0.0084813396 | AR109: 0.74839293 | AS109: 0.021421216 | AT109: 1.41 | AU109: 0.10528323 | AV109: 3.807 | AW109: 0.69548772 | AX109: 3.807 | AY109: 0.0084813396 | AZ109: 5.5633941 | BA109: 0.30164729 | BB109: 1.9830136 | BC109: 5.5633941 | BD109: 5.5633941 | BE109: 0.0084813396 | BF109: 0.14156258 | BG109: 2.267286 | BH109: 5.5633941 | BI109: 2.6522224 | BJ109: 5.5633941 | BK109: 1.41 | BL109: 0.45724292 | BM109: 0.00078101051 | BN109: 0.0084813396 | BO109: 0.018708536 | BP109: 0.090094781 | BQ109: 0.20148081 | BR109: 0.49103573 | BS109: 0.020384451 | BT109: 0.030439881 | BU109: 0.081642719 | BV109: 0.00040252703 | BW109: 0.00038184755 | BX109: 0.0032538462 | BY109: 5.5633941 | BZ109: 1.0045915 | CA109: 5.5633941 | CB109: 0.042603622 | CC109: 0.042507364 | CD109: 5.3619718 | CE109: 0.025603605 | CF109: 0.050469899 | CG109: 0.003263749 | CH109: 13.319339 | CI109: 5.5633941 | CJ109: 0.0025253731 | CK109: 0.50905444 | CL109: 0.056142162 | CM109: 3.1170668 | CN109: 5.5633941 | CO109: 5.5633941 | CP109: 0.47673909 | CQ109: 0.0019657352 | CR109: 0.026215397 | CS109: 1.115873 | CT109: 0.29742188 | CU109: 0.0084813396 | CV109: 5.5633941 | CW109: 0.14523328 | CX109: 0.12995791 | CY109: 0.29625537 | CZ109: 0.31905532 | DA109: 0.0026318336 | DB109: 5.5633941 | DC109: 0.49033372 | DD109: 0.12884636 | DE109: 0.70213943 | DF109: 0.50831842 | DG109: 0.051189047 | DH109: 5.5633941 | DI109: 0.18303958 | DJ109: 0.0084813396 | DK109: 0.025432561 | DL109: 0.091046714 | DM109: 0.66208696 | DN109: 9.9011704 | DO109: 0.045254301 | DP109: 3.807 | DQ109: 0.00081800602 | DR109: 1.3230235 | DS109: 0.082010204 | DT109: 1.3427624 | DU109: 5.5633941 | DV109: 1.0458791 | DW109: 1.3149351 | DX109: 0.12717385 | DY109: 0.0066720082 | DZ109: 1.0152 | EA109: 0.0084813396 | EB109: 0.057895857 | EC109: 0.34061452 | ED109: 0.97996818 | EE109: 2.726882 | EF109: 5.5633941 | EG109: 5.5633941 | EH109: 0.50905444 | EJ109: 5.5633941 | EK109: 0.033293921 | EL109: 1.41 | EM109: 1.41 | EN109: 1.41 | EO109: 1.6997053 | EP109: 1.3868852 | EQ109: 0.53430904 | ER109: 3.7038736 | ES109: 0.33915367 | ET109: 0.23141134 | EU109: 0.0028688739 | EV109: 0.11472671 | EW109: 0.0084813396 | EX109: 0.59762645 | EY109: 2.9165709 | EZ109: 2.5344218 | FA109: 0.002007237 | FB109: 0.47719923 | FC109: 1.0366236 | FD109: 6.1828378 | FE109: 3.807 | FF109: 0.1932144 | FH109: 0.0002121837 | FI109: 0.81346154
... A118: 40422 | B118: 0.086797716 | C118: 0.037705372 | D118: 0.052438756 | E118: 0.043430336 | F118: 1.4636667 | G118: 0.010876078 | H118: 2.2077654 | I118: 5.1639477 | J118: 4.9189694 | K118: 3.9519 | L118: 10.510372 | M118: 0.056696024 | N118: 1.97595 | O118: 13.073986 | P118: 5.1639477 | Q118: 1.97595 | R118: 0.0078723876 | S118: 0.56294872 | T118: 2.6406671 | U118: 0.58685774 | V118: 2.2965672 | W118: 2.9582304 | X118: 2.6377653 | Y118: 0.0078723876 | Z118: 0.0032105515 | AA118: 0.046651832 | AB118: 0.00093447624 | AC118: 0.0078723876 | AD118: 3.825336 | AE118: 0.0078723876 | AF118: 0.0078723876 | AG118: 0.0080009313 | AH118: 0.58615933 | AI118: 0.0021886907 | AJ118: 0.010496517 | AK118: 0.0043732654 | AL118: 0.0078723876 | AM118: 0.0077461605 | AN118: 0.70651788 | AP118: 0.20908418 | AQ118: 0.0078723876 | AR118: 0.69299968 | AS118: 0.022236539 | AT118: 1.4636667 | AU118: 0.10661664 | AV118: 3.9519 | AW118: 0.69442443 | AX118: 3.9519 | AY118: 0.0078723876 | AZ118: 5.1639477 | BA118: 0.24138439 | BB118: 2.0775736 | BC118: 5.1639477 | BD118: 5.1639477 | BE118: 0.0078723876 | BF118: 0.13564059 | BG118: 2.1565621 | BH118: 5.1639477 | BI118: 2.757396 | BJ118: 5.1639477 | BK118: 1.4636667 | BL118: 0.48920007 | BM118: 0.00065617926 | BN118: 0.0078723876 | BO118: 0.019404399 | BP118: 0.099046354 | BQ118: 0.20914946 | BR118: 0.50887201 | BS118: 0.018277218 | BT118: 0.033837262 | BU118: 0.085800821 | BV118: 0.00044079953 | BW118: 0.0003813632 | BX118: 0.0033776923 | BY118: 5.1639477 | BZ118: 1.0573363 | CA118: 5.1639477 | CB118: 0.04612278 | CC118: 0.046831616 | CD118: 5.5660563 | CE118: 0.026816177 | CF118: 0.048841993 | CG118: 0.0033863463 | CH118: 13.797902 | CI118: 5.1639477 | CJ118: 0.0026214925 | CK118: 0.55455534 | CL118: 0.055002088 | CM118: 3.1228157 | CN118: 5.1639477 | CO118: 5.1639477 | CP118: 0.49400603 | CQ118: 0.0019659042 | CR118: 0.026206233 | CS118: 1.2722752 | CT118: 0.30874219 | CU118: 0.0078723876 | CV118: 5.1639477 | CW118: 0.13790829 | CX118: 0.12884768 | CY118: 0.30727782 | CZ118: 0.32280444 | DA118: 0.0029829938 | DB118: 5.1639477 | DC118: 0.46477631 | DD118: 0.10858005 | DE118: 0.70091519 | DF118: 0.55357268 | DG118: 0.052920754 | DH118: 5.1639477 | DI118: 0.18318519 | DJ118: 0.0078723876 | DK118: 0.026166325 | DL118: 0.083456875 | DM118: 0.65212871 | DN118: 10.278023 | DO118: 0.046030631 | DP118: 3.9519 | DQ118: 0.00082523116 | DR118: 1.4161471 | DS118: 0.089180163 | DT118: 1.3034831 | DU118: 5.1639477 | DV118: 1.0856868 | DW118: 1.2109021 | DX118: 0.12815876 | DY118: 0.0067169034 | DZ118: 1.05384 | EA118: 0.0078723876 | EB118: 0.048886118 | EC118: 0.31810918 | ED118: 0.98240965 | EE118: 2.9582304 | EF118: 5.1639477 | EG118: 5.1639477 | EH118: 0.55455534 | EJ118: 5.1639477 | EK118: 0.035135952 | EL118: 1.4636667 | EM118: 1.4636667 | EN118: 1.4636667 | EO118: 1.6655709 | EP118: 1.4396721 | EQ118: 0.55946996 | ER118: 3.9437427 | ES118: 0.35206236 | ET118: 0.21080391 | EU118: 0.0026700764 | EV118: 0.12836262 | EW118: 0.0078723876 | EX118: 0.62017827 | EY118: 2.7058542 | EZ118: 2.6490077 | FA118: 0.0017553834 | FB118: 0.49958643 | FC118: 1.076079 | FD118: 6.1539559 | FE118: 3.9519 | FF118: 0.1922121 | FH118: 0.00020874181 | FI118: 0.81147844
A119: 40452 | B119: 0.087724354 | C119: 0.039728916 | D119: 0.0532958 | E119: 0.042874826 | F119: 1.4655556 | G119: 0.010983249 | H119: 2.2106145 | I119: 5.4993632 | J119: 4.9363772 | K119: 3.957 | L119: 10.523936 | M119: 0.056136657 | N119: 1.9785 | O119: 13.18499 | P119: 5.4993632 | Q119: 1.9785 | R119: 0.0083837252 | S119: 0.56367521 | T119: 2.811625 | U119: 0.60545321 | V119: 2.3594713 | W119: 3.0331136 | X119: 2.8115674 | Y119: 0.0083837252 | Z119: 0.0032143553 | AA119: 0.049832297 | AB119: 0.00093678977 | AC119: 0.0083837252 | AD119: 3.8871289 | AE119: 0.0083837252 | AF119: 0.0083837252 | AG119: 0.0081749442 | AH119: 0.59297126 | AI119: 0.0021880495 | AJ119: 0.0111783 | AK119: 0.0043597349 | AL119: 0.0083837252 | AM119: 0.0077533555 | AN119: 0.75080773 | AO119: 2.2106145 | AP119: 0.2242943 | AQ119: 0.0083837252 | AR119: 0.73746203 | AS119: 0.022265236 | AT119: 1.4655556 | AU119: 0.10611168 | AV119: 3.957 | AW119: 0.69241268 | AX119: 3.957 | AY119: 0.0083837252 | AZ119: 5.4993632 | BA119: 0.24107902 | BB119: 2.1413777 | BC119: 5.4993632 | BD119: 5.4993632 | BE119: 0.0083837252 | BF119: 0.1358468 | BG119: 2.2063005 | BH119: 5.4993632 | BI119: 2.7663591 | BJ119: 5.4993632 | BK119: 1.4655556 | BL119: 0.49105625 | BM119: 0.00065381989 | BN119: 0.0083837252 | BO119: 0.019418953 | BP119: 0.09900891 | BQ119: 0.20941937 | BR119: 0.5099884 | BS119: 0.020030372 | BT119: 0.035426152 | BU119: 0.089097742 | BV119: 0.00044318755 | BW119: 0.00037890015 | BX119: 0.0033820513 | BY119: 5.4993632 | BZ119: 1.0957576 | CA119: 5.4993632 | CB119: 0.046271821 | CC119: 0.048334494 | CD119: 5.5732394 | CE119: 0.026812576 | CF119: 0.049024767 | CG119: 0.0035221861 | CH119: 14.031208 | CI119: 5.4993632 | CJ119: 0.0026248756 | CK119: 0.57271377 | CL119: 0.054943071 | CM119: 3.214831 | CN119: 5.4993632 | CO119: 5.4993632 | CP119: 0.49512632 | CQ119: 0.0019788661 | CR119: 0.026240053 | CS119: 1.2762311 | CT119: 0.30914063 | CU119: 0.0083837252 | CV119: 5.4993632 | CW119: 0.13901282 | CX119: 0.13307192 | CY119: 0.317742 | CZ119: 0.33635079 | DA119: 0.0030280769 | DB119: 5.4993632 | DC119: 0.48895919 | DD119: 0.11002516 | DE119: 0.72344004 | DF119: 0.57201093 | DG119: 0.054985925 | DH119: 5.4993632 | DI119: 0.18267517 | DJ119: 0.0083837252 | DK119: 0.026161983 | DL119: 0.089176051 | DM119: 0.67756849 | DN119: 10.291287 | DO119: 0.046004246 | DP119: 3.957 | DQ119: 0.00080382717 | DR119: 1.4175175 | DS119: 0.091080886 | DT119: 1.3892985 | DU119: 5.4993632 | DV119: 1.0870879 | DW119: 1.285241 | DX119: 0.13050892 | DY119: 0.0067048523 | DZ119: 1.0552 | EA119: 0.0083837252 | EB119: 0.051694879 | EC119: 0.3218391 | ED119: 0.96624846 | EE119: 3.0331136 | EF119: 5.4993632 | EG119: 5.4993632 | EH119: 0.57271377 | EJ119: 5.4993632 | EK119: 0.035395939 | EL119: 1.4655556 | EM119: 1.4655556 | EN119: 1.4655556 | EO119: 1.6678609 | EP119: 1.4415301 | EQ119: 0.59260657 | ER119: 4.0877677 | ES119: 0.3525167 | ET119: 0.22445145 | EU119: 0.0026725291 | EV119: 0.13224958 | EW119: 0.0083837252 | EX119: 0.62113459 | EY119: 2.8322955 | EZ119: 2.7807764 | FA119: 0.001747158 | FB119: 0.5002216 | FC119: 1.0774677 | FD119: 6.2749501 | FE119: 3.957 | FF119: 0.19574864 | FH119: 0.0002090112 | FI119: 0.84371002
A120: 40483 | B120: 0.087752287 | C120: 0.039155235 | D120: 0.053438569 | E120: 0.042995946 | F120: 1.4694815 | G120: 0.010978362 | H120: 2.2165363 | I120: 5.4201203 | J120: 4.9595 | K120: 3.9676 | L120: 10.552128 | M120: 0.056356674 | N120: 1.9838 | O120: 13.107627 | P120: 5.4201203 | Q120: 1.9838 | R120: 0.0082629202 | S120: 0.56599144 | T120: 2.7697817 | U120: 0.60086019 | V120: 2.3172845 | W120: 3.0559963 | X120: 2.7697033 | Y120: 0.0082629202 | Z120: 0.0032207421 | AA120: 0.04926398 | AB120: 0.00096865234 | AC120: 0.0082629202 | AD120: 3.9174566 | AE120: 0.0082629202 | AF120: 0.0082629202 | AG120: 0.008226074 | AH120: 0.59611345 | AI120: 0.0021289177 | AJ120: 0.011017227 | AK120: 0.0043568822 | AL120: 0.0082629202 | AM120: 0.0077440535 | AN120: 0.73689137 | AO120: 2.2165363 | AP120: 0.22001885 | AQ120: 0.0082629202 | AR120: 0.72667998 | AS120: 0.02232488 | AT120: 1.4694815 | AU120: 0.10638383 | AV120: 3.9676 | AW120: 0.69071411 | AX120: 3.9676 | AY120: 0.0082629202 | AZ120: 5.4201203 | BA120: 0.24093977 | BB120: 2.162515 | BC120: 5.4201203 | BD120: 5.4201203 | BE120: 0.0082629202 | BF120: 0.14031935 | BG120: 2.2511206 | BH120: 5.4201203 | BI120: 2.7681574 | BJ120: 5.4201203 | BK120: 1.4694815 | BL120: 0.49564642 | BM120: 0.0006532177 | BN120: 0.0082629202 | BO120: 0.019515026 | BP120: 0.098849217 | BQ120: 0.20998037 | BR120: 0.51161831 | BS120: 0.019653259 | BT120: 0.035282667 | BU120: 0.088136572 | BV120: 0.00044340635 | BW120: 0.0003827213 | BX120: 0.0033911111 | BY120: 5.4201203 | BZ120: 1.0887438 | CA120: 5.4201203 | CB120: 0.046311392 | CC120: 0.048106116 | CD120: 5.588169 | CE120: 0.026898983 | CF120: 0.049311312 | CG120: 0.0035229977 | CH120: 14.133546 | CI120: 5.4201203 | CJ120: 0.0026319071 | CK120: 0.5681756 | CL120: 0.056817987 | CM120: 3.2069955 | CN120: 5.4201203 | CO120: 5.4201203 | CP120: 0.4967137 | CQ120: 0.0019928475 | CR120: 0.026310345 | CS120: 1.2737171 | CT120: 0.30996875 | CU120: 0.0082629202 | CV120: 5.4201203 | CW120: 0.14127617 | CX120: 0.13216522 | CY120: 0.3219122 | CZ120: 0.33624707 | DA120: 0.0031139191 | DB120: 5.4201203 | DC120: 0.48364133 | DD120: 0.11132287 | DE120: 0.72087066 | DF120: 0.56907631 | DG120: 0.055826388 | DH120: 5.4201203 | DI120: 0.18241923 | DJ120: 0.0082629202 | DK120: 0.026411929 | DL120: 0.088232024 | DM120: 0.66458961 | DN120: 10.318856 | DO120: 0.046342022 | DP120: 3.9676 | DQ120: 0.00082855287 | DR120: 1.4141717 | DS120: 0.091226304 | DT120: 1.3722547 | DU120: 5.4201203 | DV120: 1.09 | DW120: 1.2634462 | DX120: 0.12812266 | DY120: 0.0066977959 | DZ120: 1.0580267 | EA120: 0.0082629202 | EB120: 0.050674493 | EC120: 0.32420494 | ED120: 0.95137385 | EE120: 3.0559963 | EF120: 5.4201203 | EG120: 5.4201203 | EH120: 0.5681756 | EJ120: 5.4201203 | EK120: 0.035557942 | EL120: 1.4694815 | EM120: 1.4694815 | EN120: 1.4694815 | EO120: 1.8049313 | EP120: 1.4453916 | EQ120: 0.58147817 | ER120: 4.0397545 | ES120: 0.35346102 | ET120: 0.22111111 | EU120: 0.002685565 | EV120: 0.13275781 | EW120: 0.0082629202 | EX120: 0.6217347 | EY120: 2.8089204 | EZ120: 2.7631451 | FA120: 0.0017334296 | FB120: 0.50046715 | FC120: 1.080354 | FD120: 6.3354678 | FE120: 3.9676 | FF120: 0.19865912 | FH120: 0.0002095711 | FI120: 0.84417021
A121: 40513 | B121: 0.088041497 | C121: 0.037899952 | D121: 0.053472068 | E121: 0.043069527 | F121: 1.4731852 | G121: 0.011033525 | H121: 2.2221229 | I121: 5.2584391 | J121: 4.9788459 | K121: 3.9776 | L121: 10.578723 | M121: 0.056318804 | N121: 1.9888 | O121: 13.210317 | P121: 5.2584391 | Q121: 1.9888 | R121: 0.0080164387 | S121: 0.56904149 | T121: 2.6882687 | U121: 0.60439744 | V121: 2.3439701 | W121: 3.0428397 | X121: 2.6884758 | Y121: 0.0080164387 | Z121: 0.0032264763 | AA121: 0.047618923 | AB121: 0.00097946319 | AC121: 0.0080164387 | AD121: 3.94702 | AE121: 0.0080164387 | AF121: 0.0080164387 | AG121: 0.008377775 | AH121: 0.59781086 | AI121: 0.002065363 | AJ121: 0.010688585 | AK121: 0.0043610879 | AL121: 0.0080164387 | AM121: 0.0078550556 | AN121: 0.71094016 | AO121: 2.2221229 | AP121: 0.20903931 | AQ121: 0.0080164387 | AR121: 0.70548589 | AS121: 0.022381148 | AT121: 1.4731852 | AU121: 0.1063666 | AV121: 3.9776 | AW121: 0.68784478 | AX121: 3.9776 | AY121: 0.0080164387 | AZ121: 5.2584391 | BA121: 0.24071544 | BB121: 2.1514844 | BC121: 5.2584391 | BD121: 5.2584391 | BE121: 0.0080164387 | BF121: 0.14209988 | BG121: 2.2558984 | BH121: 5.2584391 | BI121: 2.7528549 | BJ121: 5.2584391 | BK121: 1.4731852 | BL121: 0.49868546 | BM121: 0.0006538069 | BN121: 0.0080164387 | BO121: 0.019634712 | BP121: 0.099288337 | BQ121: 0.2105096 | BR121: 0.51165423 | BS121: 0.018970764 | BT121: 0.03437816 | BU121: 0.0880797 | BV121: 0.00044115657 | BW121: 0.00038376624 | BX121: 0.0033996581 | BY121: 5.2584391 | BZ121: 1.1036626 | CA121: 5.2584391 | CB121: 0.046428282 | CC121: 0.047678468 | CD121: 5.6022535 | CE121: 0.026983244 | CF121: 0.049369474 | CG121: 0.0034661671 | CH121: 14.145721 | CI121: 5.2584391 | CJ121: 0.0026385406 | CK121: 0.58154799 | CL121: 0.056669041 | CM121: 3.1609085 | CN121: 5.2584391 | CO121: 5.2584391 | CP121: 0.49675913 | CQ121: 0.0018781489 | CR121: 0.026376658 | CS121: 1.2714458 | CT121: 0.31075 | CU121: 0.0080164387 | CV121: 5.2584391 | CW121: 0.14097466 | CX121: 0.13023122 | CY121: 0.32074574 | CZ121: 0.32735293 | DA121: 0.0032231298 | DB121: 5.2584391 | DC121: 0.47161489 | DD121: 0.11690468 | DE121: 0.71117468 | DF121: 0.58242305 | DG121: 0.054843363 | DH121: 5.2584391 | DI121: 0.18213538 | DJ121: 0.0080164387 | DK121: 0.026432749 | DL121: 0.085439646 | DM121: 0.6651505 | DN121: 10.344863 | DO121: 0.046373567 | DP121: 3.9776 | DQ121: 0.00083046774 | DR121: 1.4126505 | DS121: 0.090493064 | DT121: 1.3172169 | DU121: 5.2584391 | DV121: 1.0927473 | DW121: 1.2261784 | DX121: 0.12892454 | DY121: 0.0066988219 | DZ121: 1.0606933 | EA121: 0.0080164387 | EB121: 0.049483715 | EC121: 0.32508356 | ED121: 0.95097151 | EE121: 3.0428397 | EF121: 5.2584391 | EG121: 5.2584391 | EH121: 0.58154799 | EJ121: 5.2584391 | EK121: 0.035800583 | EL121: 1.4731852 | EM121: 1.4731852 | EN121: 1.4731852 | EO121: 1.6001931 | EP121: 1.4490346 | EQ121: 0.58064949 | ER121: 4.0968174 | ES121: 0.35435189 | ET121: 0.21460395 | EU121: 0.002744024 | EV121: 0.13206501 | EW121: 0.0080164387 | EX121: 0.62124762 | EY121: 2.7473408 | EZ121: 2.6230546 | FA121: 0.0017264418 | FB121: 0.49996839 | FC121: 1.0830769 | FD121: 6.2062493 | FE121: 3.9776 | FF121: 0.19901533 | FH121: 0.0002100993 | FI121: 0.83915612
A122: 40544 | B122: 0.087665328 | C122: 0.038340716 | D122: 0.054246096 | E122: 0.041784387 | F122: 1.4745556 | G122: 0.010909145 | H122: 2.2241899 | I122: 5.3188841 | J122: 4.9922257 | K122: 3.9813 | L122: 10.588564 | M122: 0.056040944 | N122: 1.99065 | O122: 13.22322 | P122: 5.3188841 | Q122: 1.99065 | R122: 0.0081085865 | S122: 0.56957082 | T122: 2.7195701 | U122: 0.60141392 | V122: 2.3791981 | W122: 3.0913114 | X122: 2.7185388 | Y122: 0.0081085865 | Z122: 0.0032281683 | AA122: 0.04808726 | AB122: 0.00098303704 | AC122: 0.0081085865 | AD122: 4.0059567 | AE122: 0.0081085865 | AF122: 0.0081085865 | AG122: 0.0081343985 | AH122: 0.60291812 | AI122: 0.0021328698 | AJ122: 0.010811449 | AK122: 0.0043229215 | AL122: 0.0081085865 | AM122: 0.0078530375 | AN122: 0.71892158 | AO122: 2.2241899 | AP122: 0.21746231 | AQ122: 0.0081085865 | AR122: 0.71349462 | AS122: 0.022401967 | AT122: 1.4745556 | AU122: 0.10605602 | AV122: 3.9813 | AW122: 0.68675073 | AX122: 3.9813 | AY122: 0.0081085865 | AZ122: 5.3188841 | BA122: 0.24004317 | BB122: 2.169053 | BC122: 5.3188841 | BD122: 5.3188841 | BE122: 0.0081085865 | BF122: 0.12656126 | BG122: 2.2168829 | BH122: 5.3188841 | BI122: 2.7187244 | BJ122: 5.3188841 | BK122: 1.4745556 | BL122: 0.50077796 | BM122: 0.0006532901 | BN122: 0.0081085865 | BO122: 0.019551638 | BP122: 0.099023273 | BQ122: 0.21070542 | BR122: 0.51166945 | BS122: 0.019297659 | BT122: 0.03408764 | BU122: 0.087704458 | BV122: 0.00043994696 | BW122: 0.00038507841 | BX122: 0.0034028205 | BY122: 5.3188841 | BZ122: 1.1107608 | CA122: 5.3188841 | CB122: 0.046505913 | CC122: 0.048193282 | CD122: 5.6074648 | CE122: 0.027074464 | CF122: 0.049134216 | CG122: 0.00355451 | CH122: 14.206751 | CI122: 5.3188841 | CJ122: 0.002640995 | CK122: 0.57507288 | CL122: 0.055089249 | CM122: 3.1865268 | CN122: 5.3188841 | CO122: 5.3188841 | CP122: 0.49685511 | CQ122: 0.0019024887 | CR122: 0.026401194 | CS122: 1.3006268 | CT122: 0.31103906 | CU122: 0.0081085865 | CV122: 5.3188841 | CW122: 0.14146679 | CX122: 0.1319819 | CY122: 0.32774105 | CZ122: 0.32569802 | DA122: 0.0031687652 | DB122: 5.3188841 | DC122: 0.47694519 | DD122: 0.12195297 | DE122: 0.71606115 | DF122: 0.57682444 | DG122: 0.056027301 | DH122: 5.3188841 | DI122: 0.18155079 | DJ122: 0.0081085865 | DK122: 0.026270538 | DL122: 0.086576726 | DM122: 0.6805641 | DN122: 10.354486 | DO122: 0.046431537 | DP122: 3.9813 | DQ122: 0.0008651201 | DR122: 1.4285253 | DS122: 0.090131369 | DT122: 1.3658913 | DU122: 5.3188841 | DV122: 1.0937637 | DW122: 1.2473526 | DX122: 0.13233813 | DY122: 0.006671636 | DZ122: 1.06168 | EA122: 0.0081085865 | EB122: 0.050623238 | EC122: 0.32533755 | ED122: 0.94106107 | EE122: 3.0913114 | EF122: 5.3188841 | EG122: 5.3188841 | EH122: 0.57507288 | EJ122: 5.3188841 | EK122: 0.035900773 | EL122: 1.4745556 | EM122: 1.4745556 | EN122: 1.4745556 | EO122: 1.5882733 | EP122: 1.3653292 | EQ122: 0.59657456 | ER122: 4.1633857 | ES122: 0.084925341 | ET122: 0.21710273 | EU122: 0.0027075569 | EV122: 0.13019166 | EW122: 0.0081085865 | EX122: 0.61926242 | EY122: 2.768252 | EZ122: 2.5506439 | FA122: 0.0017064165 | FB122: 0.50081154 | FC122: 1.0840844 | FD122: 6.1838281 | FE122: 3.9813 | FF122: 0.20038857 | FH122: 0.00021029474 | FI122: 0.83465409
A123: 40575 | B123: 0.088794125 | C123: 0.039327271 | D123: 0.055190546 | E123: 0.043133218 | F123: 1.4896296 | G123: 0.011017512 | H123: 2.2469274 | I123: 5.4896077 | J123: 5.0578471 | K123: 4.022 | L123: 10.696809 | M123: 0.056506383 | N123: 2.011 | O123: 13.339126 | P123: 5.4896077 | Q123: 2.011 | R123: 0.008368853 | S123: 0.57651511 | T123: 2.8068021 | U123: 0.59479444 | V123: 2.4114916 | W123: 3.1485831 | X123: 2.8066992 | Y123: 0.008368853 | Z123: 0.0032571549 | AA123: 0.049757029 | AB123: 0.00099653122 | AC123: 0.008368853 | AD123: 4.0726846 | AE123: 0.008368853 | AF123: 0.008368853 | AG123: 0.0084550863 | AH123: 0.61087153 | AI123: 0.0021363957 | AJ123: 0.011158471 | AK123: 0.0043491985 | AL123: 0.008368853 | AM123: 0.0080067486 | AN123: 0.74051366 | AO123: 2.2469274 | AP123: 0.22613291 | AQ123: 0.008368853 | AR123: 0.73626595 | AS123: 0.022630978 | AT123: 1.4896296 | AU123: 0.10662626 | AV123: 4.022 | AW123: 0.6836067 | AX123: 4.022 | AY123: 0.008368853 | AZ123: 5.4896077 | BA123: 0.2418468 | BB123: 2.20222 | BC123: 5.4896077 | BD123: 5.4896077 | BE123: 0.008368853 | BF123: 0.13922535 | BG123: 2.2646396 | BH123: 5.4896077 | BI123: 2.6635762 | BJ123: 5.4896077 | BK123: 1.4896296 | BL123: 0.51515757 | BM123: 0.00064922943 | BN123: 0.008368853 | BO123: 0.019736971 | BP123: 0.099529573 | BQ123: 0.21285942 | BR123: 0.51636924 | BS123: 0.020244627 | BT123: 0.034516588 | BU123: 0.088518558 | BV123: 0.00045221498 | BW123: 0.00038952378 | BX123: 0.0034376068 | BY123: 5.4896077 | BZ123: 1.0998988 | CA123: 5.4896077 | CB123: 0.046988052 | CC123: 0.048752815 | CD123: 5.6647887 | CE123: 0.027463298 | CF123: 0.049365812 | CG123: 0.0035970451 | CH123: 14.428527 | CI123: 5.4896077 | CJ123: 0.0026679934 | CK123: 0.56071012 | CL123: 0.055644715 | CM123: 3.2528963 | CN123: 5.4896077 | CO123: 5.4896077 | CP123: 0.50128999 | CQ123: 0.0019906752 | CR123: 0.026671088 | CS123: 1.32122 | CT123: 0.31421875 | CU123: 0.008368853 | CV123: 5.4896077 | CW123: 0.14163967 | CX123: 0.13658484 | CY123: 0.3331511 | CZ123: 0.33493988 | DA123: 0.0032088463 | DB123: 5.4896077 | DC123: 0.48981282 | DD123: 0.12717681 | DE123: 0.73094048 | DF123: 0.55930247 | DG123: 0.055148773 | DH123: 5.4896077 | DI123: 0.18268493 | DJ123: 0.008368853 | DK123: 0.026470975 | DL123: 0.089189291 | DM123: 0.70314685 | DN123: 10.460338 | DO123: 0.047102362 | DP123: 4.022 | DQ123: 0.00087696538 | DR123: 1.4517235 | DS123: 0.092030085 | DT123: 1.3971584 | DU123: 5.4896077 | DV123: 1.1049451 | DW123: 1.292915 | DX123: 0.1372968 | DY123: 0.006700604 | DZ123: 1.0725333 | EA123: 0.008368853 | EB123: 0.053099495 | EC123: 0.32866594 | ED123: 0.94533198 | EE123: 3.1485831 | EF123: 5.4896077 | EG123: 5.4896077 | EH123: 0.56071012 | EJ123: 5.4896077 | EK123: 0.036245663 | EL123: 1.4896296 | EM123: 1.4896296 | EN123: 1.4896296 | EO123: 1.5421658 | EP123: 1.2187879 | EQ123: 0.62463309 | ER123: 4.2287877 | ES123: 0.085793515 | ET123: 0.22406644 | EU123: 0.0027002712 | EV123: 0.13093897 | EW123: 0.008368853 | EX123: 0.62655783 | EY123: 2.8397938 | EZ123: 2.5337029 | FA123: 0.001717389 | FB123: 0.50649853 | FC123: 1.0951668 | FD123: 6.4850089 | FE123: 4.022 | FF123: 0.20535495 | FH123: 0.00019795255 | FI123: 0.84318658
