Workbook

Sheet TCRB_NOS
A1: mes | B1: Afghanistan, Islamic Republic of | C1: Albania | D1: Algeria | E1: Angola | F1: Antigua and Barbuda | G1: Armenia, Republic of | H1: Aruba, Kingdom of the Netherlands | I1: Austria | J1: Azerbaijan, Republic of | K1: Bahamas, The | L1: Bahrain, Kingdom of | M1: Bangladesh | N1: Barbados | O1: Belarus, Republic of | P1: Belgium | Q1: Belize | R1: Benin | S1: Bolivia | T1: Bosnia and Herzegovina | U1: Botswana | V1: Brazil | W1: Brunei Darussalam | X1: Bulgaria | Y1: Burkina Faso | Z1: Burundi | AA1: Cabo Verde | AB1: Cambodia | AC1: Cameroon | AD1: Canada | AE1: Central African Republic | AF1: Chad | AG1: Chile | AH1: China, People's Republic of | AI1: Colombia | AJ1: Comoros, Union of the | AK1: Congo, Democratic Republic of the | AL1: Congo, Republic of | AM1: Costa Rica | AN1: Croatia, Republic of | AO1: Curaçao, Kingdom of the Netherlands | AP1: Czech Republic | AQ1: Côte d'Ivoire | AR1: Denmark | AS1: Djibouti | AT1: Dominica | AU1: Dominican Republic | AV1: Ecuador | AW1: Egypt, Arab Republic of | AX1: El Salvador | AY1: Equatorial Guinea, Republic of | AZ1: Estonia, Republic of | BA1: Ethiopia, The Federal Democratic Republic of | BB1: Fiji, Republic of | BC1: Finland | BD1: France | BE1: Gabon | BF1: Gambia, The | BG1: Georgia | BH1: Germany | BI1: Ghana | BJ1: Greece | BK1: Grenada | BL1: Guatemala | BM1: Guinea | BN1: Guinea-Bissau | BO1: Guyana | BP1: Haiti | BQ1: Honduras | BR1: Hong Kong Special Administrative Region, People's Republic of China | BS1: Hungary | BT1: Iceland | BU1: India | BV1: Indonesia | BW1: Iran, Islamic Republic of | BX1: Iraq | BY1: Ireland | BZ1: Israel | CA1: Italy | CB1: Jamaica | CC1: Japan | CD1: Jordan | CE1: Kazakhstan, Republic of | CF1: Kenya | CG1: Korea, Republic of | CH1: Kuwait | CI1: Latvia, Republic of | CJ1: Lebanon | CK1: Lesotho, Kingdom of | CL1: Liberia | CM1: Libya | CN1: Lithuania, Republic of | CO1: Luxembourg | CP1: Macao Special Administrative Region, People's Republic of China | CQ1: Madagascar, Republic of | CR1: Malawi | CS1: Malaysia | CT1: Maldives | CU1: Mali | CV1: Malta | CW1: Mauritania, Islamic Republic of | CX1: Mauritius | CY1: Mexico | CZ1: Moldova, Republic of | DA1: Mongolia | DB1: Montenegro | DC1: Morocco | DD1: Mozambique, Republic of | DE1: Myanmar | DF1: Namibia | DG1: Nepal | DH1: Netherlands, The | DI1: Nicaragua | DJ1: Niger | DK1: Nigeria | DL1: North Macedonia, Republic of | DM1: Norway | DN1: Oman | DO1: Pakistan | DP1: Panama | DQ1: Paraguay | DR1: Peru | DS1: Philippines | DT1: Poland, Republic of | DU1: Portugal | DV1: Qatar | DW1: Romania | DX1: Russian Federation | DY1: Rwanda | DZ1: Saudi Arabia | EA1: Senegal | EB1: Serbia, Republic of | EC1: Seychelles | ED1: Sierra Leone | EE1: Singapore | EF1: Slovak Republic | EG1: Slovenia, Republic of | EH1: South Africa | EI1: South Sudan, Republic of | EJ1: Spain | EK1: Sri Lanka | EL1: St. Kitts and Nevis | EM1: St. Lucia | EN1: St. Vincent and the Grenadines | EO1: Sudan | EP1: Suriname | EQ1: Sweden | ER1: Switzerland | ES1: Syrian Arab Republic | ET1: São Tomé and Príncipe, Democratic Republic of | EU1: Tanzania, United Republic of | EV1: Thailand | EW1: Togo | EX1: Trinidad and Tobago | EY1: Tunisia | EZ1: Türkiye, Republic of | FA1: Uganda | FB1: Ukraine | FC1: United Arab Emirates | FD1: United Kingdom | FE1: United States | FF1: Uruguay | FG1: Uzbekistan, Republic of | FH1: Vietnam | FI1: Zambia | FJ1: Zimbabwe
A2: 36892 | F2: 2.8325085 | H2: 3.9603221 | I2: 7.0038242 | P2: 7.6203674 | V2: 92.436768 | X2: 187.12947 | Z2: 0.0036350527 | AB2: 0.0022350389 | AD2: 6.8336446 | AG2: 0.0082162682 | AH2: 0.829317 | AI2: 0.0020806878 | AM2: 0.010104512 | AP2: 0.21262129 | AQ2: 0.008793717 | AR2: 1.0290207 | AT2: 3.198111 | AU2: 0.16243124 | AV2: 5.2766465 | AZ2: 12.070085 | BA2: 0.20548106 | BC2: 7.9899742 | BD2: 8.0197011 | BH2: 7.6518057 | BI2: 1.1436823 | BJ2: 7.2442501 | BK2: 3.1040072 | BP2: 0.093466308 | BQ2: 0.78216657 | BS2: 0.027929014 | BT2: 0.090154887 | BU2: 0.10539511 | BV2: 0.0003210555 | BY2: 6.3052685 | BZ2: 1.7013878 | CA2: 7.631888 | CB2: 0.050106285 | CC2: 0.088504986 | CG2: 0.0054140486 | CI2: 5.5706567 | CN2: 6.9201023 | CO2: 7.3648669 | CP2: 0.75177763 | CQ2: 0.0022496324 | CS2: 2.2878896 | CT2: 0.44195866 | CX2: 0.13649112 | CY2: 0.53033199 | CZ2: 0.12225848 | DH2: 7.6373816 | DM2: 0.93442228 | DN2: 18.220282 | DT2: 2.3214448 | DU2: 7.5632196 | DW2: 1.3652942 | DX2: 0.12949514 | DZ2: 1.6205116 | EA2: 0.0093885453 | EF2: 10.191105 | EG2: 6.5434676 | EH2: 0.41681706 | EJ2: 6.7870801 | EM2: 2.9359468 | EN2: 2.9956222 | EO2: 2.0878315 | EQ2: 2.9486666 | ER2: 6.1356737 | EW2: 0.0083078653 | EX2: 0.68073319 | EZ2: 6.8728785 | FD2: 11.589088 | FE2: 8.5654234
A3: 36923 | F3: 2.8392366 | H3: 3.9789848 | I3: 6.9298711 | P3: 7.5428277 | Q3: 3.9714306 | V3: 90.96212 | X3: 185.03577 | Z3: 0.003989467 | AB3: 0.0022695947 | AD3: 6.8071395 | AG3: 0.0083344561 | AH3: 0.83292316 | AI3: 0.0021252504 | AM3: 0.010201324 | AP3: 0.21260255 | AQ3: 0.0087138448 | AR3: 1.0219215 | AT3: 3.2134082 | AU3: 0.16278387 | AV3: 5.4481374 | AZ3: 11.935166 | BA3: 0.20459422 | BC3: 7.9229361 | BD3: 7.9255421 | BH3: 7.5849016 | BI3: 1.1719954 | BJ3: 7.1325164 | BK3: 3.1082377 | BP3: 0.094407901 | BQ3: 0.79213641 | BS3: 0.027819191 | BT3: 0.089627139 | BU3: 0.10531316 | BV3: 0.00031860065 | BY3: 6.27336 | BZ3: 1.7057231 | CA3: 7.5478858 | CB3: 0.050642098 | CC3: 0.089332855 | CG3: 0.0055471006 | CI3: 5.4791724 | CN3: 6.8311268 | CO3: 7.3506814 | CP3: 0.74824767 | CQ3: 0.0022779806 | CS3: 2.2999263 | CT3: 0.45313864 | CX3: 0.13670042 | CY3: 0.53541202 | CZ3: 0.12297466 | DH3: 7.5931329 | DM3: 0.93015437 | DN3: 18.206599 | DT3: 2.3443561 | DU3: 7.4631284 | DW3: 1.370483 | DX3: 0.13178976 | DZ3: 1.622513 | EA3: 0.00924137 | EF3: 10.279492 | EG3: 6.5229135 | EH3: 0.41764921 | EJ3: 6.710988 | EM3: 2.948971 | EN3: 2.9838035 | EO3: 2.0341081 | EQ3: 2.887094 | ER3: 6.0124097 | EW3: 0.0082893983 | EX3: 0.68636261 | EZ3: 6.2074596 | FD3: 11.466009 | FE3: 8.6278578
A4: 36951 | F4: 2.8406787 | H4: 3.9805925 | I4: 6.8449168 | P4: 7.4522806 | V4: 87.408282 | X4: 182.45158 | Z4: 0.0039758446 | AB4: 0.0022965239 | AD4: 6.6608947 | AG4: 0.0080148494 | AH4: 0.82705751 | AI4: 0.0021209792 | AM4: 0.010310596 | AP4: 0.2104126 | AQ4: 0.0086390734 | AR4: 1.012206 | AT4: 3.2236834 | AU4: 0.16193466 | AV4: 5.5621572 | AZ4: 11.814354 | BA4: 0.19929119 | BC4: 7.8527803 | BD4: 7.8480371 | BH4: 7.4772268 | BI4: 1.2007294 | BJ4: 7.1691192 | BK4: 3.099611 | BP4: 0.093965142 | BQ4: 0.79551875 | BS4: 0.027619963 | BT4: 0.087954117 | BU4: 0.10545334 | BV4: 0.00030519767 | BY4: 6.2329225 | BZ4: 1.6891676 | CA4: 7.4472057 | CB4: 0.05087814 | CC4: 0.085322785 | CG4: 0.0054340176 | CI4: 5.4276105 | CN4: 6.7708111 | CO4: 7.2663849 | CP4: 0.74551854 | CQ4: 0.0022425717 | CS4: 2.2931131 | CT4: 0.44966127 | CX4: 0.13542299 | CY4: 0.54301568 | CZ4: 0.12151648 | DH4: 7.5553523 | DM4: 0.92565117 | DN4: 18.151869 | DT4: 2.3690778 | DU4: 7.3894651 | DW4: 1.3722635 | DX4: 0.1337211 | DZ4: 1.6209036 | EA4: 0.0090937806 | EF4: 10.213203 | EG4: 6.4993532 | EH4: 0.41667432 | EJ4: 6.6435953 | EM4: 2.9562339 | EN4: 2.9796428 | EO4: 2.0770616 | EQ4: 2.8246083 | ER4: 5.939681 | EW4: 0.0082838469 | EX4: 0.68370883 | EZ4: 5.2149484 | FD4: 11.416346 | FE4: 8.6389111
A5: 36982 | F5: 2.8327027 | H5: 3.9857989 | I5: 6.7398066 | P5: 7.3649332 | V5: 83.690895 | X5: 178.5861 | Z5: 0.0038318606 | AB5: 0.0022336798 | AD5: 6.707172 | AG5: 0.007898438 | AH5: 0.82799983 | AI5: 0.0021023685 | AM5: 0.010379567 | AP5: 0.20660331 | AQ5: 0.008498356 | AR5: 0.99667442 | AT5: 3.2072972 | AU5: 0.16279037 | AV5: 5.6527746 | AZ5: 11.65241 | BA5: 0.19621021 | BC5: 7.7299109 | BD5: 7.7269868 | BH5: 7.3602179 | BI5: 1.2156265 | BJ5: 7.0906928 | BK5: 3.0987663 | BP5: 0.09542412 | BQ5: 0.79654653 | BS5: 0.027222172 | BT5: 0.083799144 | BU5: 0.10569238 | BV5: 0.00027887319 | BY5: 6.1549118 | BZ5: 1.7009268 | CA5: 7.3287774 | CB5: 0.051078937 | CC5: 0.083553625 | CG5: 0.0052973424 | CI5: 5.3368002 | CN5: 6.6473048 | CO5: 7.1421692 | CP5: 0.74565594 | CQ5: 0.0021575924 | CS5: 2.2932886 | CT5: 0.45876974 | CX5: 0.13517399 | CY5: 0.56083278 | CZ5: 0.12257899 | DH5: 7.4440133 | DM5: 0.91612263 | DN5: 18.135339 | DT5: 2.4120453 | DU5: 7.281375 | DW5: 1.3781716 | DX5: 0.1351917 | DZ5: 1.6194275 | EA5: 0.0088921004 | EF5: 10.052829 | EG5: 6.4102549 | EH5: 0.4077522 | EJ5: 6.5434716 | EM5: 2.9891674 | EN5: 2.9856285 | EO5: 2.0643846 | EQ5: 2.7951994 | ER5: 5.860119 | EW5: 0.0082172875 | EX5: 0.68625237 | EZ5: 4.5762269 | FD5: 11.401896 | FE5: 8.6653329
A6: 37012 | F6: 2.8635542 | H6: 3.9756977 | I6: 6.5799746 | P6: 7.2217637 | Q6: 3.9647971 | V6: 79.739951 | X6: 174.32544 | Z6: 0.0035365436 | AB6: 0.002219735 | AD6: 6.7931774 | AG6: 0.0078109301 | AH6: 0.81912049 | AI6: 0.0020779316 | AM6: 0.010340108 | AP6: 0.20390938 | AQ6: 0.0083816725 | AR6: 0.97664843 | AT6: 3.2003674 | AU6: 0.16228039 | AV6: 5.6295275 | AZ6: 11.428193 | BA6: 0.19372721 | BC6: 7.5818549 | BD6: 7.5754714 | BH6: 7.1963246 | BI6: 1.2270353 | BJ6: 6.9382564 | BK6: 3.0829626 | BP6: 0.095315493 | BQ6: 0.79847427 | BS6: 0.027646657 | BT6: 0.078367984 | BU6: 0.10549398 | BV6: 0.00027920976 | BY6: 6.0343829 | BZ6: 1.7110089 | CA6: 7.1595762 | CB6: 0.051135957 | CC6: 0.084452862 | CG6: 0.0053716969 | CI6: 5.2553394 | CN6: 6.5143855 | CO6: 6.9981444 | CP6: 0.74030383 | CQ6: 0.0021180765 | CS6: 2.2823883 | CT6: 0.46870362 | CX6: 0.13324011 | CY6: 0.57136737 | CZ6: 0.1209431 | DH6: 7.2774657 | DM6: 0.91057383 | DN6: 18.013125 | DT6: 2.4481068 | DU6: 7.1541786 | DW6: 1.3641737 | DX6: 0.13599861 | DZ6: 1.6068545 | EA6: 0.0086386656 | EF6: 9.8270018 | EG6: 6.318463 | EH6: 0.41253494 | EJ6: 6.3999681 | EM6: 2.9652787 | EN6: 2.9595594 | EO6: 2.1261969 | EQ6: 2.7668326 | ER6: 5.7278704 | EW6: 0.0080990294 | EX6: 0.68483991 | EZ6: 5.0819746 | FD6: 11.336575 | FE6: 8.654603
A7: 37043 | F7: 2.8342721 | H7: 4.0036754 | I7: 6.4673591 | P7: 7.0971183 | V7: 77.898932 | X7: 170.60199 | Z7: 0.0032936735 | AB7: 0.0022298212 | AD7: 6.9113528 | AG7: 0.007707484 | AH7: 0.81345296 | AI7: 0.0021269185 | AM7: 0.010366463 | AP7: 0.20448735 | AQ7: 0.0082724257 | AR7: 0.95828491 | AT7: 3.2237854 | AU7: 0.16219069 | AV7: 5.6854085 | AZ7: 11.238091 | BA7: 0.1934487 | BC7: 7.4368884 | BD7: 7.4359003 | BH7: 7.0674713 | BI7: 1.2400306 | BJ7: 6.7989893 | BK7: 3.1038784 | BP7: 0.094787567 | BQ7: 0.80438171 | BS7: 0.028444899 | BT7: 0.077011631 | BU7: 0.10724335 | BV7: 0.00028322658 | BY7: 5.9560059 | BZ7: 1.7153913 | CA7: 7.0415435 | CB7: 0.052081867 | CC7: 0.084472297 | CG7: 0.0054340992 | CI7: 5.1799128 | CN7: 6.4256288 | CO7: 6.8856628 | CP7: 0.74529729 | CQ7: 0.0020966128 | CS7: 2.2918055 | CT7: 0.48763018 | CX7: 0.1332641 | CY7: 0.57887718 | CZ7: 0.12206153 | DH7: 7.1116896 | DM7: 0.89998924 | DN7: 18.215143 | DT7: 2.4645705 | DU7: 7.0363744 | DW7: 1.3708007 | DX7: 0.13845047 | DZ7: 1.6150772 | EA7: 0.008600815 | EF7: 9.6649037 | EG7: 6.2228422 | EH7: 0.41242971 | EJ7: 6.2993623 | EM7: 3.01436 | EN7: 2.951921 | EO7: 2.2245162 | EQ7: 2.6559617 | ER7: 5.6689313 | EW7: 0.0079796689 | EX7: 0.7002375 | EZ7: 4.9186311 | FD7: 11.216533 | FE7: 8.7135765
A8: 37073 | F8: 2.8491348 | H8: 4.0196416 | I8: 6.5444858 | P8: 7.1692581 | V8: 76.209336 | X8: 172.10828 | Z8: 0.003533774 | AB8: 0.0022609358 | AD8: 6.8781269 | AG8: 0.0072347303 | AH8: 0.81113005 | AI8: 0.0021350084 | AM8: 0.010390426 | AP8: 0.20940264 | AQ8: 0.0083353991 | AR8: 0.96505306 | AT8: 3.2303539 | AU8: 0.16215193 | AV8: 5.7114124 | AZ8: 11.407103 | BA8: 0.18991085 | BC8: 7.4621748 | BD8: 7.50162 | BH8: 7.1529585 | BI8: 1.2532818 | BJ8: 6.753373 | BK8: 3.1176429 | BP8: 0.094002663 | BQ8: 0.80744157 | BS8: 0.028526883 | BT8: 0.080927621 | BU8: 0.10856809 | BV8: 0.00030623718 | BY8: 6.0027691 | BZ8: 1.7123693 | CA8: 7.1247253 | CB8: 0.052882588 | CC8: 0.08270495 | CG8: 0.005419395 | CI8: 5.2143385 | CN8: 6.443991 | CO8: 6.8926621 | CP8: 0.74606316 | CQ8: 0.0021602789 | CS8: 2.296703 | CT8: 0.44148812 | CX8: 0.13407844 | CY8: 0.57479637 | CZ8: 0.12043862 | DH8: 7.1793855 | DM8: 0.89378616 | DN8: 18.235723 | DT8: 2.3361193 | DU8: 7.1213832 | DW8: 1.3723061 | DX8: 0.13887985 | DZ8: 1.6152187 | EA8: 0.0088066161 | EF8: 9.7769457 | EG8: 6.3047489 | EH8: 0.40803436 | EJ8: 6.3839265 | EM8: 3.0191027 | EN8: 2.9927774 | EO8: 2.3223066 | EQ8: 2.6521988 | ER8: 5.7520837 | EW8: 0.0082114361 | EX8: 0.71073509 | EZ8: 4.6330446 | FD8: 11.267068 | FE8: 8.7076687
A9: 37104 | F9: 2.8566545 | H9: 4.0275229 | I9: 6.8417791 | P9: 7.5085491 | Q9: 3.9852351 | V9: 75.464755 | X9: 180.82617 | Z9: 0.0034684945 | AB9: 0.0022674793 | AD9: 6.8421967 | AG9: 0.0071143012 | AH9: 0.8128606 | AI9: 0.002157361 | AM9: 0.01042161 | AP9: 0.21746899 | AQ9: 0.0087264587 | AR9: 1.011653 | AT9: 3.2385384 | AU9: 0.16353584 | AV9: 5.7427857 | AZ9: 11.938844 | BA9: 0.18921865 | BC9: 7.8407508 | BD9: 7.8576493 | BH9: 7.475373 | BI9: 1.2369691 | BJ9: 7.0756348 | BK9: 3.1188236 | BP9: 0.092294602 | BQ9: 0.81211454 | BS9: 0.029549073 | BT9: 0.082821205 | BU9: 0.10943236 | BV9: 0.00037106978 | BY9: 6.3069498 | BZ9: 1.7050894 | CA9: 7.4628671 | CB9: 0.053436402 | CC9: 0.085216478 | CG9: 0.0055193061 | CI9: 5.4259451 | CN9: 6.7916398 | CO9: 7.3033167 | CP9: 0.74265866 | CQ9: 0.0022591286 | CS9: 2.2970562 | CT9: 0.424468 | CX9: 0.13371944 | CY9: 0.58075881 | CZ9: 0.12011947 | DH9: 7.548088 | DM9: 0.92527903 | DN9: 18.164715 | DT9: 2.2991992 | DU9: 7.4449974 | DW9: 1.3835422 | DX9: 0.13844633 | DZ9: 1.6154067 | EA9: 0.0093766148 | EF9: 10.227799 | EG9: 6.6010812 | EH9: 0.39969416 | EJ9: 6.703086 | EM9: 3.0038405 | EN9: 2.9847664 | EO9: 2.3657717 | EQ9: 2.7706973 | ER9: 5.9947273 | EW9: 0.0085605353 | EX9: 0.72011318 | EZ9: 4.5073322 | FD9: 11.510385 | FE9: 8.7176134
A10: 37135 | F10: 2.8605017 | H10: 4.0479838 | I10: 6.9595828 | P10: 7.6371286 | V10: 71.287123 | X10: 186.24927 | Z10: 0.0035697073 | AB10: 0.002296294 | AD10: 6.7522175 | AG10: 0.0071044745 | AH10: 0.82219716 | AI10: 0.002133826 | AM10: 0.010443454 | AP10: 0.21780487 | AQ10: 0.0088007498 | AR10: 1.0301348 | AT10: 3.2232799 | AU10: 0.16542731 | AV10: 5.8744285 | AZ10: 12.118855 | BA10: 0.19220662 | BC10: 8.009823 | BD10: 7.9843597 | BH10: 7.5819609 | BI10: 1.2255403 | BJ10: 7.3135982 | BK10: 3.1312189 | BP10: 0.091499787 | BQ10: 0.81666873 | BS10: 0.029579099 | BT10: 0.082415518 | BU10: 0.10827059 | BV10: 0.00035510908 | BY10: 6.4262211 | BZ10: 1.6789522 | CA10: 7.5692767 | CB10: 0.053688002 | CC10: 0.087137383 | CG10: 0.0054920305 | CI10: 5.5396902 | CN10: 6.8757241 | CO10: 7.4161927 | CP10: 0.74112402 | CQ10: 0.0023131045 | CS10: 2.3049467 | CT10: 0.43564411 | CX10: 0.13330691 | CY10: 0.57144285 | CZ10: 0.12167908 | DH10: 7.7496119 | DM10: 0.9500105 | DN10: 18.245943 | DT10: 2.3263865 | DU10: 7.5485113 | DW10: 1.3939673 | DX10: 0.13922083 | DZ10: 1.6193556 | EA10: 0.0095130912 | EF10: 10.393655 | EG10: 6.7538899 | EH10: 0.38679393 | EJ10: 6.7977682 | EM10: 3.0162987 | EN10: 3.014072 | EO10: 2.2322617 | EQ10: 2.7275493 | ER10: 6.1796658 | EW10: 0.0084201034 | EX10: 0.71976006 | EZ10: 4.5495776 | FD10: 11.77632 | FE10: 8.7783104
A11: 37165 | F11: 2.8599573 | H11: 4.0533867 | I11: 6.9146912 | P11: 7.5688629 | V11: 69.963238 | X11: 187.55218 | Z11: 0.0035047983 | AB11: 0.0022627888 | AD11: 6.6917398 | AG11: 0.0068327404 | AH11: 0.82327613 | AI11: 0.0021413841 | AM11: 0.010354702 | AP11: 0.22066977 | AQ11: 0.0087524826 | AR11: 1.0250249 | AT11: 3.2361722 | AU11: 0.16556261 | AV11: 5.933368 | AZ11: 12.029016 | BA11: 0.1905266 | BC11: 7.9327752 | BD11: 7.9300247 | BH11: 7.5171634 | BI11: 1.2570808 | BJ11: 7.2823782 | BK11: 3.1211866 | BP11: 0.089510021 | BQ11: 0.81124698 | BS11: 0.029542531 | BT11: 0.080807433 | BU11: 0.10793732 | BV11: 0.00032836462 | BY11: 6.3979998 | BZ11: 1.6791181 | CA11: 7.5260847 | CB11: 0.053320879 | CC11: 0.085336674 | CG11: 0.0054453279 | CI11: 5.5058459 | CN11: 6.8450249 | CO11: 7.3738948 | CP11: 0.73626576 | CQ11: 0.0023293459 | CS11: 2.2987966 | CT11: 0.43455313 | CX11: 0.13207894 | CY11: 0.57401391 | CZ11: 0.1231291 | DH11: 7.6843959 | DM11: 0.94324156 | DN11: 18.21524 | DT11: 2.3793643 | DU11: 7.5215818 | DW11: 1.4001805 | DX11: 0.13999917 | DZ11: 1.6182886 | EA11: 0.0095638863 | EF11: 10.323236 | EG11: 6.73489 | EH11: 0.35922078 | EJ11: 6.7403181 | EM11: 2.9907965 | EN11: 2.9822121 | EO11: 2.1406038 | EQ11: 2.7317971 | ER11: 6.1706993 | EW11: 0.0082794006 | EX11: 0.71787889 | EZ11: 4.4260738 | FD11: 11.650517 | FE11: 8.7340487
A12: 37196 | F12: 2.8849173 | H12: 4.0812226 | I12: 6.8155962 | P12: 7.4762505 | Q12: 4.027401 | V12: 76.388021 | X12: 185.44743 | Z12: 0.0034842396 | AB12: 0.0022767747 | AD12: 6.5819478 | AG12: 0.0070604146 | AH12: 0.8266544 | AI12: 0.0021662716 | AM12: 0.010431405 | AP12: 0.21926038 | AQ12: 0.0086440772 | AR12: 1.0073722 | AT12: 3.2430591 | AU12: 0.16542756 | AV12: 6.0651368 | AZ12: 11.868129 | BA12: 0.19276344 | BC12: 7.7918086 | BD12: 7.8028875 | BH12: 7.399669 | BI12: 1.2541074 | BJ12: 7.192609 | BK12: 3.1438959 | BP12: 0.08767722 | BQ12: 0.81462298 | BS12: 0.029590431 | BT12: 0.077757627 | BU12: 0.10957935 | BV12: 0.00032142592 | BY12: 6.3124268 | BZ12: 1.7094757 | CA12: 7.438171 | CB12: 0.052702485 | CC12: 0.084705477 | CG12: 0.0055262955 | CI12: 5.444675 | CN12: 6.7508866 | CO12: 7.2858049 | CP12: 0.73825216 | CQ12: 0.0023225634 | CS12: 2.3311586 | CT12: 0.4392873 | CX12: 0.13215645 | CY12: 0.5888948 | CZ12: 0.1250844 | DH12: 7.5720385 | DM12: 0.93937822 | DN12: 18.326794 | DT12: 2.4189564 | DU12: 7.4703117 | DW12: 1.4235857 | DX12: 0.1415206 | DZ12: 1.6265313 | EA12: 0.0093346527 | EF12: 10.178621 | EG12: 6.6725895 | EH12: 0.34530124 | EJ12: 6.6451999 | EM12: 3.0502162 | EN12: 3.0077438 | EO12: 2.1739612 | EQ12: 2.7396339 | ER12: 6.1491283 | EW12: 0.0082509707 | EX12: 0.71306356 | EZ12: 4.8953773 | FD12: 11.601145 | FE12: 8.7727025
A13: 37226 | F13: 2.8779338 | H13: 4.0849857 | I13: 6.840731 | P13: 7.4729808 | V13: 82.522872 | X13: 186.94666 | Z13: 0.0034687737 | AB13: 0.0022643128 | AD13: 6.6392675 | AG13: 0.0072313009 | AH13: 0.8251515 | AI13: 0.0021709956 | AM13: 0.010436539 | AP13: 0.22463751 | AQ13: 0.0086823145 | AR13: 1.0132481 | AT13: 3.2445637 | AU13: 0.16327022 | AV13: 6.0886721 | AZ13: 11.908024 | BA13: 0.18889841 | BC13: 7.8023639 | BD13: 7.8260955 | BH13: 7.4805056 | BI13: 1.2460256 | BJ13: 7.2730095 | BK13: 3.1354391 | BP13: 0.088964679 | BQ13: 0.81104216 | BS13: 0.030161119 | BT13: 0.079793984 | BU13: 0.10875814 | BV13: 0.00032703409 | BY13: 6.3522256 | BZ13: 1.6874743 | CA13: 7.4575321 | CB13: 0.052767149 | CC13: 0.081034472 | CG13: 0.0054970505 | CI13: 5.4755868 | CN13: 6.785837 | CO13: 7.2846633 | CP13: 0.73382746 | CQ13: 0.0023254686 | CS13: 2.3268717 | CT13: 0.44589868 | CX13: 0.13240232 | CY13: 0.59158389 | CZ13: 0.12496179 | DH13: 7.5622191 | DM13: 0.93537132 | DN13: 18.308722 | DT13: 2.4647817 | DU13: 7.4980251 | DW13: 1.4383192 | DX13: 0.14196957 | DZ13: 1.625277 | EA13: 0.0093212989 | EF13: 10.222573 | EG13: 6.690947 | EH13: 0.29128313 | EJ13: 6.680936 | EM13: 3.0313782 | EN13: 2.9778316 | EO13: 2.209623 | EQ13: 2.746246 | ER13: 6.1270947 | EW13: 0.0083381716 | EX13: 0.71228175 | EZ13: 5.2768937 | FD13: 11.606254 | FE13: 8.7134749 | FH13: 0.00021041013
A14: 37257 | E14: 0.009848486 | F14: 4.1057931 | H14: 5.7557106 | I14: 9.5459233 | P14: 10.460753 | V14: 115.86237 | X14: 267.0576 | Z14: 0.0047805047 | AB14: 0.0031749915 | AD14: 9.2188026 | AG14: 0.010185299 | AH14: 1.1634457 | AI14: 0.0031192501 | AM14: 0.014730868 | AP14: 0.32249165 | AQ14: 0.012254677 | AR14: 1.4113509 | AT14: 4.5514488 | AU14: 0.22983967 | AV14: 8.7134926 | AZ14: 16.782599 | BA14: 0.26376047 | BC14: 10.901738 | BD14: 10.940065 | BH14: 10.420286 | BI14: 1.8506149 | BJ14: 10.092615 | BK14: 4.4047675 | BP14: 0.12386242 | BQ14: 1.1371508 | BS14: 0.043113567 | BT14: 0.11579152 | BU14: 0.15091363 | BV14: 0.00047649695 | BY14: 8.8252169 | BZ14: 2.2621105 | CA14: 10.420926 | CB14: 0.074332333 | CC14: 0.1091321 | CG14: 0.0076068481 | CI14: 7.68584 | CN14: 9.5317683 | CO14: 10.052456 | CP14: 1.0291137 | CQ14: 0.003273648 | CS14: 3.2773502 | CT14: 0.64064748 | CX14: 0.18856981 | CY14: 0.83981253 | CZ14: 0.17797684 | DH14: 10.598271 | DL14: 0.18837762 | DM14: 1.3146254 | DN14: 25.638033 | DT14: 3.4506774 | DU14: 10.449537 | DW14: 2.0368098 | DX14: 0.20320265 | DZ14: 2.2893703 | EA14: 0.012869749 | EF14: 14.406065 | EG14: 9.4594042 | EH14: 0.41659595 | EJ14: 9.2831669 | EM14: 4.1556537 | EN14: 4.325675 | EO14: 3.5721083 | EQ14: 3.8925217 | ER14: 8.5486493 | EW14: 0.01181592 | EX14: 1.0166966 | EZ14: 8.2982699 | FD14: 16.193628 | FE14: 12.276482 | FH14: 0.00029823398
A15: 37288 | E15: 0.013482398 | F15: 5.5290028 | H15: 7.7958212 | I15: 12.776662 | P15: 14.010815 | Q15: 7.6805366 | V15: 155.13005 | X15: 362.98327 | Z15: 0.0064060405 | AB15: 0.0043029417 | AD15: 12.626659 | AG15: 0.013592505 | AH15: 1.5967689 | AI15: 0.0042659336 | AM15: 0.019920475 | AP15: 0.43522388 | AQ15: 0.016390737 | AR15: 1.9029922 | AT15: 6.1798994 | AU15: 0.31028115 | AV15: 11.954947 | AZ15: 22.565838 | BA15: 0.35481471 | BC15: 14.599872 | BD15: 14.646372 | BH15: 13.980888 | BI15: 2.4402009 | BJ15: 13.352483 | BK15: 5.9590271 | BP15: 0.16800391 | BQ15: 1.5501792 | BS15: 0.058279576 | BT15: 0.15850009 | BU15: 0.20293527 | BV15: 0.00066364641 | BY15: 11.872059 | BZ15: 3.0149907 | CA15: 13.981868 | CB15: 0.10075302 | CC15: 0.14644658 | CG15: 0.010366825 | CI15: 10.243928 | CN15: 12.716528 | CO15: 13.606099 | CP15: 1.4017881 | CQ15: 0.004275633 | CS15: 4.4621056 | CT15: 0.86455493 | CX15: 0.25794854 | CY15: 1.1462333 | CZ15: 0.24031528 | DH15: 14.248256 | DL15: 0.25197804 | DM15: 1.7909082 | DN15: 34.839257 | DT15: 4.5518756 | DU15: 13.948509 | DW15: 2.7813074 | DX15: 0.27602674 | DZ15: 3.1110336 | EA15: 0.017340595 | EF15: 19.334496 | EG15: 12.764695 | EH15: 0.57781177 | EJ15: 12.423708 | EM15: 5.6576655 | EN15: 5.8664145 | EO15: 4.8265825 | EQ15: 5.235628 | ER15: 11.386651 | EW15: 0.015670237 | EX15: 1.37412 | EZ15: 11.56179 | FD15: 21.891404 | FE15: 16.731404 | FH15: 0.00041239909
A16: 37316 | E16: 0.016584899 | F16: 6.8237297 | H16: 9.5559412 | I16: 15.770015 | P16: 17.306205 | V16: 196.92634 | X16: 450.54359 | Z16: 0.0079633363 | AB16: 0.0053302343 | AD16: 15.649119 | AG16: 0.017115182 | AH16: 1.9286231 | AI16: 0.0052674988 | AM16: 0.024359707 | AP16: 0.54295921 | AQ16: 0.020194251 | AR16: 2.358791 | AT16: 7.5945698 | AU16: 0.38399426 | AV16: 14.79468 | AZ16: 27.864992 | BA16: 0.43698351 | BC16: 18.0814 | BD16: 18.122141 | BH16: 17.262077 | BI16: 2.9243923 | BJ16: 16.865116 | BK16: 7.2963649 | BP16: 0.20523914 | BQ16: 1.8991286 | BS16: 0.071971267 | BT16: 0.19475549 | BU16: 0.24917227 | BV16: 0.00084459217 | BY16: 14.757229 | BZ16: 3.6986081 | CA16: 17.268265 | CB16: 0.12350078 | CC16: 0.18277034 | CG16: 0.012722506 | CI16: 12.668646 | CN16: 15.562917 | CO16: 16.775053 | CP16: 1.7023553 | CQ16: 0.0056364236 | CS16: 5.4979717 | CT16: 1.0496637 | CX16: 0.31727351 | CY16: 1.4138614 | CZ16: 0.28845458 | DH16: 17.708675 | DL16: 0.33587583 | DM16: 2.2342347 | DN16: 42.593141 | DT16: 5.6407537 | DU16: 17.257381 | DW16: 3.3599163 | DX16: 0.33860952 | DZ16: 3.8033913 | EA16: 0.021402071 | EF16: 23.840293 | EG16: 15.828283 | EH16: 0.71220976 | EJ16: 15.431311 | EM16: 7.0036067 | EN16: 7.1652009 | EO16: 5.9038235 | EQ16: 6.5991017 | ER16: 14.122608 | EW16: 0.019532226 | EX16: 1.6739639 | EZ16: 14.317284 | FD16: 26.860185 | FE16: 20.591019 | FH16: 0.00049766649
A17: 37347 | E17: 0.018987607 | F17: 7.857417 | H17: 11.041724 | I17: 18.418067 | P17: 20.139809 | V17: 230.90997 | X17: 523.29004 | Z17: 0.0097242009 | AB17: 0.0060623864 | AD17: 18.174442 | AG17: 0.02013765 | AH17: 2.211707 | AI17: 0.0061665096 | AM17: 0.02784272 | AP17: 0.65324351 | AQ17: 0.023567087 | AR17: 2.7515518 | AT17: 8.7512253 | AU17: 0.43095973 | AV17: 17.272087 | AZ17: 32.72623 | BA17: 0.49991215 | BC17: 21.123646 | BD17: 21.163304 | BH17: 20.060708 | BI17: 3.2945471 | BJ17: 19.772643 | BK17: 8.3787198 | BP17: 0.2397683 | BQ17: 2.1903826 | BS17: 0.085299826 | BT17: 0.23327339 | BU17: 0.28616518 | BV17: 0.0010173809 | BY17: 17.322641 | BZ17: 4.194907 | CA17: 20.141626 | CB17: 0.14231063 | CC17: 0.21107811 | CG17: 0.014756756 | CI17: 14.751078 | CN17: 18.098322 | CO17: 19.592363 | CP17: 1.9541509 | CQ17: 0.0069478836 | CS17: 6.3179075 | CT17: 1.1804232 | CX17: 0.3661228 | CY17: 1.6260778 | CZ17: 0.33675468 | DH17: 20.700172 | DL17: 0.36479314 | DM17: 2.6349501 | DN17: 48.893589 | DT17: 6.6528012 | DU17: 20.240879 | DW17: 3.9040416 | DX17: 0.39257835 | DZ17: 4.3703734 | EA17: 0.02489851 | EF17: 27.839045 | EG17: 18.668536 | EH17: 0.86721271 | EJ17: 18.197217 | EM17: 8.1109344 | EN17: 8.2174202 | EO17: 6.7718235 | EQ17: 7.6464007 | ER17: 16.596619 | EW17: 0.023160916 | EX17: 1.9299214 | EZ17: 17.288194 | FD17: 31.501101 | FE17: 23.817238 | FH17: 0.00057349328
A18: 37377 | E18: 0.021067605 | F18: 8.6478949 | H18: 12.217691 | I18: 20.895405 | P18: 22.817936 | Q18: 12.007486 | V18: 236.55438 | X18: 580.60231 | Z18: 0.010111826 | AB18: 0.0066391581 | AD18: 20.308402 | AG18: 0.021922614 | AH18: 2.4097975 | AI18: 0.0066404802 | AM18: 0.030353145 | AP18: 0.73340194 | AQ18: 0.026702112 | AR18: 3.1125819 | AT18: 9.5265623 | AU18: 0.46765087 | AV18: 18.967524 | AZ18: 37.108453 | BA18: 0.54770277 | BC18: 23.948846 | BD18: 23.969977 | BH18: 22.719332 | BI18: 3.5219234 | BJ18: 22.365279 | BK18: 9.1563926 | BP18: 0.26137608 | BQ18: 2.3938189 | BS18: 0.096430972 | BT18: 0.2699056 | BU18: 0.31420908 | BV18: 0.0011609701 | BY18: 19.712057 | BZ18: 4.5471643 | CA18: 22.843041 | CB18: 0.15429164 | CC18: 0.23977218 | CG18: 0.016862668 | CI18: 16.716794 | CN18: 20.402123 | CO18: 22.229564 | CP18: 2.1304975 | CQ18: 0.0077196836 | CS18: 6.9109957 | CT18: 1.3264779 | CX18: 0.40192289 | CY18: 1.7133949 | CZ18: 0.37154622 | DH18: 23.422902 | DL18: 0.41315476 | DM18: 3.0324963 | DN18: 53.56954 | DT18: 7.28124 | DU18: 23.048633 | DW18: 4.2950448 | DX18: 0.43520631 | DZ18: 4.7760107 | EA18: 0.028119887 | EF18: 31.550869 | EG18: 21.182501 | EH18: 1.0348609 | EJ18: 20.659741 | EM18: 8.8537258 | EN18: 8.9092029 | EO18: 7.4711648 | EQ18: 8.5727779 | ER18: 18.90996 | EW18: 0.026573469 | EX18: 2.1323726 | EZ18: 17.960461 | FD18: 34.915879 | FE18: 26.02784 | FH18: 0.00062740644
A19: 37408 | E19: 0.02347688 | F19: 9.6444173 | H19: 13.658295 | I19: 24.317454 | P19: 26.455437 | V19: 242.2547 | X19: 662.88247 | Z19: 0.011050038 | AB19: 0.0074580497 | AD19: 22.973637 | AG19: 0.023711845 | AH19: 2.6648285 | AI19: 0.0072719118 | AM19: 0.03377755 | AP19: 0.85599942 | AQ19: 0.031383229 | AR19: 3.6242652 | AT19: 10.566098 | AU19: 0.52237152 | AV19: 21.246301 | AZ19: 43.110819 | BA19: 0.62209472 | BC19: 27.785754 | BD19: 27.865541 | BH19: 26.414834 | BI19: 3.8535829 | BJ19: 25.95659 | BK19: 10.36487 | BP19: 0.28941395 | BQ19: 2.6868152 | BS19: 0.11201019 | BT19: 0.31151839 | BU19: 0.35387234 | BV19: 0.0013483414 | BY19: 22.952052 | BZ19: 5.0916406 | CA19: 26.581058 | CB19: 0.17257939 | CC19: 0.27352664 | CG19: 0.019453634 | CI19: 19.329532 | CN19: 23.639268 | CO19: 25.884725 | CP19: 2.3793982 | CQ19: 0.0085369973 | CS19: 7.7193206 | CT19: 1.4825492 | CX19: 0.45051699 | CY19: 1.8723576 | CZ19: 0.39429424 | DH19: 27.14198 | DL19: 0.4760065 | DM19: 3.5753819 | DN19: 59.563013 | DT19: 8.1365455 | DU19: 26.88419 | DW19: 4.8638835 | DX19: 0.48581065 | DZ19: 5.3185649 | EA19: 0.032427058 | EF19: 36.548282 | EG19: 24.570811 | EH19: 1.1702658 | EJ19: 24.021241 | EM19: 9.874118 | EN19: 9.9020497 | EO19: 8.6308819 | EQ19: 10.070351 | ER19: 21.75495 | EW19: 0.030746387 | EX19: 2.4170528 | EZ19: 18.403566 | FD19: 39.676472 | FE19: 29.06015 | FH19: 0.00069806386
A20: 37438 | E20: 0.022353032 | F20: 9.0418576 | H20: 12.823782 | I20: 23.643106 | P20: 25.831546 | V20: 212.45463 | X20: 645.95473 | Z20: 0.010149589 | AB20: 0.0070449699 | AD20: 21.459589 | AG20: 0.021597169 | AH20: 2.479961 | AI20: 0.0064285274 | AM20: 0.031830621 | AP20: 0.85391791 | AQ20: 0.030205316 | AR20: 3.5193659 | AT20: 9.8981533 | AU20: 0.49149723 | AV20: 19.897977 | AZ20: 41.824375 | BA20: 0.59277001 | BC20: 26.991811 | BD20: 27.118702 | BH20: 25.735858 | BI20: 3.5743821 | BJ20: 24.826628 | BK20: 9.7245334 | BP20: 0.26442177 | BQ20: 2.5274291 | BS20: 0.10716102 | BT20: 0.30469449 | BU20: 0.33647341 | BV20: 0.0012392483 | BY20: 22.238646 | BZ20: 5.0273815 | CA20: 25.912231 | CB20: 0.16409525 | CC20: 0.26724972 | CG20: 0.018768455 | CI20: 18.735335 | CN20: 22.942291 | CO20: 25.013115 | CP20: 2.230285 | CQ20: 0.0078916045 | CS20: 7.2342298 | CT20: 1.3878584 | CX20: 0.42925496 | CY20: 1.7489576 | CZ20: 0.36571111 | DH20: 26.378506 | DL20: 0.45652621 | DM20: 3.4751671 | DN20: 56.046457 | DT20: 7.418384 | DU20: 26.208522 | DW20: 4.6393665 | DX20: 0.45692579 | DZ20: 4.9996614 | EA20: 0.031871769 | EF20: 35.470476 | EG20: 24.040009 | EH20: 1.1138489 | EJ20: 23.215312 | EM20: 9.2431317 | EN20: 9.335417 | EO20: 8.1149412 | EQ20: 9.621374 | ER20: 21.173373 | EW20: 0.029353957 | EX20: 2.2744733 | EZ20: 16.155348 | FD20: 38.765444 | FE20: 27.264254 | FH20: 0.00065354255
A21: 37469 | E21: 0.023842895 | F21: 9.3203747 | H21: 13.305163 | I21: 24.135551 | P21: 26.30924 | Q21: 13.053802 | V21: 208.60936 | X21: 653.85156 | Z21: 0.010078839 | AB21: 0.007301915 | AD21: 21.963021 | AG21: 0.022223174 | AH21: 2.5717807 | AI21: 0.0063000591 | AM21: 0.033025911 | AP21: 0.8387459 | AQ21: 0.030755111 | AR21: 3.5899296 | AT21: 10.298269 | AU21: 0.51269499 | AV21: 20.662602 | AZ21: 42.413805 | BA21: 0.63209736 | BC21: 27.501422 | BD21: 27.694112 | BH21: 26.192227 | BI21: 3.7288203 | BJ21: 25.351979 | BK21: 10.05556 | BP21: 0.27002519 | BQ21: 2.6164006 | BS21: 0.10950275 | BT21: 0.31137982 | BU21: 0.3513303 | BV21: 0.0012941629 | BY21: 22.791998 | BZ21: 5.2330623 | CA21: 26.445868 | CB21: 0.16970253 | CC21: 0.27497434 | CG21: 0.019348518 | CI21: 18.943227 | CN21: 23.243099 | CO21: 25.737698 | CP21: 2.3054899 | CQ21: 0.0081040305 | CS21: 7.4723113 | CT21: 1.423883 | CX21: 0.44825973 | CY21: 1.8099683 | CZ21: 0.37912918 | DH21: 26.966637 | DL21: 0.4648649 | DM21: 3.5173003 | DN21: 57.94701 | DT21: 7.5293911 | DU21: 26.723033 | DW21: 4.8192591 | DX21: 0.47221763 | DZ21: 5.1797619 | EA21: 0.032801811 | EF21: 36.340389 | EG21: 24.513911 | EH21: 1.1082489 | EJ21: 23.721364 | EM21: 9.5294661 | EN21: 9.8149271 | EO21: 8.7625115 | EQ21: 9.8244902 | ER21: 21.537261 | EW21: 0.02948753 | EX21: 2.3704807 | EZ21: 17.233901 | FD21: 39.739101 | FE21: 28.282704 | FH21: 0.00067523286
A22: 37500 | E22: 0.023923263 | F22: 8.8625674 | H22: 12.768582 | I22: 23.108938 | P22: 25.260461 | V22: 186.62974 | X22: 630.61947 | Z22: 0.0085282301 | AB22: 0.0069334929 | AD22: 20.858534 | AG22: 0.020664802 | AH22: 2.4792365 | AI22: 0.0058067358 | AM22: 0.031374583 | AP22: 0.81475956 | AQ22: 0.029473875 | AR22: 3.4544502 | AT22: 9.8511939 | AU22: 0.49624809 | AV22: 19.836209 | AZ22: 40.641672 | BA22: 0.61188739 | BC22: 26.427714 | BD22: 26.564062 | BH22: 25.078132 | BI22: 3.608586 | BJ22: 24.731934 | BK22: 9.7078347 | BP22: 0.25854547 | BQ22: 2.4875722 | BS22: 0.10611706 | BT22: 0.29390327 | BU22: 0.33702637 | BV22: 0.0012366656 | BY22: 21.950337 | BZ22: 4.9052554 | CA22: 25.363506 | CB22: 0.16387617 | CC22: 0.25949602 | CG22: 0.01838524 | CI22: 18.277103 | CN22: 22.127505 | CO22: 24.715418 | CP22: 2.1921312 | CQ22: 0.0077703574 | CS22: 7.1392314 | CT22: 1.3322295 | CX22: 0.43079349 | CY22: 1.7005041 | CZ22: 0.36530132 | DH22: 26.100772 | DL22: 0.44772544 | DM22: 3.419362 | DN22: 55.198728 | DT22: 7.2573791 | DU22: 25.571344 | DW22: 4.6244134 | DX22: 0.45155048 | DZ22: 4.949126 | EA22: 0.031730055 | EF22: 34.890492 | EG22: 23.65013 | EH22: 1.0659594 | EJ22: 22.797358 | EM22: 9.0907088 | EN22: 9.350058 | EO22: 8.2257698 | EQ22: 9.562406 | ER22: 20.645421 | EW22: 0.027863372 | EX22: 2.2481284 | EZ22: 16.910036 | FD22: 38.488094 | FE22: 27.040682 | FH22: 0.00064537829
A23: 37530 | E23: 0.023805007 | F23: 9.3430452 | H23: 13.345133 | I23: 24.147369 | P23: 26.315305 | V23: 173.09943 | X23: 664.57234 | Z23: 0.0088310508 | AB23: 0.0072107309 | AD23: 21.784818 | AG23: 0.021283945 | AH23: 2.5900407 | AI23: 0.0059236533 | AM23: 0.032640003 | AP23: 0.83400583 | AQ23: 0.03092506 | AR23: 3.6090467 | AT23: 10.265889 | AU23: 0.53243846 | AV23: 20.814917 | AZ23: 42.62033 | BA23: 0.64174207 | BC23: 27.633872 | BD23: 27.748201 | BH23: 26.125649 | BI23: 3.7995676 | BJ23: 25.927803 | BK23: 10.12277 | BP23: 0.25326917 | BQ23: 2.5944069 | BS23: 0.1114004 | BT23: 0.30744198 | BU23: 0.35338172 | BV23: 0.0012634073 | BY23: 22.992985 | BZ23: 5.1177614 | CA23: 26.519286 | CB23: 0.16898394 | CC23: 0.26237768 | CG23: 0.018612461 | CI23: 19.207663 | CN23: 23.22638 | CO23: 25.87076 | CP23: 2.2898572 | CQ23: 0.0081123316 | CS23: 7.436255 | CT23: 1.4104689 | CX23: 0.45345883 | CY23: 1.7713275 | CZ23: 0.38423227 | DH23: 27.155048 | DL23: 0.46886624 | DM23: 3.5906643 | DN23: 57.434397 | DP23: 22.934344 | DT23: 7.6373569 | DU23: 26.841477 | DW23: 4.8828811 | DX23: 0.47481636 | DZ23: 5.1600219 | EA23: 0.032700675 | EF23: 36.388898 | EG23: 24.779107 | EH23: 1.1571382 | EJ23: 24.012007 | EM23: 9.4996668 | EN23: 9.5481782 | EO23: 8.3583972 | EQ23: 10.079982 | ER23: 21.643651 | EW23: 0.02921006 | EX23: 2.3199412 | EZ23: 18.165224 | FD23: 40.248552 | FE23: 28.239688 | FH23: 0.00067410722
A24: 37561 | E24: 0.022274437 | F24: 8.6281883 | H24: 12.444568 | I24: 22.804508 | P24: 24.856671 | Q24: 12.129268 | V24: 175.76381 | X24: 629.23103 | Z24: 0.0085229589 | AB24: 0.0066886771 | AD24: 20.318722 | AG24: 0.020606743 | AH24: 2.3963786 | AI24: 0.0057334183 | AM24: 0.030273788 | AP24: 0.78448864 | AQ24: 0.029439861 | AR24: 3.3795814 | AT24: 9.4985268 | AU24: 0.49548237 | AV24: 19.412088 | AZ24: 40.225534 | BA24: 0.59913101 | BC24: 26.039746 | BD24: 26.230072 | BH24: 24.612672 | BI24: 3.5060596 | BJ24: 24.514537 | BK24: 9.3812317 | BP24: 0.20496039 | BQ24: 2.4073851 | BS24: 0.10775638 | BT24: 0.2895097 | BU24: 0.32859785 | BV24: 0.0012085955 | BY24: 21.735019 | BZ24: 4.8126151 | CA24: 25.152233 | CB24: 0.15717185 | CC24: 0.24561027 | CG24: 0.017670543 | CI24: 18.189013 | CN24: 21.980876 | CO24: 24.477001 | CP24: 2.1122349 | CQ24: 0.007627467 | CS24: 6.9072381 | CT24: 1.3045962 | CX24: 0.42155636 | CY24: 1.6364593 | CZ24: 0.3531801 | DH24: 25.593772 | DL24: 0.44397865 | DM24: 3.416827 | DN24: 53.463764 | DP24: 21.262343 | DT24: 7.3657822 | DU24: 25.556917 | DW24: 4.5960108 | DX24: 0.44521545 | DZ24: 4.7839251 | EA24: 0.031044245 | EF24: 34.398029 | EG24: 23.42342 | EH24: 1.1248228 | EJ24: 22.733254 | EM24: 8.7633332 | EN24: 8.8432364 | EO24: 7.8041396 | EQ24: 9.413854 | ER24: 20.246822 | EW24: 0.027571111 | EX24: 2.1517355 | EZ24: 17.824751 | FD24: 37.382947 | FE24: 26.154753 | FH24: 0.00062543711
A25: 37591 | E25: 0.023144988 | F25: 8.8643933 | H25: 12.778756 | I25: 23.875999 | P25: 25.963529 | V25: 181.72559 | X25: 663.82305 | Z25: 0.0086828907 | AB25: 0.0068556819 | AD25: 20.939791 | AG25: 0.021289049 | AH25: 2.4676658 | AI25: 0.0057179007 | AM25: 0.031039194 | AP25: 0.80809654 | AQ25: 0.031068155 | AR25: 3.5687391 | AT25: 9.7800304 | AU25: 0.51793972 | AV25: 19.998499 | AZ25: 41.929702 | BA25: 0.62096306 | BC25: 27.182904 | BD25: 27.430246 | BH25: 25.928443 | BI25: 3.6404547 | BJ25: 25.770682 | BK25: 9.6327208 | BP25: 0.20800132 | BQ25: 2.4770751 | BS25: 0.11351888 | BT25: 0.30653416 | BU25: 0.33556279 | BV25: 0.001276028 | BY25: 22.855798 | BZ25: 4.9266616 | CA25: 26.280823 | CB25: 0.16053076 | CC25: 0.25273652 | CG25: 0.018270903 | CI25: 19.026031 | CN25: 23.029436 | CO25: 25.524612 | CP25: 2.1695559 | CQ25: 0.0078722715 | CS25: 7.1052146 | CT25: 1.339986 | CX25: 0.43442696 | CY25: 1.6882611 | CZ25: 0.36829428 | DH25: 26.627827 | DL25: 0.46203448 | DM25: 3.6071485 | DN25: 54.945575 | DP25: 21.786011 | DT25: 7.6550863 | DU25: 26.718264 | DW25: 4.773382 | DX25: 0.46371332 | DZ25: 4.9165569 | EA25: 0.032426684 | EF25: 36.174645 | EG25: 24.59547 | EH25: 1.2867583 | EJ25: 23.812453 | EM25: 9.043306 | EN25: 9.1608065 | EO25: 8.1143277 | EQ25: 9.930338 | ER25: 21.276233 | EW25: 0.029020404 | EX25: 2.225168 | EZ25: 18.807152 | FD25: 39.087933 | FE25: 26.793322 | FH25: 0.00064321361
A26: 37622 | E26: 0.020944079 | F26: 7.9704362 | H26: 11.510012 | I26: 22.41959 | P26: 24.441396 | V26: 176.05573 | X26: 627.27507 | Z26: 0.0081314454 | AB26: 0.00615616 | AD26: 19.206335 | AG26: 0.018601952 | AH26: 2.2415949 | AI26: 0.0050219683 | AM26: 0.027850042 | AP26: 0.75446281 | AQ26: 0.029203039 | AR26: 3.3417129 | AT26: 8.787802 | AU26: 0.48065007 | AV26: 18.414522 | AZ26: 39.728826 | BA26: 0.56706811 | BC26: 25.508046 | BD26: 25.757471 | BH26: 24.300638 | BI26: 3.4761949 | BJ26: 24.029316 | BK26: 8.6685518 | BP26: 0.18039858 | BQ26: 2.2334692 | BS26: 0.10589199 | BT26: 0.29040719 | BU26: 0.30216835 | BV26: 0.0011602307 | BY26: 21.359253 | BZ26: 4.3019663 | CA26: 24.733438 | CB26: 0.13993274 | CC26: 0.2332745 | CG26: 0.016937455 | CI26: 17.994921 | CN26: 21.574849 | CO26: 23.74207 | CP26: 1.9509121 | CQ26: 0.0073101763 | CS26: 6.3960264 | CT26: 1.1968657 | CX26: 0.40341786 | CY26: 1.4685254 | CZ26: 0.3361296 | DH26: 25.042414 | DL26: 0.4342696 | DM26: 3.439682 | DN26: 49.216917 | DP26: 19.61297 | DT26: 7.0462577 | DU26: 25.077858 | DW26: 4.3705904 | DX26: 0.42691893 | DZ26: 4.4173126 | EA26: 0.030210377 | EF26: 35.691219 | EG26: 23.276346 | EH26: 1.1998913 | EJ26: 22.225643 | EM26: 8.1480603 | EN26: 8.2387353 | EO26: 7.4412645 | EQ26: 9.2707785 | ER26: 20.041187 | EW26: 0.027225676 | EX26: 1.9966021 | EZ26: 16.581867 | FD26: 35.594153 | FE26: 24.179092 | FH26: 0.00058170259
A27: 37653 | E27: 0.021027412 | F27: 8.0604542 | H27: 11.607265 | I27: 22.660041 | P27: 24.851286 | Q27: 11.207164 | V27: 170.47646 | X27: 634.32817 | Z27: 0.0078595002 | AB27: 0.0061636716 | AD27: 19.637225 | AG27: 0.018100087 | AH27: 2.2517069 | AI27: 0.0049894088 | AM27: 0.027708785 | AP27: 0.76024874 | AQ27: 0.029683189 | AR27: 3.4088096 | AT27: 8.7474501 | AU27: 0.48113477 | AV27: 18.473748 | AZ27: 40.272466 | BA27: 0.56984302 | BC27: 25.927106 | BD27: 26.189552 | BH27: 24.675675 | BI27: 3.7610874 | BJ27: 24.28736 | BK27: 8.6325963 | BP27: 0.16589157 | BQ27: 2.2428304 | BS27: 0.10551195 | BT27: 0.29551996 | BU27: 0.30268959 | BV27: 0.0011563662 | BY27: 21.754601 | BZ27: 4.2747293 | CA27: 25.016425 | CB27: 0.13480973 | CC27: 0.23033333 | CG27: 0.016785951 | CI27: 18.228551 | CN27: 21.729703 | CO27: 24.301284 | CP27: 1.9325968 | CQ27: 0.0073835502 | CS27: 6.3801639 | CT27: 1.1827769 | CX27: 0.41712355 | CY27: 1.4197699 | CZ27: 0.33571332 | DH27: 25.442613 | DL27: 0.43436389 | DM27: 3.384193 | DN27: 48.851987 | DP27: 19.526777 | DT27: 6.9663601 | DU27: 25.318746 | DW27: 4.4620408 | DX27: 0.43351611 | DZ27: 4.393431 | EA27: 0.030438421 | EF27: 36.257669 | EG27: 23.621949 | EH27: 1.250846 | EJ27: 22.490336 | EM27: 8.1535476 | EN27: 8.1619623 | EO27: 7.3356449 | EQ27: 9.4739487 | ER27: 20.183038 | EW27: 0.027419239 | EX27: 1.9956505 | EZ27: 17.092164 | FD27: 35.383 | FE27: 24.258313 | FH27: 0.00059246325
A28: 37681 | E28: 0.020082485 | F28: 7.5674234 | H28: 10.952907 | I28: 21.484823 | P28: 23.560346 | V28: 169.44287 | X28: 601.84285 | Z28: 0.0075674861 | AB28: 0.0057983573 | AD28: 19.020618 | AG28: 0.017303552 | AH28: 2.1095356 | AI28: 0.0047400232 | AM28: 0.026055437 | AP28: 0.7151534 | AQ28: 0.028108357 | AR28: 3.2477702 | AT28: 8.2592644 | AU28: 0.3698401 | AV28: 17.509868 | AZ28: 38.163818 | BA28: 0.54424199 | BC28: 24.580265 | BD28: 24.860917 | BH28: 23.355621 | BI28: 3.6131907 | BJ28: 23.483966 | BK28: 8.1453949 | BP28: 0.16851379 | BQ28: 2.1128557 | BS28: 0.10040745 | BT28: 0.28010915 | BU28: 0.28758024 | BV28: 0.0010839087 | BY28: 20.714979 | BZ28: 4.1063071 | CA28: 23.730059 | CB28: 0.12363621 | CC28: 0.21911594 | CG28: 0.015473304 | CI28: 17.327183 | CN28: 20.596015 | CO28: 23.040338 | CP28: 1.8185188 | CQ28: 0.0069024748 | CS28: 6.0018339 | CT28: 1.1202983 | CX28: 0.39822569 | CY28: 1.3439994 | CZ28: 0.31523119 | DH28: 24.284193 | DL28: 0.4108722 | DM28: 3.0522009 | DN28: 46.13694 | DP28: 18.422592 | DT28: 6.3527379 | DU28: 23.954343 | DW28: 4.218098 | DX28: 0.41613949 | DZ28: 4.1408579 | EA28: 0.028667083 | EF28: 34.426883 | EG28: 22.49223 | EH28: 1.2233533 | EJ28: 21.410873 | EM28: 7.7021083 | EN28: 7.6239191 | EO28: 6.8683691 | EQ28: 8.9223763 | ER28: 19.102531 | EW28: 0.025879685 | EX28: 1.8895398 | EZ28: 16.079849 | FD28: 32.925002 | FE28: 23.001089 | FH28: 0.00055472901
A29: 37712 | E29: 0.019994365 | F29: 7.2696891 | H29: 10.550164 | I29: 20.797746 | P29: 22.771452 | V29: 182.52707 | X29: 584.53632 | Z29: 0.0073097898 | AB29: 0.0055662036 | AD29: 18.45325 | AG29: 0.017268041 | AH29: 2.032215 | AI29: 0.0046793078 | AM29: 0.025181514 | AP29: 0.69770448 | AQ29: 0.027451923 | AR29: 3.1429427 | AT29: 7.921964 | AU29: 0.34213937 | AV29: 17.066085 | AZ29: 36.921286 | BA29: 0.53243416 | BC29: 23.787381 | BD29: 24.054431 | BH29: 22.554421 | BI29: 3.4688936 | BJ29: 22.775367 | BK29: 7.8576155 | BP29: 0.17087493 | BQ29: 2.0413819 | BS29: 0.097460259 | BT29: 0.27420076 | BU29: 0.28262165 | BV29: 0.0010651994 | BY29: 20.128516 | BZ29: 4.0973676 | CA29: 23.049828 | CB29: 0.11709274 | CC29: 0.20993969 | CG29: 0.014903923 | CI29: 16.841957 | CN29: 19.965093 | CO29: 22.3109 | CP29: 1.7559235 | CQ29: 0.0065016979 | CS29: 5.8045147 | CT29: 1.0724379 | CX29: 0.38894589 | CY29: 1.3374594 | CZ29: 0.30283638 | DH29: 23.552644 | DL29: 0.40438316 | DM29: 2.9399224 | DN29: 44.4894 | DP29: 17.782724 | DT29: 6.2090416 | DU29: 23.388708 | DW29: 4.0458432 | DX29: 0.40892402 | DZ29: 3.9929676 | EA29: 0.027595067 | EF29: 33.414476 | EG29: 21.901878 | EH29: 1.2316353 | EJ29: 20.914554 | EM29: 7.4137207 | EN29: 7.351738 | EO29: 5.6958812 | EQ29: 8.6803724 | ER29: 18.233091 | EW29: 0.025317027 | EX29: 1.8350774 | EZ29: 16.044813 | FD29: 31.77432 | FE29: 22.153984 | FH29: 0.00053459541
A30: 37742 | E30: 0.01926858 | F30: 6.9560175 | H30: 10.056127 | I30: 21.204554 | P30: 23.152916 | Q30: 9.7581365 | V30: 185.03419 | X30: 594.56875 | Z30: 0.0071427785 | AB30: 0.0052659609 | AD30: 18.581292 | AG30: 0.016769127 | AH30: 1.9270838 | AI30: 0.0045962363 | AM30: 0.023982649 | AP30: 0.71696063 | AQ30: 0.028165343 | AR30: 3.194603 | AT30: 7.5581238 | AU30: 0.30731284 | AV30: 16.325711 | AZ30: 37.5272 | BA30: 0.50982979 | BC30: 24.222767 | BD30: 24.495873 | BH30: 22.944145 | BI30: 3.3366078 | BJ30: 23.317583 | BK30: 7.5285465 | BP30: 0.17126885 | BQ30: 1.9467749 | BS30: 0.099484523 | BT30: 0.27622722 | BU30: 0.27212089 | BV30: 0.0010673501 | BY30: 20.493165 | BZ30: 4.0187248 | CA30: 23.558713 | CB30: 0.10608007 | CC30: 0.20521392 | CG30: 0.014597729 | CI30: 17.20112 | CN30: 20.325005 | CO30: 22.755299 | CP30: 1.6752998 | CQ30: 0.0064719815 | CS30: 5.5482066 | CT30: 1.0451431 | CX30: 0.37284093 | CY30: 1.3204718 | CZ30: 0.29851939 | DH30: 23.995898 | DL30: 0.41233802 | DM30: 2.9638085 | DN30: 42.742386 | DP30: 16.947307 | DT30: 6.2658036 | DU30: 23.980491 | DW30: 4.0255481 | DX30: 0.39734391 | DZ30: 3.8168756 | EA30: 0.027967545 | EF30: 34.097138 | EG30: 22.437836 | EH30: 1.1810237 | EJ30: 21.303881 | EM30: 7.1234098 | EN30: 7.0697122 | EO30: 6.4726495 | EQ30: 8.840223 | ER30: 18.299309 | EW30: 0.026386934 | EX30: 1.7569815 | EZ30: 16.79353 | FD30: 31.27965 | FE30: 21.120905 | FH30: 0.00050913234
A31: 37773 | E31: 0.019843168 | F31: 7.0884152 | H31: 10.270787 | I31: 21.823447 | P31: 23.852351 | V31: 193.21469 | X31: 595.64514 | Z31: 0.0072802699 | AB31: 0.005331223 | AD31: 19.406622 | AG31: 0.016971253 | AH31: 1.9422073 | AI31: 0.0047391892 | AM31: 0.024414748 | AP31: 0.73569501 | AQ31: 0.029027367 | AR31: 3.2866169 | AT31: 7.7062696 | AU31: 0.29234885 | AV31: 16.619321 | AZ31: 38.370394 | BA31: 0.53061039 | BC31: 24.854314 | BD31: 25.210991 | BH31: 23.648483 | BI31: 3.4172189 | BJ31: 23.90882 | BK31: 7.6761427 | BP31: 0.17867418 | BQ31: 1.984759 | BS31: 0.096483165 | BT31: 0.27760085 | BU31: 0.28146467 | BV31: 0.0011134058 | BY31: 21.081322 | BZ31: 4.1638415 | CA31: 24.220396 | CB31: 0.11380226 | CC31: 0.20693321 | CG31: 0.014922365 | CI31: 17.791898 | CN31: 20.897114 | CO31: 23.375223 | CP31: 1.7055457 | CQ31: 0.0066480867 | CS31: 5.6543473 | CT31: 1.0626323 | CX31: 0.37043184 | CY31: 1.3167054 | CZ31: 0.30985853 | DH31: 24.53615 | DL31: 0.42271292 | DM31: 2.9290642 | DN31: 43.60188 | DP31: 17.305383 | DT31: 6.3044899 | DU31: 24.632599 | DW31: 4.1273767 | DX31: 0.41444901 | DZ31: 3.8975885 | EA31: 0.02868414 | EF31: 35.17535 | EG31: 23.108831 | EH31: 1.170568 | EJ31: 21.898895 | EM31: 7.2503867 | EN31: 7.2837779 | EO31: 6.784904 | EQ31: 9.0940233 | ER31: 18.52338 | EW31: 0.027153674 | EX31: 1.7989917 | EZ31: 18.035648 | FD31: 32.607366 | FE31: 21.569102 | FH31: 0.00051754472
A32: 37803 | E32: 0.018895337 | F32: 6.9223349 | H32: 9.9759255 | I32: 20.604649 | P32: 22.583856 | V32: 187.86515 | X32: 567.93919 | Z32: 0.0069929148 | AB32: 0.0052164539 | AD32: 18.429172 | AG32: 0.016623242 | AH32: 1.8729921 | AI32: 0.0045354759 | AM32: 0.023644855 | AP32: 0.68598752 | AQ32: 0.027112621 | AR32: 3.0850514 | AT32: 7.6610726 | AU32: 0.24518878 | AV32: 16.113237 | AZ32: 36.318159 | BA32: 0.52008744 | BC32: 23.365616 | BD32: 23.800105 | BH32: 22.398806 | BI32: 3.3182899 | BJ32: 22.159044 | BK32: 7.4472708 | BP32: 0.17091749 | BQ32: 1.9216769 | BS32: 0.090339551 | BT32: 0.25804211 | BU32: 0.2779009 | BV32: 0.00106203 | BY32: 19.781686 | BZ32: 4.0194583 | CA32: 22.9269 | CB32: 0.11199417 | CC32: 0.19943186 | CG32: 0.014602274 | CI32: 16.756403 | CN32: 19.591545 | CO32: 21.900519 | CP32: 1.6378813 | CQ32: 0.0062659511 | CS32: 5.4908601 | CT32: 1.03295 | CX32: 0.34468589 | CY32: 1.2843864 | CZ32: 0.30562986 | DH32: 23.207501 | DL32: 0.39881627 | DM32: 2.7163794 | DN32: 42.132408 | DP32: 16.789586 | DT32: 5.9167703 | DU32: 23.210605 | DW32: 4.040837 | DX32: 0.40616721 | DZ32: 3.800679 | EA32: 0.027406115 | EF32: 33.214043 | EG32: 21.943279 | EH32: 1.181807 | EJ32: 20.565616 | EM32: 7.0114993 | EN32: 7.0875041 | EO32: 6.9057301 | EQ32: 8.5022755 | ER32: 17.28628 | EW32: 0.025214573 | EX32: 1.7515275 | EZ32: 17.522116 | FD32: 30.882235 | FE32: 20.928098 | FH32: 0.00049933915
A33: 37834 | E33: 0.02007762 | F33: 7.4274219 | H33: 10.675609 | I33: 21.674914 | P33: 23.754876 | Q33: 10.399175 | V33: 193.6217 | X33: 600.09333 | Z33: 0.0073267979 | AB33: 0.0055643681 | AD33: 19.593561 | AG33: 0.017765048 | AH33: 2.0199278 | AI33: 0.0048583362 | AM33: 0.025219393 | AP33: 0.70838766 | AQ33: 0.028534063 | AR33: 3.2370852 | AT33: 8.2514515 | AU33: 0.27628977 | AV33: 17.266696 | AZ33: 38.096604 | BA33: 0.56260143 | BC33: 24.542587 | BD33: 25.024762 | BH33: 23.495641 | BI33: 3.6294136 | BJ33: 23.234622 | BK33: 7.992208 | BP33: 0.19139942 | BQ33: 2.0670332 | BS33: 0.09621538 | BT33: 0.26682172 | BU33: 0.29833714 | BV33: 0.0011251031 | BY33: 20.868769 | BZ33: 4.1608036 | CA33: 24.108683 | CB33: 0.12161702 | CC33: 0.21377379 | CG33: 0.015751058 | CI33: 17.387024 | CN33: 20.402404 | CO33: 23.278174 | CP33: 1.7543149 | CQ33: 0.0066340445 | CS33: 5.8746721 | CT33: 1.1028023 | CX33: 0.37296518 | CY33: 1.3424215 | CZ33: 0.33077475 | DH33: 24.4209 | DL33: 0.41901248 | DM33: 2.869104 | DN33: 45.166265 | DP33: 17.998348 | DT33: 6.2935774 | DU33: 24.359034 | DW33: 4.2500505 | DX33: 0.43336145 | DZ33: 4.0620235 | EA33: 0.029039386 | EF33: 35.195697 | EG33: 22.934925 | EH33: 1.2943261 | EJ33: 21.671847 | EM33: 7.4708094 | EN33: 7.612582 | EO33: 7.4013183 | EQ33: 8.8636441 | ER33: 18.230339 | EW33: 0.025875868 | EX33: 1.8738679 | EZ33: 18.994125 | FD33: 32.533647 | FE33: 22.497754 | FH33: 0.00053391068
A34: 37865 | E34: 0.021370974 | F34: 7.2216187 | H34: 10.435005 | I34: 21.295786 | P34: 23.362219 | V34: 195.12263 | X34: 593.32246 | Z34: 0.0070435645 | AB34: 0.0054108967 | AD34: 19.564012 | AG34: 0.018052283 | AH34: 1.9897683 | AI34: 0.0047845909 | AM34: 0.024381292 | AP34: 0.69044068 | AQ34: 0.027624338 | AR34: 3.1956079 | AT34: 8.0304219 | AU34: 0.28892767 | AV34: 16.940317 | AZ34: 37.446896 | BA34: 0.54682182 | BC34: 24.1667 | BD34: 24.633672 | BH34: 23.015542 | BI34: 3.4853276 | BJ34: 23.219331 | BK34: 7.7987868 | BP34: 0.1913826 | BQ34: 2.0119884 | BS34: 0.096300293 | BT34: 0.26371075 | BU34: 0.29094648 | BV34: 0.0011091766 | BY34: 20.494193 | BZ34: 4.0846375 | CA34: 23.681049 | CB34: 0.11929543 | CC34: 0.21487783 | CG34: 0.015633347 | CI34: 17.129032 | CN34: 19.934376 | CO34: 22.929739 | CP34: 1.7194952 | CQ34: 0.0065482176 | CS34: 5.7293785 | CT34: 1.0637387 | CX34: 0.36620847 | CY34: 1.2912972 | CZ34: 0.33564026 | DH34: 24.183728 | DL34: 0.41063131 | DM34: 2.8451494 | DN34: 44.142356 | DP34: 17.484679 | DT34: 6.0571554 | DU34: 23.933211 | DW34: 4.1703764 | DX34: 0.41984478 | DZ34: 3.9619823 | EA34: 0.028868147 | EF34: 34.718208 | EG34: 22.555224 | EH34: 1.2660668 | EJ34: 21.315993 | EM34: 7.247444 | EN34: 7.3810376 | EO34: 6.8455039 | EQ34: 8.9164326 | ER34: 17.856218 | EW34: 0.025109068 | EX34: 1.8225891 | EZ34: 19.09032 | FD34: 32.070785 | FE34: 21.970521 | FH34: 0.00051962633
A35: 37895 | E35: 0.022252219 | F35: 7.2554202 | H35: 10.460071 | I35: 22.203518 | P35: 24.325109 | V35: 200.39781 | X35: 624.98108 | Z35: 0.0074273055 | AB35: 0.0054308226 | AD35: 20.169679 | AG35: 0.018892161 | AH35: 2.0129437 | AI35: 0.0047398531 | AM35: 0.024523081 | AP35: 0.73005644 | AQ35: 0.028665263 | AR35: 3.3300669 | AT35: 8.0426074 | AU35: 0.27202011 | AV35: 16.984486 | AZ35: 39.177313 | BA35: 0.5452489 | BC35: 25.217909 | BD35: 25.786677 | BH35: 24.041813 | BI35: 3.6361821 | BJ35: 24.341868 | BK35: 7.824691 | BP35: 0.19460032 | BQ35: 2.018771 | BS35: 0.10138472 | BT35: 0.27595472 | BU35: 0.29701611 | BV35: 0.0011174878 | BY35: 21.408036 | BZ35: 4.1106537 | CA35: 24.757172 | CB35: 0.12025076 | CC35: 0.22646288 | CG35: 0.015686164 | CI35: 18.047896 | CN35: 20.854278 | CO35: 23.937593 | CP35: 1.7337103 | CQ35: 0.0066427861 | CS35: 5.7496717 | CT35: 1.0831651 | CX35: 0.37348692 | CY35: 1.2708913 | CZ35: 0.35199011 | DH35: 25.192346 | DL35: 0.43032222 | DM35: 2.9618969 | DN35: 44.256356 | DP35: 17.477298 | DT35: 6.1990512 | DU35: 25.136249 | DW35: 4.3270436 | DX35: 0.43120435 | DZ35: 3.9641901 | EA35: 0.030043618 | EF35: 36.296628 | EG35: 23.636776 | EH35: 1.3244251 | EJ35: 22.416579 | EM35: 7.299114 | EN35: 7.4438008 | EO35: 6.894804 | EQ35: 9.3855648 | ER35: 18.743148 | EW35: 0.026216593 | EX35: 1.8361193 | EZ35: 18.56749 | FD35: 33.516424 | FE35: 22.003473 | FH35: 0.00051872445
A36: 37926 | E36: 0.022363764 | F36: 7.1544324 | H36: 10.253226 | I36: 21.797324 | P36: 23.87974 | Q36: 10.020076 | V36: 193.32616 | X36: 623.54423 | Z36: 0.0073981608 | AB36: 0.005311335 | AD36: 19.943925 | AG36: 0.01904668 | AH36: 1.9903849 | AI36: 0.0047082332 | AM36: 0.024141806 | AP36: 0.71874062 | AQ36: 0.028052976 | AR36: 3.2598468 | AT36: 7.8563511 | AU36: 0.24722024 | AV36: 16.683616 | AZ36: 38.328811 | BA36: 0.52261233 | BC36: 24.686479 | BD36: 25.297015 | BH36: 23.505 | BI36: 3.5710324 | BJ36: 23.896676 | BK36: 7.6661586 | BP36: 0.18999526 | BQ36: 1.9808217 | BS36: 0.098388433 | BT36: 0.27208516 | BU36: 0.29049838 | BV36: 0.0010950624 | BY36: 20.976853 | BZ36: 3.9779163 | CA36: 24.317848 | CB36: 0.11880459 | CC36: 0.22134771 | CG36: 0.015088968 | CI36: 17.778323 | CN36: 20.531139 | CO36: 23.512648 | CP36: 1.6907765 | CQ36: 0.0064518293 | CS36: 5.6344157 | CT36: 1.0289864 | CX36: 0.37009803 | CY36: 1.2608628 | CZ36: 0.34617667 | DH36: 24.622547 | DL36: 0.42360608 | DM36: 2.9171067 | DN36: 43.371331 | DP36: 17.12774 | DT36: 6.0446165 | DU36: 24.698313 | DW36: 4.1776169 | DX36: 0.43122891 | DZ36: 3.8810149 | EA36: 0.029134094 | EF36: 35.624995 | EG36: 23.217157 | EH36: 1.3245312 | EJ36: 22.036689 | EM36: 7.1258031 | EN36: 7.337533 | EO36: 7.0459135 | EQ36: 9.1922654 | ER36: 18.203439 | EW36: 0.025591224 | EX36: 1.8032655 | EZ36: 17.853178 | FD36: 33.061461 | FE36: 21.483583 | FH36: 0.00050873175
A37: 37956 | E37: 0.024658656 | F37: 7.4859729 | H37: 10.842329 | I37: 24.190681 | P37: 26.435526 | V37: 204.23391 | X37: 702.67441 | Z37: 0.0078059693 | AB37: 0.0056335694 | AD37: 21.058979 | AG37: 0.020780857 | AH37: 2.1126138 | AI37: 0.005064348 | AM37: 0.025579564 | AP37: 0.78882928 | AQ37: 0.031061364 | AR37: 3.6011997 | AT37: 8.3421754 | AU37: 0.28783717 | AV37: 17.595501 | AZ37: 42.39163 | BA37: 0.54137362 | BC37: 27.36906 | BD37: 28.051542 | BH37: 26.240745 | BI37: 3.7671611 | BJ37: 26.584834 | BK37: 8.1212359 | BP37: 0.20144799 | BQ37: 2.0897902 | BS37: 0.10687563 | BT37: 0.29872704 | BU37: 0.30484394 | BV37: 0.001169 | BY37: 23.335144 | BZ37: 4.2811741 | CA37: 26.959177 | CB37: 0.12537019 | CC37: 0.23651335 | CG37: 0.015883588 | CI37: 19.730065 | CN37: 22.742221 | CO37: 26.072498 | CP37: 1.7831451 | CQ37: 0.0070778373 | CS37: 5.9618537 | CT37: 1.0800738 | CX37: 0.41256782 | CY37: 1.31844 | CZ37: 0.37304 | DH37: 27.100363 | DL37: 0.47136776 | DM37: 3.2139607 | DN37: 45.576911 | DP37: 18.035141 | DT37: 6.6607445 | DU37: 27.374526 | DW37: 4.6068813 | DX37: 0.46584521 | DZ37: 4.1031116 | EA37: 0.031969387 | EF37: 39.52822 | EG37: 25.75094 | EH37: 1.4452715 | EJ37: 24.452203 | EM37: 7.5396433 | EN37: 7.7643338 | EO37: 7.3446545 | EQ37: 10.160237 | ER37: 20.210419 | EW37: 0.028540735 | EX37: 1.9002376 | EZ37: 19.507221 | FD37: 36.243428 | FE37: 22.642558 | FH37: 0.00054091387
A38: 37987 | E38: 0.02375629 | F38: 7.0398259 | H38: 10.311069 | I38: 23.583645 | P38: 25.824915 | V38: 200.25579 | X38: 694.5943 | Z38: 0.007197752 | AB38: 0.0053551388 | AD38: 20.257841 | AG38: 0.020682284 | AH38: 2.0262782 | AI38: 0.0049492309 | AM38: 0.024520924 | AP38: 0.7727711 | AQ38: 0.030462237 | AR38: 3.5117676 | AT38: 7.9370526 | AU38: 0.24184067 | AV38: 16.761228 | AZ38: 41.513487 | BA38: 0.50970454 | BC38: 26.58367 | BD38: 27.321965 | BH38: 25.558264 | BI38: 3.762879 | BJ38: 25.724001 | BK38: 7.7130597 | BP38: 0.19064181 | BQ38: 1.9945637 | BS38: 0.10650272 | BT38: 0.29825914 | BU38: 0.29120163 | BV38: 0.0011299285 | BY38: 22.600007 | BZ38: 4.0276014 | CA38: 26.300673 | CB38: 0.11998203 | CC38: 0.22690932 | CG38: 0.01527336 | CI38: 19.446437 | CN38: 22.146404 | CO38: 25.213699 | CP38: 1.7005959 | CQ38: 0.0063155078 | CS38: 5.6559896 | CT38: 1.0243825 | CX38: 0.40886587 | CY38: 1.2968114 | CZ38: 0.35967545 | DD38: 0.24953823 | DH38: 26.398731 | DL38: 0.46017779 | DM38: 3.0005677 | DN38: 43.146822 | DP38: 17.178521 | DT38: 6.4121262 | DU38: 26.664161 | DW38: 4.4780365 | DX38: 0.45769746 | DY38: 0.020273617 | DZ38: 3.9044036 | EA38: 0.031198697 | EF38: 40.199161 | EG38: 25.174163 | EH38: 1.2834077 | EJ38: 23.649224 | EM38: 7.1407233 | EN38: 7.4587849 | EO38: 6.9672918 | EQ38: 9.751297 | ER38: 19.490774 | EW38: 0.02809061 | EX38: 1.8072648 | EZ38: 19.762452 | FD38: 35.647469 | FE38: 21.585814 | FH38: 0.00051791396
A39: 38018 | E39: 0.025306839 | F39: 7.451123 | H39: 10.751019 | I39: 24.671839 | P39: 27.015762 | Q39: 10.518956 | V39: 203.82297 | X39: 726.04511 | Z39: 0.0074752778 | AB39: 0.0055732792 | AD39: 20.575163 | AG39: 0.021108298 | AH39: 2.1020505 | AI39: 0.0052661519 | AM39: 0.025625447 | AP39: 0.80420841 | AQ39: 0.031722145 | AR39: 3.685427 | AT39: 8.2283088 | AU39: 0.25860189 | AV39: 17.5426 | AZ39: 43.4337 | BA39: 0.53388654 | BC39: 27.862308 | BD39: 28.59608 | BH39: 26.696748 | BI39: 3.9148246 | BJ39: 26.727332 | BK39: 8.0156921 | BP39: 0.19786503 | BQ39: 2.0884979 | BS39: 0.11307506 | BT39: 0.31322582 | BU39: 0.30394089 | BV39: 0.0011665404 | BY39: 23.754893 | BZ39: 4.1548654 | CA39: 27.478077 | CB39: 0.12486704 | CC39: 0.23578937 | CG39: 0.016187748 | CI39: 20.410585 | CN39: 23.027746 | CO39: 26.618407 | CP39: 1.7661058 | CQ39: 0.0062036661 | CS39: 5.8849445 | CT39: 1.0632348 | CX39: 0.43316341 | CY39: 1.3459887 | CZ39: 0.38592737 | DD39: 0.25893012 | DH39: 27.637198 | DL39: 0.47429882 | DM39: 3.0644409 | DN39: 44.761421 | DP39: 17.856902 | DT39: 6.4995183 | DU39: 27.748121 | DW39: 4.7578333 | DX39: 0.48735691 | DY39: 0.021337048 | DZ39: 4.0626761 | EA39: 0.032627557 | EF39: 42.230921 | EG39: 26.270707 | EH39: 1.3794728 | EJ39: 24.659316 | EM39: 7.4017311 | EN39: 7.65688 | EO39: 7.4181523 | EQ39: 10.094749 | ER39: 20.215335 | EW39: 0.02920488 | EX39: 1.8790344 | EZ39: 20.957219 | FD39: 38.080241 | FE39: 22.559397 | FH39: 0.00055247253
A40: 38047 | E40: 0.024819147 | F40: 7.2173066 | H40: 10.380455 | I40: 23.113485 | P40: 25.249396 | V40: 198.81649 | X40: 677.48795 | Z40: 0.0075558279 | AB40: 0.0054180472 | AD40: 19.892014 | AG40: 0.019742899 | AH40: 2.0295818 | AI40: 0.0052100498 | AM40: 0.024594475 | AP40: 0.74777301 | AQ40: 0.029870258 | AR40: 3.4533492 | AT40: 7.9285081 | AU40: 0.27238649 | AV40: 17.0052 | AZ40: 40.601104 | BA40: 0.52112511 | BC40: 25.916386 | BD40: 26.796105 | BH40: 25.000124 | BI40: 3.7328774 | BJ40: 25.563335 | BK40: 7.7736673 | BP40: 0.20803909 | BQ40: 2.0079301 | BS40: 0.1101825 | BT40: 0.29255388 | BU40: 0.29422484 | BV40: 0.0011058063 | BY40: 22.265122 | BZ40: 3.958989 | CA40: 25.729593 | CB40: 0.12069316 | CC40: 0.22310468 | CG40: 0.015738944 | CI40: 19.24154 | CN40: 21.60197 | CO40: 24.854942 | CP40: 1.6930348 | CQ40: 0.0056116531 | CS40: 5.6596813 | CT40: 1.0232004 | CX40: 0.40770423 | CY40: 1.3017928 | CZ40: 0.38186446 | DD40: 0.25169509 | DH40: 26.019632 | DL40: 0.44278071 | DM40: 2.9518454 | DN40: 43.26393 | DP40: 17.155388 | DT40: 6.2018989 | DU40: 25.958512 | DW40: 4.5214842 | DX40: 0.47236871 | DY40: 0.020752902 | DZ40: 3.9030174 | EA40: 0.030422399 | EF40: 39.478493 | EG40: 24.672499 | EH40: 1.3595053 | EJ40: 23.176308 | EM40: 7.1575017 | EN40: 7.4136575 | EO40: 7.0512748 | EQ40: 9.4335336 | ER40: 19.01144 | EW40: 0.027089639 | EX40: 1.8128788 | EZ40: 20.50907 | FD40: 35.927512 | FE40: 21.85649 | FH40: 0.00053520098
A41: 38078 | E41: 0.025008452 | F41: 7.2152333 | H41: 10.392299 | I41: 22.567249 | P41: 24.786648 | V41: 199.29051 | X41: 662.40534 | Z41: 0.0073617761 | AB41: 0.0054351776 | AD41: 19.698781 | AG41: 0.019653814 | AH41: 2.0374797 | AI41: 0.0052891947 | AM41: 0.024616396 | AP41: 0.74100706 | AQ41: 0.029667144 | AR41: 3.3773113 | AT41: 7.9561199 | AU41: 0.2884609 | AV41: 17.096912 | AZ41: 39.946053 | BA41: 0.53320041 | BC41: 25.308726 | BD41: 26.229821 | BH41: 24.490127 | BI41: 3.7752452 | BJ41: 25.030382 | BK41: 7.7752444 | BP41: 0.22674758 | BQ41: 2.0177554 | BS41: 0.10921502 | BT41: 0.28564447 | BU41: 0.30116402 | BV41: 0.0011118014 | BW41: 0.00011376141 | BY41: 21.799828 | BZ41: 3.9565113 | CA41: 25.182308 | CB41: 0.12156661 | CC41: 0.2256969 | CG41: 0.015932784 | CI41: 18.894389 | CN41: 21.182734 | CO41: 24.334523 | CP41: 1.6943664 | CQ41: 0.0047774179 | CS41: 5.6640628 | CT41: 1.0271083 | CX41: 0.39239822 | CY41: 1.2727652 | CZ41: 0.4021426 | DD41: 0.25493941 | DH41: 25.486921 | DL41: 0.43040982 | DM41: 2.9734896 | DN41: 43.22567 | DP41: 17.136029 | DT41: 6.1377632 | DU41: 25.560602 | DW41: 4.3717214 | DX41: 0.47413894 | DY41: 0.020931805 | DZ41: 3.882893 | EA41: 0.029526345 | EF41: 38.545505 | EG41: 24.199027 | EH41: 1.3704085 | EJ41: 22.938534 | EM41: 7.1695981 | EN41: 7.4052914 | EO41: 7.0520117 | EQ41: 9.2819085 | ER41: 18.831879 | EW41: 0.026757768 | EX41: 1.8239271 | EZ41: 20.019097 | FD41: 35.532078 | FE41: 21.901724 | FH41: 0.00053819239
A42: 38108 | E42: 0.02588815 | F42: 7.2192582 | H42: 10.410249 | I42: 22.717793 | P42: 24.930948 | Q42: 10.197622 | V42: 187.77617 | X42: 663.56002 | Z42: 0.0077027124 | AB42: 0.0054672422 | AD42: 19.355526 | AG42: 0.018903222 | AH42: 2.0357793 | AI42: 0.0051544352 | AM42: 0.0246038 | AP42: 0.758428 | AQ42: 0.029793875 | AR42: 3.3959781 | AT42: 7.9552968 | AU42: 0.2782133 | AV42: 17.018748 | AZ42: 40.849902 | BA42: 0.53421045 | BC42: 25.39571 | BD42: 26.380067 | BH42: 24.593252 | BI42: 3.816883 | BJ42: 25.190319 | BK42: 7.7898478 | BP42: 0.23907093 | BQ42: 2.0253155 | BS42: 0.10914735 | BT42: 0.2869365 | BU42: 0.2947554 | BV42: 0.0010774832 | BW42: 0.00011518069 | BY42: 21.904578 | BZ42: 3.9365388 | CA42: 25.293728 | CB42: 0.12250149 | CC42: 0.21539274 | CG42: 0.015563384 | CI42: 19.173415 | CN42: 21.552823 | CO42: 24.435774 | CP42: 1.6960601 | CQ42: 0.0043738167 | CS42: 5.681259 | CT42: 1.0487234 | CX42: 0.38093886 | CY42: 1.2413035 | CZ42: 0.41492865 | DD42: 0.2574784 | DH42: 25.580764 | DL42: 0.431904 | DM42: 3.0169455 | DN42: 43.373515 | DP42: 17.190647 | DT42: 6.2356484 | DU42: 25.779369 | DW42: 4.4067721 | DX42: 0.47261304 | DY42: 0.021088011 | DZ42: 3.8796758 | EA42: 0.029560794 | EF42: 38.775373 | EG42: 24.455027 | EH42: 1.3229908 | EJ42: 23.120007 | EM42: 7.2798717 | EN42: 7.3781104 | EO42: 7.2001995 | EQ42: 9.361634 | ER42: 19.095368 | EW42: 0.027188512 | EX42: 1.8337546 | EZ42: 18.107078 | FD42: 35.343454 | FE42: 22.033922 | FH42: 0.00054248055
A43: 38139 | E43: 0.026960029 | F43: 7.4973802 | H43: 10.882579 | I43: 23.883169 | P43: 26.10027 | V43: 194.1373 | X43: 683.77774 | Z43: 0.0077087719 | AB43: 0.0058358874 | AD43: 20.37898 | AG43: 0.019434101 | AH43: 2.0946184 | AI43: 0.0053786407 | AM43: 0.02557141 | AP43: 0.80446924 | AQ43: 0.031228054 | AR43: 3.5544723 | AT43: 8.2219952 | AU43: 0.28808281 | AV43: 17.57893 | AZ43: 42.914622 | BA43: 0.55608181 | BC43: 26.582151 | BD43: 27.640467 | BH43: 25.759343 | BI43: 3.9887373 | BJ43: 26.306928 | BK43: 8.0905943 | BP43: 0.25981147 | BQ43: 2.1032651 | BS43: 0.11433644 | BT43: 0.304713 | BU43: 0.30607065 | BV43: 0.0010706525 | BW43: 0.00012036448 | BY43: 23.039049 | BZ43: 4.1499142 | CA43: 26.535558 | CB43: 0.12691893 | CC43: 0.22986991 | CG43: 0.01638582 | CI43: 20.204348 | CN43: 22.598495 | CO43: 25.660295 | CP43: 1.7615594 | CQ43: 0.0040641251 | CS43: 5.8919559 | CT43: 1.0654576 | CX43: 0.39404497 | CY43: 1.3032265 | CZ43: 0.42295253 | DD43: 0.27011575 | DH43: 26.621125 | DL43: 0.45076535 | DM43: 3.12587 | DN43: 44.840741 | DP43: 17.882405 | DT43: 6.7755806 | DU43: 27.062414 | DW43: 4.6189086 | DX43: 0.49273426 | DY43: 0.021901126 | DZ43: 4.0156757 | EA43: 0.030937034 | EF43: 40.677821 | EG43: 25.697646 | EH43: 1.4590413 | EJ43: 24.25459 | EM43: 7.5677924 | EN43: 7.6666707 | EO43: 7.5219403 | EQ43: 9.7471023 | ER43: 20.319115 | EW43: 0.028548262 | EX43: 1.9058316 | EZ43: 18.894057 | FD43: 37.476083 | FE43: 22.901875 | FH43: 0.0005670671
A44: 38169 | E44: 0.025908491 | F44: 7.2828888 | H44: 10.583241 | I44: 23.400384 | P44: 25.707804 | V44: 196.08894 | X44: 679.33629 | Z44: 0.0074019765 | AB44: 0.0057162764 | AD44: 20.311478 | AG44: 0.019254481 | AH44: 2.0306073 | AI44: 0.005347948 | AM44: 0.024975134 | AP44: 0.79474261 | AQ44: 0.030583254 | AR44: 3.4756445 | AT44: 7.98754 | AU44: 0.30081706 | AV44: 16.970864 | AZ44: 42.030817 | BA44: 0.54189115 | BC44: 26.055763 | BD44: 27.087921 | BH44: 25.340834 | BI44: 3.790846 | BJ44: 25.353397 | BK44: 7.8809153 | BP44: 0.25518822 | BQ44: 2.061886 | BS44: 0.11378735 | BT44: 0.29724694 | BU44: 0.29673061 | BV44: 0.0010858869 | BW44: 0.00011747055 | BY44: 22.552356 | BZ44: 4.0482946 | CA44: 26.068127 | CB44: 0.1237674 | CC44: 0.2228148 | CG44: 0.016028288 | CI44: 19.864633 | CN44: 22.181764 | CO44: 24.933675 | CP44: 1.7172879 | CQ44: 0.0043113206 | CS44: 5.7342336 | CT44: 1.0328513 | CX44: 0.38454568 | CY44: 1.2588065 | CZ44: 0.41300508 | DD44: 0.2668388 | DH44: 26.093609 | DL44: 0.43742784 | DM44: 2.9975875 | DN44: 43.744403 | DP44: 17.388077 | DT44: 6.8352942 | DU44: 26.514231 | DW44: 4.5668765 | DX44: 0.48220737 | DY44: 0.02157616 | DZ44: 3.9245288 | EA44: 0.030828669 | EF44: 40.054741 | EG44: 25.312589 | EH44: 1.4891847 | EJ44: 23.627592 | EM44: 7.4162703 | EN44: 7.4760626 | EO44: 7.5488239 | EQ44: 9.4976283 | ER44: 19.641996 | EW44: 0.02795819 | EX44: 1.862036 | EZ44: 18.990117 | FD44: 36.585931 | FE44: 22.211497 | FH44: 0.00055349264
A45: 38200 | E45: 0.027714994 | F45: 7.5909792 | H45: 11.050048 | I45: 24.321515 | P45: 26.65374 | Q45: 10.789343 | V45: 208.29119 | X45: 700.30171 | Z45: 0.0081360431 | AB45: 0.0059757942 | AD45: 21.312124 | AG45: 0.020049791 | AH45: 2.1330961 | AI45: 0.0056977965 | AM45: 0.026104688 | AP45: 0.82028429 | AQ45: 0.031608227 | AR45: 3.591245 | AT45: 8.3876188 | AU45: 0.3413703 | AV45: 17.708395 | AZ45: 43.459302 | BA45: 0.56898103 | BC45: 27.050976 | BD45: 28.112127 | BF45: 0.39077208 | BH45: 26.269992 | BI45: 4.1283827 | BJ45: 26.189436 | BK45: 8.2330592 | BP45: 0.26483584 | BQ45: 2.147796 | BS45: 0.11778685 | BT45: 0.31016843 | BU45: 0.31051722 | BV45: 0.0011080128 | BW45: 0.00012311004 | BY45: 23.516095 | BZ45: 4.1891132 | CA45: 27.059223 | CB45: 0.13030763 | CC45: 0.23058543 | CG45: 0.016846041 | CI45: 20.555367 | CN45: 22.879211 | CO45: 26.123276 | CP45: 1.7961693 | CQ45: 0.0048485645 | CS45: 5.9818304 | CT45: 1.0726116 | CX45: 0.39977637 | CY45: 1.3302868 | CZ45: 0.43076232 | DD45: 0.28155978 | DH45: 27.111719 | DL45: 0.45042456 | DM45: 3.1512211 | DN45: 45.805307 | DP45: 18.19291 | DT45: 7.0980198 | DU45: 27.360846 | DW45: 4.7593674 | DX45: 0.50287076 | DY45: 0.023122904 | DZ45: 4.0939849 | EA45: 0.032224957 | EF45: 41.413012 | EG45: 26.09507 | EH45: 1.4695039 | EJ45: 24.575294 | EM45: 7.7237848 | EN45: 7.8363279 | EO45: 8.0198545 | EQ45: 9.8346402 | ER45: 20.264763 | EW45: 0.029004435 | EX45: 1.9478187 | EZ45: 19.636347 | FD45: 37.808604 | FE45: 23.182795 | FH45: 0.0005798611
A46: 38231 | E46: 0.026917893 | F46: 7.3554195 | H46: 10.704753 | I46: 23.63678 | P46: 25.922284 | V46: 210.22515 | X46: 687.38592 | Z46: 0.0077262276 | AB46: 0.0056636053 | AD46: 21.065567 | AG46: 0.020039288 | AH46: 2.0887022 | AI46: 0.0056343934 | AM46: 0.025275103 | AP46: 0.79078553 | AQ46: 0.030554674 | AR46: 3.5095048 | AT46: 8.1204492 | AU46: 0.36583203 | AV46: 17.19019 | AZ46: 42.298905 | BA46: 0.55601697 | BC46: 26.391805 | BD46: 27.345927 | BF46: 0.37879316 | BH46: 25.474535 | BI46: 4.0153306 | BJ46: 25.96155 | BK46: 7.9633283 | BP46: 0.25467257 | BQ46: 2.0735725 | BS46: 0.11517918 | BT46: 0.30053653 | BU46: 0.30292539 | BV46: 0.0010836657 | BW46: 0.00011887952 | BY46: 22.854035 | BZ46: 4.0844987 | CA46: 26.297413 | CB46: 0.12662897 | CC46: 0.22472139 | CG46: 0.016472435 | CI46: 20.061781 | CN46: 22.36684 | CO46: 25.431213 | CP46: 1.7511848 | CQ46: 0.0047397752 | CS46: 5.8154055 | CT46: 1.0364277 | CX46: 0.38615706 | CY46: 1.2888675 | CZ46: 0.41779206 | DD46: 0.27752468 | DH46: 26.578864 | DL46: 0.4378218 | DM46: 3.0708961 | DN46: 44.429887 | DP46: 17.585244 | DT46: 7.009714 | DU46: 26.569394 | DW46: 4.6522064 | DX46: 0.48898565 | DY46: 0.022728327 | DZ46: 3.9570979 | EA46: 0.031309387 | EF46: 40.247093 | EG46: 25.331994 | EH46: 1.4005402 | EJ46: 23.926029 | EM46: 7.4067512 | EN46: 7.654916 | EO46: 7.7833008 | EQ46: 9.7272121 | ER46: 19.629436 | EW46: 0.027591137 | EX46: 1.8966745 | EZ46: 18.863768 | FD46: 36.080625 | FE46: 22.500315 | FH46: 0.00056354016
A47: 38261 | E47: 0.027246753 | F47: 7.4441554 | H47: 10.834185 | I47: 24.516915 | P47: 26.919246 | V47: 216.32468 | X47: 711.06414 | Z47: 0.0080411977 | AB47: 0.0056830587 | AD47: 22.035505 | AG47: 0.020627557 | AH47: 2.111565 | AI47: 0.0056336612 | AM47: 0.025537933 | AP47: 0.82394269 | AQ47: 0.0314735 | AR47: 3.6409262 | AT47: 8.2569949 | AU47: 0.42759091 | AV47: 17.426889 | AZ47: 43.875892 | BA47: 0.56719929 | BC47: 27.361743 | BD47: 28.331756 | BF47: 0.38315666 | BH47: 26.354911 | BI47: 4.1362591 | BJ47: 27.034364 | BK47: 8.0881143 | BP47: 0.2607663 | BQ47: 2.1062504 | BR47: 2.2067482 | BS47: 0.12004378 | BT47: 0.31301869 | BU47: 0.31009542 | BV47: 0.001110105 | BW47: 0.00012170618 | BY47: 23.650574 | BZ47: 4.1641515 | CA47: 27.176427 | CB47: 0.13252953 | CC47: 0.23061787 | CG47: 0.016709725 | CI47: 20.823361 | CN47: 23.148725 | CO47: 26.384427 | CP47: 1.773548 | CQ47: 0.0048748041 | CS47: 5.9121969 | CT47: 1.0677091 | CX47: 0.39479167 | CY47: 1.3234352 | CZ47: 0.42524924 | DD47: 0.29886802 | DH47: 27.477073 | DL47: 0.45635466 | DM47: 3.2252731 | DN47: 44.741544 | DP47: 17.79513 | DT47: 7.3404485 | DU47: 27.634635 | DW47: 4.8676599 | DX47: 0.50244619 | DY47: 0.023559611 | DZ47: 4.0084405 | EA47: 0.032521388 | EF47: 41.625009 | EG47: 26.25703 | EH47: 1.4649244 | EJ47: 24.979899 | EM47: 7.4545387 | EN47: 7.7459384 | EO47: 7.9142798 | EQ47: 10.114051 | ER47: 20.478575 | EW47: 0.028833493 | EX47: 1.9322183 | EZ47: 19.685754 | FD47: 36.834837 | FE47: 22.866079 | FH47: 0.00056970106
A48: 38292 | E48: 0.027024777 | F48: 7.2743799 | H48: 10.624668 | I48: 24.824803 | P48: 27.174367 | Q48: 10.319974 | V48: 216.72406 | X48: 723.19953 | Z48: 0.0080695986 | AB48: 0.0055355902 | AD48: 22.406662 | AG48: 0.020450177 | AH48: 2.0456013 | AI48: 0.0055987465 | AM48: 0.024960627 | AP48: 0.83855263 | AQ48: 0.032468459 | AR48: 3.6759143 | AT48: 8.0131909 | AU48: 0.44717347 | AV48: 17.004146 | AZ48: 44.510307 | BA48: 0.54824903 | BC48: 27.531949 | BD48: 28.65145 | BF48: 0.37403415 | BH48: 26.578614 | BI48: 4.0363276 | BJ48: 27.350578 | BK48: 7.8665062 | BP48: 0.25113606 | BQ48: 2.0589255 | BR48: 2.1510827 | BS48: 0.12213777 | BT48: 0.31869352 | BU48: 0.30511972 | BV48: 0.001095725 | BW48: 0.00011858724 | BY48: 23.936654 | BZ48: 4.0903908 | CA48: 27.48921 | CB48: 0.13137309 | CC48: 0.23221197 | CG48: 0.016920169 | CI48: 21.147384 | CN48: 23.457327 | CO48: 26.727988 | CP48: 1.7292117 | CQ48: 0.0051021191 | CS48: 5.7554684 | CT48: 1.0290013 | CX48: 0.38503973 | CY48: 1.2960708 | CZ48: 0.41456531 | DD48: 0.30414561 | DH48: 27.688708 | DL48: 0.46360586 | DM48: 3.2988468 | DN48: 43.845358 | DP48: 17.291013 | DT48: 7.5809673 | DU48: 28.083036 | DW48: 5.1018609 | DX48: 0.50214881 | DY48: 0.023053598 | DZ48: 3.9027384 | EA48: 0.032598038 | EF48: 42.037512 | EG48: 26.692996 | EH48: 1.4966375 | EJ48: 25.310539 | EM48: 7.3602528 | EN48: 7.4837398 | EO48: 7.6912966 | EQ48: 10.235875 | ER48: 21.033969 | EW48: 0.029352525 | EX48: 1.8886447 | EZ48: 19.91619 | FD48: 36.95263 | FE48: 22.229946 | FH48: 0.00055266964
A49: 38322 | E49: 0.028881028 | F49: 7.5037679 | H49: 10.871243 | I49: 26.502561 | P49: 28.783964 | V49: 230.70667 | X49: 777.42359 | Z49: 0.0084332093 | AB49: 0.0057109299 | AD49: 22.593816 | AG49: 0.021727151 | AH49: 2.1085053 | AI49: 0.0060673785 | AM49: 0.025779146 | AP49: 0.9095752 | AQ49: 0.034536242 | AR49: 3.8883988 | AT49: 8.2043402 | AU49: 0.46608063 | AV49: 17.498246 | AZ49: 47.406821 | BA49: 0.56184428 | BC49: 29.26135 | BD49: 30.483322 | BF49: 0.38788808 | BH49: 28.5555 | BI49: 4.1780868 | BJ49: 29.176908 | BK49: 8.1196655 | BP49: 0.25810948 | BQ49: 2.1220981 | BR49: 2.2147304 | BS49: 0.12936919 | BT49: 0.35260664 | BU49: 0.31991555 | BV49: 0.001113389 | BW49: 0.00012285947 | BY49: 25.472845 | BZ49: 4.2794849 | CA49: 29.283099 | CB49: 0.1363565 | CC49: 0.24032019 | CG49: 0.01812244 | CI49: 22.542031 | CN49: 24.912582 | CO49: 28.353617 | CP49: 1.7853951 | CQ49: 0.0056560248 | CS49: 5.937605 | CT49: 1.0637105 | CX49: 0.39981585 | CY49: 1.3592754 | CZ49: 0.43412368 | DD49: 0.33313159 | DH49: 29.169385 | DL49: 0.48910162 | DM49: 3.4702091 | DN49: 45.323165 | DP49: 17.875506 | DT49: 8.2866854 | DU49: 29.867348 | DW49: 5.6072362 | DX49: 0.53541085 | DY49: 0.023325549 | DZ49: 4.0187321 | EA49: 0.034616504 | EF49: 44.603757 | EG49: 28.289924 | EH49: 1.6403511 | EJ49: 26.871574 | EM49: 7.6122127 | EN49: 7.706165 | EO49: 7.9564839 | EQ49: 10.896596 | ER49: 22.063598 | EW49: 0.031574502 | EX49: 1.9581467 | EZ49: 21.304786 | FD49: 39.630054 | FE49: 22.806753 | FH49: 0.00057381662
A50: 38353 | B50: 0.26530814 | D50: 0.38609258 | E50: 0.027936364 | F50: 7.1897392 | H50: 10.428102 | I50: 24.925367 | J50: 15.370509 | O50: 8.999912 | P50: 27.122046 | S50: 1.5648083 | T50: 13.791027 | V50: 224.91057 | X50: 736.67423 | Z50: 0.0083095311 | AB50: 0.0055042529 | AD50: 21.565722 | AG50: 0.020872364 | AH50: 2.0369079 | AI50: 0.0059946836 | AM50: 0.025048319 | AN50: 3.4318039 | AP50: 0.87119475 | AQ50: 0.032807208 | AR50: 3.6457044 | AT50: 7.8531234 | AU50: 0.43525568 | AV50: 16.844372 | AZ50: 44.446178 | BA50: 0.54658496 | BC50: 27.354209 | BD50: 28.485062 | BF50: 0.37448337 | BG50: 9.6497136 | BH50: 26.627718 | BI50: 4.2529971 | BJ50: 27.484259 | BK50: 7.8055331 | BL50: 1.2946129 | BO50: 0.091135643 | BP50: 0.24946589 | BQ50: 2.0467426 | BR50: 2.1151429 | BS50: 0.12226238 | BT50: 0.33928739 | BU50: 0.31175305 | BV50: 0.0010906575 | BW50: 0.00011916074 | BY50: 23.737551 | BZ50: 4.0519557 | CA50: 27.515325 | CB50: 0.1311613 | CC50: 0.23006142 | CE50: 0.059114079 | CG50: 0.017788499 | CI50: 21.297532 | CK50: 2.1641296 | CN50: 23.402361 | CO50: 26.404322 | CP50: 1.7161722 | CQ50: 0.005649181 | CS50: 5.7177313 | CT50: 1.017644 | CV50: 26.009245 | CX50: 0.38641432 | CY50: 1.3000456 | CZ50: 0.42168319 | DD50: 0.33433893 | DF50: 2.587001 | DH50: 27.517123 | DI50: 1.2724536 | DK50: 0.013309874 | DL50: 0.46474677 | DM50: 3.2551586 | DN50: 43.361465 | DP50: 17.232659 | DQ50: 0.0019770278 | DT50: 7.9442837 | DU50: 27.936892 | DW50: 5.3968723 | DX50: 0.52733449 | DY50: 0.022968212 | DZ50: 3.8552334 | EA50: 0.03230729 | EE50: 10.006823 | EF50: 42.602485 | EG50: 26.410907 | EH50: 1.5252542 | EJ50: 25.036697 | EL50: 7.4855631 | EM50: 7.234141 | EN50: 7.4917112 | EO50: 7.7302875 | EP50: 2.8895443 | EQ50: 10.110917 | ER50: 20.710063 | EW50: 0.03057998 | EX50: 1.8890064 | EY50: 13.614555 | EZ50: 21.276275 | FB50: 2.2376648 | FD50: 37.014529 | FE50: 21.946947 | FF50: 0.25239183 | FH50: 0.00055564296
A51: 38384 | B51: 0.267993 | D51: 0.39033432 | E51: 0.028555333 | F51: 7.238082 | H51: 10.542516 | I51: 24.971968 | J51: 15.680941 | O51: 9.166528 | P51: 27.271696 | Q51: 10.294046 | S51: 1.5745292 | T51: 13.716608 | V51: 236.15203 | X51: 742.23244 | Z51: 0.0083507689 | AA51: 0.22272915 | AB51: 0.005558655 | AD51: 21.545185 | AG51: 0.021016439 | AH51: 2.0879018 | AI51: 0.0061566061 | AL51: 0.033838467 | AM51: 0.025317649 | AN51: 3.474753 | AP51: 0.88238194 | AQ51: 0.032840394 | AR51: 3.6756654 | AT51: 7.9449321 | AU51: 0.45610468 | AV51: 17.00694 | AZ51: 44.658101 | BA51: 0.55317583 | BC51: 27.515718 | BD51: 28.626566 | BF51: 0.38439843 | BG51: 9.6906484 | BH51: 26.71347 | BI51: 4.3066119 | BJ51: 27.121871 | BK51: 7.8707038 | BL51: 1.3210167 | BO51: 0.090625826 | BP51: 0.25451792 | BQ51: 2.0779108 | BR51: 2.1351473 | BS51: 0.12402848 | BT51: 0.34593072 | BU51: 0.31384634 | BV51: 0.0010915137 | BW51: 0.00012118001 | BY51: 23.90754 | BZ51: 4.0935806 | CA51: 27.571185 | CB51: 0.1324955 | CC51: 0.22887155 | CE51: 0.05987052 | CG51: 0.018261867 | CI51: 21.474529 | CK51: 2.1354968 | CN51: 23.416202 | CO51: 26.788284 | CP51: 1.7412722 | CQ51: 0.0056209027 | CS51: 5.7630827 | CT51: 1.0241232 | CV51: 26.133868 | CX51: 0.38704563 | CY51: 1.3258061 | CZ51: 0.43222404 | DD51: 0.34111589 | DF51: 2.5775864 | DH51: 27.656453 | DI51: 1.2919683 | DK51: 0.013590647 | DL51: 0.4653972 | DM51: 3.2149263 | DN51: 43.599994 | DP51: 17.437054 | DQ51: 0.0019921421 | DT51: 8.0523463 | DU51: 27.892898 | DW51: 5.6273143 | DX51: 0.53676798 | DY51: 0.023438448 | DZ51: 3.8779657 | EA51: 0.032296791 | EE51: 10.150792 | EF51: 42.684989 | EG51: 26.531779 | EH51: 1.5036756 | EJ51: 25.072663 | EL51: 7.5297046 | EM51: 7.356372 | EN51: 7.5576756 | EO51: 7.7618049 | EP51: 2.9112393 | EQ51: 10.104606 | ER51: 20.491564 | EW51: 0.03063258 | EX51: 1.9206364 | EY51: 13.663837 | EZ51: 22.091999 | FB51: 2.2741701 | FD51: 37.438863 | FE51: 22.226081 | FF51: 0.26023893 | FH51: 0.00057430492
A52: 38412 | B52: 0.26959819 | D52: 0.38508032 | E52: 0.028464694 | F52: 7.1016956 | H52: 10.306367 | I52: 24.880396 | J52: 15.752441 | O52: 9.1013633 | P52: 27.208617 | S52: 1.5379623 | T52: 13.672733 | V52: 223.03044 | X52: 737.96831 | Z52: 0.0081067509 | AA52: 0.22118414 | AB52: 0.0055420578 | AD52: 21.587194 | AG52: 0.020216446 | AH52: 2.0222488 | AI52: 0.0060295118 | AL52: 0.033192602 | AM52: 0.024783602 | AN52: 3.5009359 | AP52: 0.87806704 | AQ52: 0.032650402 | AR52: 3.6669503 | AT52: 7.818076 | AU52: 0.45516539 | AV52: 16.665539 | AZ52: 44.565276 | BA52: 0.54917264 | BC52: 27.359745 | BD52: 28.55829 | BF52: 0.37513073 | BG52: 9.485686 | BH52: 26.597825 | BI52: 4.2318114 | BJ52: 27.498138 | BK52: 7.6814698 | BL52: 1.3145111 | BO52: 0.088771209 | BP52: 0.24927696 | BQ52: 2.0425082 | BR52: 2.0867899 | BS52: 0.12287717 | BT52: 0.35237638 | BU52: 0.30666314 | BV52: 0.0010696141 | BW52: 0.000120637 | BY52: 23.765974 | BZ52: 4.0333327 | CA52: 27.419499 | CB52: 0.13118372 | CC52: 0.22346222 | CE52: 0.058685254 | CG52: 0.018222265 | CI52: 21.412243 | CK52: 2.1187674 | CN52: 23.318267 | CO52: 26.605503 | CP52: 1.7027933 | CQ52: 0.0054235467 | CS52: 5.6325588 | CT52: 0.99579593 | CV52: 26.028469 | CX52: 0.3776238 | CY52: 1.3036771 | CZ52: 0.42258348 | DD52: 0.31421304 | DF52: 2.3999981 | DH52: 27.671548 | DI52: 1.2698403 | DK52: 0.013516155 | DL52: 0.46056491 | DM52: 3.2543375 | DN52: 42.367106 | DP52: 17.158861 | DQ52: 0.001982243 | DT52: 7.9567252 | DU52: 27.746204 | DW52: 5.6504235 | DX52: 0.53852516 | DY52: 0.023558785 | DZ52: 3.7901364 | EA52: 0.031900678 | EE52: 9.9353459 | EF52: 42.283221 | EG52: 26.595722 | EH52: 1.4982253 | EJ52: 25.052401 | EL52: 7.5137234 | EM52: 7.2368317 | EN52: 7.4211857 | EO52: 7.6038891 | EP52: 2.84868 | EQ52: 10.033162 | ER52: 20.379325 | EW52: 0.030321629 | EX52: 1.8888543 | EY52: 13.432057 | EZ52: 21.676902 | FB52: 2.2633527 | FD52: 37.081419 | FE52: 21.892584 | FF52: 0.24945468 | FH52: 0.00056111314
A53: 38443 | B53: 0.26847653 | D53: 0.38465684 | E53: 0.028852858 | F53: 7.1164523 | H53: 10.448744 | I53: 24.395959 | J53: 16.117597 | O53: 9.1778991 | P53: 26.793167 | S53: 1.5346756 | T53: 13.339167 | V53: 236.49811 | X53: 733.12459 | Z53: 0.0083038493 | AA53: 0.21756961 | AB53: 0.0055980462 | AD53: 21.351392 | AG53: 0.02065973 | AH53: 2.0211182 | AI53: 0.0060802604 | AL53: 0.032335227 | AM53: 0.024927142 | AN53: 3.4614119 | AP53: 0.85470849 | AQ53: 0.032162505 | AR53: 3.614185 | AT53: 7.8746708 | AU53: 0.45851799 | AV53: 16.846236 | AZ53: 43.977309 | BA53: 0.55850741 | BC53: 26.907646 | BD53: 28.112807 | BF53: 0.38525348 | BG53: 9.5817207 | BH53: 26.075524 | BI53: 4.2839668 | BJ53: 27.22313 | BK53: 7.7140293 | BL53: 1.3274934 | BO53: 0.089499802 | BP53: 0.24815994 | BQ53: 2.0605759 | BR53: 2.0985165 | BS53: 0.12036788 | BT53: 0.34055687 | BU53: 0.309397 | BV53: 0.0010586682 | BW53: 0.00012443834 | BY53: 23.478053 | BZ53: 4.0266438 | CA53: 26.982126 | CB53: 0.13394959 | CC53: 0.21996518 | CE53: 0.058803482 | CG53: 0.018222904 | CI53: 21.255989 | CK53: 2.0592276 | CN53: 22.991292 | CO53: 26.232641 | CP53: 1.703811 | CQ53: 0.0052874182 | CS53: 5.6577899 | CT53: 1.0088919 | CV53: 25.681723 | CX53: 0.37627107 | CY53: 1.3122773 | CZ53: 0.42913658 | DD53: 0.30762477 | DF53: 2.4843075 | DH53: 27.235183 | DI53: 1.289262 | DK53: 0.013782035 | DL53: 0.45264261 | DM53: 3.2160311 | DN53: 42.532808 | DP53: 17.251018 | DQ53: 0.0020124423 | DT53: 7.621126 | DU53: 27.44594 | DW53: 5.6707836 | DX53: 0.54187711 | DY53: 0.02386531 | DZ53: 3.7917552 | EA53: 0.031228468 | EE53: 9.8854908 | EF53: 41.639112 | EG53: 26.139754 | EH53: 1.4582642 | EJ53: 24.968413 | EL53: 7.5539544 | EM53: 7.3213929 | EN53: 7.5019282 | EO53: 7.7787692 | EP53: 2.862421 | EQ53: 9.7886693 | ER53: 20.20588 | EW53: 0.030062854 | EX53: 1.9002769 | EY53: 13.3232 | EZ53: 21.06646 | FB53: 2.326904 | FD53: 37.100931 | FE53: 22.093776 | FF53: 0.25582469 | FH53: 0.00056579022
A54: 38473 | B54: 0.26256466 | D54: 0.36943368 | E54: 0.028176714 | F54: 6.9995307 | H54: 10.338604 | I54: 23.494663 | J54: 15.750948 | O54: 9.0625329 | P54: 25.817543 | Q54: 10.10098 | S54: 1.5147761 | T54: 12.831411 | V54: 245.0552 | X54: 700.90787 | Z54: 0.008246225 | AA54: 0.20902463 | AB54: 0.0055615042 | AD54: 20.631083 | AG54: 0.02038891 | AH54: 1.9779062 | AI54: 0.0060143166 | AL54: 0.031163137 | AM54: 0.024610157 | AN54: 3.3663931 | AP54: 0.82079052 | AQ54: 0.030994981 | AR54: 3.4801759 | AT54: 7.7071951 | AU54: 0.44263247 | AV54: 16.548025 | AZ54: 42.402648 | BA54: 0.54917831 | BC54: 25.81011 | BD54: 27.065586 | BF54: 0.38303077 | BG54: 9.3012475 | BH54: 25.141581 | BI54: 4.1591913 | BJ54: 26.267707 | BK54: 7.5974973 | BL54: 1.3106045 | BO54: 0.087881135 | BP54: 0.24489305 | BQ54: 2.0240108 | BR54: 2.0567622 | BS54: 0.11468507 | BT54: 0.31930595 | BU54: 0.30399526 | BV54: 0.0010475732 | BW54: 0.00012072136 | BY54: 22.64967 | BZ54: 3.9631158 | CA54: 26.041297 | CB54: 0.13404241 | CC54: 0.21681827 | CE54: 0.058007543 | CG54: 0.018006518 | CI54: 20.594026 | CK54: 1.960448 | CN54: 22.190791 | CO54: 25.272102 | CP54: 1.6813664 | CQ54: 0.0051029486 | CS54: 5.5927979 | CT54: 0.99302099 | CV54: 24.806782 | CX54: 0.36799748 | CY54: 1.2992323 | CZ54: 0.42173224 | DD54: 0.2562685 | DF54: 2.3565912 | DH54: 26.187333 | DI54: 1.2695294 | DK54: 0.013773582 | DL54: 0.43792215 | DM54: 3.1402584 | DN54: 42.012784 | DP54: 16.866845 | DQ54: 0.0020117486 | DT54: 7.2978676 | DU54: 26.515522 | DW54: 5.4848694 | DX54: 0.53369072 | DY54: 0.023344488 | DZ54: 3.7181228 | EA54: 0.030126737 | EE54: 9.6901806 | EF54: 40.091457 | EG54: 25.232041 | EH54: 1.3839842 | EJ54: 24.067817 | EL54: 7.4237293 | EM54: 7.2254861 | EN54: 7.3698831 | EO54: 7.8046794 | EP54: 2.799307 | EQ54: 9.3958159 | ER54: 19.395383 | EW54: 0.029545238 | EX54: 1.8661937 | EY54: 12.864056 | EZ54: 20.735027 | FB54: 2.3603028 | FD54: 35.794843 | FE54: 21.64247 | FF54: 0.25831511 | FH54: 0.00055662695
A55: 38504 | B55: 0.26538777 | D55: 0.36875144 | E55: 0.028592732 | F55: 7.0778113 | H55: 10.446471 | I55: 22.760193 | J55: 15.762249 | O55: 9.1496405 | P55: 25.009981 | S55: 1.5502445 | T55: 12.409976 | V55: 250.94922 | X55: 669.14099 | Z55: 0.0084227329 | AA55: 0.20338891 | AB55: 0.0055792983 | AD55: 21.088774 | AG55: 0.020381555 | AH55: 1.9774698 | AI55: 0.0061049646 | AL55: 0.0300771 | AM55: 0.024744034 | AN55: 3.2478114 | AP55: 0.80272953 | AQ55: 0.030043759 | AR55: 3.3670096 | AT55: 7.7852415 | AU55: 0.44366209 | AV55: 16.689651 | AZ55: 41.221973 | BA55: 0.57040069 | BC55: 24.953351 | BD55: 26.170744 | BF55: 0.39144755 | BG55: 9.2719933 | BH55: 24.309041 | BI55: 4.2137225 | BJ55: 25.316437 | BK55: 7.7368204 | BL55: 1.3258422 | BO55: 0.089057589 | BP55: 0.25023089 | BQ55: 2.0533733 | BR55: 2.0829165 | BS55: 0.11237928 | BT55: 0.32241533 | BU55: 0.30687369 | BV55: 0.0010437938 | BW55: 0.00012025862 | BY55: 21.935447 | BZ55: 3.9005281 | CA55: 25.151683 | CB55: 0.1370322 | CC55: 0.21417534 | CE55: 0.057651832 | CG55: 0.017938044 | CI55: 20.00725 | CK55: 1.8683115 | CN55: 21.463165 | CO55: 24.420671 | CP55: 1.7148437 | CQ55: 0.0048859624 | CS55: 5.6479648 | CT55: 0.99602661 | CV55: 23.950413 | CX55: 0.36920582 | CY55: 1.3272421 | CZ55: 0.42183345 | DD55: 0.25002365 | DF55: 2.2344878 | DH55: 25.209394 | DI55: 1.2834827 | DK55: 0.014112986 | DL55: 0.42395621 | DM55: 3.1063662 | DN55: 42.647588 | DP55: 17.015638 | DQ55: 0.0020637666 | DT55: 7.2419051 | DU55: 25.615959 | DW55: 5.3225483 | DX55: 0.53022969 | DY55: 0.023470285 | DZ55: 3.7548514 | EA55: 0.029361842 | EE55: 9.5588171 | EF55: 38.84092 | EG55: 24.384955 | EH55: 1.3103145 | EJ55: 23.29979 | EL55: 7.4780444 | EM55: 7.2860354 | EN55: 7.4689056 | EO55: 8.137081 | EP55: 2.8394826 | EQ55: 9.0008301 | ER55: 18.824038 | EW55: 0.028509437 | EX55: 1.8866484 | EY55: 12.607736 | EZ55: 21.068994 | FB55: 2.3910603 | FD55: 35.332153 | FE55: 21.823414 | FF55: 0.26357218 | FH55: 0.00056249054
A56: 38534 | B56: 0.26152034 | D56: 0.36106292 | E56: 0.028199832 | F56: 6.9070959 | H56: 10.22919 | I56: 21.958108 | J56: 15.237229 | O56: 9.0054524 | P56: 24.296432 | S56: 1.5079584 | T56: 11.992535 | V56: 249.67076 | X56: 646.80846 | Z56: 0.0087434955 | AA56: 0.19928077 | AB56: 0.0054497568 | AD56: 20.915107 | AG56: 0.02035105 | AH56: 1.9408481 | AI56: 0.0059826978 | AL56: 0.029050168 | AM56: 0.024294796 | AN56: 3.1292353 | AP56: 0.77402467 | AQ56: 0.029012325 | AR56: 3.2408337 | AT56: 7.6189225 | AU56: 0.4359145 | AV56: 16.263233 | AZ56: 39.952728 | BA56: 0.56287527 | BC56: 24.001633 | BD56: 25.236327 | BF56: 0.3877365 | BG56: 8.8871519 | BH56: 23.577539 | BI56: 4.1398692 | BJ56: 24.148685 | BK56: 7.5774346 | BL56: 1.3105236 | BO56: 0.087556749 | BP56: 0.23311365 | BQ56: 2.0211538 | BR56: 2.0361963 | BS56: 0.10971631 | BT56: 0.31527624 | BU56: 0.30492745 | BV56: 0.0010092791 | BW56: 0.0001164279 | BY56: 21.183569 | BZ56: 3.7751074 | CA56: 24.385194 | CB56: 0.1350001 | CC56: 0.2026507 | CE56: 0.055751625 | CG56: 0.017127435 | CI56: 19.314804 | CK56: 1.8396732 | CN56: 20.687638 | CO56: 23.434143 | CP56: 1.6849892 | CQ56: 0.0049320814 | CS56: 5.5299972 | CT56: 0.97963779 | CV56: 22.93689 | CX56: 0.36034531 | CY56: 1.3175531 | CZ56: 0.40753704 | DD56: 0.24997518 | DF56: 2.2150529 | DH56: 24.30793 | DI56: 1.25803 | DK56: 0.014796373 | DL56: 0.40662413 | DM56: 2.9829943 | DN56: 41.73759 | DP56: 16.67124 | DQ56: 0.0020585536 | DT56: 6.9253704 | DU56: 24.812369 | DW56: 5.2600866 | DX56: 0.51652349 | DY56: 0.022978545 | DZ56: 3.6757043 | EA56: 0.028789291 | EE56: 9.3678693 | EF56: 37.423347 | EG56: 23.71295 | EH56: 1.2963156 | EJ56: 22.363468 | EL56: 7.3285092 | EM56: 7.2019706 | EN56: 7.3162503 | EO56: 8.4737143 | EP56: 2.8003522 | EQ56: 8.5182042 | ER56: 17.857035 | EW56: 0.027747225 | EX56: 1.864329 | EY56: 12.159711 | EZ56: 20.791379 | FB56: 2.3437941 | FD56: 33.230143 | FE56: 21.397549 | FF56: 0.25674572 | FH56: 0.00055092658
A57: 38565 | B57: 0.26810734 | D57: 0.36321752 | E57: 0.028981173 | F57: 7.0220029 | H57: 10.414912 | I57: 22.782125 | J57: 15.522591 | O57: 9.1246107 | P57: 25.235038 | Q57: 10.246737 | S57: 1.5410898 | T57: 12.400496 | V57: 255.4785 | X57: 675.0322 | Z57: 0.0084945898 | AA57: 0.20966635 | AB57: 0.0056386679 | AD57: 21.660417 | AG57: 0.021843035 | AH57: 2.0071144 | AI57: 0.0061236273 | AL57: 0.030060296 | AM57: 0.024836861 | AN57: 3.2277326 | AP57: 0.81831185 | AQ57: 0.030321228 | AR57: 3.3596578 | AT57: 7.7524224 | AU57: 0.4477292 | AV57: 16.498998 | AZ57: 41.57131 | BA57: 0.57490506 | BC57: 25.002349 | BD57: 26.284758 | BF57: 0.3951099 | BG57: 9.1453241 | BH57: 24.488717 | BI57: 4.2425943 | BJ57: 24.942837 | BK57: 7.7344871 | BL57: 1.3364925 | BO57: 0.091709197 | BP57: 0.23273104 | BQ57: 2.0698558 | BR57: 2.0666841 | BS57: 0.11408347 | BT57: 0.32793849 | BU57: 0.31032269 | BV57: 0.0010137077 | BW57: 0.00011819961 | BY57: 22.067984 | BZ57: 3.8900133 | CA57: 25.339977 | CB57: 0.13634405 | CC57: 0.20836104 | CE57: 0.056814631 | CG57: 0.017731413 | CI57: 20.018408 | CK57: 1.9491721 | CN57: 21.48357 | CO57: 24.638606 | CP57: 1.7205268 | CQ57: 0.0052143983 | CS57: 5.7015548 | CT57: 0.99233614 | CV57: 23.812548 | CX57: 0.36285641 | CY57: 1.3430739 | CZ57: 0.41496465 | DD57: 0.25494935 | DF57: 2.3453692 | DG57: 0.10411261 | DH57: 25.336431 | DI57: 1.2811659 | DK57: 0.015477062 | DL57: 0.41914002 | DM57: 3.1003234 | DN57: 42.458727 | DP57: 16.9377 | DQ57: 0.0020945558 | DT57: 7.2696341 | DU57: 25.771827 | DW57: 5.5545066 | DX57: 0.52796808 | DY57: 0.023653561 | DZ57: 3.7382065 | EA57: 0.030213902 | EE57: 9.6754484 | EF57: 38.797902 | EG57: 24.444765 | EH57: 1.3704159 | EJ57: 23.304686 | EL57: 7.4555059 | EM57: 7.2246061 | EN57: 7.4331873 | EO57: 8.763936 | EP57: 2.8828923 | EQ57: 8.9382498 | ER57: 18.606879 | EW57: 0.028230468 | EX57: 1.8990168 | EY57: 12.541104 | EZ57: 21.168302 | FB57: 2.3827766 | FD57: 34.672858 | FE57: 21.850806 | FF57: 0.26429053 | FH57: 0.0005617941
A58: 38596 | B58: 0.27206677 | D58: 0.3626627 | E58: 0.029129324 | F58: 7.0336772 | H58: 10.368482 | I58: 22.632474 | J58: 15.794828 | O58: 9.0725897 | P58: 25.045894 | S58: 1.5359427 | T58: 12.3902 | V58: 262.28945 | X58: 677.97027 | Z58: 0.0084461255 | AA58: 0.208246 | AB58: 0.00556297 | AD58: 22.206167 | AG58: 0.022340134 | AH58: 2.0122077 | AI58: 0.0061465039 | AL58: 0.029719468 | AM58: 0.024580945 | AN58: 3.1843416 | AP58: 0.81770833 | AQ58: 0.029995989 | AR58: 3.3570292 | AT58: 7.7426403 | AU58: 0.43460738 | AV58: 16.523587 | AZ58: 41.570685 | BA58: 0.58013826 | BC58: 24.912528 | BD58: 26.160556 | BF58: 0.39266982 | BG58: 9.3051758 | BH58: 24.305507 | BI58: 4.2864687 | BJ58: 25.273998 | BK58: 7.7337851 | BL58: 1.3340371 | BO58: 0.0915978 | BP58: 0.23573263 | BQ58: 2.0647671 | BR58: 2.0667437 | BS58: 0.11269135 | BT58: 0.33948676 | BU58: 0.30766788 | BV58: 0.00098980017 | BW58: 0.00011800348 | BY58: 22.056708 | BZ58: 3.8486879 | CA58: 25.123326 | CB58: 0.13906194 | CC58: 0.20720058 | CE58: 0.057459436 | CG58: 0.017578895 | CI58: 20.148359 | CK58: 1.9813295 | CN58: 21.482997 | CO58: 24.507782 | CP58: 1.7290698 | CQ58: 0.005125413 | CS58: 5.6657716 | CT58: 0.99093816 | CV58: 23.777486 | CX58: 0.35557123 | CY58: 1.3273235 | CZ58: 0.41780351 | DD58: 0.25017917 | DF58: 2.3863978 | DG58: 0.10349135 | DH58: 25.347474 | DI58: 1.2773285 | DK58: 0.015435387 | DL58: 0.41862977 | DM58: 3.139451 | DN58: 42.519739 | DP58: 16.988843 | DQ58: 0.0020731162 | DT58: 7.469192 | DU58: 25.600564 | DW58: 5.5281401 | DX58: 0.52836658 | DY58: 0.023764222 | DZ58: 3.724604 | EA58: 0.03029688 | EE58: 9.5295202 | EF58: 38.554889 | EG58: 24.490042 | EH58: 1.3860786 | EJ58: 23.247356 | EL58: 7.4280145 | EM58: 7.1455774 | EN58: 7.3709728 | EO58: 8.4250867 | EP58: 2.9989523 | EQ58: 8.9265132 | ER58: 18.55551 | EW58: 0.027449919 | EX58: 1.8937628 | EY58: 12.447764 | EZ58: 21.356703 | FB58: 2.3789022 | FD58: 34.848311 | FE58: 21.993176 | FF58: 0.26761897 | FH58: 0.00056281352
A59: 38626 | B59: 0.28308309 | D59: 0.37143063 | E59: 0.030104896 | F59: 7.2602051 | H59: 10.71179 | I59: 22.673302 | J59: 16.187329 | O59: 9.3524472 | P59: 25.021702 | S59: 1.5751025 | T59: 12.583566 | V59: 274.33293 | X59: 687.17379 | Z59: 0.008656021 | AA59: 0.20588508 | AB59: 0.0056311678 | AD59: 22.567226 | AG59: 0.02297083 | AH59: 2.0632137 | AI59: 0.0062949451 | AL59: 0.029962009 | AM59: 0.025248974 | AN59: 3.2311549 | AP59: 0.81415436 | AQ59: 0.029918118 | AR59: 3.3570474 | AT59: 7.9624865 | AU59: 0.42276758 | AV59: 16.928877 | AZ59: 41.574611 | BA59: 0.58715434 | BC59: 24.907805 | BD59: 26.17573 | BF59: 0.4029585 | BG59: 9.6518687 | BH59: 24.351288 | BI59: 4.4696361 | BJ59: 25.462991 | BK59: 8.0591289 | BL59: 1.3757639 | BO59: 0.09361126 | BP59: 0.24055551 | BQ59: 2.1077763 | BR59: 2.1148606 | BS59: 0.11022255 | BT59: 0.35410056 | BU59: 0.31119339 | BV59: 0.0011125494 | BW59: 0.00012085245 | BY59: 22.104082 | BZ59: 3.8869548 | CA59: 25.202651 | CB59: 0.14244786 | CC59: 0.2046159 | CE59: 0.059462655 | CG59: 0.017621946 | CI59: 20.327967 | CK59: 1.9556333 | CN59: 21.639363 | CO59: 24.663657 | CP59: 1.7738757 | CQ59: 0.0051446923 | CS59: 5.7892171 | CT59: 1.026203 | CV59: 24.202046 | CX59: 0.36161244 | CY59: 1.3519295 | CZ59: 0.43204963 | DD59: 0.24670589 | DF59: 2.3612493 | DG59: 0.10537801 | DH59: 25.347197 | DI59: 1.3107952 | DK59: 0.015320936 | DL59: 0.42193814 | DM59: 3.1352762 | DN59: 43.392041 | DP59: 17.444626 | DQ59: 0.0021501329 | DT59: 7.5067707 | DU59: 25.741046 | DW59: 5.4496838 | DX59: 0.53893424 | DY59: 0.023982742 | DZ59: 3.8178953 | EA59: 0.030794256 | EE59: 9.7111463 | EF59: 39.00024 | EG59: 24.554173 | EH59: 1.365014 | EJ59: 23.455183 | EL59: 7.591475 | EM59: 7.3160466 | EN59: 7.5669337 | EO59: 8.5634882 | EP59: 3.1985429 | EQ59: 8.8675871 | ER59: 18.756762 | EW59: 0.028065247 | EX59: 1.9462899 | EY59: 12.575669 | EZ59: 21.895691 | FB59: 2.4482606 | FD59: 34.749182 | FE59: 22.499227 | FF59: 0.27983992 | FH59: 0.00057618039
A60: 38657 | B60: 0.28055962 | D60: 0.36441302 | E60: 0.032599166 | F60: 7.1976727 | H60: 10.580536 | I60: 21.962312 | J60: 16.21129 | O60: 9.3122886 | P60: 24.301084 | Q60: 10.332171 | S60: 1.5682268 | T60: 12.266248 | V60: 278.83851 | X60: 674.20889 | Z60: 0.0087166815 | AA60: 0.19959202 | AB60: 0.0055822872 | AD60: 22.243144 | AG60: 0.022936773 | AH60: 2.0386414 | AI60: 0.0062767465 | AL60: 0.030063033 | AM60: 0.025243008 | AN60: 3.1522589 | AP60: 0.80096625 | AQ60: 0.029069053 | AR60: 3.2498332 | AT60: 7.8370909 | AU60: 0.40478769 | AV60: 16.794649 | AZ60: 40.334107 | BA60: 0.58060956 | BC60: 24.150847 | BD60: 25.379151 | BF60: 0.39951859 | BG60: 9.691042 | BH60: 23.582053 | BI60: 4.4355685 | BJ60: 24.687909 | BK60: 7.9971644 | BL60: 1.3751612 | BO60: 0.092850052 | BP60: 0.23998371 | BQ60: 2.0913157 | BR60: 2.0982557 | BS60: 0.1075185 | BT60: 0.3372721 | BU60: 0.30484043 | BV60: 0.0011188539 | BW60: 0.00012018221 | BY60: 21.417612 | BZ60: 3.7836115 | CA60: 24.504634 | CB60: 0.13735543 | CC60: 0.19569895 | CE60: 0.059126211 | CG60: 0.017463851 | CI60: 19.804768 | CK60: 1.9178005 | CN60: 21.028444 | CO60: 23.884231 | CP60: 1.7576096 | CQ60: 0.0050661442 | CS60: 5.7472409 | CT60: 1.0305666 | CV60: 23.645618 | CX60: 0.35831513 | CY60: 1.3663701 | CZ60: 0.43352553 | DD60: 0.22788423 | DF60: 2.3640205 | DG60: 0.10107632 | DH60: 24.562695 | DI60: 1.2892534 | DK60: 0.014857328 | DL60: 0.40804141 | DM60: 3.049077 | DN60: 43.166944 | DP60: 17.178434 | DQ60: 0.0021631868 | DT60: 7.1855322 | DU60: 25.113515 | DW60: 5.2779529 | DX60: 0.53379958 | DY60: 0.023537527 | DZ60: 3.7925856 | EA60: 0.029075603 | EE60: 9.5579553 | EF60: 37.890486 | EG60: 23.746238 | EH60: 1.3345983 | EJ60: 22.822262 | EL60: 7.6036118 | EM60: 7.3880351 | EN60: 7.4635065 | EO60: 8.6476778 | EP60: 3.2008876 | EQ60: 8.4690342 | ER60: 18.219596 | EW60: 0.027350461 | EX60: 1.9443781 | EY60: 12.186891 | EZ60: 21.960978 | FB60: 2.4537523 | FD60: 33.858648 | FE60: 22.104377 | FF60: 0.27767388 | FH60: 0.00057282683
A61: 38687 | B61: 0.28263422 | D61: 0.37509617 | E61: 0.034345377 | F61: 7.2824279 | H61: 10.678139 | I61: 22.491503 | J61: 16.814141 | O61: 9.5990615 | P61: 24.784643 | S61: 1.5990488 | T61: 12.540058 | V61: 274.47248 | X61: 693.43281 | Z61: 0.0089369923 | AA61: 0.2053114 | AB61: 0.0057183459 | AD61: 22.922379 | AG61: 0.023879633 | AH61: 2.0775314 | AI61: 0.0063708164 | AL61: 0.030398718 | AM61: 0.025682204 | AN61: 3.2223889 | AP61: 0.8238013 | AQ61: 0.029633904 | AR61: 3.3258981 | AT61: 7.9747178 | AU61: 0.41623069 | AV61: 17.07997 | AZ61: 41.082921 | BA61: 0.58353118 | BC61: 24.634331 | BD61: 25.919482 | BF61: 0.4075483 | BG61: 10.060806 | BH61: 24.235792 | BI61: 4.4824184 | BJ61: 25.302839 | BK61: 8.1610623 | BL61: 1.3936989 | BO61: 0.094365826 | BP61: 0.24546868 | BQ61: 2.1296845 | BR61: 2.1310232 | BS61: 0.10905075 | BT61: 0.34440649 | BU61: 0.30799621 | BV61: 0.0011600444 | BW61: 0.000123191 | BY61: 21.846378 | BZ61: 3.9043778 | CA61: 24.995201 | CB61: 0.13875757 | CC61: 0.19824944 | CE61: 0.060590901 | CG61: 0.018060611 | CI61: 20.179362 | CK61: 2.0552864 | CL61: 0.11330514 | CN61: 21.465254 | CO61: 24.318391 | CP61: 1.7897256 | CQ61: 0.0051740771 | CS61: 5.8347942 | CT61: 1.0247 | CV61: 24.121921 | CX61: 0.3636385 | CY61: 1.4031761 | CZ61: 0.43994176 | DD61: 0.27378357 | DF61: 2.4606511 | DG61: 0.099719204 | DH61: 24.919533 | DI61: 1.3065248 | DK61: 0.014884652 | DL61: 0.41814738 | DM61: 3.0466388 | DN61: 43.697799 | DP61: 17.485137 | DQ61: 0.002185705 | DT61: 7.5312991 | DU61: 25.64149 | DW61: 5.405289 | DX61: 0.54465847 | DY61: 0.023888128 | DZ61: 3.8493769 | EA61: 0.029371255 | EE61: 9.8397424 | EF61: 38.707677 | EG61: 24.212825 | EH61: 1.4249715 | EJ61: 23.329293 | EL61: 7.8250887 | EM61: 7.5776336 | EN61: 7.5781561 | EO61: 8.6648729 | EP61: 3.2422397 | EQ61: 8.7616266 | ER61: 18.520399 | EW61: 0.027870777 | EX61: 1.9848069 | EY61: 12.54927 | EZ61: 22.486956 | FB61: 2.5125082 | FD61: 34.661711 | FE61: 22.322331 | FF61: 0.28060609 | FH61: 0.00058547317
A62: 38718 | B62: 0.28420812 | D62: 0.38125518 | E62: 0.03477979 | F62: 7.2897128 | H62: 10.730175 | I62: 22.96646 | J62: 17.076455 | O62: 9.7331788 | P62: 25.33923 | S62: 1.60755 | T62: 13.32458 | V62: 277.8537 | X62: 715.32056 | Z62: 0.0089940487 | AA62: 0.20766349 | AB62: 0.0057973918 | AD62: 23.153674 | AE62: 0.024801323 | AG62: 0.023466431 | AH62: 2.1096465 | AI62: 0.0064286154 | AL62: 0.031579004 | AM62: 0.025855283 | AN62: 3.3173616 | AP62: 0.86190748 | AQ62: 0.030459654 | AR62: 3.3821803 | AT62: 7.924713 | AU62: 0.40565414 | AV62: 17.183448 | AZ62: 42.351942 | BA62: 0.58921429 | BC62: 25.104205 | BD62: 26.466217 | BF62: 0.40548748 | BG62: 10.105702 | BH62: 24.692663 | BI62: 4.7074556 | BJ62: 25.833426 | BK62: 8.1696025 | BL62: 1.4062824 | BM62: 0.0010052515 | BO62: 0.095919737 | BP62: 0.2444884 | BQ62: 2.1402556 | BR62: 2.1369264 | BS62: 0.11239295 | BT62: 0.34995238 | BU62: 0.3164529 | BV62: 0.0012261362 | BW62: 0.00012389083 | BY62: 22.240015 | BZ62: 3.8872466 | CA62: 25.608289 | CB62: 0.13892805 | CC62: 0.2041908 | CD62: 22.009057 | CE62: 0.061558792 | CG62: 0.018875555 | CI62: 20.845911 | CK62: 2.1596362 | CL62: 0.10967213 | CN62: 22.043092 | CO62: 24.730777 | CP62: 1.8024971 | CQ62: 0.0052768062 | CS62: 5.8989828 | CT62: 1.019634 | CV62: 24.212243 | CX62: 0.37455432 | CY62: 1.4201793 | CZ62: 0.44836755 | DA62: 0.0042737173 | DD62: 0.28896585 | DF62: 2.6045038 | DG62: 0.10187539 | DH62: 25.381192 | DI62: 1.318704 | DK62: 0.014771346 | DL62: 0.43375631 | DM62: 3.0843998 | DN62: 43.941071 | DP62: 17.524087 | DQ62: 0.0022132008 | DT62: 7.774484 | DU62: 26.120927 | DW62: 5.6083475 | DX62: 0.56644551 | DY62: 0.024329387 | DZ62: 3.8619331 | EA62: 0.02996814 | EE62: 10.078132 | EF62: 40.37372 | EG62: 24.616879 | EH62: 1.4909973 | EJ62: 23.748859 | EL62: 7.9767458 | EM62: 7.5322009 | EN62: 7.6469063 | EO62: 8.6379643 | EP62: 3.2044404 | EQ62: 8.99921 | ER62: 18.906218 | EW62: 0.028932407 | EX62: 1.9937581 | EY62: 12.795882 | EZ62: 22.999843 | FB62: 2.5451256 | FD62: 34.991377 | FE62: 22.521064 | FF62: 0.27852523 | FH62: 0.00059265597
A63: 38749 | B63: 0.29015972 | D63: 0.38082311 | E63: 0.035245026 | F63: 7.3072454 | H63: 10.847924 | I63: 22.811091 | J63: 17.535929 | O63: 9.792788 | P63: 25.20265 | Q63: 10.63873 | S63: 1.6201288 | T63: 13.253048 | V63: 294.60984 | X63: 728.8869 | Z63: 0.0091725512 | AA63: 0.20939866 | AB63: 0.0058311024 | AD63: 23.371596 | AE63: 0.025044781 | AG63: 0.023483192 | AH63: 2.1330274 | AI63: 0.0065461071 | AL63: 0.032178337 | AM63: 0.026033967 | AN63: 3.3388088 | AP63: 0.8630166 | AQ63: 0.030293643 | AR63: 3.3790428 | AT63: 7.9559742 | AU63: 0.41145863 | AV63: 17.373339 | AZ63: 42.147878 | BA63: 0.59813745 | BC63: 25.059172 | BD63: 26.309774 | BF63: 0.4073037 | BG63: 10.098972 | BH63: 24.55761 | BI63: 4.7326692 | BJ63: 25.271458 | BK63: 8.1824924 | BL63: 1.414031 | BM63: 0.0010245821 | BO63: 0.097303729 | BP63: 0.24881703 | BQ63: 2.1631836 | BR63: 2.1372885 | BS63: 0.11120789 | BT63: 0.33476603 | BU63: 0.31818931 | BV63: 0.0012647982 | BW63: 0.00012562601 | BY63: 22.290885 | BZ63: 3.8589795 | CA63: 25.418522 | CB63: 0.13856045 | CC63: 0.20014319 | CD63: 21.976611 | CE63: 0.063556224 | CG63: 0.01931678 | CI63: 20.718686 | CK63: 2.18282 | CL63: 0.10952632 | CN63: 21.838893 | CO63: 24.89693 | CP63: 1.8147863 | CQ63: 0.0052228875 | CS63: 5.9716945 | CT63: 1.0317847 | CV63: 24.119272 | CX63: 0.37649845 | CY63: 1.4397615 | CZ63: 0.45331268 | DA63: 0.0043518053 | DD63: 0.29142367 | DF63: 2.5911235 | DG63: 0.10400546 | DH63: 25.232332 | DI63: 1.3375761 | DK63: 0.015150699 | DL63: 0.4327117 | DM63: 3.0718877 | DN63: 43.950054 | DP63: 17.55964 | DQ63: 0.0022737814 | DT63: 7.7695003 | DU63: 25.920055 | DW63: 5.7264405 | DX63: 0.58253644 | DY63: 0.025353387 | DZ63: 3.8771676 | EA63: 0.02978215 | EE63: 10.160197 | EF63: 40.218574 | EG63: 24.466546 | EH63: 1.4961598 | EJ63: 23.529201 | EL63: 8.0520292 | EM63: 7.5418875 | EN63: 7.6316865 | EO63: 8.8058467 | EP63: 3.2541172 | EQ63: 8.9248064 | ER63: 18.648058 | EW63: 0.028569315 | EX63: 2.0108882 | EY63: 12.515549 | EZ63: 23.282554 | FB63: 2.5994748 | FD63: 34.855864 | FE63: 22.655512 | FF63: 0.28094938 | FH63: 0.00060748874
A64: 38777 | B64: 0.28863426 | D64: 0.3811778 | E64: 0.035595363 | F64: 7.3397792 | H64: 10.852587 | I64: 23.081779 | J64: 17.856649 | O64: 9.8283143 | P64: 25.416986 | S64: 1.6212604 | T64: 13.381815 | V64: 297.83496 | X64: 737.37783 | Z64: 0.0094110584 | AA64: 0.21133938 | AB64: 0.0058528406 | AD64: 23.375393 | AE64: 0.02496755 | AG64: 0.023530885 | AH64: 2.1218837 | AI64: 0.0065876231 | AL64: 0.032214251 | AM64: 0.025988439 | AN64: 3.3651007 | AP64: 0.86337073 | AQ64: 0.030634659 | AR64: 3.4232571 | AT64: 7.971949 | AU64: 0.43272933 | AV64: 17.521655 | AZ64: 42.551292 | BA64: 0.6056194 | BC64: 25.356534 | BD64: 26.617765 | BF64: 0.40836049 | BG64: 10.055617 | BH64: 24.775213 | BI64: 4.723135 | BJ64: 26.091919 | BK64: 8.1389479 | BL64: 1.421925 | BM64: 0.0010253842 | BO64: 0.098177341 | BP64: 0.25518307 | BQ64: 2.1727894 | BR64: 2.1512122 | BS64: 0.10878392 | BT64: 0.3139695 | BU64: 0.31773799 | BV64: 0.001285002 | BW64: 0.00012718738 | BY64: 22.578237 | BZ64: 3.9006156 | CA64: 25.703529 | CB64: 0.13904445 | CC64: 0.20194301 | CD64: 22.010576 | CE64: 0.065509675 | CG64: 0.019372844 | CI64: 20.95379 | CK64: 2.1514511 | CL64: 0.11254265 | CN64: 22.086786 | CO64: 25.165451 | CP64: 1.8159818 | CQ64: 0.0051799087 | CS64: 6.1056708 | CT64: 1.0429975 | CV64: 24.638426 | CX64: 0.37911902 | CY64: 1.4141324 | CZ64: 0.45900353 | DA64: 0.0044723269 | DD64: 0.28899093 | DF64: 2.5504428 | DG64: 0.10413153 | DH64: 25.656543 | DI64: 1.3437419 | DK64: 0.01570991 | DL64: 0.43647775 | DM64: 3.1365514 | DN64: 44.150701 | DP64: 17.662183 | DQ64: 0.002377274 | DT64: 7.6602163 | DU64: 26.47972 | DW64: 5.8393725 | DX64: 0.5952286 | DY64: 0.025820473 | DZ64: 3.904223 | EA64: 0.030205584 | EE64: 10.195049 | EF64: 40.574948 | EG64: 24.889961 | EH64: 1.4744797 | EJ64: 23.905681 | EL64: 8.2562749 | EM64: 7.5490042 | EN64: 7.6540065 | EO64: 8.8606635 | EP64: 3.2657116 | EQ64: 9.0095456 | ER64: 18.662368 | EW64: 0.028700247 | EX64: 2.0226406 | EY64: 12.709518 | EZ64: 23.226188 | FB64: 2.5997611 | FD64: 34.919554 | FE64: 22.826675 | FF64: 0.28195373 | FH64: 0.00060604556
A65: 38808 | B65: 0.28486747 | D65: 0.38402338 | E65: 0.035362477 | F65: 7.2375631 | H65: 10.745844 | I65: 23.332031 | J65: 17.814631 | O65: 9.7715131 | P65: 25.689485 | S65: 1.6002462 | T65: 13.344645 | V65: 297.20147 | X65: 743.49544 | Z65: 0.0092572269 | AA65: 0.21387328 | AB65: 0.0058270836 | AD65: 23.434407 | AE65: 0.025915777 | AG65: 0.02384859 | AH65: 2.0998918 | AI65: 0.0063192349 | AL65: 0.032438274 | AM65: 0.025584839 | AN65: 3.3929482 | AP65: 0.87198667 | AQ65: 0.031022202 | AR65: 3.4619395 | AT65: 7.8545577 | AU65: 0.43575575 | AV65: 17.275461 | AZ65: 43.13207 | BA65: 0.59763358 | BC65: 25.63145 | BD65: 26.888268 | BF65: 0.4037275 | BG65: 10.123094 | BH65: 25.000417 | BI65: 4.6941488 | BJ65: 26.437893 | BK65: 8.0481884 | BL65: 1.4171715 | BM65: 0.00099836752 | BO65: 0.096116315 | BP65: 0.25665474 | BQ65: 2.1524965 | BR65: 2.1298484 | BS65: 0.10824881 | BT65: 0.29693687 | BU65: 0.31240228 | BV65: 0.0012954861 | BW65: 0.00012668007 | BY65: 22.891322 | BZ65: 3.9500436 | CA65: 25.934383 | CB65: 0.13802973 | CC65: 0.19973165 | CD65: 22.169021 | CE65: 0.065795827 | CG65: 0.01951983 | CI65: 21.203078 | CK65: 2.1800762 | CL65: 0.10962943 | CN65: 22.370334 | CO65: 25.391296 | CP65: 1.8056321 | CQ65: 0.005124268 | CS65: 6.0844135 | CT65: 1.0280242 | CV65: 25.072022 | CX65: 0.3717691 | CY65: 1.3555318 | CZ65: 0.45601951 | DA65: 0.0045044495 | DD65: 0.28422632 | DF65: 2.5914303 | DG65: 0.10176189 | DH65: 25.924423 | DI65: 1.3371853 | DK65: 0.01584534 | DL65: 0.43980916 | DM65: 3.2432343 | DN65: 43.761525 | DP65: 17.600979 | DQ65: 0.002386031 | DT65: 7.6517535 | DU65: 26.772606 | DW65: 5.9172819 | DX65: 0.59503271 | DY65: 0.025789855 | DZ65: 3.8505287 | EA65: 0.030302428 | EE65: 10.227677 | EF65: 40.903179 | EG65: 25.237683 | EH65: 1.4960402 | EJ65: 24.384981 | EL65: 8.1122518 | EM65: 7.4963631 | EN65: 7.5550838 | EO65: 8.7257698 | EP65: 3.2001486 | EQ65: 9.1729596 | ER65: 18.857027 | EW65: 0.029286528 | EX65: 2.0047838 | EY65: 12.748012 | EZ65: 23.169118 | FB65: 2.5517573 | FD65: 35.074254 | FE65: 22.6819 | FF65: 0.2812822 | FH65: 0.0005977145
A66: 38838 | B66: 0.28477024 | D66: 0.38751969 | E66: 0.03556842 | F66: 7.2334202 | H66: 10.850362 | I66: 24.248239 | J66: 17.927274 | O66: 9.7984533 | P66: 26.772058 | Q66: 10.605598 | S66: 1.6118446 | T66: 13.972319 | V66: 290.16814 | X66: 772.91411 | Z66: 0.0094208261 | AA66: 0.22563978 | AB66: 0.0058110645 | AD66: 24.214407 | AE66: 0.026768819 | AG66: 0.023693941 | AH66: 2.0933178 | AI66: 0.0061063788 | AL66: 0.033334105 | AM66: 0.025817532 | AN66: 3.5661624 | AP66: 0.91816343 | AQ66: 0.03235559 | AR66: 3.5946721 | AT66: 8.0378369 | AU66: 0.4318861 | AV66: 17.212292 | AZ66: 45.031847 | BA66: 0.61936814 | BC66: 26.637951 | BD66: 28.035452 | BF66: 0.40361683 | BG66: 10.428194 | BH66: 25.956566 | BI66: 4.6570961 | BJ66: 27.491442 | BK66: 8.0597733 | BL66: 1.4245691 | BM66: 0.0010488249 | BO66: 0.095786564 | BP66: 0.27547484 | BQ66: 2.1618464 | BR66: 2.1286996 | BS66: 0.11478345 | BT66: 0.31318501 | BU66: 0.3111161 | BV66: 0.0012784254 | BW66: 0.00012703153 | BY66: 23.891896 | BZ66: 4.0341476 | CA66: 27.009486 | CB66: 0.13782057 | CC66: 0.20973953 | CD66: 22.379012 | CE66: 0.068501996 | CG66: 0.019783599 | CI66: 22.284172 | CK66: 2.1197333 | CL66: 0.10933217 | CN66: 23.326434 | CO66: 26.453083 | CP66: 1.8121874 | CQ66: 0.0051986107 | CS66: 6.1620276 | CT66: 1.026665 | CV66: 26.165379 | CX66: 0.37219553 | CY66: 1.3397106 | CZ66: 0.45906789 | DA66: 0.0045569259 | DD66: 0.27847835 | DF66: 2.4902682 | DG66: 0.10215181 | DH66: 26.940928 | DI66: 1.3406306 | DK66: 0.015822665 | DL66: 0.46245379 | DM66: 3.3788324 | DN66: 43.892673 | DP66: 17.54432 | DQ66: 0.0024543611 | DT66: 8.0558161 | DU66: 27.915992 | DW66: 6.1631974 | DX66: 0.6078709 | DY66: 0.025709944 | DZ66: 3.8341734 | EA66: 0.031155904 | EE66: 10.344971 | EF66: 42.655166 | EG66: 26.431192 | EH66: 1.4387007 | EJ66: 25.408907 | EL66: 8.1361325 | EM66: 7.4863757 | EN66: 7.6135148 | EO66: 9.0873673 | EP66: 3.1994742 | EQ66: 9.5431734 | ER66: 19.863345 | EW66: 0.030765519 | EX66: 2.0251937 | EY66: 13.011202 | EZ66: 21.933541 | FB66: 2.5556391 | FD66: 37.221177 | FE66: 22.742503 | FF66: 0.28405469 | FH66: 0.00059850283
A67: 38869 | B67: 0.28264012 | D67: 0.38055219 | E67: 0.03593027 | F67: 7.2560401 | H67: 10.910227 | I67: 24.104725 | J67: 18.040319 | O67: 9.8592508 | P67: 26.584332 | S67: 1.6259826 | T67: 13.84629 | V67: 281.21447 | X67: 755.75881 | Z67: 0.0094373067 | AA67: 0.22594407 | AB67: 0.0059175681 | AD67: 24.135273 | AE67: 0.026972889 | AG67: 0.022937827 | AH67: 2.090069 | AI67: 0.005839957 | AL67: 0.03325231 | AM67: 0.025984062 | AN67: 3.5605853 | AP67: 0.91021534 | AQ67: 0.032420714 | AR67: 3.5775691 | AT67: 8.0365549 | AU67: 0.43345318 | AV67: 17.215578 | AZ67: 44.876589 | BA67: 0.63218537 | BC67: 26.480293 | BD67: 27.842119 | BF67: 0.40504726 | BG67: 10.572574 | BH67: 25.83253 | BI67: 4.6629986 | BJ67: 27.271013 | BK67: 8.1326308 | BL67: 1.4315118 | BM67: 0.0010636016 | BO67: 0.096903542 | BP67: 0.2781725 | BQ67: 2.1737394 | BR67: 2.1378643 | BS67: 0.11036311 | BT67: 0.30489179 | BU67: 0.31258166 | BV67: 0.0012444509 | BW67: 0.00012935575 | BY67: 23.789251 | BZ67: 4.0512446 | CA67: 26.843896 | CB67: 0.13964636 | CC67: 0.20489145 | CD67: 22.39003 | CE67: 0.070524192 | CG67: 0.01950923 | CI67: 22.190383 | CK67: 1.9279902 | CL67: 0.10953546 | CN67: 23.220731 | CO67: 26.289296 | CP67: 1.8222531 | CQ67: 0.0052220556 | CS67: 6.1040731 | CT67: 1.0337439 | CV67: 25.897985 | CX67: 0.3784534 | CY67: 1.3075469 | CZ67: 0.45409147 | DA67: 0.0046112728 | DD67: 0.28004681 | DF67: 2.2905733 | DG67: 0.1002832 | DH67: 26.658868 | DI67: 1.3430606 | DK67: 0.015830095 | DL67: 0.45671952 | DM67: 3.3234162 | DN67: 43.980338 | DP67: 17.621268 | DQ67: 0.0024449404 | DT67: 7.7415104 | DU67: 27.71044 | DW67: 6.0638261 | DX67: 0.61276813 | DY67: 0.025983063 | DZ67: 3.8475426 | EA67: 0.031106513 | EE67: 10.219894 | EF67: 42.392072 | EG67: 26.174387 | EH67: 1.3110317 | EJ67: 25.271886 | EL67: 8.1454332 | EM67: 7.5287936 | EN67: 7.6669938 | EO67: 9.6175675 | EP67: 3.2622183 | EQ67: 9.5727572 | ER67: 19.670619 | EW67: 0.030474256 | EX67: 2.0513698 | EY67: 12.916236 | EZ67: 20.459266 | FB67: 2.56688 | FD67: 36.882546 | FE67: 22.844309 | FF67: 0.28656009 | FH67: 0.00060173407
A68: 38899 | B68: 0.28116265 | D68: 0.37860888 | E68: 0.036326658 | F68: 7.2860007 | H68: 10.953005 | I68: 24.192728 | J68: 18.137141 | O68: 9.932191 | P68: 26.798131 | S68: 1.6383964 | T68: 13.828695 | V68: 289.91389 | X68: 755.80167 | Z68: 0.0091803894 | AA68: 0.22760077 | AB68: 0.0060066398 | AD68: 23.874891 | AE68: 0.026949173 | AG68: 0.023186176 | AH68: 2.0920709 | AI68: 0.0059471162 | AL68: 0.033343038 | AM68: 0.026133457 | AN68: 3.5428052 | AP68: 0.91639173 | AQ68: 0.032603457 | AR68: 3.5882224 | AT68: 8.0649127 | AU68: 0.43862651 | AV68: 17.254597 | AZ68: 45.334364 | BA68: 0.65101539 | BC68: 26.550811 | BD68: 27.92447 | BF68: 0.40674597 | BG68: 10.761379 | BH68: 26.062797 | BI68: 4.7593664 | BJ68: 27.221469 | BK68: 8.1969266 | BL68: 1.4462854 | BM68: 0.0010410798 | BO68: 0.09740242 | BP68: 0.27689966 | BQ68: 2.1897351 | BR68: 2.1456462 | BS68: 0.10882415 | BT68: 0.30824185 | BU68: 0.31302397 | BV68: 0.0012859552 | BW68: 0.0001294419 | BY68: 23.962004 | BZ68: 4.1009398 | CA68: 27.051458 | CB68: 0.14148071 | CC68: 0.20264766 | CD68: 22.423216 | CE68: 0.071781327 | CG68: 0.019727597 | CI68: 22.422919 | CK68: 1.9110522 | CL68: 0.11074171 | CN68: 23.437679 | CO68: 26.183481 | CP68: 1.8243671 | CQ68: 0.0053118112 | CS68: 6.1231964 | CT68: 1.0309471 | CV68: 25.883956 | CX68: 0.38722719 | CY68: 1.3565554 | CZ68: 0.45195531 | DA68: 0.004625127 | DD68: 0.27239414 | DF68: 2.2712759 | DG68: 0.099377025 | DH68: 26.73261 | DI68: 1.3474507 | DK68: 0.016186885 | DL68: 0.45813508 | DM68: 3.296892 | DN68: 44.579457 | DP68: 17.655955 | DQ68: 0.0025001154 | DT68: 7.8189948 | DU68: 27.774396 | DW68: 6.0486573 | DX68: 0.61967027 | DY68: 0.026053232 | DZ68: 3.8703388 | EA68: 0.031638672 | EE68: 10.364612 | EF68: 42.651118 | EG68: 26.236522 | EH68: 1.3074729 | EJ68: 25.238105 | EL68: 8.1928825 | EM68: 7.5008155 | EN68: 7.6820862 | EO68: 10.111047 | EP68: 3.2719651 | EQ68: 9.6194668 | ER68: 19.527334 | EW68: 0.029909716 | EX68: 2.0826686 | EY68: 12.993542 | EZ68: 20.584802 | FB68: 2.5914172 | FD68: 36.974914 | FE68: 22.956964 | FF68: 0.2887178 | FH68: 0.00060496727
A69: 38930 | B69: 0.28243916 | D69: 0.3838598 | E69: 0.036295667 | F69: 7.2216951 | H69: 10.903191 | I69: 24.292028 | J69: 18.092578 | O69: 9.7812837 | P69: 26.863267 | Q69: 10.804421 | S69: 1.6278336 | T69: 13.826488 | V69: 291.95455 | X69: 754.98042 | Z69: 0.0089801899 | AA69: 0.22815718 | AB69: 0.0059777601 | AD69: 23.940056 | AE69: 0.026586137 | AG69: 0.023131967 | AH69: 2.0843714 | AI69: 0.0062200039 | AL69: 0.033164352 | AM69: 0.025997898 | AN69: 3.532968 | AP69: 0.92843222 | AQ69: 0.0326409 | AR69: 3.5920954 | AT69: 8.0383249 | AU69: 0.43694822 | AV69: 17.139016 | AZ69: 45.730027 | BA69: 0.6537157 | BC69: 26.686057 | BD69: 28.050249 | BF69: 0.40345227 | BG69: 10.709277 | BH69: 26.037446 | BI69: 4.7373172 | BJ69: 27.049945 | BK69: 8.1318055 | BL69: 1.4382499 | BM69: 0.0010148813 | BO69: 0.097141419 | BP69: 0.28085968 | BQ69: 2.178151 | BR69: 2.1261619 | BS69: 0.11029324 | BT69: 0.32383053 | BU69: 0.30972256 | BV69: 0.0012841367 | BW69: 0.00012901819 | BY69: 24.145704 | BZ69: 4.1144025 | CA69: 27.124094 | CB69: 0.1405838 | CC69: 0.20194473 | CD69: 22.286372 | CE69: 0.068674044 | CG69: 0.019451542 | CI69: 22.397018 | CK69: 1.9406273 | CL69: 0.11191796 | CN69: 23.446697 | CO69: 26.532162 | CP69: 1.8088331 | CQ69: 0.0053929534 | CS69: 6.0529236 | CT69: 1.0234526 | CV69: 25.807478 | CX69: 0.37696135 | CY69: 1.3704471 | CZ69: 0.45046246 | DA69: 0.0045308087 | DD69: 0.2689217 | DF69: 2.312652 | DG69: 0.098952163 | DH69: 26.903874 | DI69: 1.3323242 | DK69: 0.016566964 | DL69: 0.45615777 | DM69: 3.2782676 | DN69: 44.125969 | DP69: 17.516588 | DQ69: 0.002515567 | DT69: 8.0381554 | DU69: 27.763499 | DW69: 6.1286747 | DX69: 0.61880987 | DY69: 0.026089773 | DZ69: 3.8173194 | EA69: 0.032063317 | EE69: 10.328083 | EF69: 42.731336 | EG69: 26.432205 | EH69: 1.3268829 | EJ69: 25.318629 | EL69: 8.1436038 | EM69: 7.4691789 | EN69: 7.6142848 | EO69: 10.561854 | EP69: 3.2875806 | EQ69: 9.645058 | ER69: 19.472855 | EW69: 0.030129311 | EX69: 2.0832116 | EY69: 12.910051 | EZ69: 21.511187 | FB69: 2.5685456 | FD69: 37.749835 | FE69: 22.799074 | FF69: 0.28814817 | FH69: 0.00060138016
A70: 38961 | B70: 0.28646002 | D70: 0.39184508 | E70: 0.036933783 | F70: 7.2812611 | H70: 11.00505 | I70: 24.306078 | J70: 18.571086 | O70: 9.8922669 | P70: 26.853371 | S70: 1.6451543 | T70: 13.872318 | V70: 293.50237 | X70: 758.68244 | Z70: 0.0088734426 | AA70: 0.23007876 | AB70: 0.0059783413 | AD70: 24.072122 | AE70: 0.026769498 | AG70: 0.023342253 | AH70: 2.1238569 | AI70: 0.0062706812 | AL70: 0.033990414 | AM70: 0.026060355 | AN70: 3.4938174 | AP70: 0.9181231 | AQ70: 0.032460487 | AR70: 3.6142148 | AT70: 8.1473095 | AU70: 0.43199968 | AV70: 17.394977 | AZ70: 45.689876 | BA70: 0.66513041 | BC70: 26.780255 | BD70: 28.059033 | BF70: 0.40716152 | BG70: 10.607919 | BH70: 26.020604 | BI70: 4.7917058 | BJ70: 27.553635 | BK70: 8.1952999 | BL70: 1.4412772 | BM70: 0.0010310579 | BO70: 0.097539181 | BP70: 0.28572701 | BQ70: 2.1980875 | BR70: 2.1471302 | BS70: 0.11315283 | BT70: 0.32993146 | BU70: 0.31793998 | BV70: 0.0012903589 | BW70: 0.0001322628 | BY70: 24.301127 | BZ70: 4.1435183 | CA70: 27.172314 | CB70: 0.14300942 | CC70: 0.20182836 | CD70: 22.700965 | CE70: 0.067678863 | CG70: 0.019832019 | CI70: 22.607983 | CK70: 1.8389348 | CL70: 0.11227625 | CN70: 23.475828 | CO70: 26.571528 | CP70: 1.8335875 | CQ70: 0.0055496425 | CS70: 6.124917 | CT70: 1.0549697 | CV70: 26.036027 | CX70: 0.37508545 | CY70: 1.3844366 | CZ70: 0.46011421 | DA70: 0.0045995528 | DD70: 0.27199852 | DF70: 2.2027706 | DG70: 0.10137574 | DH70: 27.075714 | DI70: 1.3337046 | DK70: 0.016823268 | DL70: 0.45714411 | DM70: 3.2263307 | DN70: 44.80344 | DP70: 17.610462 | DQ70: 0.0025920061 | DT70: 7.9376183 | DU70: 27.950367 | DW70: 6.1525919 | DX70: 0.62552898 | DY70: 0.026647562 | DZ70: 3.8903252 | EA70: 0.032506442 | EE70: 10.39252 | EF70: 42.714867 | EG70: 26.596581 | EH70: 1.2533522 | EJ70: 25.341441 | EL70: 8.2473451 | EM70: 7.4138736 | EN70: 7.6839779 | EO70: 11.351322 | EP70: 3.3675615 | EQ70: 9.6666206 | ER70: 19.391465 | EW70: 0.030483514 | EX70: 2.1200854 | EY70: 13.019595 | EZ70: 21.739679 | FB70: 2.6456505 | FD70: 38.009554 | FE70: 22.894914 | FF70: 0.29289045 | FH70: 0.00060768046
A71: 38991 | B71: 0.29115532 | D71: 0.3899462 | E71: 0.03681908 | F71: 7.2091116 | H71: 10.757882 | I71: 23.779048 | J71: 18.684236 | O71: 9.844968 | P71: 26.244833 | S71: 1.6335338 | T71: 13.678801 | V71: 293.79493 | X71: 752.77601 | Z71: 0.0088133114 | AA71: 0.22303826 | AB71: 0.0058478531 | AD71: 23.485883 | AE71: 0.027759677 | AG71: 0.023344048 | AH71: 2.1099063 | AI71: 0.0062787605 | AL71: 0.033865482 | AM71: 0.025794303 | AN71: 3.4141903 | AP71: 0.89647585 | AQ71: 0.031600225 | AR71: 3.5373246 | AT71: 7.9770305 | AU71: 0.42054324 | AV71: 17.251717 | AZ71: 44.681844 | BA71: 0.66186583 | BC71: 26.302499 | BD71: 27.416313 | BF71: 0.40348623 | BG71: 10.84559 | BH71: 25.508592 | BI71: 4.8118935 | BJ71: 27.131597 | BK71: 8.1238747 | BL71: 1.4228019 | BM71: 0.0010334058 | BO71: 0.095539187 | BP71: 0.28572101 | BQ71: 2.1749819 | BR71: 2.1238065 | BS71: 0.11433845 | BT71: 0.33467854 | BU71: 0.32382073 | BV71: 0.0012847672 | BW71: 0.00013193543 | BY71: 23.797605 | BZ71: 4.1488262 | CA71: 26.588896 | CB71: 0.14044722 | CC71: 0.19629555 | CD71: 22.546649 | CE71: 0.066586081 | CG71: 0.019494231 | CI71: 22.257501 | CK71: 1.7759872 | CL71: 0.11442791 | CN71: 23.228119 | CO71: 25.956563 | CP71: 1.8177592 | CQ71: 0.0055884195 | CS71: 6.0421729 | CT71: 1.035097 | CV71: 25.600826 | CX71: 0.36956482 | CY71: 1.3808013 | CZ71: 0.4640471 | DA71: 0.0045622965 | DD71: 0.27034651 | DF71: 2.1158018 | DG71: 0.10195019 | DH71: 26.447235 | DI71: 1.318604 | DK71: 0.016212978 | DL71: 0.4478412 | DM71: 3.1108983 | DN71: 44.732441 | DP71: 17.453984 | DQ71: 0.0026384072 | DT71: 7.8963923 | DU71: 27.390553 | DW71: 6.0491028 | DX71: 0.61737598 | DY71: 0.026423308 | DZ71: 3.8674485 | EA71: 0.032132445 | EE71: 10.312024 | EF71: 41.921812 | EG71: 25.830828 | EH71: 1.2119969 | EJ71: 24.918178 | EL71: 8.132018 | EM71: 7.3350949 | EN71: 7.7034778 | EO71: 10.703623 | EP71: 3.329863 | EQ71: 9.4805858 | ER71: 18.985198 | EW71: 0.029137358 | EX71: 2.1100928 | EY71: 12.8458 | EZ71: 21.876528 | FB71: 2.6821574 | FD71: 37.385717 | FE71: 22.504769 | FF71: 0.28979558 | FH71: 0.00060101073
A72: 39022 | B72: 0.28971491 | D72: 0.38872685 | E72: 0.037180187 | F72: 7.1272962 | H72: 10.7034 | I72: 24.199395 | J72: 18.882143 | O72: 9.9819849 | P72: 26.74798 | Q72: 10.555556 | S72: 1.63802 | T72: 13.90738 | V72: 292.02593 | X72: 776.10008 | Z72: 0.0089285482 | AA72: 0.22903236 | AB72: 0.0058278598 | AD72: 23.262727 | AE72: 0.027399131 | AG72: 0.023350437 | AH72: 2.1163232 | AI72: 0.0064664206 | AL72: 0.034601907 | AM72: 0.026081772 | AN72: 3.5098221 | AP72: 0.92014725 | AQ72: 0.032151057 | AR72: 3.5913527 | AT72: 7.9398402 | AU72: 0.42077685 | AV72: 17.199702 | AZ72: 45.769943 | BA72: 0.66212437 | BC72: 26.741133 | BD72: 27.9047 | BF72: 0.40149938 | BG72: 10.940466 | BH72: 25.933986 | BI72: 4.7917166 | BJ72: 27.558045 | BK72: 8.1111003 | BL72: 1.4251273 | BM72: 0.0010396272 | BO72: 0.095473313 | BP72: 0.2841346 | BQ72: 2.1763705 | BR72: 2.1181018 | BS72: 0.12040637 | BT72: 0.32974754 | BU72: 0.32674425 | BV72: 0.0012877985 | BW72: 0.00013274926 | BY72: 24.256823 | BZ72: 4.0913442 | CA72: 27.053051 | CB72: 0.13887901 | CC72: 0.1965494 | CD72: 22.501674 | CE72: 0.066670066 | CG72: 0.019680691 | CI72: 22.847268 | CK72: 1.8699667 | CL72: 0.11688857 | CN72: 23.805421 | CO72: 26.417488 | CP72: 1.8138222 | CQ72: 0.005727839 | CS72: 6.0894332 | CT72: 1.0343924 | CV72: 25.846923 | CX72: 0.36338865 | CY72: 1.3847832 | CZ72: 0.47143957 | DA72: 0.0045630181 | DD72: 0.27150426 | DF72: 2.2301159 | DG72: 0.10233145 | DH72: 26.844633 | DI72: 1.3170128 | DK72: 0.016020905 | DL72: 0.45845773 | DM72: 3.2184038 | DN72: 44.666982 | DP72: 17.388953 | DQ72: 0.0026501214 | DT72: 8.1806736 | DU72: 27.885057 | DW72: 6.2570956 | DX72: 0.62375508 | DY72: 0.026158762 | DZ72: 3.8681405 | EA72: 0.032529877 | EE72: 10.409661 | EF72: 42.870349 | EG72: 26.348896 | EH72: 1.2725125 | EJ72: 25.396395 | EL72: 8.1699145 | EM72: 7.3461283 | EN72: 7.7287402 | EO72: 10.933541 | EP72: 3.3274258 | EQ72: 9.8111343 | ER72: 19.232329 | EW72: 0.02975411 | EX72: 2.1070722 | EY72: 12.988233 | EZ72: 22.328985 | FB72: 2.7175818 | FD72: 38.030894 | FE72: 22.366548 | FF72: 0.28565379 | FH72: 0.00060081062
A73: 39052 | B73: 0.28572003 | D73: 0.38848153 | E73: 0.037433466 | F73: 7.022703 | H73: 10.554988 | I73: 24.529819 | J73: 19.020868 | O73: 9.920276 | P73: 27.071273 | S73: 1.6285661 | T73: 14.088572 | V73: 290.1949 | X73: 793.51277 | Z73: 0.0091410741 | AA73: 0.2335133 | AB73: 0.0058507777 | AD73: 22.62864 | AE73: 0.027449908 | AG73: 0.023023997 | AH73: 2.1258402 | AI73: 0.0064683102 | AL73: 0.036465669 | AM73: 0.025952644 | AN73: 3.5522444 | AP73: 0.93934849 | AQ73: 0.032494203 | AR73: 3.635005 | AT73: 7.8276131 | AU73: 0.4226483 | AV73: 16.941904 | AZ73: 46.415999 | BA73: 0.65414352 | BC73: 27.052958 | BD73: 28.268698 | BF73: 0.39650267 | BG73: 10.940775 | BH73: 26.405964 | BI73: 4.7264405 | BJ73: 27.981039 | BK73: 7.9991361 | BL73: 1.4231294 | BM73: 0.0010578928 | BO73: 0.094412226 | BP73: 0.28573325 | BQ73: 2.1621141 | BR73: 2.0955715 | BS73: 0.12404564 | BT73: 0.32430602 | BU73: 0.32350437 | BV73: 0.0012940382 | BW73: 0.00013368757 | BY73: 24.641759 | BZ73: 4.1265788 | CA73: 27.362754 | CB73: 0.13658841 | CC73: 0.19422385 | CD73: 22.384952 | CE73: 0.066277725 | CG73: 0.019668642 | CI73: 23.166789 | CK73: 1.9016379 | CL73: 0.11756145 | CN73: 24.103989 | CO73: 26.740405 | CP73: 1.8002536 | CQ73: 0.0058934925 | CS73: 6.1653042 | CT73: 1.0275311 | CV73: 26.122785 | CX73: 0.35215303 | CY73: 1.3761182 | CZ73: 0.475151 | DA73: 0.0045292411 | DD73: 0.27325602 | DF73: 2.2722997 | DG73: 0.09983663 | DH73: 27.033459 | DI73: 1.3131701 | DK73: 0.015665835 | DL73: 0.46308151 | DM73: 3.2739247 | DN73: 44.177045 | DP73: 17.230389 | DQ73: 0.0027261612 | DT73: 8.2944473 | DU73: 28.245065 | DW73: 6.5239988 | DX73: 0.62740786 | DY73: 0.026042132 | DZ73: 3.8187543 | EA73: 0.032821105 | EE73: 10.395724 | EF73: 43.327901 | EG73: 26.743556 | EH73: 1.2982775 | EJ73: 25.737719 | EL73: 8.1431027 | EM73: 7.2721333 | EN73: 7.6555071 | EO73: 11.026515 | EP73: 3.2689243 | EQ73: 9.9865549 | ER73: 19.413847 | EW73: 0.030387403 | EX73: 2.0841378 | EY73: 13.010678 | EZ73: 22.477995 | FB73: 2.7013141 | FD73: 38.685976 | FE73: 22.071129 | FF73: 0.27844126 | FH73: 0.00059581254
A74: 39083 | B74: 0.28530094 | C74: 0.18715668 | D74: 0.38299137 | E74: 0.037586007 | F74: 7.0170828 | H74: 10.701206 | I74: 24.058686 | J74: 20.193367 | O74: 10.064105 | P74: 26.56369 | S74: 1.6515524 | T74: 13.85725 | V74: 292.13615 | X74: 788.49523 | Z74: 0.0094899642 | AA74: 0.23039809 | AB74: 0.0058497615 | AD74: 22.119734 | AE74: 0.026863302 | AG74: 0.02247328 | AH74: 2.1436132 | AI74: 0.0065682754 | AL74: 0.035329475 | AM74: 0.026071507 | AN74: 3.4892741 | AP74: 0.9280082 | AQ74: 0.032201062 | AR74: 3.5531607 | AT74: 7.8379729 | AU74: 0.41774445 | AV74: 16.940412 | AZ74: 45.895381 | BA74: 0.64995822 | BC74: 26.481542 | BD74: 27.629946 | BF74: 0.39963778 | BG74: 11.266251 | BH74: 25.898797 | BI74: 4.9410311 | BJ74: 27.364782 | BK74: 7.9668301 | BL74: 1.4232945 | BM74: 0.00057113772 | BO74: 0.10035642 | BP74: 0.28582611 | BQ74: 2.1693658 | BR74: 2.0789043 | BS74: 0.12325397 | BT74: 0.32066187 | BU74: 0.32471977 | BV74: 0.0013020853 | BW74: 0.00013605045 | BY74: 24.106665 | BZ74: 4.0824 | CA74: 26.857776 | CB74: 0.13683699 | CC74: 0.18770677 | CD74: 22.473032 | CE74: 0.067966042 | CG74: 0.019424086 | CI74: 23.027996 | CK74: 1.869055 | CL74: 0.10955757 | CN74: 23.645455 | CO74: 26.078466 | CP74: 1.7862046 | CQ74: 0.0058933051 | CS74: 6.2556441 | CT74: 1.0454573 | CV74: 25.318179 | CX74: 0.35693963 | CY74: 1.3702571 | CZ74: 0.48036774 | DA74: 0.0045246558 | DC74: 2.3841597 | DD74: 0.27480689 | DF74: 2.2390161 | DG74: 0.09886304 | DH74: 26.545146 | DI74: 1.3151899 | DK74: 0.015553434 | DL74: 0.45469542 | DM74: 3.1241419 | DN74: 44.079477 | DP74: 17.209981 | DQ74: 0.0027416734 | DT74: 8.0324884 | DU74: 27.626856 | DW74: 6.4435915 | DX74: 0.63147796 | DY74: 0.026548673 | DZ74: 3.8402206 | EA74: 0.032245612 | EB74: 0.39634965 | EC74: 1.8566791 | ED74: 2.0007948 | EE74: 10.214899 | EF74: 42.897501 | EG74: 26.072285 | EH74: 1.2807492 | EJ74: 25.073713 | EL74: 8.1508971 | EM74: 7.3020604 | EN74: 7.65688 | EO74: 11.799463 | EP74: 3.2171794 | EQ74: 9.7008506 | ER74: 18.666367 | EW74: 0.030154926 | EX74: 2.0720602 | EY74: 12.807333 | EZ74: 22.701685 | FB74: 2.7072053 | FD74: 38.245225 | FE74: 22.071026 | FF74: 0.28285055 | FH74: 0.00060068199
A75: 39114 | B75: 0.2848747 | C75: 0.18820491 | D75: 0.3856555 | E75: 0.037975636 | F75: 7.0108267 | H75: 10.670166 | I75: 24.24808 | J75: 20.512936 | O75: 10.132257 | P75: 26.837156 | Q75: 10.42719 | S75: 1.666293 | T75: 13.962557 | V75: 299.06407 | X75: 796.83556 | Z75: 0.0091222931 | AA75: 0.23066023 | AB75: 0.0058977359 | AD75: 22.361873 | AE75: 0.02708927 | AG75: 0.022342498 | AH75: 2.1728711 | AI75: 0.0066676085 | AL75: 0.03540172 | AM75: 0.026087659 | AN75: 3.5129237 | AP75: 0.92190973 | AQ75: 0.032585665 | AR75: 3.6080995 | AT75: 7.8388195 | AU75: 0.4235588 | AV75: 16.936745 | AZ75: 46.18314 | BA75: 0.65965781 | BC75: 26.79401 | BD75: 27.818587 | BF75: 0.40075044 | BG75: 11.341774 | BH75: 26.136061 | BI75: 4.9189789 | BJ75: 27.149928 | BK75: 7.9632466 | BL75: 1.4240042 | BM75: 0.0011297515 | BO75: 0.10068269 | BP75: 0.28560709 | BQ75: 2.1862899 | BR75: 2.0470167 | BS75: 0.1255945 | BT75: 0.33460275 | BU75: 0.32827476 | BV75: 0.0013079489 | BW75: 0.00013796773 | BY75: 24.44259 | BZ75: 4.0718248 | CA75: 27.072488 | CB75: 0.13661787 | CC75: 0.18677635 | CD75: 22.474525 | CE75: 0.068969777 | CG75: 0.019525182 | CI75: 23.259491 | CK75: 1.8761393 | CL75: 0.11052482 | CN75: 23.835811 | CO75: 26.573164 | CP75: 1.8076578 | CQ75: 0.0060933969 | CS75: 6.2707024 | CT75: 1.035779 | CV75: 25.507877 | CX75: 0.36352915 | CY75: 1.3661652 | CZ75: 0.488701 | DA75: 0.0045959661 | DC75: 2.3871357 | DD75: 0.27710578 | DF75: 2.2485986 | DG75: 0.10037341 | DH75: 26.796781 | DI75: 1.324352 | DK75: 0.015660107 | DL75: 0.4562777 | DM75: 3.223636 | DN75: 44.184402 | DP75: 17.242757 | DQ75: 0.0027364425 | DT75: 8.057854 | DU75: 27.758024 | DW75: 6.5021182 | DX75: 0.64130455 | DY75: 0.027121954 | DZ75: 3.8147464 | EA75: 0.03276266 | EB75: 0.39862913 | EC75: 1.8165594 | ED75: 1.994726 | EE75: 10.308507 | EF75: 43.201579 | EG75: 26.153882 | EH75: 1.2766239 | EJ75: 25.214069 | EL75: 8.1479974 | EM75: 7.2060015 | EN75: 7.6527221 | EO75: 11.759191 | EP75: 3.2159167 | EQ75: 9.6811893 | ER75: 18.73071 | EW75: 0.030042985 | EX75: 2.0790982 | EY75: 12.744128 | EZ75: 23.270528 | FB75: 2.7236077 | FD75: 38.303475 | FE75: 22.169331 | FF75: 0.28574054 | FH75: 0.00061573824
A76: 39142 | B76: 0.28312966 | C76: 0.18686449 | D76: 0.3860875 | E76: 0.037912073 | F76: 6.9305986 | H76: 10.641089 | I76: 24.412033 | J76: 20.576732 | O76: 10.055222 | P76: 26.890314 | S76: 1.6533217 | T76: 14.004782 | V76: 298.00332 | X76: 797.85491 | Z76: 0.0090158427 | AA76: 0.23281196 | AB76: 0.0058532388 | AD76: 22.346999 | AE76: 0.026835066 | AG76: 0.022350839 | AH76: 2.1472448 | AI76: 0.0067552875 | AL76: 0.034709532 | AM76: 0.026005734 | AN76: 3.5463992 | AP76: 0.93264857 | AQ76: 0.03284239 | AR76: 3.6337957 | AT76: 7.825157 | AU76: 0.42926908 | AV76: 16.769539 | AZ76: 46.767116 | BA76: 0.66541828 | BC76: 27.026589 | BD76: 27.988703 | BF76: 0.40805053 | BG76: 11.153848 | BH76: 26.239868 | BI76: 4.8315904 | BJ76: 27.826144 | BK76: 7.8918758 | BL76: 1.4217614 | BM76: 0.0012466403 | BO76: 0.099221269 | BP76: 0.28710943 | BQ76: 2.1788002 | BR76: 2.0631879 | BS76: 0.12860826 | BT76: 0.3318007 | BU76: 0.32315397 | BV76: 0.001286339 | BW76: 0.00013778105 | BY76: 24.64375 | BZ76: 4.0561207 | CA76: 27.164382 | CB76: 0.13667483 | CC76: 0.19034081 | CD76: 22.297089 | CE76: 0.069122026 | CG76: 0.019297498 | CI76: 23.628592 | CK76: 1.8217591 | CL76: 0.10937693 | CN76: 24.013436 | CO76: 26.709842 | CP76: 1.7855445 | CQ76: 0.0061678423 | CS76: 6.2049112 | CT76: 1.0166131 | CV76: 25.683019 | CX76: 0.37014425 | CY76: 1.3376296 | CZ76: 0.49223724 | DA76: 0.0045939473 | DC76: 2.394731 | DD76: 0.27511096 | DF76: 2.1803396 | DG76: 0.099719434 | DH76: 27.13924 | DI76: 1.3195422 | DK76: 0.015661207 | DL76: 0.45882873 | DM76: 3.2338572 | DN76: 43.653122 | DP76: 17.198978 | DQ76: 0.0027399405 | DT76: 8.1317673 | DU76: 28.15704 | DW76: 6.5460736 | DX76: 0.64358962 | DY76: 0.027583563 | DZ76: 3.7880102 | EA76: 0.033265827 | EB76: 0.39436196 | EC76: 1.8054446 | ED76: 1.9769789 | EE76: 10.251259 | EF76: 43.313257 | EG76: 26.467138 | EH76: 1.2414007 | EJ76: 25.452762 | EL76: 8.0930041 | EM76: 7.1795117 | EN76: 7.5026046 | EO76: 11.587937 | EP76: 3.18906 | EQ76: 9.6474249 | ER76: 18.892094 | EW76: 0.03007466 | EX76: 2.0601779 | EY76: 12.7206 | EZ76: 23.033982 | FB76: 2.6987901 | FD76: 37.885379 | FE76: 22.129132 | FF76: 0.28528563 | FH76: 0.00060705252
A77: 39173 | B77: 0.27635675 | C77: 0.185601 | D77: 0.37716795 | E77: 0.037273408 | F77: 6.7508782 | H77: 10.393665 | I77: 24.389608 | J77: 20.175733 | O77: 9.7710724 | P77: 26.856229 | S77: 1.6071068 | T77: 13.813124 | V77: 299.12455 | X77: 796.69669 | Z77: 0.0086970644 | AA77: 0.2313643 | AB77: 0.0057154664 | AD77: 22.520469 | AE77: 0.026312967 | AG77: 0.022151119 | AH77: 2.093061 | AI77: 0.0068146981 | AL77: 0.034266276 | AM77: 0.025570736 | AN77: 3.5277847 | AP77: 0.9351584 | AQ77: 0.03268734 | AR77: 3.6174446 | AT77: 7.6037106 | AU77: 0.42876121 | AV77: 16.333132 | AZ77: 46.745493 | BA77: 0.65671888 | BC77: 27.00075 | BD77: 27.963766 | BF77: 0.40796386 | BG77: 10.969198 | BH77: 26.22575 | BI77: 4.7598401 | BJ77: 27.841182 | BK77: 7.7024873 | BL77: 1.3936583 | BM77: 0.0014670059 | BO77: 0.097770479 | BP77: 0.28911002 | BQ77: 2.1344143 | BR77: 1.9974569 | BS77: 0.13032247 | BT77: 0.3338056 | BU77: 0.331387 | BV77: 0.0012590906 | BW77: 0.00013623235 | BY77: 24.718497 | BZ77: 4.1005349 | CA77: 27.049238 | CB77: 0.13304668 | CC77: 0.18348582 | CD77: 21.695463 | CE77: 0.068685194 | CG77: 0.019107374 | CI77: 23.705394 | CK77: 1.8756942 | CL77: 0.10810023 | CN77: 24.081013 | CO77: 26.624203 | CP77: 1.7489712 | CQ77: 0.0063368778 | CS77: 6.1366553 | CT77: 0.99984817 | CV77: 25.714662 | CX77: 0.36992599 | CY77: 1.3178727 | CZ77: 0.49227169 | DA77: 0.0045307341 | DC77: 2.3962735 | DD77: 0.26893067 | DF77: 2.2107663 | DG77: 0.10139962 | DH77: 27.113005 | DI77: 1.2929692 | DK77: 0.015458761 | DL77: 0.45750949 | DM77: 3.2234986 | DN77: 42.748011 | DP77: 16.861167 | DQ77: 0.0027257355 | DT77: 8.2638746 | DU77: 28.25086 | DW77: 6.6066596 | DX77: 0.63703178 | DY77: 0.026771191 | DZ77: 3.6933228 | EA77: 0.03293705 | EB77: 0.39621231 | EC77: 1.7565732 | ED77: 1.9296133 | EE77: 10.128373 | EF77: 43.156825 | EG77: 26.602548 | EH77: 1.2617445 | EJ77: 25.655882 | EL77: 7.9172156 | EM77: 6.9579385 | EN77: 7.3954728 | EO77: 11.196675 | EP77: 3.1558668 | EQ77: 9.704502 | ER77: 18.710889 | EW77: 0.029975175 | EX77: 2.0298673 | EY77: 12.57244 | EZ77: 23.519108 | FB77: 2.6288066 | FD77: 37.848826 | FE77: 21.695319 | FF77: 0.28367659 | FH77: 0.00059320791
A78: 39203 | B78: 0.27435178 | C78: 0.18109706 | D78: 0.36696995 | E78: 0.038883971 | F78: 6.6037059 | H78: 10.268939 | I78: 23.882071 | J78: 19.73616 | O78: 9.5742499 | P78: 26.191006 | Q78: 9.9112138 | S78: 1.5812534 | T78: 13.515797 | V78: 300.4286 | X78: 779.328 | Z78: 0.0084746111 | AA78: 0.22625818 | AB78: 0.0057530066 | AD78: 22.888452 | AE78: 0.025925287 | AG78: 0.022198172 | AH78: 2.0644081 | AI78: 0.0071308156 | AL78: 0.03351754 | AM78: 0.02523521 | AN78: 3.5001262 | AP78: 0.90924032 | AQ78: 0.032035534 | AR78: 3.5404269 | AT78: 7.4996386 | AU78: 0.42467036 | AV78: 15.957452 | AZ78: 45.972449 | BA78: 0.63909085 | BC78: 26.336991 | BD78: 27.369012 | BF78: 0.40309865 | BG78: 10.953089 | BH78: 25.605639 | BI78: 4.6487342 | BJ78: 27.249867 | BK78: 7.5437545 | BL78: 1.3607295 | BM78: 0.0016990839 | BO78: 0.097666724 | BP78: 0.28546754 | BQ78: 2.0929743 | BR78: 1.9499273 | BS78: 0.12707542 | BT78: 0.33990096 | BU78: 0.33712841 | BV78: 0.0012737412 | BW78: 0.0001335736 | BY78: 24.224641 | BZ78: 4.0732798 | CA78: 26.49005 | CB78: 0.13111177 | CC78: 0.1769969 | CD78: 21.108183 | CE78: 0.068656026 | CG78: 0.018752532 | CI78: 23.281294 | CK78: 1.8779065 | CL78: 0.10268732 | CN78: 23.623284 | CO78: 26.039979 | CP78: 1.717394 | CQ78: 0.0062582829 | CS78: 6.065729 | CT78: 0.99052005 | CV78: 25.170067 | CX78: 0.37338667 | CY78: 1.3000885 | CZ78: 0.48920355 | DA78: 0.0044589691 | DC78: 2.3118771 | DD78: 0.26406116 | DF78: 2.2029558 | DG78: 0.10408596 | DH78: 26.490038 | DI78: 1.2673173 | DK78: 0.015219254 | DL78: 0.45074713 | DM78: 3.1416597 | DN78: 41.75218 | DP78: 16.558949 | DQ78: 0.0026678563 | DT78: 8.1925883 | DU78: 27.623038 | DW78: 6.5943066 | DX78: 0.62668642 | DY78: 0.025810726 | DZ78: 3.6038268 | EA78: 0.03186322 | EB78: 0.38963606 | EC78: 1.7162509 | ED78: 1.8922994 | EE78: 9.9091667 | EF78: 42.136377 | EG78: 26.284642 | EH78: 1.2557659 | EJ78: 25.118114 | EL78: 7.7569408 | EM78: 6.9010118 | EN78: 7.5433861 | EO78: 11.005567 | EP78: 3.1684742 | EQ78: 9.4976126 | ER78: 18.170713 | EW78: 0.029597094 | EX78: 1.9958495 | EY78: 12.348854 | EZ78: 23.461059 | FB78: 2.5808481 | FD78: 36.938488 | FE78: 21.319404 | FF78: 0.28028225 | FH78: 0.00058301416
A79: 39234 | B79: 0.27155866 | C79: 0.17699946 | D79: 0.36405324 | E79: 0.038397577 | F79: 6.4597516 | H79: 10.227391 | I79: 23.121648 | J79: 19.243012 | O79: 9.362957 | P79: 25.329693 | S79: 1.5565414 | T79: 13.025627 | V79: 300.96097 | X79: 750.65031 | Z79: 0.0081797606 | AA79: 0.21971984 | AB79: 0.0056900052 | AD79: 22.87268 | AE79: 0.025437666 | AG79: 0.021626208 | AH79: 2.029276 | AI79: 0.0072572501 | AL79: 0.032270332 | AM79: 0.024718997 | AN79: 3.3686059 | AP79: 0.87203881 | AQ79: 0.031109503 | AR79: 3.4202913 | AT79: 7.3516337 | AU79: 0.41178061 | AV79: 15.601361 | AZ79: 44.670242 | BA79: 0.62248101 | BC79: 25.522803 | BD79: 26.504149 | BF79: 0.39998269 | BG79: 10.708766 | BH79: 24.766433 | BI79: 4.5188222 | BJ79: 26.330204 | BK79: 7.4493561 | BL79: 1.3249517 | BM79: 0.00171192 | BO79: 0.096351027 | BP79: 0.28561798 | BQ79: 2.0464367 | BR79: 1.9088741 | BS79: 0.12233732 | BT79: 0.33447378 | BU79: 0.33094159 | BV79: 0.0012135948 | BW79: 0.00013183908 | BY79: 23.489127 | BZ79: 3.8152294 | CA79: 25.680177 | CB79: 0.12818681 | CC79: 0.16937535 | CD79: 20.528348 | CE79: 0.066443714 | CG79: 0.018255231 | CI79: 22.711304 | CK79: 1.8022437 | CL79: 0.10238967 | CN79: 22.903476 | CO79: 25.233282 | CP79: 1.6907749 | CQ79: 0.0060063878 | CS79: 5.8435214 | CT79: 0.96713514 | CV79: 24.362665 | CX79: 0.36098043 | CY79: 1.2672581 | CZ79: 0.47959388 | DA79: 0.0043570086 | DC79: 2.2459428 | DD79: 0.2584968 | DF79: 2.1055581 | DG79: 0.10048939 | DH79: 25.516671 | DI79: 1.2416679 | DK79: 0.015101733 | DL79: 0.43480859 | DM79: 3.0611653 | DN79: 41.073645 | DP79: 16.200447 | DQ79: 0.002562149 | DT79: 7.8659079 | DU79: 26.703982 | DW79: 6.5012781 | DX79: 0.61358497 | DY79: 0.025010102 | DZ79: 3.5165434 | EA79: 0.031000519 | EB79: 0.37978583 | EC79: 1.6499542 | ED79: 1.8270726 | EE79: 9.5421247 | EF79: 40.872249 | EG79: 25.516671 | EH79: 1.2034043 | EJ79: 24.339585 | EL79: 7.5955527 | EM79: 6.7721801 | EN79: 7.2891104 | EO79: 10.738517 | EP79: 3.1623318 | EQ79: 9.0798341 | ER79: 17.550464 | EW79: 0.028662036 | EX79: 1.951462 | EY79: 12.052354 | EZ79: 23.069726 | FB79: 2.5695639 | FD79: 36.098408 | FE79: 20.803441 | FF79: 0.27405886 | FH79: 0.00057095952
A80: 39264 | B80: 0.27084983 | C80: 0.17873539 | D80: 0.36794437 | E80: 0.038193128 | F80: 6.3793701 | H80: 10.034192 | I80: 23.287257 | J80: 19.023943 | O80: 9.2715688 | P80: 25.619988 | S80: 1.584712 | T80: 13.081087 | V80: 305.01996 | X80: 772.74381 | Z80: 0.0081345428 | AA80: 0.22235769 | AB80: 0.0056491286 | AD80: 22.876246 | AE80: 0.025510291 | AG80: 0.021836816 | AH80: 2.0317768 | AI80: 0.007063086 | AL80: 0.03277529 | AM80: 0.024584573 | AN80: 3.3863895 | AP80: 0.88969036 | AQ80: 0.03117534 | AR80: 3.4322887 | AT80: 7.2658149 | AU80: 0.39969869 | AV80: 15.437093 | AZ80: 45.490412 | BA80: 0.62471612 | BC80: 25.680941 | BD80: 26.626309 | BF80: 0.40789647 | BG80: 10.612317 | BH80: 25.074009 | BI80: 4.5186905 | BJ80: 26.319543 | BK80: 7.3608952 | BL80: 1.3150611 | BM80: 0.0015808006 | BO80: 0.095587526 | BP80: 0.28935822 | BQ80: 2.0300848 | BR80: 1.8904442 | BS80: 0.12505336 | BT80: 0.34232334 | BU80: 0.33405774 | BV80: 0.0011949452 | BW80: 0.00013036561 | BY80: 23.716217 | BZ80: 3.7366511 | CA80: 25.922849 | CB80: 0.12736062 | CC80: 0.16813412 | CD80: 20.178106 | CE80: 0.065989327 | CG80: 0.018242791 | CI80: 23.146719 | CK80: 1.8367306 | CL80: 0.10545853 | CN80: 23.222002 | CO80: 25.152137 | CP80: 1.6760583 | CQ80: 0.0059913899 | CS80: 5.7846678 | CT80: 0.95601602 | CV80: 24.56953 | CX80: 0.36098263 | CY80: 1.2583544 | CZ80: 0.48256335 | DA80: 0.0043147774 | DC80: 2.2539028 | DD80: 0.25632548 | DF80: 2.1529051 | DG80: 0.09929569 | DH80: 25.578794 | DI80: 1.2284138 | DK80: 0.014939554 | DL80: 0.43652515 | DM80: 3.1235241 | DN80: 41.060673 | DP80: 16.035568 | DQ80: 0.0025203336 | DT80: 7.9806597 | DU80: 26.817569 | DW80: 6.7626948 | DX80: 0.61866733 | DY80: 0.024712939 | DZ80: 3.5048603 | EA80: 0.031875752 | EB80: 0.38434239 | EC80: 1.598756 | ED80: 1.8070432 | EE80: 9.7205373 | EF80: 41.135573 | EG80: 25.705319 | EH80: 1.2293697 | EJ80: 24.335311 | EL80: 7.512288 | EM80: 6.7165263 | EN80: 7.2251151 | EO80: 10.735252 | EP80: 3.0884597 | EQ80: 9.2812386 | ER80: 17.542297 | EW80: 0.029315658 | EX80: 1.9544603 | EY80: 11.86285 | EZ80: 23.240497 | FB80: 2.56591 | FD80: 36.247081 | FE80: 20.493493 | FF80: 0.27354887 | FH80: 0.00056682878
A81: 39295 | B81: 0.2694509 | C81: 0.17756124 | D81: 0.36931433 | E81: 0.037742411 | F81: 6.333453 | H81: 9.9278045 | I81: 22.657279 | J81: 18.831658 | O81: 9.1097758 | P81: 24.91944 | Q81: 9.3475995 | S81: 1.5829837 | T81: 12.797141 | V81: 287.7696 | X81: 775.76756 | Z81: 0.0079391932 | AA81: 0.21761462 | AB81: 0.0056524317 | AD81: 22.204383 | AE81: 0.024986664 | AG81: 0.021515102 | AH81: 2.0172882 | AI81: 0.0065556899 | AL81: 0.031569375 | AM81: 0.02427677 | AN81: 3.3121783 | AP81: 0.88361377 | AQ81: 0.030207794 | AR81: 3.3340142 | AT81: 7.1294917 | AU81: 0.39049073 | AV81: 15.14778 | AZ81: 44.331156 | BA81: 0.62991305 | BC81: 25.034348 | BD81: 26.037032 | BF81: 0.42926584 | BG81: 10.488403 | BH81: 24.393882 | BI81: 4.4538156 | BJ81: 25.442911 | BK81: 7.3158442 | BL81: 1.3039141 | BM81: 0.00148642 | BO81: 0.093483789 | BP81: 0.28139827 | BQ81: 2.0050589 | BR81: 1.8546111 | BS81: 0.11768377 | BT81: 0.31282426 | BU81: 0.32674655 | BV81: 0.001144275 | BW81: 0.00012886916 | BY81: 23.182874 | BZ81: 3.7147778 | CA81: 25.28405 | CB81: 0.11951314 | CC81: 0.17261829 | CD81: 19.915949 | CE81: 0.063717905 | CG81: 0.017618135 | CI81: 22.623725 | CK81: 1.7517908 | CL81: 0.10150188 | CN81: 22.694285 | CO81: 24.796218 | CP81: 1.6521192 | CQ81: 0.0058674762 | CS81: 5.6147815 | CT81: 0.9647915 | CV81: 23.993844 | CX81: 0.36045775 | CY81: 1.2119563 | CZ81: 0.48958602 | DA81: 0.0042875043 | DC81: 2.2229455 | DD81: 0.25422018 | DF81: 2.0472014 | DG81: 0.10250653 | DH81: 24.953827 | DI81: 1.2027179 | DK81: 0.015090645 | DL81: 0.42796036 | DM81: 3.0277419 | DN81: 40.514305 | DP81: 15.751976 | DQ81: 0.0025627139 | DT81: 7.6607903 | DU81: 25.993761 | DW81: 6.4553806 | DX81: 0.60542067 | DY81: 0.024535764 | DZ81: 3.4594486 | EA81: 0.031094257 | EB81: 0.38613548 | EC81: 1.5455664 | ED81: 1.7776343 | EE81: 9.5337033 | EF81: 40.090037 | EG81: 25.108571 | EH81: 1.1699115 | EJ81: 23.7325 | EL81: 7.3119285 | EM81: 6.5363678 | EN81: 7.188514 | EO81: 10.553648 | EP81: 3.0383208 | EQ81: 8.894647 | ER81: 17.268603 | EW81: 0.027632032 | EX81: 1.9273696 | EY81: 11.882567 | EZ81: 22.191727 | FB81: 2.5326479 | FD81: 35.251572 | FE81: 20.057905 | FF81: 0.27495061 | FH81: 0.0005553814
A82: 39326 | B82: 0.27038811 | C82: 0.17637383 | D82: 0.36539769 | E82: 0.037215546 | F82: 6.2152193 | H82: 9.6798852 | I82: 22.667287 | J82: 18.660355 | O82: 8.9912582 | P82: 24.905305 | S82: 1.5681763 | T82: 12.877302 | V82: 292.05195 | X82: 785.89493 | Z82: 0.0078416354 | AA82: 0.21635842 | AB82: 0.0056542368 | AD82: 22.471184 | AE82: 0.024712541 | AG82: 0.021545982 | AH82: 1.9939265 | AI82: 0.0062435116 | AL82: 0.03119794 | AM82: 0.023917194 | AN82: 3.3373163 | AP82: 0.8872223 | AQ82: 0.030009689 | AR82: 3.3482407 | AT82: 6.982252 | AU82: 0.38222637 | AV82: 14.932369 | AZ82: 44.75172 | BA82: 0.63054477 | BC82: 25.1171 | BD82: 26.02696 | BF82: 0.48688054 | BG82: 10.411424 | BH82: 24.408278 | BI82: 4.3476629 | BJ82: 25.911063 | BK82: 7.2250147 | BL82: 1.2786947 | BM82: 0.0014607823 | BO82: 0.091617449 | BP82: 0.27357694 | BQ82: 1.9702364 | BR82: 1.8252207 | BS82: 0.11906977 | BT82: 0.31653106 | BU82: 0.32364386 | BV82: 0.0011402854 | BW82: 0.00012900296 | BY82: 23.234269 | BZ82: 3.7431053 | CA82: 25.246483 | CB82: 0.12270513 | CC82: 0.17147479 | CD82: 19.741361 | CE82: 0.064985007 | CG82: 0.017369548 | CI82: 23.008951 | CK82: 1.7505926 | CL82: 0.10263702 | CN82: 22.967933 | CO82: 24.785128 | CP82: 1.6252565 | CQ82: 0.0058151003 | CS82: 5.5168525 | CT82: 0.94908451 | CV82: 24.224301 | CX82: 0.3566392 | CY82: 1.1945666 | CZ82: 0.49612957 | DA82: 0.004262672 | DC82: 2.2356078 | DD82: 0.2492984 | DF82: 2.0433691 | DG82: 0.10246331 | DH82: 25.06268 | DI82: 1.1857867 | DK82: 0.014937676 | DL82: 0.4308386 | DM82: 3.0958925 | DN82: 40.186242 | DP82: 15.501897 | DQ82: 0.002573447 | DT82: 7.749964 | DU82: 26.071311 | DW82: 6.2760706 | DX82: 0.60405899 | DY82: 0.024245979 | DZ82: 3.4151939 | EA82: 0.031454578 | EB82: 0.39425326 | EC82: 1.4884745 | ED82: 1.7452416 | EE82: 9.3513965 | EF82: 40.144926 | EG82: 25.157105 | EH82: 1.1698339 | EJ82: 23.775067 | EL82: 7.1704401 | EM82: 6.5339817 | EN82: 7.0201291 | EO82: 10.30343 | EP82: 2.9753859 | EQ82: 9.0067221 | ER82: 17.204003 | EW82: 0.027324695 | EX82: 1.8922368 | EY82: 11.833336 | EZ82: 22.920614 | FB82: 2.5320329 | FD82: 34.67061 | FE82: 19.687352 | FF82: 0.27480062 | FH82: 0.00054644596
A83: 39356 | B83: 0.26825196 | C83: 0.18074402 | D83: 0.36670013 | E83: 0.037130554 | F83: 6.156994 | H83: 9.6337013 | I83: 23.106463 | J83: 18.868157 | O83: 9.0314005 | P83: 25.375338 | S83: 1.5739206 | T83: 13.322757 | V83: 305.86255 | X83: 799.92585 | Z83: 0.0079217681 | AA83: 0.22016167 | AB83: 0.0056155112 | AD83: 23.325565 | AE83: 0.025652447 | AG83: 0.022057285 | AH83: 1.9860245 | AI83: 0.0065324586 | AL83: 0.032143108 | AM83: 0.023799122 | AN83: 3.3963003 | AP83: 0.91321032 | AQ83: 0.030215649 | AR83: 3.4043342 | AT83: 6.9889798 | AU83: 0.37865718 | AV83: 14.801991 | AZ83: 45.82061 | BA83: 0.63384567 | BC83: 25.529539 | BD83: 26.445452 | BF83: 0.52431234 | BG83: 10.711916 | BH83: 24.789515 | BI83: 4.3439171 | BJ83: 26.451412 | BK83: 7.1711692 | BL83: 1.266975 | BM83: 0.0014098808 | BO83: 0.090508794 | BP83: 0.27386038 | BQ83: 1.9741391 | BR83: 1.842757 | BS83: 0.12302399 | BT83: 0.3308196 | BU83: 0.32956474 | BV83: 0.0011591892 | BW83: 0.00012944492 | BY83: 23.577314 | BZ83: 3.7782107 | CA83: 25.664912 | CB83: 0.12164638 | CC83: 0.16920264 | CD83: 19.690928 | CE83: 0.068061879 | CG83: 0.017538381 | CI83: 23.824217 | CK83: 1.8374577 | CL83: 0.10056747 | CN83: 23.626933 | CO83: 25.262236 | CP83: 1.6242486 | CQ83: 0.0059152633 | CS83: 5.6209182 | CT83: 0.94758632 | CV83: 24.76923 | CX83: 0.36747604 | CY83: 1.2094016 | CZ83: 0.51226514 | DA83: 0.0043393461 | DC83: 2.2634285 | DD83: 0.25032816 | DF83: 2.1465895 | DG83: 0.10317478 | DH83: 25.413038 | DI83: 1.193118 | DK83: 0.014666641 | DL83: 0.43901842 | DM83: 3.2025617 | DN83: 40.096391 | DP83: 15.428451 | DQ83: 0.002677171 | DT83: 8.085406 | DU83: 26.568994 | DW83: 6.4121799 | DX83: 0.61875218 | DY83: 0.024068512 | DZ83: 3.415193 | EA83: 0.032085739 | EB83: 0.41111074 | EC83: 1.3425797 | ED83: 1.7308885 | EE83: 9.68314 | EF83: 40.919545 | EG83: 25.665342 | EH83: 1.2303675 | EJ83: 24.408755 | EL83: 7.109243 | EM83: 6.5798635 | EN83: 7.0502225 | EO83: 10.037195 | EP83: 2.9468166 | EQ83: 9.2891327 | ER83: 17.297486 | EW83: 0.027639962 | EX83: 1.8896181 | EY83: 11.904268 | EZ83: 24.345836 | FB83: 2.5792018 | FD83: 34.90031 | FE83: 19.530892 | FF83: 0.28327866 | FH83: 0.00054932988
A84: 39387 | B84: 0.27599567 | C84: 0.18713598 | D84: 0.36686613 | E84: 0.037377814 | F84: 6.2563949 | H84: 9.7247611 | I84: 23.871965 | J84: 19.442799 | O84: 9.1888751 | P84: 26.335556 | Q84: 9.2173513 | S84: 1.5967267 | T84: 13.842692 | V84: 311.25408 | X84: 835.50944 | Z84: 0.0078356506 | AA84: 0.22628685 | AB84: 0.0057173559 | AD84: 23.496326 | AE84: 0.026059469 | AG84: 0.021898486 | AH84: 2.0132059 | AI84: 0.0063972009 | AL84: 0.033201465 | AM84: 0.024235293 | AN84: 3.518075 | AP84: 0.96929294 | AQ84: 0.031090688 | AR84: 3.5198872 | AT84: 7.0054813 | AU84: 0.3847086 | AV84: 14.820035 | AZ84: 47.768977 | BA84: 0.63169055 | BC84: 26.324592 | BD84: 27.340434 | BF84: 0.47818497 | BG84: 10.95737 | BH84: 25.620629 | BI84: 4.3305948 | BJ84: 27.392425 | BK84: 7.2255987 | BL84: 1.2994035 | BM84: 0.0013687687 | BO84: 0.090192381 | BP84: 0.27095889 | BQ84: 2.001153 | BR84: 1.8408857 | BS84: 0.12549782 | BT84: 0.33118023 | BU84: 0.32895755 | BV84: 0.001134884 | BW84: 0.00013175549 | BY84: 24.361582 | BZ84: 3.871136 | CA84: 26.487993 | CB84: 0.12440036 | CC84: 0.17508011 | CD84: 19.772467 | CE84: 0.06972488 | CG84: 0.017451498 | CI84: 24.842406 | CK84: 1.8603168 | CL84: 0.10413779 | CN84: 24.548603 | CO84: 26.073155 | CP84: 1.6253863 | CQ84: 0.0061289489 | CS84: 5.6721147 | CT84: 0.95009507 | CV84: 25.536425 | CX84: 0.36808618 | CY84: 1.2107019 | CZ84: 0.52391564 | DA84: 0.0044255814 | DC84: 2.2997955 | DD84: 0.26111999 | DF84: 2.1320645 | DG84: 0.10219643 | DH84: 26.168573 | DI84: 1.2346989 | DK84: 0.015097825 | DL84: 0.45721544 | DM84: 3.2371608 | DN84: 40.155509 | DP84: 15.535334 | DQ84: 0.0027340361 | DT84: 8.4766111 | DU84: 27.413191 | DW84: 6.4247715 | DX84: 0.6347366 | DY84: 0.024029886 | DZ84: 3.4401301 | EA84: 0.033255486 | EB84: 0.42071085 | EC84: 1.348378 | ED84: 1.7290161 | EE84: 9.8517442 | EF84: 42.282403 | EG84: 26.627776 | EH84: 1.241743 | EJ84: 25.277005 | EL84: 7.0726123 | EM84: 6.5938768 | EN84: 7.0518202 | EO84: 10.092106 | EP84: 2.972862 | EQ84: 9.4934656 | ER84: 18.093768 | EW84: 0.029620333 | EX84: 1.9046313 | EY84: 12.181597 | EZ84: 24.883088 | FB84: 2.6298815 | FD84: 35.364752 | FE84: 19.573476 | FF84: 0.28537417 | FH84: 0.00055291016
A85: 39417 | B85: 0.28066396 | C85: 0.18793776 | D85: 0.36422772 | E85: 0.03776431 | F85: 6.2390703 | H85: 9.7950163 | I85: 23.665707 | J85: 19.799143 | O85: 9.3269095 | P85: 25.980823 | S85: 1.6053487 | T85: 13.773151 | V85: 308.0904 | X85: 830.7724 | Z85: 0.0079862473 | AA85: 0.22468926 | AB85: 0.0058449988 | AD85: 22.48009 | AE85: 0.025502495 | AG85: 0.022146807 | AH85: 2.0301077 | AI85: 0.0064798059 | AL85: 0.032613732 | AM85: 0.025175115 | AN85: 3.5156781 | AP85: 0.97436679 | AQ85: 0.030700994 | AR85: 3.460716 | AT85: 7.0057349 | AU85: 0.38432607 | AV85: 14.778138 | AZ85: 47.349874 | BA85: 0.62695033 | BC85: 25.850435 | BD85: 26.998816 | BF85: 0.44708928 | BG85: 11.038794 | BH85: 25.362787 | BI85: 4.3201965 | BJ85: 27.061937 | BK85: 7.2529597 | BL85: 1.3029627 | BM85: 0.001364621 | BO85: 0.089745496 | BP85: 0.26960285 | BQ85: 1.9873502 | BR85: 1.8306603 | BS85: 0.12437966 | BT85: 0.32283531 | BU85: 0.32613745 | BV85: 0.0011291242 | BW85: 0.00013327909 | BY85: 23.997644 | BZ85: 3.8678887 | CA85: 26.138474 | CB85: 0.12674572 | CC85: 0.17234458 | CD85: 19.861442 | CE85: 0.070393599 | CG85: 0.017121102 | CI85: 24.601448 | CJ85: 0.010201685 | CK85: 1.8344268 | CL85: 0.10378647 | CN85: 24.268776 | CO85: 25.731459 | CP85: 1.6230893 | CQ85: 0.0060831325 | CS85: 5.6791665 | CT85: 0.94458048 | CV85: 25.127117 | CX85: 0.37938777 | CY85: 1.2072023 | CZ85: 0.52624387 | DA85: 0.0044827049 | DC85: 2.2710854 | DD85: 0.27790834 | DF85: 2.0876614 | DG85: 0.099041665 | DH85: 25.63758 | DI85: 1.2340572 | DK85: 0.015295958 | DL85: 0.45555111 | DM85: 3.1886014 | DN85: 40.159703 | DP85: 15.471339 | DQ85: 0.0027435682 | DT85: 8.4836684 | DU85: 27.001163 | DW85: 6.2537339 | DX85: 0.63406656 | DY85: 0.023637512 | DZ85: 3.4327119 | EA85: 0.032432086 | EB85: 0.41643602 | EC85: 1.3601375 | ED85: 1.7222343 | EE85: 9.689633 | EF85: 41.717175 | EG85: 26.312331 | EH85: 1.2195922 | EJ85: 24.973098 | EL85: 7.0709271 | EM85: 6.5566754 | EN85: 7.0020939 | EO85: 10.077242 | EP85: 2.9897942 | EQ85: 9.2156574 | ER85: 17.756797 | EW85: 0.029256051 | EX85: 1.8879104 | EY85: 12.061947 | EZ85: 25.051317 | FB85: 2.6593728 | FD85: 34.426964 | FE85: 19.394181 | FF85: 0.28749066 | FH85: 0.00056500635
A86: 39448 | B86: 0.28642673 | C86: 0.18440262 | D86: 0.35596079 | E86: 0.03737869 | F86: 6.1402561 | H86: 9.7076944 | I86: 23.377603 | J86: 19.94431 | O86: 9.4030518 | P86: 25.866748 | R86: 0.034487425 | S86: 1.6015889 | T86: 13.83761 | V86: 306.07237 | X86: 835.53799 | Z86: 0.0080340626 | AA86: 0.22400428 | AB86: 0.0058371767 | AD86: 21.853967 | AE86: 0.025941816 | AG86: 0.022562847 | AH86: 2.0512914 | AI86: 0.0065370335 | AL86: 0.032869386 | AM86: 0.024954637 | AN86: 3.4995879 | AP86: 1.0037686 | AQ86: 0.030932016 | AR86: 3.4435659 | AT86: 6.8557644 | AU86: 0.37873562 | AV86: 14.672472 | AZ86: 47.969262 | BA86: 0.61892495 | BB86: 9.0310282 | BC86: 25.901013 | BD86: 26.739446 | BF86: 0.43301619 | BG86: 11.164592 | BH86: 25.071968 | BI86: 4.4066931 | BJ86: 26.76039 | BK86: 7.1241754 | BL86: 1.2782246 | BM86: 0.0013309536 | BO86: 0.089539282 | BP86: 0.2666874 | BQ86: 1.9634116 | BR86: 1.7827729 | BS86: 0.12305573 | BT86: 0.30741076 | BU86: 0.32068404 | BV86: 0.0011228661 | BW86: 0.00013384785 | BY86: 23.679187 | BZ86: 3.9520369 | CA86: 26.034486 | CB86: 0.12742718 | CC86: 0.17602951 | CD86: 19.635818 | CE86: 0.070110774 | CG86: 0.016667856 | CI86: 25.089009 | CJ86: 0.01005824 | CK86: 1.753924 | CL86: 0.10213638 | CN86: 24.453706 | CO86: 25.366402 | CP86: 1.6071044 | CQ86: 0.0060911302 | CS86: 5.7092088 | CT86: 0.94235941 | CV86: 24.674062 | CX86: 0.38444802 | CY86: 1.1831459 | CZ86: 0.52363699 | DA86: 0.0044878663 | DC86: 2.241667 | DD86: 0.28149326 | DF86: 2.033749 | DG86: 0.096449426 | DH86: 25.491488 | DI86: 1.2212802 | DK86: 0.015262478 | DL86: 0.46292701 | DM86: 3.1675108 | DN86: 40.201936 | DP86: 15.400788 | DQ86: 0.0027471979 | DT86: 8.4579303 | DU86: 26.740027 | DW86: 5.9776536 | DX86: 0.63848667 | DY86: 0.023721986 | DZ86: 3.415548 | EA86: 0.032210654 | EB86: 0.40519988 | EC86: 1.4557108 | ED86: 1.7642615 | EE86: 9.7285374 | EF86: 41.918561 | EG86: 26.105286 | EH86: 1.1780467 | EJ86: 24.609482 | EL86: 6.9654976 | EM86: 6.3681447 | EN86: 6.9640014 | EO86: 10.235416 | EP86: 2.9869953 | EQ86: 9.0711794 | ER86: 17.987822 | EW86: 0.029517398 | EX86: 1.8912279 | EY86: 11.995371 | EZ86: 24.788711 | FB86: 2.6888194 | FC86: 4.4684338 | FD86: 32.739839 | FE86: 19.132702 | FF86: 0.29101491 | FH86: 0.00056829051
A87: 39479 | B87: 0.28125235 | C87: 0.18193205 | D87: 0.35312035 | E87: 0.037037578 | F87: 6.0464171 | H87: 9.5826696 | I87: 23.080446 | J87: 20.057549 | O87: 9.3079496 | P87: 25.648689 | Q87: 8.9262282 | R87: 0.033917101 | S87: 1.6273546 | T87: 13.673479 | V87: 310.32865 | X87: 831.62498 | Z87: 0.0079365319 | AA87: 0.22208623 | AB87: 0.0062138893 | AD87: 21.807046 | AE87: 0.025650959 | AG87: 0.022907811 | AH87: 2.0915743 | AI87: 0.0067843348 | AL87: 0.032576365 | AM87: 0.024844465 | AN87: 3.4716128 | AP87: 1.0177296 | AQ87: 0.030846421 | AR87: 3.4304068 | AT87: 6.7703777 | AU87: 0.37128694 | AV87: 14.550985 | AZ87: 47.396806 | BA87: 0.63050259 | BB87: 9.0400778 | BC87: 25.619188 | BD87: 26.381836 | BF87: 0.43419334 | BG87: 11.257339 | BH87: 24.784323 | BI87: 4.3196261 | BJ87: 26.145608 | BK87: 7.0120917 | BL87: 1.261563 | BM87: 0.0012955584 | BO87: 0.088818262 | BP87: 0.26237367 | BQ87: 1.949497 | BR87: 1.7806774 | BS87: 0.11977172 | BT87: 0.29609974 | BU87: 0.31454011 | BV87: 0.001138367 | BW87: 0.00013381416 | BY87: 23.598168 | BZ87: 4.0252255 | CA87: 25.687706 | CB87: 0.12636207 | CC87: 0.17337952 | CD87: 20.450224 | CE87: 0.069437144 | CG87: 0.016396927 | CI87: 25.0245 | CJ87: 0.0099173224 | CK87: 1.5873971 | CL87: 0.10033451 | CN87: 24.343401 | CO87: 25.253477 | CP87: 1.6203916 | CQ87: 0.0059150959 | CS87: 5.7095537 | CT87: 0.93669329 | CV87: 24.39432 | CX87: 0.38829895 | CY87: 1.1807302 | CZ87: 0.52475265 | DA87: 0.004522039 | DC87: 2.2137835 | DD87: 0.28035143 | DF87: 1.8322752 | DG87: 0.095833896 | DH87: 25.264932 | DI87: 1.220142 | DK87: 0.015005198 | DL87: 0.45924834 | DM87: 3.1414811 | DN87: 39.962624 | DP87: 15.27473 | DQ87: 0.0027511481 | DT87: 8.4207683 | DU87: 26.327709 | DW87: 5.9970544 | DX87: 0.63393919 | DY87: 0.023765676 | DZ87: 3.3886505 | EA87: 0.032183694 | EB87: 0.39572469 | EC87: 1.462526 | ED87: 1.7375136 | EE87: 9.7636927 | EF87: 41.439987 | EG87: 25.691646 | EH87: 1.0617145 | EJ87: 24.265447 | EL87: 6.8980227 | EM87: 6.2207226 | EN87: 6.8865008 | EO87: 10.276881 | EP87: 2.945073 | EQ87: 9.0309349 | ER87: 17.835741 | EW87: 0.028961636 | EX87: 1.8555015 | EY87: 11.758845 | EZ87: 24.2567 | FB87: 2.7108437 | FC87: 4.4141365 | FD87: 32.25864 | FE87: 18.851512 | FF87: 0.29216596 | FH87: 0.00057941642
A88: 39508 | B88: 0.26961842 | C88: 0.18408181 | D88: 0.35085125 | E88: 0.03581535 | F88: 5.8081109 | H88: 9.263459 | I88: 23.507343 | J88: 19.959158 | O88: 9.0214351 | P88: 26.11484 | R88: 0.034533912 | S88: 1.5867093 | T88: 13.951958 | V88: 302.92712 | X88: 847.80504 | Z88: 0.0076540755 | AA88: 0.22589669 | AB88: 0.0062290358 | AD88: 20.95165 | AE88: 0.025978265 | AG88: 0.023394618 | AH88: 2.0195447 | AI88: 0.0067672449 | AL88: 0.033016274 | AM88: 0.023999293 | AN88: 3.5266211 | AP88: 1.0338476 | AQ88: 0.031623646 | AR88: 3.4833814 | AT88: 6.6360475 | AU88: 0.36170411 | AV88: 14.178256 | AZ88: 48.257886 | BA88: 0.63989625 | BB88: 8.8156172 | BC88: 26.115289 | BD88: 26.867513 | BF88: 0.45760402 | BG88: 11.236068 | BH88: 25.18102 | BI88: 4.1346374 | BJ88: 27.036271 | BK88: 6.7646199 | BL88: 1.2391881 | BM88: 0.0012465413 | BO88: 0.087081256 | BP88: 0.25022535 | BQ88: 1.8883386 | BR88: 1.7130625 | BS88: 0.12262235 | BT88: 0.26785692 | BU88: 0.30175347 | BV88: 0.0011008495 | BW88: 0.0001364049 | BY88: 24.085519 | BZ88: 3.9882838 | CA88: 26.100953 | CB88: 0.12351697 | CC88: 0.17791176 | CD88: 19.969072 | CE88: 0.066888611 | CG88: 0.015320437 | CI88: 25.667773 | CJ88: 0.0096924353 | CK88: 1.4747224 | CL88: 0.096011611 | CN88: 24.85698 | CO88: 25.71824 | CP88: 1.5576321 | CQ88: 0.0060304901 | CS88: 5.5432566 | CT88: 0.90902471 | CV88: 24.826612 | CX88: 0.39344156 | CY88: 1.1466934 | CZ88: 0.52870669 | DA88: 0.0044945462 | DC88: 2.2446535 | DD88: 0.27053637 | DF88: 1.7032714 | DG88: 0.091446964 | DH88: 25.790612 | DI88: 1.1855354 | DK88: 0.014556055 | DL88: 0.46785202 | DM88: 3.1692574 | DN88: 38.721415 | DP88: 14.842705 | DQ88: 0.0027512156 | DT88: 8.6457873 | DU88: 27.007047 | DW88: 5.9903969 | DX88: 0.63606472 | DY88: 0.023626218 | DZ88: 3.2940898 | EA88: 0.03266144 | EB88: 0.40507573 | EC88: 1.4087765 | ED88: 1.6787475 | EE88: 9.5545493 | EF88: 42.004914 | EG88: 26.308798 | EH88: 0.99416503 | EJ88: 24.746134 | EL88: 6.6524897 | EM88: 6.0510938 | EN88: 6.6447295 | EO88: 9.807257 | EP88: 2.8794602 | EQ88: 9.1789545 | ER88: 18.538664 | EW88: 0.029317724 | EX88: 1.7920344 | EY88: 11.82126 | EZ88: 22.604734 | FB88: 2.7025771 | FC88: 4.2605734 | FD88: 31.714101 | FE88: 18.257705 | FF88: 0.28800864 | FH88: 0.00057534036
A89: 39539 | B89: 0.28595177 | C89: 0.18446926 | D89: 0.34560575 | E89: 0.035217697 | F89: 5.6938702 | H89: 9.0778628 | I89: 23.298332 | J89: 20.284301 | O89: 8.8999971 | P89: 25.869958 | R89: 0.034271375 | S89: 1.5781516 | T89: 13.728097 | V89: 300.04257 | X89: 845.11034 | Z89: 0.0077945142 | AA89: 0.22708379 | AB89: 0.0062371713 | AD89: 20.334967 | AE89: 0.026375344 | AG89: 0.022701076 | AH89: 1.9904909 | AI89: 0.0068274754 | AL89: 0.032123786 | AM89: 0.023632241 | AN89: 3.521524 | AP89: 1.0317426 | AQ89: 0.031473219 | AR89: 3.4510281 | AT89: 6.5001458 | AU89: 0.35800859 | AV89: 14.023155 | AZ89: 48.180723 | BA89: 0.62820993 | BB89: 8.5877811 | BC89: 25.858294 | BD89: 26.642452 | BF89: 0.46093869 | BG89: 11.376493 | BH89: 24.836324 | BI89: 4.1148735 | BJ89: 26.889847 | BK89: 6.6430304 | BL89: 1.2400405 | BM89: 0.0012992289 | BO89: 0.085181052 | BP89: 0.25186769 | BQ89: 1.850842 | BR89: 1.6761652 | BS89: 0.12476283 | BT89: 0.2608971 | BU89: 0.29860381 | BV89: 0.0010755793 | BW89: 0.00013707879 | BY89: 23.832864 | BZ89: 3.9435262 | CA89: 25.853264 | CB89: 0.12238471 | CC89: 0.17028614 | CD89: 19.644474 | CE89: 0.065846713 | CG89: 0.014905639 | CI89: 25.759575 | CJ89: 0.0095059507 | CK89: 1.4872217 | CL89: 0.093400016 | CN89: 24.870981 | CO89: 25.48085 | CP89: 1.5138872 | CQ89: 0.0061022821 | CS89: 5.4579368 | CT89: 0.90478709 | CV89: 24.625385 | CX89: 0.39820566 | CY89: 1.14154 | CZ89: 0.54158051 | DA89: 0.0046412236 | DC89: 2.2313662 | DD89: 0.26466295 | DF89: 1.7262061 | DG89: 0.091517451 | DH89: 25.583849 | DI89: 1.1662887 | DK89: 0.014407726 | DL89: 0.46527557 | DM89: 3.1304217 | DN89: 38.100384 | DP89: 14.522101 | DQ89: 0.0028571164 | DT89: 8.8281602 | DU89: 26.775207 | DW89: 6.0867346 | DX89: 0.63512636 | DY89: 0.023716608 | DZ89: 3.2374296 | EA89: 0.032390218 | EB89: 0.41786638 | EC89: 1.3844721 | ED89: 1.6437835 | EE89: 9.6013615 | EF89: 41.60022 | EG89: 26.201844 | EH89: 0.99867007 | EJ89: 24.720373 | EL89: 6.4840994 | EM89: 5.9351859 | EN89: 6.4671163 | EO89: 9.8138805 | EP89: 2.9072679 | EQ89: 9.1437498 | ER89: 18.174852 | EW89: 0.029812537 | EX89: 1.757649 | EY89: 11.699311 | EZ89: 21.360491 | FB89: 2.7157667 | FC89: 4.2066675 | FD89: 30.802878 | FE89: 17.895779 | FF89: 0.29130411 | FH89: 0.00057444689
A90: 39569 | B90: 0.30398149 | C90: 0.1797486 | D90: 0.35060371 | E90: 0.035334863 | F90: 5.6698434 | H90: 9.0961306 | I90: 22.993262 | J90: 20.683885 | O90: 8.9778027 | P90: 25.59203 | Q90: 8.5482327 | R90: 0.033912665 | S90: 1.6193554 | T90: 13.575132 | V90: 305.33287 | X90: 832.30434 | Z90: 0.0077108998 | AA90: 0.22244401 | AB90: 0.0062383666 | AD90: 20.677541 | AE90: 0.026169078 | AG90: 0.021647028 | AH90: 1.9755091 | AI90: 0.0069101985 | AL90: 0.032111453 | AM90: 0.023121801 | AN90: 3.4912469 | AP90: 1.015566 | AQ90: 0.031223465 | AR90: 3.3963529 | AT90: 6.515205 | AU90: 0.35662381 | AV90: 14.066346 | AZ90: 47.520441 | BA90: 0.66974705 | BB90: 8.5331336 | BC90: 25.494481 | BD90: 26.262477 | BF90: 0.44071925 | BG90: 11.377047 | BH90: 24.500294 | BI90: 4.0845623 | BJ90: 26.549965 | BK90: 6.6357348 | BL90: 1.2665169 | BM90: 0.0012849957 | BO90: 0.08453214 | BP90: 0.2535307 | BQ90: 1.8758494 | BR90: 1.6667938 | BS90: 0.12688602 | BT90: 0.25860076 | BU90: 0.28366033 | BV90: 0.0010724215 | BW90: 0.0001357425 | BY90: 23.535803 | BZ90: 4.0933048 | CA90: 25.4791 | CB90: 0.12378363 | CC90: 0.16772115 | CD90: 19.457962 | CE90: 0.065984755 | CG90: 0.01419794 | CI90: 25.493036 | CJ90: 0.0095425426 | CK90: 1.52366 | CL90: 0.09643568 | CN90: 24.581168 | CO90: 25.146 | CP90: 1.5129268 | CQ90: 0.0061436968 | CS90: 5.368091 | CT90: 0.91066923 | CV90: 24.251134 | CX90: 0.37873967 | CY90: 1.1400998 | CZ90: 0.55247299 | DA90: 0.0048208122 | DC90: 2.2062729 | DD90: 0.26348808 | DF90: 1.7673618 | DG90: 0.088021768 | DH90: 25.174052 | DI90: 1.185082 | DK90: 0.014578526 | DL90: 0.45710708 | DM90: 3.113625 | DN90: 38.223081 | DP90: 14.537389 | DQ90: 0.0029675465 | DT90: 8.8084917 | DU90: 26.367393 | DW90: 5.963857 | DX90: 0.63314615 | DY90: 0.023533604 | DZ90: 3.2081156 | EA90: 0.031724194 | EB90: 0.4115526 | EC90: 1.3663106 | ED90: 1.6451456 | EE90: 9.5749128 | EF90: 40.928172 | EG90: 25.967929 | EH90: 1.0197801 | EJ90: 24.401213 | EL90: 6.5313808 | EM90: 5.9003878 | EN90: 6.654676 | EO90: 9.7968655 | EP90: 2.9286094 | EQ90: 9.0577456 | ER90: 17.64694 | EW90: 0.030051879 | EX90: 1.7778988 | EY90: 11.456432 | EZ90: 22.454066 | FB90: 2.7632234 | FC90: 4.2183442 | FD90: 30.513268 | FE90: 17.914173 | FF90: 0.29255784 | FH90: 0.00059023874
A91: 39600 | B91: 0.27799028 | C91: 0.16818036 | D91: 0.33324357 | E91: 0.033647144 | F91: 5.3709303 | H91: 8.7301208 | I91: 21.736822 | J91: 19.738859 | O91: 8.5477405 | P91: 24.25842 | R91: 0.032165386 | S91: 1.5627956 | T91: 12.917847 | V91: 297.51074 | X91: 783.23573 | Z91: 0.0074765179 | AA91: 0.2127223 | AB91: 0.0058019414 | AD91: 19.299335 | AE91: 0.025174675 | AG91: 0.019729893 | AH91: 1.8795571 | AI91: 0.0068252332 | AL91: 0.030095772 | AM91: 0.021738389 | AN91: 3.3167353 | AP91: 0.98972577 | AQ91: 0.029628649 | AR91: 3.2101874 | AT91: 6.1814326 | AU91: 0.34292165 | AV91: 13.364662 | AZ91: 45.063063 | BA91: 0.70920624 | BB91: 8.0122392 | BC91: 24.122919 | BD91: 24.848154 | BF91: 0.41307595 | BG91: 10.924116 | BH91: 23.143791 | BI91: 3.8293966 | BJ91: 25.004206 | BK91: 6.335455 | BL91: 1.2039798 | BM91: 0.0012124882 | BO91: 0.080020627 | BP91: 0.23823247 | BQ91: 1.7924401 | BR91: 1.5834116 | BS91: 0.12203147 | BT91: 0.23372521 | BU91: 0.26503635 | BV91: 0.0010237035 | BW91: 0.00013038116 | BY91: 22.293522 | BZ91: 3.8839028 | CA91: 24.125312 | CB91: 0.11858654 | CC91: 0.15469019 | CD91: 18.485525 | CE91: 0.062895921 | CG91: 0.013571478 | CI91: 24.197439 | CJ91: 0.0091510919 | CK91: 1.3962024 | CL91: 0.095988697 | CN91: 23.317623 | CO91: 23.82207 | CP91: 1.4410279 | CQ91: 0.0058691825 | CS91: 5.196276 | CT91: 0.86366257 | CV91: 22.944081 | CX91: 0.35639233 | CY91: 1.0924669 | CZ91: 0.52833316 | DA91: 0.0045703786 | DC91: 2.0707217 | DD91: 0.25004892 | DF91: 1.6191786 | DG91: 0.082276622 | DH91: 23.689843 | DI91: 1.1367359 | DK91: 0.014256862 | DL91: 0.43284243 | DM91: 2.8912917 | DN91: 36.481015 | DP91: 13.8692 | DQ91: 0.0029041949 | DT91: 8.4023108 | DU91: 24.981703 | DW91: 5.6423428 | DX91: 0.60517652 | DY91: 0.022656163 | DZ91: 3.0383411 | EA91: 0.0307586 | EB91: 0.39950939 | EC91: 1.3281654 | ED91: 1.5629417 | EE91: 9.0051509 | EF91: 38.716153 | EG91: 24.702704 | EH91: 0.93820955 | EJ91: 23.136075 | EL91: 6.2482528 | EM91: 5.6214706 | EN91: 6.3158151 | EO91: 9.5691384 | EP91: 2.8271261 | EQ91: 8.5218827 | ER91: 16.761999 | EW91: 0.028134807 | EX91: 1.7239741 | EY91: 10.804903 | EZ91: 21.338965 | FB91: 2.7019899 | FC91: 4.0131641 | FD91: 28.918322 | FE91: 17.062931 | FF91: 0.28486036 | FH91: 0.00055719168
A92: 39630 | B92: 0.27433354 | C92: 0.16622153 | D92: 0.32868946 | E92: 0.033337467 | F92: 5.3023945 | H92: 8.695031 | I92: 21.564528 | J92: 19.521864 | O92: 8.4734234 | P92: 24.214555 | R92: 0.032521404 | S92: 1.5569152 | T92: 12.834168 | V92: 297.97065 | X92: 789.37822 | Z92: 0.007389883 | AA92: 0.21445988 | AB92: 0.0056021801 | AD92: 19.041662 | AE92: 0.025841096 | AG92: 0.019204959 | AH92: 1.8589257 | AI92: 0.0064493883 | AL92: 0.03097343 | AM92: 0.021058801 | AN92: 3.3119565 | AP92: 1.0212391 | AQ92: 0.030093933 | AR92: 3.1786118 | AT92: 6.064182 | AU92: 0.3401083 | AV92: 13.165213 | AZ92: 45.062548 | BA92: 0.7463144 | BB92: 7.872822 | BC92: 23.90992 | BD92: 24.621588 | BF92: 0.40791386 | BG92: 10.696235 | BH92: 23.121108 | BI92: 3.7035164 | BJ92: 24.636289 | BK92: 6.2470929 | BL92: 1.2021625 | BM92: 0.0011863195 | BO92: 0.078468665 | BP92: 0.23343327 | BQ92: 1.7925637 | BR92: 1.5627576 | BS92: 0.12670994 | BT92: 0.23316943 | BU92: 0.26501137 | BV92: 0.0010316595 | BW92: 0.00012902974 | BY92: 22.08485 | BZ92: 3.8394257 | CA92: 24.078645 | CB92: 0.11866436 | CC92: 0.15193178 | CD92: 18.450915 | CE92: 0.062362419 | CG92: 0.013520791 | CI92: 24.100777 | CJ92: 0.009042638 | CK92: 1.4411299 | CL92: 0.095727484 | CN92: 23.250017 | CO92: 23.539667 | CP92: 1.4245893 | CQ92: 0.0059511366 | CS92: 5.160699 | CT92: 0.86247944 | CV92: 22.980324 | CX92: 0.3644221 | CY92: 1.0854685 | CZ92: 0.52646101 | DA92: 0.0044854146 | DC92: 2.0562541 | DD92: 0.2475935 | DF92: 1.6831921 | DG92: 0.080803067 | DH92: 23.560675 | DI92: 1.1225679 | DK92: 0.014270059 | DL92: 0.4257643 | DM92: 2.870079 | DN92: 36.126983 | DO92: 0.12955246 | DP92: 13.638821 | DQ92: 0.0028588063 | DT92: 8.6346637 | DU92: 24.663079 | DW92: 5.7648629 | DX92: 0.60301772 | DY92: 0.022875307 | DZ92: 3.0219279 | EA92: 0.030793197 | EB92: 0.40149691 | EC92: 1.3262505 | ED92: 1.5455971 | EE92: 8.972864 | EF92: 38.497492 | EG92: 24.519173 | EH92: 0.96957084 | EJ92: 22.863729 | EL92: 6.0982298 | EM92: 5.5396442 | EN92: 6.1965268 | EO92: 9.61734 | EP92: 2.806972 | EQ92: 8.3710135 | ER92: 16.533121 | EW92: 0.028367472 | EX92: 1.717791 | EY92: 10.750298 | EZ92: 21.376438 | FB92: 2.6372385 | FC92: 3.9749875 | FD92: 28.678949 | FE92: 16.798083 | FF92: 0.28373655 | FH92: 0.00054649488
A93: 39661 | B93: 0.27961887 | C93: 0.15857435 | D93: 0.33743305 | E93: 0.033524141 | F93: 5.2794841 | H93: 8.8139222 | I93: 20.348556 | J93: 19.324232 | O93: 8.4803045 | P93: 22.752678 | Q93: 8.0699973 | R93: 0.031294302 | S93: 1.5743174 | T93: 12.137072 | V93: 293.60647 | X93: 746.88315 | Z93: 0.0074738666 | AA93: 0.20444596 | AB93: 0.0055979358 | AD93: 18.175094 | AE93: 0.023867251 | AG93: 0.018756022 | AH93: 1.8449919 | AI93: 0.0062193189 | AL93: 0.029293947 | AM93: 0.02074456 | AN93: 3.1378328 | AP93: 0.93380652 | AQ93: 0.028519215 | AR93: 3.0072176 | AT93: 6.0310088 | AU93: 0.33488891 | AV93: 13.13365 | AZ93: 42.65041 | BA93: 0.75021627 | BB93: 7.4623836 | BC93: 22.707779 | BD93: 23.269051 | BF93: 0.40343656 | BG93: 10.987377 | BH93: 21.792088 | BI93: 3.567336 | BJ93: 23.071578 | BK93: 6.2614284 | BL93: 1.2084092 | BM93: 0.0011820498 | BO93: 0.078882804 | BP93: 0.23493251 | BQ93: 1.8012 | BR93: 1.5306011 | BS93: 0.11750158 | BT93: 0.22494552 | BU93: 0.26689285 | BV93: 0.0010318311 | BW93: 0.00012683289 | BY93: 20.977647 | BZ93: 3.6521353 | CA93: 22.796255 | CB93: 0.11971625 | CC93: 0.14828168 | CD93: 18.482948 | CE93: 0.062720052 | CG93: 0.01314667 | CI93: 22.684688 | CJ93: 0.0090286868 | CK93: 1.4480057 | CL93: 0.099479776 | CN93: 22.015531 | CO93: 22.340573 | CP93: 1.4169399 | CQ93: 0.0058797187 | CS93: 5.0267838 | CT93: 0.86785799 | CV93: 21.705037 | CX93: 0.35166056 | CY93: 1.1028224 | CZ93: 0.53525217 | DA93: 0.0046489867 | DC93: 1.9718959 | DD93: 0.24906992 | DF93: 1.6832026 | DG93: 0.086216261 | DH93: 22.315747 | DI93: 1.1185434 | DK93: 0.014375145 | DL93: 0.40235133 | DM93: 2.7370179 | DN93: 36.163904 | DO93: 0.12470972 | DP93: 13.633593 | DQ93: 0.0028561248 | DT93: 8.0748417 | DU93: 23.19805 | DW93: 5.5188402 | DX93: 0.58297702 | DY93: 0.023239971 | DZ93: 3.0237576 | EA93: 0.029496869 | EB93: 0.3904236 | EC93: 1.3931949 | ED93: 1.5414212 | EE93: 8.684905 | EF93: 36.468832 | EG93: 23.048103 | EH93: 0.96721175 | EJ93: 21.568248 | EL93: 6.1068675 | EM93: 5.5206643 | EN93: 6.2390244 | EO93: 9.7599771 | EP93: 2.8279909 | EQ93: 7.9735437 | ER93: 15.525472 | EW93: 0.027734244 | EX93: 1.7442113 | EY93: 10.307954 | EZ93: 21.850236 | FB93: 2.621171 | FC93: 3.9727038 | FD93: 28.150248 | FE93: 16.655963 | FF93: 0.28585082 | FH93: 0.0005529319
A94: 39692 | B94: 0.28274628 | C94: 0.15254633 | D94: 0.34600881 | E94: 0.03399203 | F94: 5.3293277 | H94: 8.8099089 | I94: 19.684252 | J94: 19.611929 | O94: 8.6111898 | P94: 21.984504 | R94: 0.029776009 | S94: 1.6019754 | T94: 11.718922 | V94: 265.12506 | X94: 728.21285 | Z94: 0.0074399415 | AA94: 0.19842784 | AB94: 0.0055539951 | AD94: 18.220439 | AE94: 0.023093207 | AG94: 0.018572956 | AH94: 1.8605048 | AI94: 0.005570706 | AL94: 0.027757863 | AM94: 0.020985049 | AN94: 3.0605197 | AP94: 0.89135733 | AQ94: 0.027543682 | AR94: 2.9148157 | AT94: 6.0836622 | AU94: 0.33931629 | AV94: 13.29076 | AZ94: 41.382595 | BA94: 0.76032082 | BB94: 7.2279657 | BC94: 22.005659 | BD94: 22.432336 | BF94: 0.38635134 | BG94: 11.016345 | BH94: 21.000747 | BI94: 3.4931855 | BJ94: 22.691411 | BK94: 6.3244522 | BL94: 1.2041788 | BM94: 0.0011459043 | BO94: 0.079904373 | BP94: 0.23787736 | BQ94: 1.8134527 | BR94: 1.5213188 | BS94: 0.111087 | BT94: 0.20419754 | BU94: 0.25459544 | BV94: 0.0010224336 | BW94: 0.00012985246 | BY94: 20.284177 | BZ94: 3.6716139 | CA94: 21.926877 | CB94: 0.12081919 | CC94: 0.15260778 | CD94: 18.940933 | CE94: 0.063618419 | CG94: 0.012188882 | CI94: 22.122539 | CJ94: 0.0091445461 | CK94: 1.4027782 | CL94: 0.096759887 | CN94: 21.344199 | CO94: 21.574988 | CP94: 1.4340553 | CQ94: 0.0058609766 | CS94: 4.8772533 | CT94: 0.86383727 | CV94: 21.112787 | CX94: 0.33916131 | CY94: 1.0651886 | CZ94: 0.52752392 | DA94: 0.0047098244 | DC94: 1.9259964 | DD94: 0.25065431 | DF94: 1.6202181 | DG94: 0.083150147 | DH94: 21.62049 | DI94: 1.1223129 | DK94: 0.014612906 | DL94: 0.38661704 | DM94: 2.6202061 | DN94: 36.728354 | DO94: 0.12182571 | DP94: 13.807586 | DQ94: 0.002855896 | DT94: 7.5964272 | DU94: 22.497715 | DW94: 5.2024819 | DX94: 0.56385053 | DY94: 0.023559775 | DZ94: 3.050198 | EA94: 0.028597862 | EB94: 0.38088849 | EC94: 1.3882805 | ED94: 1.551324 | EE94: 8.5554793 | EF94: 35.39553 | EG94: 22.221591 | EH94: 0.92874771 | EJ94: 20.801699 | EL94: 6.2286436 | EM94: 5.5903813 | EN94: 6.340635 | EO94: 9.4500554 | EP94: 2.8453268 | EQ94: 7.6379011 | ER94: 15.26818 | EW94: 0.025606514 | EX94: 1.7760531 | EY94: 10.113521 | EZ94: 20.976174 | FB94: 2.6580507 | FC94: 4.0192448 | FD94: 26.195987 | FE94: 16.721639 | FF94: 0.27173032 | FH94: 0.000556443
A95: 39722 | B95: 0.28995302 | C95: 0.14754592 | D95: 0.35402373 | E95: 0.035886601 | F95: 5.5478057 | H95: 9.1243113 | I95: 19.044785 | J95: 20.699374 | O95: 9.0757792 | P95: 21.250653 | R95: 0.029063648 | S95: 1.6806347 | T95: 11.416773 | V95: 230.37442 | X95: 708.85534 | Z95: 0.0079399118 | AA95: 0.19492323 | AB95: 0.0056051772 | AD95: 16.824458 | AE95: 0.023126719 | AG95: 0.016779138 | AH95: 1.9372969 | AI95: 0.0052697597 | AL95: 0.027689422 | AM95: 0.022095316 | AN95: 2.954835 | AP95: 0.85459078 | AQ95: 0.026483248 | AR95: 2.8181022 | AT95: 6.3489591 | AU95: 0.34935177 | AV95: 13.887276 | AZ95: 40.237785 | BA95: 0.78018284 | BB95: 6.9949009 | BC95: 21.310566 | BD95: 21.71217 | BF95: 0.38373459 | BG95: 11.386833 | BH95: 20.296352 | BI95: 3.6017619 | BJ95: 21.974956 | BK95: 6.6320086 | BL95: 1.2531409 | BM95: 0.0011684101 | BO95: 0.083185855 | BP95: 0.25575975 | BQ95: 1.9062226 | BR95: 1.6019715 | BS95: 0.10072321 | BT95: 0.17416657 | BU95: 0.25244956 | BV95: 0.00099555315 | BW95: 0.00013525317 | BY95: 19.597077 | BZ95: 3.701567 | CA95: 21.234272 | CB95: 0.12347956 | CC95: 0.16942721 | CD95: 19.563663 | CE95: 0.06675105 | CG95: 0.010836452 | CI95: 21.679395 | CJ95: 0.0094972421 | CK95: 1.2195204 | CL95: 0.098830701 | CN95: 20.877102 | CO95: 20.86103 | CP95: 1.5087728 | CQ95: 0.0057874755 | CS95: 4.9503603 | CT95: 0.89447807 | CV95: 20.881903 | CX95: 0.33998602 | CY95: 0.94964852 | CZ95: 0.53540342 | DA95: 0.0048818387 | DC95: 1.8796929 | DD95: 0.26239135 | DF95: 1.4145825 | DG95: 0.081342556 | DH95: 20.888861 | DI95: 1.1673621 | DK95: 0.015173214 | DL95: 0.37818388 | DM95: 2.414559 | DN95: 38.57366 | DO95: 0.12420205 | DP95: 14.422739 | DQ95: 0.0027109766 | DT95: 6.9363156 | DU95: 21.753451 | DW95: 4.9271902 | DX95: 0.57025412 | DY95: 0.024824438 | DZ95: 3.234568 | EA95: 0.027780256 | EB95: 0.35253169 | EC95: 1.3884174 | ED95: 1.6176635 | EE95: 8.7387413 | EF95: 34.416642 | EG95: 21.519678 | EH95: 0.80568622 | EJ95: 20.213979 | EL95: 6.5728629 | EM95: 5.8484174 | EN95: 6.6020993 | EO95: 9.4447442 | EP95: 2.9650317 | EQ95: 7.1814248 | ER95: 15.60248 | EW95: 0.024755156 | EX95: 1.8805689 | EY95: 10.04222 | EZ95: 18.789159 | FB95: 2.7202045 | FC95: 4.203606 | FD95: 25.665211 | FE95: 17.290183 | FF95: 0.26025121 | FH95: 0.00057981311
A96: 39753 | B96: 0.28457963 | C96: 0.14396026 | D96: 0.33149055 | E96: 0.037086161 | F96: 5.6792311 | H96: 8.8905122 | I96: 18.540498 | J96: 21.213945 | O96: 9.2947228 | P96: 20.623539 | Q96: 8.4262925 | R96: 0.028456714 | S96: 1.7194734 | T96: 11.091333 | V96: 226.43282 | X96: 692.31571 | Z96: 0.0080244842 | AA96: 0.18602935 | AB96: 0.005531457 | AD96: 16.655865 | AE96: 0.022277261 | AG96: 0.016247241 | AH96: 1.963932 | AI96: 0.0053054356 | AL96: 0.028374328 | AM96: 0.022909739 | AN96: 2.8753093 | AP96: 0.81569062 | AQ96: 0.025477754 | AR96: 2.7475863 | AT96: 6.4245334 | AU96: 0.34291561 | AV96: 14.162734 | AZ96: 39.16865 | BA96: 0.75356225 | BB96: 6.8885321 | BC96: 20.70938 | BD96: 21.096733 | BF96: 0.36967215 | BG96: 10.398884 | BH96: 19.713998 | BI96: 3.6415138 | BJ96: 21.395374 | BK96: 6.7751002 | BL96: 1.262086 | BM96: 0.0011780945 | BO96: 0.083489493 | BP96: 0.2589855 | BQ96: 1.9433974 | BR96: 1.6655959 | BS96: 0.095223288 | BT96: 0.15259984 | BU96: 0.25604108 | BV96: 0.00086884722 | BW96: 0.00013962044 | BY96: 18.973022 | BZ96: 3.5652591 | CA96: 20.654482 | CB96: 0.1211794 | CC96: 0.17816754 | CD96: 19.769185 | CE96: 0.068337634 | CG96: 0.010537638 | CI96: 21.087085 | CJ96: 0.0095684685 | CK96: 1.2071746 | CL96: 0.1001015 | CN96: 20.331155 | CO96: 20.193363 | CP96: 1.5350444 | CQ96: 0.0056821451 | CS96: 4.873221 | CT96: 0.90213567 | CV96: 20.322416 | CX96: 0.32646554 | CY96: 0.93696986 | CZ96: 0.54348943 | DA96: 0.0048929242 | DC96: 1.8592883 | DD96: 0.2702419 | DF96: 1.3879953 | DG96: 0.08231025 | DH96: 20.317888 | DI96: 1.1885628 | DK96: 0.015487748 | DL96: 0.36712035 | DM96: 2.2896145 | DN96: 39.646067 | DO96: 0.1269997 | DP96: 14.648442 | DQ96: 0.0025338481 | DT96: 6.5567672 | DU96: 21.101261 | DW96: 4.7933432 | DX96: 0.56671373 | DY96: 0.025410806 | DZ96: 3.2985336 | EA96: 0.026663749 | EB96: 0.3243366 | EC96: 0.9366917 | ED96: 1.6461479 | EE96: 8.7454501 | EF96: 33.666926 | EG96: 20.85674 | EH96: 0.79416441 | EJ96: 19.649983 | EL96: 6.6883408 | EM96: 5.9906367 | EN96: 6.713926 | EO96: 9.4831857 | EP96: 2.932561 | EQ96: 6.7743599 | ER96: 15.176393 | EW96: 0.024139081 | EX96: 1.9181182 | EY96: 9.8085055 | EZ96: 17.984344 | FB96: 2.3663933 | FC96: 4.2866716 | FD96: 23.823044 | FE96: 17.323248 | FF96: 0.25155458 | FH96: 0.0005886196
A97: 39783 | B97: 0.28696675 | C97: 0.15827459 | D97: 0.32653214 | E97: 0.038576017 | F97: 5.6806497 | H97: 8.6892182 | I97: 20.007525 | J97: 21.737731 | O97: 9.3939529 | P97: 22.24799 | R97: 0.030524881 | S97: 1.7673682 | T97: 12.076174 | V97: 219.96151 | X97: 744.3805 | Z97: 0.0083570411 | AA97: 0.19890788 | AB97: 0.0056303177 | AD97: 16.703584 | AE97: 0.024369282 | AG97: 0.016484762 | AH97: 2.0018861 | AI97: 0.0056390821 | AL97: 0.030426574 | AM97: 0.023510345 | AN97: 3.0528385 | AP97: 0.84561965 | AQ97: 0.027904049 | AR97: 2.9415886 | AT97: 6.460255 | AU97: 0.34533081 | AV97: 14.537729 | AZ97: 42.248906 | BA97: 0.72469875 | BB97: 7.1246406 | BC97: 22.307662 | BD97: 22.752235 | BF97: 0.35785108 | BG97: 10.183676 | BH97: 21.400246 | BI97: 3.7037673 | BJ97: 23.023632 | BK97: 6.8950951 | BL97: 1.2751799 | BM97: 0.001173621 | BO97: 0.086141417 | BP97: 0.25828575 | BQ97: 1.9909581 | BR97: 1.7000108 | BS97: 0.10275523 | BT97: 0.17309524 | BU97: 0.26225648 | BV97: 0.0009357564 | BW97: 0.0001438367 | BY97: 20.243248 | BZ97: 3.6682125 | CA97: 22.297825 | CB97: 0.12006226 | CC97: 0.19226061 | CD97: 19.544553 | CE97: 0.069779976 | CG97: 0.010912647 | CI97: 22.689655 | CJ97: 0.0097285743 | CK97: 1.25144 | CL97: 0.098534129 | CN97: 21.964585 | CO97: 21.70458 | CP97: 1.5669157 | CQ97: 0.0058949138 | CS97: 5.0304184 | CT97: 0.93013448 | CV97: 22.000763 | CX97: 0.33126343 | CY97: 0.94310577 | CZ97: 0.55355872 | DA97: 0.0047098685 | DC97: 1.9987518 | DD97: 0.26614022 | DF97: 1.4399868 | DG97: 0.082769767 | DH97: 21.807387 | DI97: 1.2086875 | DK97: 0.014867162 | DL97: 0.39796405 | DM97: 2.3106961 | DN97: 40.577026 | DO97: 0.13116993 | DP97: 14.930969 | DQ97: 0.0025786659 | DT97: 6.5903334 | DU97: 22.704748 | DW97: 5.0199483 | DX97: 0.5669727 | DY97: 0.025657424 | DZ97: 3.38162 | EA97: 0.028832107 | EB97: 0.34486209 | EC97: 0.95866954 | ED97: 1.6746769 | EE97: 9.0469085 | EF97: 36.325247 | EG97: 22.409544 | EH97: 0.82111335 | EJ97: 21.135468 | EL97: 6.8056139 | EM97: 6.1283753 | EN97: 6.8818032 | EO97: 9.695594 | EP97: 2.9559093 | EQ97: 6.7837826 | ER97: 16.047195 | EW97: 0.026917462 | EX97: 1.9673781 | EY97: 10.407739 | EZ97: 18.927585 | FB97: 1.9589078 | FC97: 4.3817929 | FD97: 23.573593 | FE97: 17.546656 | FF97: 0.25276344 | FH97: 0.00059448801
A98: 39814 | B98: 0.28270858 | C98: 0.15300018 | D98: 0.32386676 | E98: 0.038860825 | F98: 5.6782502 | H98: 8.6585877 | I98: 19.612126 | J98: 21.642702 | O98: 8.0336184 | P98: 21.932299 | R98: 0.02994339 | S98: 1.7747613 | T98: 11.729383 | V98: 229.46678 | X98: 740.70568 | Z98: 0.008444194 | AA98: 0.19882612 | AB98: 0.0055710866 | AD98: 16.779372 | AE98: 0.024058024 | AG98: 0.01704938 | AH98: 2.0223036 | AI98: 0.0056746121 | AL98: 0.030115453 | AM98: 0.023331957 | AN98: 3.0066475 | AP98: 0.81491965 | AQ98: 0.027464345 | AR98: 2.9036116 | AT98: 6.441191 | AU98: 0.34552665 | AV98: 14.648096 | AX98: 18.145598 | AZ98: 41.367142 | BA98: 0.67391754 | BB98: 7.2247766 | BC98: 21.928949 | BD98: 22.315596 | BF98: 0.36706336 | BG98: 10.257307 | BH98: 20.969055 | BI98: 3.8028504 | BJ98: 22.565643 | BK98: 6.875034 | BL98: 1.2451954 | BM98: 0.001175298 | BO98: 0.088649584 | BP98: 0.25075045 | BQ98: 1.9910177 | BR98: 1.7044835 | BS98: 0.096169077 | BT98: 0.17451417 | BU98: 0.26309809 | BV98: 0.00094104473 | BW98: 0.00014385168 | BY98: 19.622875 | BZ98: 3.601356 | CA98: 21.927601 | CB98: 0.11474967 | CC98: 0.19295746 | CD98: 19.461972 | CE98: 0.069626857 | CG98: 0.011153401 | CI98: 22.835781 | CJ98: 0.0096309333 | CK98: 1.2667513 | CL98: 0.098617565 | CN98: 22.217169 | CO98: 21.134367 | CP98: 1.5758886 | CQ98: 0.0057562391 | CS98: 5.0081972 | CT98: 0.94371096 | CV98: 21.177759 | CX98: 0.32779675 | CY98: 0.91322966 | CZ98: 0.55020365 | DA98: 0.0043832631 | DC98: 1.9602174 | DD98: 0.26833656 | DF98: 1.475838 | DG98: 0.082881079 | DH98: 21.532128 | DI98: 1.2049969 | DK98: 0.012976429 | DL98: 0.39273311 | DM98: 2.3206432 | DN98: 40.535422 | DO98: 0.13126938 | DP98: 14.889462 | DQ98: 0.002524006 | DT98: 6.2062259 | DU98: 22.216759 | DW98: 4.6122262 | DX98: 0.51907711 | DY98: 0.025355075 | DZ98: 3.3946262 | EA98: 0.027493872 | EB98: 0.32344631 | EC98: 0.9716024 | ED98: 1.7171794 | EE98: 8.9900005 | EF98: 35.919022 | EG98: 21.96846 | EH98: 0.83327376 | EJ98: 20.558457 | EL98: 6.768339 | EM98: 6.0476278 | EN98: 6.8648844 | EO98: 9.667362 | EP98: 2.9660435 | EQ98: 6.6914488 | ER98: 16.150589 | EW98: 0.02618958 | EX98: 1.9589583 | EY98: 10.162288 | EZ98: 18.373621 | FB98: 1.9864725 | FC98: 4.3826598 | FD98: 22.718443 | FE98: 17.632083 | FF98: 0.26650182 | FH98: 0.00058358382
A99: 39845 | B99: 0.27328086 | C99: 0.14691823 | D99: 0.32951113 | E99: 0.03979382 | F99: 5.6983862 | H99: 8.8451824 | I99: 19.2734 | J99: 21.677061 | O99: 7.8351665 | P99: 21.546094 | Q99: 8.6094689 | R99: 0.028706681 | S99: 1.7979734 | T99: 11.471425 | V99: 233.38581 | X99: 726.34132 | Z99: 0.0085009779 | AA99: 0.20195676 | AB99: 0.0056136089 | AD99: 16.872478 | AE99: 0.023290876 | AG99: 0.01754885 | AH99: 2.0509475 | AI99: 0.0051993088 | AL99: 0.028807913 | AM99: 0.023493707 | AN99: 2.9237215 | AP99: 0.762124 | AQ99: 0.026893414 | AR99: 2.8789858 | AT99: 6.503086 | AU99: 0.34972238 | AV99: 14.919758 | AX99: 18.374215 | AZ99: 40.359098 | BA99: 0.67048659 | BB99: 7.1153449 | BC99: 21.489435 | BD99: 21.930803 | BF99: 0.37536678 | BG99: 10.220981 | BH99: 20.655168 | BI99: 3.6754718 | BJ99: 21.891327 | BK99: 6.8975698 | BL99: 1.2414387 | BM99: 0.0012562273 | BO99: 0.087507986 | BP99: 0.25049661 | BQ99: 2.0341657 | BR99: 1.7165809 | BS99: 0.089322228 | BT99: 0.19329355 | BU99: 0.26442038 | BV99: 0.00090064663 | BW99: 0.00015017171 | BY99: 19.141069 | BZ99: 3.4869394 | CA99: 21.515442 | CB99: 0.11037537 | CC99: 0.19076426 | CD99: 19.697782 | CE99: 0.059550187 | CF99: 0.11856354 | CG99: 0.010724975 | CI99: 22.598666 | CJ99: 0.0098547448 | CK99: 1.2735936 | CL99: 0.099169965 | CN99: 21.81185 | CO99: 21.059896 | CP99: 1.5774231 | CQ99: 0.0057647092 | CS99: 4.9852911 | CT99: 0.94604748 | CV99: 20.939527 | CX99: 0.3228153 | CY99: 0.88514928 | CZ99: 0.5459674 | DA99: 0.0041462238 | DC99: 1.9334054 | DD99: 0.26660299 | DF99: 1.4820962 | DG99: 0.083886113 | DH99: 21.22983 | DI99: 1.2239387 | DK99: 0.013131771 | DL99: 0.38084026 | DM99: 2.4023461 | DN99: 41.000635 | DO99: 0.13434761 | DP99: 15.145093 | DQ99: 0.0025007879 | DT99: 5.5463268 | DU99: 21.739865 | DW99: 4.5082733 | DX99: 0.47078609 | DY99: 0.025993537 | DZ99: 3.4443957 | EA99: 0.026900308 | EB99: 0.31983325 | EC99: 0.99399851 | ED99: 1.7355737 | EE99: 8.9068339 | EF99: 35.166699 | EG99: 21.62162 | EH99: 0.8431357 | EJ99: 20.129985 | EL99: 6.8320747 | EM99: 6.1187146 | EN99: 6.8954678 | EO99: 9.7216425 | EP99: 2.9758406 | EQ99: 6.4460458 | ER99: 15.911275 | EW99: 0.025504288 | EX99: 1.9881769 | EY99: 9.8254734 | EZ99: 17.846176 | FB99: 2.0426957 | FC99: 4.42825 | FD99: 23.183571 | FE99: 17.964652 | FF99: 0.26995256 | FH99: 0.0005984654
A100: 39873 | B100: 0.27061951 | C100: 0.15055319 | D100: 0.3359011 | E100: 0.040712803 | F100: 5.8161725 | H100: 9.0523808 | I100: 20.041391 | J100: 21.97288 | O100: 7.9112386 | P100: 22.235463 | R100: 0.029553859 | S100: 1.8191258 | T100: 11.883013 | V100: 235.98485 | X100: 753.95478 | Z100: 0.0085693735 | AA100: 0.19548954 | AB100: 0.0057952719 | AD100: 16.923131 | AE100: 0.02402159 | AG100: 0.017805867 | AH100: 2.0784425 | AI100: 0.0053917026 | AL100: 0.030423361 | AM100: 0.023768927 | AN100: 3.0277304 | AP100: 0.82775867 | AQ100: 0.027712917 | AR100: 2.9957694 | AT100: 6.6575005 | AU100: 0.35503906 | AV100: 15.336266 | AX100: 18.771517 | AZ100: 41.668528 | BA100: 0.67999422 | BB100: 7.2279945 | BC100: 22.304038 | BD100: 22.803782 | BF100: 0.37947117 | BG100: 10.357638 | BH100: 21.394792 | BI100: 3.6159783 | BJ100: 23.174372 | BK100: 6.9836997 | BL100: 1.2387948 | BM100: 0.0012409626 | BO100: 0.089364909 | BP100: 0.25224049 | BQ100: 2.0683828 | BR100: 1.7505233 | BS100: 0.091148843 | BT100: 0.19392913 | BU100: 0.2585415 | BV100: 0.00091926089 | BW100: 0.00014786677 | BY100: 19.842156 | BZ100: 3.5190941 | CA100: 22.347331 | CB100: 0.11259488 | CC100: 0.18334876 | CD100: 19.975462 | CE100: 0.058675517 | CF100: 0.120612 | CG100: 0.010739201 | CI100: 23.510361 | CJ100: 0.0099630868 | CK100: 0.91305339 | CL100: 0.099518907 | CN100: 22.644383 | CO100: 21.819023 | CP100: 1.6107937 | CQ100: 0.0059664688 | CS100: 5.0127635 | CT100: 0.98607753 | CV100: 21.902311 | CX100: 0.32446332 | CY100: 0.89162511 | CZ100: 0.53763309 | DA100: 0.0039465922 | DC100: 2.0126604 | DD100: 0.26021546 | DF100: 1.5202637 | DG100: 0.083262183 | DH100: 22.25506 | DI100: 1.2330759 | DK100: 0.013378641 | DL100: 0.39559275 | DM100: 2.4751824 | DN100: 41.368381 | DO100: 0.13607633 | DP100: 15.50125 | DQ100: 0.0025242746 | DT100: 5.8256799 | DU100: 22.743275 | DW100: 4.6953079 | DX100: 0.50026997 | DY100: 0.027034329 | DZ100: 3.5139512 | EA100: 0.027908281 | EB100: 0.33004296 | EC100: 1.0249619 | ED100: 1.7424379 | EE100: 8.9317733 | EF100: 36.401783 | EG100: 22.654353 | EH100: 0.8318197 | EJ100: 20.92735 | EL100: 6.9340679 | EM100: 6.198656 | EN100: 6.9745553 | EO100: 10.053976 | EP100: 3.0297039 | EQ100: 6.5391725 | ER100: 16.027349 | EW100: 0.026638508 | EX100: 2.0220583 | EY100: 10.143241 | EZ100: 17.824759 | FB100: 2.1063105 | FC100: 4.4646643 | FD100: 23.126151 | FE100: 18.311259 | FF100: 0.26816826 | FH100: 0.00060760516
...

Sheet TCRB_BCRA
A1: Índices con base 17-12-15=100
A2: Período | B2: ITCRM | C2: ITCRB Brasil | D2: ITCRB Canadá | E2: ITCRB Chile | F2: ITCRB Estados Unidos | G2: ITCRB México | H2: ITCRB Uruguay | I2: ITCRB China | J2: ITCRB India | K2: ITCRB Japón | L2: ITCRB Reino Unido | M2: ITCRB Suiza | N2: ITCRB Zona Euro | O2: ITCRB Vietnam | P2: ITCRB Sudamérica*
A3: 36922 | B3: 73.369179 | C3: 80.477883 | D3: 76.012322 | E3: 82.569152 | F3: 78.726615 | G3: 102.64086 | H3: 73.16585 | I3: 60.001077 | J3: 55.232127 | K3: 43.53173 | L3: 77.791222 | M3: 62.296217 | N3: 71.775635 | O3: 54.979042 | P3: 78.737628
A4: 36950 | B4: 72.750626 | C4: 79.435857 | D4: 74.940576 | E4: 84.011726 | F4: 79.097566 | G4: 102.46157 | H4: 73.294738 | I4: 61.134165 | J4: 55.113111 | K4: 44.353009 | L4: 75.818457 | M4: 60.574744 | N4: 69.993861 | O4: 55.120785 | P4: 78.914107
A5: 36981 | B5: 72.289194 | C5: 78.745391 | D5: 73.468119 | E5: 84.04338 | F5: 79.213931 | G5: 103.72442 | H5: 73.092045 | I5: 60.915662 | J5: 55.001875 | K5: 42.944849 | L5: 75.532053 | M5: 59.681365 | N5: 69.274842 | O5: 55.035305 | P5: 78.626939
A6: 37011 | B6: 70.040533 | C6: 73.027059 | D6: 73.548658 | E6: 79.320084 | F6: 78.960897 | G6: 108.67703 | H6: 72.255249 | I6: 60.073607 | J6: 54.913929 | K6: 42.503089 | L6: 75.092397 | M6: 58.847176 | N6: 68.196897 | O6: 54.440679 | P6: 74.867464
A7: 37042 | B7: 69.381512 | C7: 72.000576 | D7: 74.648311 | E7: 78.846198 | F7: 78.955633 | G7: 108.38985 | H7: 71.719525 | I7: 59.910031 | J7: 54.880478 | K7: 43.049516 | L7: 74.825755 | M7: 57.46068 | N7: 66.946496 | O7: 53.907692 | P7: 74.188767
A8: 37072 | B8: 68.096584 | C8: 68.777478 | D8: 76.033512 | E8: 78.019123 | F8: 79.51632 | G8: 110.33 | H8: 70.965552 | I8: 59.961263 | J8: 55.515191 | K8: 42.792396 | L8: 74.263315 | M8: 56.780777 | N8: 65.652842 | O8: 53.444115 | P8: 72.587384
A9: 37103 | B9: 67.914579 | C9: 67.900351 | D9: 76.077911 | E9: 74.056248 | F9: 79.945073 | G9: 111.26327 | H9: 69.491267 | I9: 60.585355 | J9: 56.391438 | K9: 42.20591 | L9: 75.008852 | M9: 57.963533 | N9: 66.537503 | O9: 53.20336 | P9: 70.482622
A10: 37134 | B10: 68.522013 | C10: 66.892834 | D10: 75.766458 | E10: 71.386015 | F10: 80.151363 | G10: 111.89635 | H10: 71.080039 | I10: 61.47292 | J10: 57.134603 | K10: 43.731881 | L10: 76.359078 | M10: 60.653568 | N10: 69.854734 | O10: 53.045637 | P10: 69.786296
A11: 37164 | B11: 67.500462 | C11: 62.988602 | D11: 74.699268 | E11: 71.582336 | F11: 80.486372 | G11: 110.42267 | H11: 70.119538 | I11: 61.12019 | J11: 56.748975 | K11: 45.158859 | L11: 78.101852 | M11: 62.309574 | N11: 70.819056 | O11: 53.243151 | P11: 68.230159
A12: 37195 | B12: 66.458502 | C12: 60.559819 | D12: 74.51662 | E12: 69.342132 | F12: 80.736584 | G12: 110.34393 | H12: 68.930083 | I12: 60.092855 | J12: 56.314448 | K12: 44.551771 | L12: 77.710706 | M12: 62.518896 | N12: 70.711265 | O12: 53.370056 | P12: 66.277344
A13: 37225 | B13: 68.100159 | C13: 65.748383 | D13: 73.227403 | E13: 71.334977 | F13: 80.910934 | G13: 113.58068 | H13: 68.61698 | I13: 59.679999 | J13: 56.985203 | K13: 44.592629 | L13: 77.151233 | M13: 62.105516 | N13: 69.567039 | O13: 53.48905 | P13: 68.56678
A14: 37256 | B14: 69.213203 | C14: 68.02348 | D14: 74.044216 | E14: 73.856745 | F14: 81.027555 | G14: 114.41718 | H14: 68.824317 | I14: 59.900662 | J14: 57.634962 | K14: 43.498119 | L14: 77.510161 | M14: 62.490444 | N14: 70.400087 | O14: 53.846763 | P14: 70.234847
... A303: 46023 | B303: 93.573053 | C303: 91.263947 | D303: 99.778677 | E303: 94.355803 | F303: 103.9281 | G303: 117.82567 | H303: 116.67683 | I303: 81.677713 | J303: 86.247907 | K303: 68.523359 | L303: 95.836949 | M303: 102.60359 | N303: 106.12369 | O303: 88.483301 | P303: 100.76553
A305: Nota: Datos provisorios sujetos a revisión.
A306: Fuente: INDEC, Direcciones de Estadísticas de la Ciudad Autónoma de Buenos Aires y de la Provincia de San Luis, Datastream y REM BCRA
A307: *Promedio simple de valores de Brasil, Chile y Uruguay

Sheet Comparar
B1: INDICES DEL BCRA EXPRESADOS EN 2015.12 = 100 | O1: INDICES NUESTROS EXPRESADOS EN 2015.12 = 100
A2: Período | B2: ITCRB Brasil | C2: ITCRB Canadá | D2: ITCRB Chile | E2: ITCRB Estados Unidos | F2: ITCRB México | G2: ITCRB Uruguay | H2: ITCRB China | I2: ITCRB India | J2: ITCRB Japón | K2: ITCRB Reino Unido | L2: ITCRB Suiza | M2: ITCRB Zona Euro | N2: ITCRB Vietnam | O2: ITCRB Brasil _ nos | P2: ITCRB Canadá _ nos | Q2: ITCRB Chile _ nos | R2: ITCRB Estados Unidos _ nos | S2: ITCRB México _ nos | T2: ITCRB Uruguay_nos | U2: ITCRB China_nos | V2: ITCRB India_nos | W2: ITCRB Japón_nos | X2: ITCRB Reino Unido_nos | Y2: ITCRB Suiza_nos | Z2: ITCRB Zona Euro_nos | AA2: ITCRB Vietnam_nos
A3: 36922 | B3: =TCRB_BCRA!C3/TCRB_BCRA!C$182*100 -> 94.713494 | C3: =TCRB_BCRA!D3/TCRB_BCRA!D$182*100 -> 88.171752 | D3: =TCRB_BCRA!E3/TCRB_BCRA!E$182*100 -> 96.701499 | E3: =TCRB_BCRA!F3/TCRB_BCRA!F$182*100 -> 92.832092 | F3: =TCRB_BCRA!G3/TCRB_BCRA!G$182*100 -> 121.04023 | G3: =TCRB_BCRA!H3/TCRB_BCRA!H$182*100 -> 86.087539 | H3: =TCRB_BCRA!I3/TCRB_BCRA!I$182*100 -> 70.46106 | I3: =TCRB_BCRA!J3/TCRB_BCRA!J$182*100 -> 65.212444 | ... N3: =TCRB_BCRA!O3/TCRB_BCRA!O$182*100 -> 64.782635 | O3: =TCRB_NOS!V2/TCRB_NOS!V$181*100 -> 69.645212 | P3: =TCRB_NOS!AD2/TCRB_NOS!AD$181*100 -> 64.783992 | Q3: =TCRB_NOS!AG2/TCRB_NOS!AG$181*100 -> 71.960494 | R3: =TCRB_NOS!FE2/TCRB_NOS!FE$181*100 -> 69.099706 | S3: =TCRB_NOS!CY2/TCRB_NOS!CY$181*100 -> 88.606236 | T3: =TCRB_NOS!FF2/TCRB_NOS!FF$181*100 -> 0 | U3: =TCRB_NOS!AH2/TCRB_NOS!AH$181*100 -> 51.92252 | V3: =TCRB_NOS!BU2/TCRB_NOS!BU$181*100 -> 48.706591 | W3: =TCRB_NOS!CC2/TCRB_NOS!CC$181*100 -> 96.255444 | X3: =TCRB_NOS!FD2/TCRB_NOS!FD$181*100 -> 67.387416 | Y3: =TCRB_NOS!ER2/TCRB_NOS!ER$181*100 -> 53.929846 | Z3: =TCRB_NOS!CA2/TCRB_NOS!CA$181*100 -> 61.51226 | AA3: =TCRB_NOS!FH2/TCRB_NOS!FH$181*100 -> 0
A4: 36950 | B4: =TCRB_BCRA!C4/TCRB_BCRA!C$182*100 -> 93.487147 | C4: =TCRB_BCRA!D4/TCRB_BCRA!D$182*100 -> 86.928563 | D4: =TCRB_BCRA!E4/TCRB_BCRA!E$182*100 -> 98.39098 | E4: =TCRB_BCRA!F4/TCRB_BCRA!F$182*100 -> 93.269507 | F4: =TCRB_BCRA!G4/TCRB_BCRA!G$182*100 -> 120.8288 | G4: =TCRB_BCRA!H4/TCRB_BCRA!H$182*100 -> 86.23919 | H4: =TCRB_BCRA!I4/TCRB_BCRA!I$182*100 -> 71.79168 | I4: =TCRB_BCRA!J4/TCRB_BCRA!J$182*100 -> 65.071922 | ... N4: =TCRB_BCRA!O4/TCRB_BCRA!O$182*100 -> 64.949653 | O4: =TCRB_NOS!V3/TCRB_NOS!V$181*100 -> 68.534158 | P4: =TCRB_NOS!AD3/TCRB_NOS!AD$181*100 -> 64.53272 | Q4: =TCRB_NOS!AG3/TCRB_NOS!AG$181*100 -> 72.995618 | R4: =TCRB_NOS!FE3/TCRB_NOS!FE$181*100 -> 69.603382 | S4: =TCRB_NOS!CY3/TCRB_NOS!CY$181*100 -> 89.45499 | T4: =TCRB_NOS!FF3/TCRB_NOS!FF$181*100 -> 0 | U4: =TCRB_NOS!AH3/TCRB_NOS!AH$181*100 -> 52.148297 | V4: =TCRB_NOS!BU3/TCRB_NOS!BU$181*100 -> 48.66872 | W4: =TCRB_NOS!CC3/TCRB_NOS!CC$181*100 -> 97.15581 | X4: =TCRB_NOS!FD3/TCRB_NOS!FD$181*100 -> 66.671742 | Y4: =TCRB_NOS!ER3/TCRB_NOS!ER$181*100 -> 52.846411 | Z4: =TCRB_NOS!CA3/TCRB_NOS!CA$181*100 -> 60.835211 | AA4: =TCRB_NOS!FH3/TCRB_NOS!FH$181*100 -> 0
A5: 36981 | B5: =TCRB_BCRA!C5/TCRB_BCRA!C$182*100 -> 92.674545 | C5: =TCRB_BCRA!D5/TCRB_BCRA!D$182*100 -> 85.220562 | D5: =TCRB_BCRA!E5/TCRB_BCRA!E$182*100 -> 98.428052 | E5: =TCRB_BCRA!F5/TCRB_BCRA!F$182*100 -> 93.406721 | F5: =TCRB_BCRA!G5/TCRB_BCRA!G$182*100 -> 122.31803 | G5: =TCRB_BCRA!H5/TCRB_BCRA!H$182*100 -> 86.000699 | H5: =TCRB_BCRA!I5/TCRB_BCRA!I$182*100 -> 71.535085 | I5: =TCRB_BCRA!J5/TCRB_BCRA!J$182*100 -> 64.940587 | ... N5: =TCRB_BCRA!O5/TCRB_BCRA!O$182*100 -> 64.84893 | O5: =TCRB_NOS!V4/TCRB_NOS!V$181*100 -> 65.856568 | P5: =TCRB_NOS!AD4/TCRB_NOS!AD$181*100 -> 63.146297 | Q5: =TCRB_NOS!AG4/TCRB_NOS!AG$181*100 -> 70.196409 | R5: =TCRB_NOS!FE4/TCRB_NOS!FE$181*100 -> 69.692552 | S5: =TCRB_NOS!CY4/TCRB_NOS!CY$181*100 -> 90.725387 | T5: =TCRB_NOS!FF4/TCRB_NOS!FF$181*100 -> 0 | U5: =TCRB_NOS!AH4/TCRB_NOS!AH$181*100 -> 51.781056 | V5: =TCRB_NOS!BU4/TCRB_NOS!BU$181*100 -> 48.733499 | W5: =TCRB_NOS!CC4/TCRB_NOS!CC$181*100 -> 92.794575 | X5: =TCRB_NOS!FD4/TCRB_NOS!FD$181*100 -> 66.382964 | Y5: =TCRB_NOS!ER4/TCRB_NOS!ER$181*100 -> 52.207158 | Z5: =TCRB_NOS!CA4/TCRB_NOS!CA$181*100 -> 60.023739 | AA5: =TCRB_NOS!FH4/TCRB_NOS!FH$181*100 -> 0
A6: 37011 | B6: =TCRB_BCRA!C6/TCRB_BCRA!C$182*100 -> 85.944705 | C6: =TCRB_BCRA!D6/TCRB_BCRA!D$182*100 -> 85.313985 | D6: =TCRB_BCRA!E6/TCRB_BCRA!E$182*100 -> 92.896327 | E6: =TCRB_BCRA!F6/TCRB_BCRA!F$182*100 -> 93.10835 | F6: =TCRB_BCRA!G6/TCRB_BCRA!G$182*100 -> 128.15844 | G6: =TCRB_BCRA!H6/TCRB_BCRA!H$182*100 -> 85.016118 | H6: =TCRB_BCRA!I6/TCRB_BCRA!I$182*100 -> 70.546234 | I6: =TCRB_BCRA!J6/TCRB_BCRA!J$182*100 -> 64.836748 | ... N6: =TCRB_BCRA!O6/TCRB_BCRA!O$182*100 -> 64.148274 | O6: =TCRB_NOS!V5/TCRB_NOS!V$181*100 -> 63.055754 | P6: =TCRB_NOS!AD5/TCRB_NOS!AD$181*100 -> 63.585013 | Q6: =TCRB_NOS!AG5/TCRB_NOS!AG$181*100 -> 69.176844 | R6: =TCRB_NOS!FE5/TCRB_NOS!FE$181*100 -> 69.905704 | S6: =TCRB_NOS!CY5/TCRB_NOS!CY$181*100 -> 93.702214 | T6: =TCRB_NOS!FF5/TCRB_NOS!FF$181*100 -> 0 | U6: =TCRB_NOS!AH5/TCRB_NOS!AH$181*100 -> 51.840053 | V6: =TCRB_NOS!BU5/TCRB_NOS!BU$181*100 -> 48.84397 | W6: =TCRB_NOS!CC5/TCRB_NOS!CC$181*100 -> 90.870488 | X6: =TCRB_NOS!FD5/TCRB_NOS!FD$181*100 -> 66.298944 | Y6: =TCRB_NOS!ER5/TCRB_NOS!ER$181*100 -> 51.507843 | Z6: =TCRB_NOS!CA5/TCRB_NOS!CA$181*100 -> 59.069218 | AA6: =TCRB_NOS!FH5/TCRB_NOS!FH$181*100 -> 0
A7: 37042 | B7: =TCRB_BCRA!C7/TCRB_BCRA!C$182*100 -> 84.73665 | C7: =TCRB_BCRA!D7/TCRB_BCRA!D$182*100 -> 86.589546 | D7: =TCRB_BCRA!E7/TCRB_BCRA!E$182*100 -> 92.341332 | E7: =TCRB_BCRA!F7/TCRB_BCRA!F$182*100 -> 93.102144 | F7: =TCRB_BCRA!G7/TCRB_BCRA!G$182*100 -> 127.81978 | G7: =TCRB_BCRA!H7/TCRB_BCRA!H$182*100 -> 84.385781 | H7: =TCRB_BCRA!I7/TCRB_BCRA!I$182*100 -> 70.354142 | I7: =TCRB_BCRA!J7/TCRB_BCRA!J$182*100 -> 64.797254 | ... N7: =TCRB_BCRA!O7/TCRB_BCRA!O$182*100 -> 63.520248 | O7: =TCRB_NOS!V6/TCRB_NOS!V$181*100 -> 60.07897 | P7: =TCRB_NOS!AD6/TCRB_NOS!AD$181*100 -> 64.400358 | Q7: =TCRB_NOS!AG6/TCRB_NOS!AG$181*100 -> 68.410424 | R7: =TCRB_NOS!FE6/TCRB_NOS!FE$181*100 -> 69.819143 | S7: =TCRB_NOS!CY6/TCRB_NOS!CY$181*100 -> 95.4623 | T7: =TCRB_NOS!FF6/TCRB_NOS!FF$181*100 -> 0 | U7: =TCRB_NOS!AH6/TCRB_NOS!AH$181*100 -> 51.284129 | V7: =TCRB_NOS!BU6/TCRB_NOS!BU$181*100 -> 48.752283 | W7: =TCRB_NOS!CC6/TCRB_NOS!CC$181*100 -> 91.848472 | X7: =TCRB_NOS!FD6/TCRB_NOS!FD$181*100 -> 65.919119 | Y7: =TCRB_NOS!ER6/TCRB_NOS!ER$181*100 -> 50.345437 | Z7: =TCRB_NOS!CA6/TCRB_NOS!CA$181*100 -> 57.705473 | AA7: =TCRB_NOS!FH6/TCRB_NOS!FH$181*100 -> 0
A8: 37072 | B8: =TCRB_BCRA!C8/TCRB_BCRA!C$182*100 -> 80.943423 | C8: =TCRB_BCRA!D8/TCRB_BCRA!D$182*100 -> 88.196332 | D8: =TCRB_BCRA!E8/TCRB_BCRA!E$182*100 -> 91.372696 | E8: =TCRB_BCRA!F8/TCRB_BCRA!F$182*100 -> 93.763288 | F8: =TCRB_BCRA!G8/TCRB_BCRA!G$182*100 -> 130.10772 | G8: =TCRB_BCRA!H8/TCRB_BCRA!H$182*100 -> 83.498651 | H8: =TCRB_BCRA!I8/TCRB_BCRA!I$182*100 -> 70.414306 | I8: =TCRB_BCRA!J8/TCRB_BCRA!J$182*100 -> 65.546658 | ... N8: =TCRB_BCRA!O8/TCRB_BCRA!O$182*100 -> 62.974008 | O8: =TCRB_NOS!V7/TCRB_NOS!V$181*100 -> 58.691879 | P8: =TCRB_NOS!AD7/TCRB_NOS!AD$181*100 -> 65.520678 | Q8: =TCRB_NOS!AG7/TCRB_NOS!AG$181*100 -> 67.504412 | R8: =TCRB_NOS!FE7/TCRB_NOS!FE$181*100 -> 70.294899 | S8: =TCRB_NOS!CY7/TCRB_NOS!CY$181*100 -> 96.717017 | T8: =TCRB_NOS!FF7/TCRB_NOS!FF$181*100 -> 0 | U8: =TCRB_NOS!AH7/TCRB_NOS!AH$181*100 -> 50.929292 | V8: =TCRB_NOS!BU7/TCRB_NOS!BU$181*100 -> 49.560722 | W8: =TCRB_NOS!CC7/TCRB_NOS!CC$181*100 -> 91.869609 | X8: =TCRB_NOS!FD7/TCRB_NOS!FD$181*100 -> 65.221107 | Y8: =TCRB_NOS!ER7/TCRB_NOS!ER$181*100 -> 49.827388 | Z8: =TCRB_NOS!CA7/TCRB_NOS!CA$181*100 -> 56.754142 | AA8: =TCRB_NOS!FH7/TCRB_NOS!FH$181*100 -> 0
A9: 37103 | B9: =TCRB_BCRA!C9/TCRB_BCRA!C$182*100 -> 79.911142 | C9: =TCRB_BCRA!D9/TCRB_BCRA!D$182*100 -> 88.247833 | D9: =TCRB_BCRA!E9/TCRB_BCRA!E$182*100 -> 86.731545 | E9: =TCRB_BCRA!F9/TCRB_BCRA!F$182*100 -> 94.268861 | F9: =TCRB_BCRA!G9/TCRB_BCRA!G$182*100 -> 131.20829 | G9: =TCRB_BCRA!H9/TCRB_BCRA!H$182*100 -> 81.763994 | H9: =TCRB_BCRA!I9/TCRB_BCRA!I$182*100 -> 71.147196 | I9: =TCRB_BCRA!J9/TCRB_BCRA!J$182*100 -> 66.58124 | ... N9: =TCRB_BCRA!O9/TCRB_BCRA!O$182*100 -> 62.690322 | O9: =TCRB_NOS!V8/TCRB_NOS!V$181*100 -> 57.418876 | P9: =TCRB_NOS!AD8/TCRB_NOS!AD$181*100 -> 65.205692 | Q9: =TCRB_NOS!AG8/TCRB_NOS!AG$181*100 -> 63.363896 | R9: =TCRB_NOS!FE8/TCRB_NOS!FE$181*100 -> 70.247239 | S9: =TCRB_NOS!CY8/TCRB_NOS!CY$181*100 -> 96.035207 | T9: =TCRB_NOS!FF8/TCRB_NOS!FF$181*100 -> 0 | U9: =TCRB_NOS!AH8/TCRB_NOS!AH$181*100 -> 50.783857 | V9: =TCRB_NOS!BU8/TCRB_NOS!BU$181*100 -> 50.172931 | W9: =TCRB_NOS!CC8/TCRB_NOS!CC$181*100 -> 89.947494 | X9: =TCRB_NOS!FD8/TCRB_NOS!FD$181*100 -> 65.514956 | Y9: =TCRB_NOS!ER8/TCRB_NOS!ER$181*100 -> 50.558261 | Z9: =TCRB_NOS!CA8/TCRB_NOS!CA$181*100 -> 57.424579 | AA9: =TCRB_NOS!FH8/TCRB_NOS!FH$181*100 -> 0
A10: 37134 | B10: =TCRB_BCRA!C10/TCRB_BCRA!C$182*100 -> 78.725406 | C10: =TCRB_BCRA!D10/TCRB_BCRA!D$182*100 -> 87.886558 | D10: =TCRB_BCRA!E10/TCRB_BCRA!E$182*100 -> 83.604281 | E10: =TCRB_BCRA!F10/TCRB_BCRA!F$182*100 -> 94.512113 | F10: =TCRB_BCRA!G10/TCRB_BCRA!G$182*100 -> 131.95485 | G10: =TCRB_BCRA!H10/TCRB_BCRA!H$182*100 -> 83.633357 | H10: =TCRB_BCRA!I10/TCRB_BCRA!I$182*100 -> 72.18949 | I10: =TCRB_BCRA!J10/TCRB_BCRA!J$182*100 -> 67.458693 | ... N10: =TCRB_BCRA!O10/TCRB_BCRA!O$182*100 -> 62.504475 | O10: =TCRB_NOS!V9/TCRB_NOS!V$181*100 -> 56.857882 | P10: =TCRB_NOS!AD9/TCRB_NOS!AD$181*100 -> 64.865067 | Q10: =TCRB_NOS!AG9/TCRB_NOS!AG$181*100 -> 62.309142 | R10: =TCRB_NOS!FE9/TCRB_NOS!FE$181*100 -> 70.327466 | S10: =TCRB_NOS!CY9/TCRB_NOS!CY$181*100 -> 97.031393 | T10: =TCRB_NOS!FF9/TCRB_NOS!FF$181*100 -> 0 | U10: =TCRB_NOS!AH9/TCRB_NOS!AH$181*100 -> 50.892205 | V10: =TCRB_NOS!BU9/TCRB_NOS!BU$181*100 -> 50.572339 | W10: =TCRB_NOS!CC9/TCRB_NOS!CC$181*100 -> 92.678958 | X10: =TCRB_NOS!FD9/TCRB_NOS!FD$181*100 -> 66.929778 | Y10: =TCRB_NOS!ER9/TCRB_NOS!ER$181*100 -> 52.690991 | Z10: =TCRB_NOS!CA9/TCRB_NOS!CA$181*100 -> 60.149968 | AA10: =TCRB_NOS!FH9/TCRB_NOS!FH$181*100 -> 0
A11: 37164 | B11: =TCRB_BCRA!C11/TCRB_BCRA!C$182*100 -> 74.130562 | C11: =TCRB_BCRA!D11/TCRB_BCRA!D$182*100 -> 86.648654 | D11: =TCRB_BCRA!E11/TCRB_BCRA!E$182*100 -> 83.834204 | E11: =TCRB_BCRA!F11/TCRB_BCRA!F$182*100 -> 94.907145 | F11: =TCRB_BCRA!G11/TCRB_BCRA!G$182*100 -> 130.217 | G11: =TCRB_BCRA!H11/TCRB_BCRA!H$182*100 -> 82.503223 | H11: =TCRB_BCRA!I11/TCRB_BCRA!I$182*100 -> 71.775268 | I11: =TCRB_BCRA!J11/TCRB_BCRA!J$182*100 -> 67.003384 | ... N11: =TCRB_BCRA!O11/TCRB_BCRA!O$182*100 -> 62.737208 | O11: =TCRB_NOS!V10/TCRB_NOS!V$181*100 -> 53.710302 | P11: =TCRB_NOS!AD10/TCRB_NOS!AD$181*100 -> 64.012051 | Q11: =TCRB_NOS!AG10/TCRB_NOS!AG$181*100 -> 62.223078 | R11: =TCRB_NOS!FE10/TCRB_NOS!FE$181*100 -> 70.817125 | S11: =TCRB_NOS!CY10/TCRB_NOS!CY$181*100 -> 95.474911 | T11: =TCRB_NOS!FF10/TCRB_NOS!FF$181*100 -> 0 | U11: =TCRB_NOS!AH10/TCRB_NOS!AH$181*100 -> 51.476755 | V11: =TCRB_NOS!BU10/TCRB_NOS!BU$181*100 -> 50.035442 | W11: =TCRB_NOS!CC10/TCRB_NOS!CC$181*100 -> 94.768079 | X11: =TCRB_NOS!FD10/TCRB_NOS!FD$181*100 -> 68.47612 | Y11: =TCRB_NOS!ER10/TCRB_NOS!ER$181*100 -> 54.316518 | Z11: =TCRB_NOS!CA10/TCRB_NOS!CA$181*100 -> 61.007619 | AA11: =TCRB_NOS!FH10/TCRB_NOS!FH$181*100 -> 0
A12: 37195 | B12: =TCRB_BCRA!C12/TCRB_BCRA!C$182*100 -> 71.272154 | C12: =TCRB_BCRA!D12/TCRB_BCRA!D$182*100 -> 86.436788 | D12: =TCRB_BCRA!E12/TCRB_BCRA!E$182*100 -> 81.210571 | E12: =TCRB_BCRA!F12/TCRB_BCRA!F$182*100 -> 95.202188 | F12: =TCRB_BCRA!G12/TCRB_BCRA!G$182*100 -> 130.12415 | G12: =TCRB_BCRA!H12/TCRB_BCRA!H$182*100 -> 81.103701 | H12: =TCRB_BCRA!I12/TCRB_BCRA!I$182*100 -> 70.568838 | I12: =TCRB_BCRA!J12/TCRB_BCRA!J$182*100 -> 66.490338 | ... N12: =TCRB_BCRA!O12/TCRB_BCRA!O$182*100 -> 62.886742 | O12: =TCRB_NOS!V11/TCRB_NOS!V$181*100 -> 52.71284 | P12: =TCRB_NOS!AD11/TCRB_NOS!AD$181*100 -> 63.438713 | Q12: =TCRB_NOS!AG11/TCRB_NOS!AG$181*100 -> 59.84315 | R12: =TCRB_NOS!FE11/TCRB_NOS!FE$181*100 -> 70.460054 | S12: =TCRB_NOS!CY11/TCRB_NOS!CY$181*100 -> 95.904475 | T12: =TCRB_NOS!FF11/TCRB_NOS!FF$181*100 -> 0 | U12: =TCRB_NOS!AH11/TCRB_NOS!AH$181*100 -> 51.544308 | V12: =TCRB_NOS!BU11/TCRB_NOS!BU$181*100 -> 49.881427 | W12: =TCRB_NOS!CC11/TCRB_NOS!CC$181*100 -> 92.80968 | X12: =TCRB_NOS!FD11/TCRB_NOS!FD$181*100 -> 67.74461 | Y12: =TCRB_NOS!ER11/TCRB_NOS!ER$181*100 -> 54.237706 | Z12: =TCRB_NOS!CA11/TCRB_NOS!CA$181*100 -> 60.659496 | AA12: =TCRB_NOS!FH11/TCRB_NOS!FH$181*100 -> 0
A13: 37225 | B13: =TCRB_BCRA!C13/TCRB_BCRA!C$182*100 -> 77.378516 | C13: =TCRB_BCRA!D13/TCRB_BCRA!D$182*100 -> 84.94134 | D13: =TCRB_BCRA!E13/TCRB_BCRA!E$182*100 -> 83.544508 | E13: =TCRB_BCRA!F13/TCRB_BCRA!F$182*100 -> 95.407777 | F13: =TCRB_BCRA!G13/TCRB_BCRA!G$182*100 -> 133.94111 | G13: =TCRB_BCRA!H13/TCRB_BCRA!H$182*100 -> 80.735301 | H13: =TCRB_BCRA!I13/TCRB_BCRA!I$182*100 -> 70.08401 | I13: =TCRB_BCRA!J13/TCRB_BCRA!J$182*100 -> 67.282298 | ... N13: =TCRB_BCRA!O13/TCRB_BCRA!O$182*100 -> 63.026955 | O13: =TCRB_NOS!V12/TCRB_NOS!V$181*100 -> 57.553504 | P13: =TCRB_NOS!AD12/TCRB_NOS!AD$181*100 -> 62.397869 | Q13: =TCRB_NOS!AG12/TCRB_NOS!AG$181*100 -> 61.837188 | R13: =TCRB_NOS!FE12/TCRB_NOS!FE$181*100 -> 70.771885 | S13: =TCRB_NOS!CY12/TCRB_NOS!CY$181*100 -> 98.390729 | T13: =TCRB_NOS!FF12/TCRB_NOS!FF$181*100 -> 0 | U13: =TCRB_NOS!AH12/TCRB_NOS!AH$181*100 -> 51.755818 | V13: =TCRB_NOS!BU12/TCRB_NOS!BU$181*100 -> 50.640265 | W13: =TCRB_NOS!CC12/TCRB_NOS!CC$181*100 -> 92.123208 | X13: =TCRB_NOS!FD12/TCRB_NOS!FD$181*100 -> 67.457524 | Y13: =TCRB_NOS!ER12/TCRB_NOS!ER$181*100 -> 54.048107 | Z13: =TCRB_NOS!CA12/TCRB_NOS!CA$181*100 -> 59.95092 | AA13: =TCRB_NOS!FH12/TCRB_NOS!FH$181*100 -> 0
A14: 37256 | B14: =TCRB_BCRA!C14/TCRB_BCRA!C$182*100 -> 80.056051 | C14: =TCRB_BCRA!D14/TCRB_BCRA!D$182*100 -> 85.888815 | D14: =TCRB_BCRA!E14/TCRB_BCRA!E$182*100 -> 86.497896 | E14: =TCRB_BCRA!F14/TCRB_BCRA!F$182*100 -> 95.545293 | F14: =TCRB_BCRA!G14/TCRB_BCRA!G$182*100 -> 134.92757 | G14: =TCRB_BCRA!H14/TCRB_BCRA!H$182*100 -> 80.979256 | H14: =TCRB_BCRA!I14/TCRB_BCRA!I$182*100 -> 70.343141 | I14: =TCRB_BCRA!J14/TCRB_BCRA!J$182*100 -> 68.049466 | ... N14: =TCRB_BCRA!O14/TCRB_BCRA!O$182*100 -> 63.448453 | O14: =TCRB_NOS!V13/TCRB_NOS!V$181*100 -> 62.175723 | P14: =TCRB_NOS!AD13/TCRB_NOS!AD$181*100 -> 62.941268 | Q14: =TCRB_NOS!AG13/TCRB_NOS!AG$181*100 -> 63.33386 | R14: =TCRB_NOS!FE13/TCRB_NOS!FE$181*100 -> 70.29408 | S14: =TCRB_NOS!CY13/TCRB_NOS!CY$181*100 -> 98.840015 | T14: =TCRB_NOS!FF13/TCRB_NOS!FF$181*100 -> 0 | U14: =TCRB_NOS!AH13/TCRB_NOS!AH$181*100 -> 51.661723 | V14: =TCRB_NOS!BU13/TCRB_NOS!BU$181*100 -> 50.260758 | W14: =TCRB_NOS!CC13/TCRB_NOS!CC$181*100 -> 88.130731 | X14: =TCRB_NOS!FD13/TCRB_NOS!FD$181*100 -> 67.487232 | Y14: =TCRB_NOS!ER13/TCRB_NOS!ER$181*100 -> 53.854441 | Z14: =TCRB_NOS!CA13/TCRB_NOS!CA$181*100 -> 60.106968 | AA14: =TCRB_NOS!FH13/TCRB_NOS!FH$181*100 -> 45.562738
... A303: 46023 | B303: =TCRB_BCRA!C303/TCRB_BCRA!C$182*100 -> 107.40749 | C303: =TCRB_BCRA!D303/TCRB_BCRA!D$182*100 -> 115.73993 | D303: =TCRB_BCRA!E303/TCRB_BCRA!E$182*100 -> 110.50553 | E303: =TCRB_BCRA!F303/TCRB_BCRA!F$182*100 -> 122.54894 | F303: =TCRB_BCRA!G303/TCRB_BCRA!G$182*100 -> 138.94707 | G303: =TCRB_BCRA!H303/TCRB_BCRA!H$182*100 -> 137.28292 | H303: =TCRB_BCRA!I303/TCRB_BCRA!I$182*100 -> 95.916584 | I303: =TCRB_BCRA!J303/TCRB_BCRA!J$182*100 -> 101.8327 | ... N303: =TCRB_BCRA!O303/TCRB_BCRA!O$182*100 -> 104.26121 | O303: =TCRB_NOS!V302/TCRB_NOS!V$181*100 -> 0 | P303: =TCRB_NOS!AD302/TCRB_NOS!AD$181*100 -> 0 | Q303: =TCRB_NOS!AG302/TCRB_NOS!AG$181*100 -> 0 | R303: =TCRB_NOS!FE302/TCRB_NOS!FE$181*100 -> 0 | S303: =TCRB_NOS!CY302/TCRB_NOS!CY$181*100 -> 0 | T303: =TCRB_NOS!FF302/TCRB_NOS!FF$181*100 -> 0 | U303: =TCRB_NOS!AH302/TCRB_NOS!AH$181*100 -> 0 | V303: =TCRB_NOS!BU302/TCRB_NOS!BU$181*100 -> 0 | W303: =TCRB_NOS!CC302/TCRB_NOS!CC$181*100 -> 0 | X303: =TCRB_NOS!FD302/TCRB_NOS!FD$181*100 -> 0 | Y303: =TCRB_NOS!ER302/TCRB_NOS!ER$181*100 -> 0 | Z303: =TCRB_NOS!CA302/TCRB_NOS!CA$181*100 -> 0 | AA303: =TCRB_NOS!FH302/TCRB_NOS!FH$181*100 -> 0
A305: Nota: Datos provisorios sujetos a revisión.
