Workbook

Sheet TC_u$d
A1: Tipo de cambio de socios comerciales (domestic currency per dollar US)
A2: fecha | B2: tipo_frecuencia | C2: Algeria | D2: Australia | E2: Bangladesh | F2: Belgium | G2: Brazil | H2: Chile | I2: China, People's Republic of | J2: Colombia | K2: Denmark | L2: Dominican Republic | M2: Ecuador | N2: Egypt, Arab Republic of | O2: Euro Area (EA) | P2: France | Q2: Germany | R2: Greece | S2: India | T2: Indonesia | U2: Iran, Islamic Republic of | V2: Ireland | W2: Italy | X2: Jordan | Y2: Korea, Republic of | Z2: Latvia, Republic of | AA2: Malaysia | AB2: Malta | AC2: Mexico | AD2: Morocco | AE2: Netherlands, The | AF2: Pakistan | AG2: Paraguay | AH2: Peru | AI2: Philippines | AJ2: Poland, Republic of | AK2: Russian Federation | AL2: Saudi Arabia | AM2: South Africa | AN2: Spain | AO2: Thailand | AP2: Tunisia | AQ2: Türkiye, Republic of | AR2: United Kingdom | AS2: United States | AT2: Uruguay | AU2: Venezuela, República Bolivariana de | AV2: Vietnam
A3: 2001.M01 | B3: mensual | C3: 74.8127 | D3: 1.79966 | E3: 54 | F3: #NUM! | G3: 1.9537091 | H3: 571.12 | I3: 8.27761 | J3: 2241.4 | K3: 7.95062 | L3: 16.619091 | M3: 1 | N3: 3.7 | O3: 1.0657779 | P3: #NUM! | Q3: #NUM! | R3: #NUM! | S3: 46.54 | T3: 9487 | U3: 1755.1359 | V3: #NUM! | W3: #NUM! | X3: 0.709 | Y3: 1272.82 | Z3: 0.614 | AA3: 3.8 | AB3: 0.4367 | AC3: 9.7701 | AD3: 10.59 | AE3: #NUM! | AF3: 59.08003 | AG3: 3570 | AH3: 3.523 | AI3: 50.969 | AJ3: 4.113 | AK3: 28.3592 | AL3: 3.75 | AM3: 7.78307 | AN3: #NUM! | AO3: 43.0779 | AP3: 1.3753 | AQ3: 0.672094 | AR3: 0.6765 | AS3: 1 | AT3: 12.561 | AU3: 0.6997 | AV3: 14534
A4: 2001.M02 | B4: mensual | C4: 75.745 | D4: 1.8695 | E4: 54 | F4: #NUM! | G4: 2.0010556 | H4: 563.13 | I4: 8.27706 | J4: 2243.42 | K4: 8.09493 | L4: 16.66 | M4: 1 | N4: 3.84 | O4: 1.0849458 | P4: #NUM! | Q4: #NUM! | R4: #NUM! | S4: 46.51889 | T4: 9673.3 | U4: 1755.5251 | V4: #NUM! | W4: #NUM! | X4: 0.709 | Y4: 1252.44 | Z4: 0.618 | AA4: 3.8 | AB4: 0.44244 | AC4: 9.7027 | AD4: 10.6939 | AE4: #NUM! | AF4: 59.65003 | AG4: 3693.8 | AH4: 3.53 | AI4: 48.29 | AJ4: 4.0901 | AK4: 28.5942 | AL4: 3.75 | AM4: 7.81555 | AN4: #NUM! | AO4: 42.589 | AP4: 1.3893 | AQ4: 0.760014 | AR4: 0.68787 | AS4: 1 | AT4: 12.5874 | AU4: 0.7026 | AV4: 14557
A5: 2001.M03 | B5: mensual | C5: 76.4536 | D5: 1.98089 | E5: 54 | F5: #NUM! | G5: 2.08825 | H5: 587.79 | I5: 8.27753 | J5: 2278.78 | K5: 8.20677 | L5: 16.66 | M5: 1 | N5: 3.84 | O5: 1.0994777 | P5: #NUM! | Q5: #NUM! | R5: #NUM! | S5: 46.6205 | T5: 10178.8 | U5: 1756.7883 | V5: #NUM! | W5: #NUM! | X5: 0.709 | Y5: 1288.43 | Z5: 0.624 | AA5: 3.8 | AB5: 0.4457321 | AC5: 9.6179 | AD5: 10.8091 | AE5: #NUM! | AF5: 60.55458 | AG5: 3752.4 | AH5: 3.52 | AI5: 48.467 | AJ5: 4.0629 | AK5: 28.6769 | AL5: 3.75 | AM5: 7.87869 | AN5: #NUM! | AO5: 43.844 | AP5: 1.4066 | AQ5: 0.958636 | AR5: 0.69205 | AS5: 1 | AT5: 12.7888 | AU5: 0.7055 | AV5: 14552
A6: 2001.M04 | B6: mensual | C6: 77.3773 | D6: 1.99608 | E6: 54 | F6: #NUM! | G6: 2.191655 | H6: 598.63 | I6: 8.2771 | J6: 2323.1 | K6: 8.35922 | L6: 16.66 | M6: 1 | N6: 3.84 | O6: 1.1210762 | P6: #NUM! | Q6: #NUM! | R6: #NUM! | S6: 46.786 | T6: 11182 | U6: 1751.4264 | V6: #NUM! | W6: #NUM! | X6: 0.709 | Y6: 1325.55 | Z6: 0.63 | AA6: 3.8 | AB6: 0.4511414 | AC6: 9.3508 | AD6: 11.0403 | AE6: #NUM! | AF6: 61.07212 | AG6: 3787.4 | AH6: 3.559 | AI6: 50.185 | AJ6: 4.0175 | AK6: 28.8464 | AL6: 3.75 | AM6: 8.08213 | AN6: #NUM! | AO6: 45.413 | AP6: 1.4287 | AQ6: 1.204238 | AR6: 0.69698 | AS6: 1 | AT6: 12.9025 | AU6: 0.7096 | AV6: 14557
A7: 2001.M05 | B7: mensual | C7: 78.3376 | D7: 1.92324 | E7: 54.68 | F7: #NUM! | G7: 2.2964318 | H7: 604.48 | I7: 8.27725 | J7: 2346.93 | K7: 8.5252 | L7: 16.66 | M7: 1 | N7: 3.841 | O7: 1.1439506 | P7: #NUM! | Q7: #NUM! | R7: #NUM! | S7: 46.91727 | T7: 11230 | U7: 1754.4424 | V7: #NUM! | W7: #NUM! | X7: 0.709 | Y7: 1298.46 | Z7: 0.633 | AA7: 3.8 | AB7: 0.4565376 | AC7: 9.1467 | AD7: 11.6655 | AE7: #NUM! | AF7: 61.86138 | AG7: 3821.9 | AH7: 3.6 | AI7: 50.539 | AJ7: 3.9806 | AK7: 29.0183 | AL7: 3.75 | AM7: 7.97279 | AN7: #NUM! | AO7: 45.4355 | AP7: 1.4574 | AQ7: 1.132664 | AR7: 0.70166 | AS7: 1 | AT7: 13.0619 | AU7: 0.7144 | AV7: 14604
A8: 2001.M06 | B8: mensual | C8: 79.17155 | D8: 1.93008 | E8: 57 | F8: #NUM! | G8: 2.375025 | H8: 616.07 | I8: 8.27704 | J8: 2305.66 | K8: 8.72189 | L8: 16.66 | M8: 1 | N8: 3.85 | O8: 1.1721039 | P8: #NUM! | Q8: #NUM! | R8: #NUM! | S8: 47.00526 | T8: 11313 | U8: 1754.0377 | V8: #NUM! | W8: #NUM! | X8: 0.709 | Y8: 1293.83 | Z8: 0.639 | AA8: 3.8 | AB8: 0.4638864 | AC8: 9.0957 | AD8: 11.8808 | AE8: #NUM! | AF8: 63.43162 | AG8: 3908.5 | AH8: 3.531 | AI8: 51.488 | AJ8: 3.9705 | AK8: 29.1144 | AL8: 3.75 | AM8: 8.05355 | AN8: #NUM! | AO8: 45.2016 | AP8: 1.4943 | AQ8: 1.213123 | AR8: 0.71375 | AS8: 1 | AT8: 13.3644 | AU8: 0.7167 | AV8: 14769
A9: 2001.M07 | B9: mensual | C9: 79.3581 | D9: 1.96028 | E9: 57 | F9: #NUM! | G9: 2.4652227 | H9: 656.46 | I9: 8.27689 | J9: 2304.28 | K9: 8.65706 | L9: 16.66 | M9: 1 | N9: 3.85 | O9: 1.1618941 | P9: #NUM! | Q9: #NUM! | R9: #NUM! | S9: 47.14182 | T9: 10707 | U9: 1752.4734 | V9: #NUM! | W9: #NUM! | X9: 0.709 | Y9: 1302.6 | Z9: 0.639 | AA9: 3.8 | AB9: 0.4612 | AC9: 9.156 | AD9: 11.8133 | AE9: #NUM! | AF9: 64.11397 | AG9: 4177.9 | AH9: 3.503 | AI9: 53.224 | AJ9: 4.1859 | AK9: 29.2173 | AL9: 3.75 | AM9: 8.15002 | AN9: #NUM! | AO9: 45.5688 | AP9: 1.485 | AQ9: 1.321554 | AR9: 0.70732 | AS9: 1 | AT9: 13.6046 | AU9: 0.722 | AV9: 14897
A10: 2001.M08 | B10: mensual | C10: 76.9608 | D10: 1.90554 | E10: 57 | F10: #NUM! | G10: 2.5098304 | H10: 673.7 | I10: 8.27697 | J10: 2288.9 | K10: 8.26772 | L10: 16.66 | M10: 1 | N10: 4.14 | O10: 1.1105156 | P10: #NUM! | Q10: #NUM! | R10: #NUM! | S10: 47.12632 | T10: 8828.8 | U10: 1750.584 | V10: #NUM! | W10: #NUM! | X10: 0.709 | Y10: 1285.39 | Z10: 0.628 | AA10: 3.8 | AB10: 0.44891363 | AC10: 9.1261 | AD10: 11.424 | AE10: #NUM! | AF10: 64.12925 | AG10: 4282.4 | AH10: 3.491 | AI10: 51.988 | AJ10: 4.2459 | AK10: 29.3452 | AL10: 3.75 | AM10: 8.31388 | AN10: #NUM! | AO10: 44.8655 | AP10: 1.4392 | AQ10: 1.399933 | AR10: 0.69595 | AS10: 1 | AT10: 13.3883 | AU10: 0.7308 | AV10: 14979
A11: 2001.M09 | B11: mensual | C11: 76.4547 | D11: 1.97529 | E11: 57 | F11: #NUM! | G11: 2.6708632 | H11: 681.24 | I11: 8.27681 | J11: 2328.23 | K11: 8.1705 | L11: 16.66 | M11: 1 | N11: 4.14 | O11: 1.0975804 | P11: #NUM! | Q11: #NUM! | R11: #NUM! | S11: 47.646 | T11: 9306.5 | U11: 1753.7587 | V11: #NUM! | W11: #NUM! | X11: 0.709 | Y11: 1293.7 | Z11: 0.622 | AA11: 3.8 | AB11: 0.4445828 | AC11: 9.3841 | AD11: 11.3178 | AE11: #NUM! | AF11: 64.1979 | AG11: 4405.7 | AH11: 3.49 | AI11: 51.25 | AJ11: 4.2185 | AK11: 29.4288 | AL11: 3.75 | AM11: 8.63656 | AN11: #NUM! | AO11: 44.2837 | AP11: 1.4309 | AQ11: 1.472194 | AR11: 0.68372 | AS11: 1 | AT11: 13.5832 | AU11: 0.7429 | AV11: 14099
A12: 2001.M10 | B12: mensual | C12: 76.7019 | D12: 1.98078 | E12: 57 | F12: #NUM! | G12: 2.7393727 | H12: 708.1 | I12: 8.27681 | J12: 2320.65 | K12: 8.20787 | L12: 16.66 | M12: 1 | N12: 4.14 | O12: 1.103917 | P12: #NUM! | Q12: #NUM! | R12: #NUM! | S12: 48.02048 | T12: 10115.5 | U12: 1755.0864 | V12: #NUM! | W12: #NUM! | X12: 0.709 | Y12: 1302.6 | Z12: 0.625 | AA12: 3.8 | AB12: 0.44642857 | AC12: 9.3685 | AD12: 11.359 | AE12: #NUM! | AF12: 62.66801 | AG12: 4554.7 | AH12: 3.46 | AI12: 51.733 | AJ12: 4.1332 | AK12: 29.5344 | AL12: 3.75 | AM12: 9.2751 | AN12: #NUM! | AO12: 44.6727 | AP12: 1.4399 | AQ12: 1.602467 | AR12: 0.68902 | AS12: 1 | AT12: 13.9627 | AU12: 0.7431 | AV12: 15022
A13: 2001.M11 | B13: mensual | C13: 77.6944 | D13: 1.93481 | E13: 57 | F13: #NUM! | G13: 2.542265 | H13: 689.4 | I13: 8.27688 | J13: 2310.47 | K13: 8.38144 | L13: 16.758947 | M13: 1 | N13: 4.14 | O13: 1.1257343 | P13: #NUM! | Q13: #NUM! | R13: #NUM! | S13: 47.99737 | T13: 10576 | U13: 1753.8036 | V13: #NUM! | W13: #NUM! | X13: 0.70889809 | Y13: 1284 | Z13: 0.63 | AA13: 3.8 | AB13: 0.4521 | AC13: 9.2223 | AD13: 11.535 | AE13: #NUM! | AF13: 61.5032 | AG13: 4649.5 | AH13: 3.44 | AI13: 51.9899 | AJ13: 4.0943 | AK13: 29.7956 | AL13: 3.75 | AM13: 9.75383 | AN13: #NUM! | AO13: 44.3715 | AP13: 1.45881 | AQ13: 1.519319 | AR13: 0.69619 | AS13: 1 | AT13: 13.954 | AU13: 0.7447 | AV13: 15063
A14: 2001.M12 | B14: mensual | C14: 77.5126 | D14: 1.94516 | E14: 57 | F14: #NUM! | G14: 2.3619 | H14: 669.14 | I14: 8.27687 | J14: 2306.9 | K14: 8.33059 | L14: 16.9735 | M14: 1 | N14: 4.355 | O14: 1.1206086 | P14: #NUM! | Q14: #NUM! | R14: #NUM! | S14: 47.91706 | T14: 10532.3 | U14: 1754.7662 | V14: #NUM! | W14: #NUM! | X14: 0.7089 | Y14: 1289.66 | Z14: 0.633 | AA14: 3.8 | AB14: 0.4508363 | AC14: 9.1672 | AD14: 11.507 | AE14: #NUM! | AF14: 60.86385 | AG14: 4666.9 | AH14: 3.435 | AI14: 51.7889 | AJ14: 4.0144 | AK14: 30.0916 | AL14: 3.75 | AM14: 11.595 | AN14: #NUM! | AO14: 43.8596 | AP14: 1.45914 | AQ14: 1.450821 | AR14: 0.69485 | AS14: 1 | AT14: 14.0706 | AU14: 0.7519 | AV14: 15069
... A86: 2007.M12 | B86: mensual | C86: 67.0718 | D86: 1.14585 | E86: 68.5871 | F86: #NUM! | G86: 1.7852 | H86: 499.28 | I86: 7.37196 | J86: 2014.2015 | K86: 5.1199 | L86: 33.658685 | M86: 1 | N86: 5.52 | O86: 0.68632444 | P86: #NUM! | Q86: #NUM! | R86: #NUM! | S86: 39.4395 | T86: 9351.8 | U86: 9368.125 | V86: #NUM! | W86: #NUM! | X86: 0.7089986 | Y86: 930.24 | Z86: 0.4824 | AA86: 3.3341842 | AB86: 0.2916 | AC86: 10.8494 | AD86: 7.7751 | AE86: #NUM! | AF86: 61.2207 | AG86: 4731.7 | AH86: 2.9808 | AI86: 41.742889 | AJ86: 2.4754 | AK86: 24.565915 | AL86: 3.75 | AM86: 6.80615 | AN86: #NUM! | AO86: 33.658632 | AP86: 1.2275 | AQ86: 1.1716081 | AR86: 0.4942 | AS86: 1 | AT86: 21.6921 | AU86: 2.147 | AV86: 16117
A87: 2008.M01 | B87: mensual | C87: 66.8474 | D87: 1.13423 | E87: 68.5798 | F87: #NUM! | G87: 1.7735 | H87: 480.9 | I87: 7.24781 | J87: 1980.59 | K87: 5.0624 | L87: 33.894138 | M87: 1 | N87: 5.5 | O87: 0.67944434 | P87: #NUM! | Q87: #NUM! | R87: #NUM! | S87: 39.3737 | T87: 9394.8 | U87: 9280.7778 | V87: #NUM! | W87: #NUM! | X87: 0.7089986 | Y87: 942.39 | Z87: 0.4785 | AA87: 3.2679 | AB87: #NUM! | AC87: 10.9171 | AD87: 7.7176 | AE87: #NUM! | AF87: 61.2207 | AG87: 4712.9 | AH87: 2.9503 | AI87: 40.938091 | AJ87: 2.4537 | AK87: 24.5011 | AL87: 3.75 | AM87: 7.0131 | AN87: #NUM! | AO87: 33.144091 | AP87: 1.2163 | AQ87: 1.1716081 | AR87: 0.50771 | AS87: 1 | AT87: 21.1998 | AU87: 2.147 | AV87: 16104
A88: 2008.M02 | B88: mensual | C88: 66.7689 | D88: 1.09521 | E88: 68.5799 | F88: #NUM! | G88: 1.7269 | H88: 467.22 | I88: 7.16504 | J88: 1903.27 | K88: 5.0549 | L88: 33.95613 | M88: 1 | N88: 5.5 | O88: 0.67804053 | P88: #NUM! | Q88: #NUM! | R88: #NUM! | S88: 39.7326 | T88: 9164 | U88: 9322.8667 | V88: #NUM! | W88: #NUM! | X88: 0.709 | Y88: 944.69 | Z88: 0.4772 | AA88: 3.2223 | AB88: #NUM! | AC88: 10.7794 | AD88: 7.7073 | AE88: #NUM! | AF88: 61.2207 | AG88: 4682.7 | AH88: 2.9055 | AI88: 40.6711 | AJ88: 2.4305 | AK88: 24.5347 | AL88: 3.75 | AM88: 7.66325 | AN88: #NUM! | AO88: 32.567253 | AP88: 1.2164 | AQ88: 1.1915017 | AR88: 0.50925 | AS88: 1 | AT88: 20.9366 | AU88: 2.147 | AV88: 16070
A89: 2008.M03 | B89: mensual | C89: 65.6725 | D89: 1.0811 | E89: 68.5802 | F89: #NUM! | G89: 1.7068 | H89: 442.94 | I89: 7.07521 | J89: 1846.9 | K89: 4.8012 | L89: 34.04004 | M89: 1 | N89: 5.46 | O89: 0.64405906 | P89: #NUM! | Q89: #NUM! | R89: #NUM! | S89: 40.3561 | T89: 9185.8 | U89: 9048.8571 | V89: #NUM! | W89: #NUM! | X89: 0.709 | Y89: 979.86 | Z89: 0.4534 | AA89: 3.1868 | AB89: #NUM! | AC89: 10.7346 | AD89: 7.3758 | AE89: #NUM! | AF89: 61.3358 | AG89: 4526.7 | AH89: 2.8109 | AI89: 41.252368 | AJ89: 2.2816 | AK89: 23.7607 | AL89: 3.75 | AM89: 7.97056 | AN89: #NUM! | AO89: 31.411564 | AP89: 1.1664 | AQ89: 1.2394565 | AR89: 0.49913 | AS89: 1 | AT89: 20.6261 | AU89: 2.147 | AV89: 16004
A90: 2008.M04 | B90: mensual | C90: 64.9695 | D90: 1.07458 | E90: 68.6278 | F90: #NUM! | G90: 1.6881 | H90: 446.43 | I90: 7.00076 | J90: 1796.13 | K90: 4.7373 | L90: 34.136155 | M90: 1 | N90: 5.42 | O90: 0.63490048 | P90: #NUM! | Q90: #NUM! | R90: #NUM! | S90: 40.0224 | T90: 9212 | U90: 9031.7812 | V90: #NUM! | W90: #NUM! | X90: 0.709 | Y90: 986.66 | Z90: 0.4454 | AA90: 3.1621 | AB90: #NUM! | AC90: 10.5295 | AD90: 7.2907 | AE90: #NUM! | AF90: 63.7746 | AG90: 4279.5455 | AH90: 2.743 | AI90: 41.819571 | AJ90: 2.1852 | AK90: 23.5127 | AL90: 3.75 | AM90: 7.785 | AN90: #NUM! | AO90: 31.5429 | AP90: 1.1576 | AQ90: 1.2993333 | AR90: 0.5048 | AS90: 1 | AT90: 19.9325 | AU90: 2.147 | AV90: 15960
A91: 2008.M05 | B91: mensual | C91: 63.4761 | D91: 1.05372 | E91: 68.5758 | F91: #NUM! | G91: 1.6597 | H91: 470.1 | I91: 6.97413 | J91: 1778.01 | K91: 4.7942 | L91: 34.131268 | M91: 1 | N91: 5.34 | O91: 0.64279745 | P91: #NUM! | Q91: #NUM! | R91: #NUM! | S91: 42.125 | T91: 9300.3 | U91: 9202.25 | V91: #NUM! | W91: #NUM! | X91: 0.71 | Y91: 1036.73 | Z91: 0.4513 | AA91: 3.218 | AB91: #NUM! | AC91: 10.4542 | AD91: 7.3679 | AE91: #NUM! | AF91: 67.8047 | AG91: 4082.25 | AH91: 2.8046 | AI91: 42.901952 | AJ91: 2.1904 | AK91: 23.7294 | AL91: 3.75 | AM91: 7.621 | AN91: #NUM! | AO91: 32.057 | AP91: 1.1742 | AQ91: 1.2453 | AR91: 0.50881 | AS91: 1 | AT91: 19.8739 | AU91: 2.147 | AV91: 16022
A92: 2008.M06 | B92: mensual | C92: 62.3983 | D92: 1.05175 | E92: 68.5296 | F92: #NUM! | G92: 1.6181 | H92: 493.61238 | I92: 6.89837 | J92: 1712.28 | K92: 4.7936 | L92: 34.268229 | M92: 1 | N92: 5.34 | O92: 0.64297262 | P92: #NUM! | Q92: #NUM! | R92: #NUM! | S92: 42.8202 | T92: 9283.5 | U92: 9252.9333 | V92: #NUM! | W92: #NUM! | X92: 0.71 | Y92: 1029.27 | Z92: 0.4519 | AA92: 3.2584 | AB92: #NUM! | AC92: 10.3305 | AD92: 7.3679 | AE92: #NUM! | AF92: 67.3662 | AG92: 3978.75 | AH92: 2.8916 | AI92: 44.28055 | AJ92: 2.1694 | AK92: 23.6376 | AL92: 3.75 | AM92: 7.92 | AN92: #NUM! | AO92: 33.1482 | AP92: 1.1774 | AQ92: 1.231195 | AR92: 0.5092 | AS92: 1 | AT92: 19.494 | AU92: 2.147 | AV92: 16347
A93: 2008.M07 | B93: mensual | C93: 61.4996 | D93: 1.03893 | E93: 68.5151 | F93: #NUM! | G93: 1.5906 | H93: 502.24 | I93: 6.83763 | J93: 1783.09 | K93: 4.7307 | L93: 34.385522 | M93: 1 | N93: 5.31 | O93: 0.63412765 | P93: #NUM! | Q93: #NUM! | R93: #NUM! | S93: 42.838 | T93: 9145.3 | U93: 9192.6875 | V93: #NUM! | W93: #NUM! | X93: 0.71 | Y93: 1019.12 | Z93: 0.4453 | AA93: 3.2499 | AB93: #NUM! | AC93: 10.239 | AD93: 7.2801 | AE93: #NUM! | AF93: 70.8502 | AG93: 3977.1739 | AH93: 2.848 | AI93: 44.956261 | AJ93: 2.0674 | AK93: 23.3505 | AL93: 3.75 | AM93: 7.62568 | AN93: #NUM! | AO93: 33.4504 | AP93: 1.1647 | AQ93: 1.2105726 | AR93: 0.50284 | AS93: 1 | AT93: 19.2522 | AU93: 2.147 | AV93: 16507
A94: 2008.M08 | B94: mensual | C94: 61.0767 | D94: 1.09746 | E94: 68.5199 | F94: #NUM! | G94: 1.6115 | H94: 516.7 | I94: 6.8515 | J94: 1844.29 | K94: 4.9834 | L94: 34.796581 | M94: 1 | N94: 5.33 | O94: 0.66776265 | P94: #NUM! | Q94: #NUM! | R94: #NUM! | S94: 42.9374 | T94: 9149.25 | U94: 9492.5 | V94: #NUM! | W94: #NUM! | X94: 0.71 | Y94: 1041.54 | Z94: 0.4793 | AA94: 3.3273 | AB94: #NUM! | AC94: 10.0906 | AD94: 7.6001 | AE94: #NUM! | AF94: 74.556 | AG94: 3985.5 | AH94: 2.8923 | AI94: 44.876947 | AJ94: 2.1926 | AK94: 24.1314 | AL94: 3.75 | AM94: 7.6614 | AN94: #NUM! | AO94: 33.8043 | AP94: 1.2112 | AQ94: 1.1761258 | AR94: 0.51293 | AS94: 1 | AT94: 19.2173 | AU94: 2.147 | AV94: 16495
A95: 2008.M09 | B95: mensual | C95: 60.9788 | D95: 1.21875 | E95: 68.5187 | F95: #NUM! | G95: 1.7988 | H95: 530.17 | I95: 6.83061 | J95: 2066.04 | K95: 5.19167 | L95: 34.94999 | M95: 1 | N95: 5.42 | O95: 0.69591844 | P95: #NUM! | Q95: #NUM! | R95: #NUM! | S95: 45.5635 | T95: 9372.8 | U95: 9679.7222 | V95: #NUM! | W95: #NUM! | X95: 0.71 | Y95: 1130.4 | Z95: 0.4881 | AA95: 3.4416 | AB95: #NUM! | AC95: 10.5744 | AD95: 7.8739 | AE95: #NUM! | AF95: 77.3388 | AG95: 3995.79 | AH95: 2.9658 | AI95: 44.876947 | AJ95: 2.3497 | AK95: 25.2837 | AL95: 3.75 | AM95: 8.05714 | AN95: #NUM! | AO95: 34.241 | AP95: 1.2492 | AQ95: 1.23723 | AR95: 0.55668 | AS95: 1 | AT95: 20.4459 | AU95: 2.147 | AV95: 16508
A96: 2008.M10 | B96: mensual | C96: 62.2584 | D96: 1.44219 | E96: 68.5458 | F96: #NUM! | G96: 2.1721 | H96: 618.39455 | I96: 6.83155 | J96: 2289.17 | K96: 5.6029 | L96: 35.087748 | M96: 1 | N96: 5.55 | O96: 0.75063314 | P96: #NUM! | Q96: #NUM! | R96: #NUM! | S96: 48.6555 | T96: 10100 | U96: 9887 | V96: #NUM! | W96: #NUM! | X96: 0.71 | Y96: 1326.92 | Z96: 0.5247 | AA96: 3.5264 | AB96: #NUM! | AC96: 12.4738 | AD96: 8.4273 | AE96: #NUM! | AF96: 80.339 | AG96: 4409.3478 | AH96: 3.0752 | AI96: 48.025227 | AJ96: 2.698 | AK96: 26.3512 | AL96: 3.75 | AM96: 9.7448 | AN96: #NUM! | AO96: 34.3764 | AP96: 1.3228 | AQ96: 1.4803016 | AR96: 0.59215 | AS96: 1 | AT96: 22.3731 | AU96: 2.147 | AV96: 16517
A97: 2008.M11 | B97: mensual | C97: 68.133 | D97: 1.52513 | E97: 68.7166 | F97: #NUM! | G97: 2.2655 | H97: 651.5055 | I97: 6.82856 | J97: 2329.16 | K97: 5.8507 | L97: 35.316926 | M97: 1 | N97: 5.52 | O97: 0.7854133 | P97: #NUM! | Q97: #NUM! | R97: #NUM! | S97: 49.0033 | T97: 11836 | U97: 9854.5882 | V97: #NUM! | W97: #NUM! | X97: 0.71 | Y97: 1390.09 | Z97: 0.5523 | AA97: 3.6175 | AB97: #NUM! | AC97: 13.0609 | AD97: 8.6866 | AE97: #NUM! | AF97: 80.00246 | AG97: 4837 | AH97: 3.0919 | AI97: 49.1862 | AJ97: 2.9209 | AK97: 27.3101 | AL97: 3.75 | AM97: 10.0985 | AN97: #NUM! | AO97: 35.0382 | AP97: 1.3871 | AQ97: 1.5929117 | AR97: 0.65164 | AS97: 1 | AT97: 23.687 | AU97: 2.147 | AV97: 16493
A98: 2008.M12 | B98: mensual | C98: 70.9144 | D98: 1.49309 | E98: 68.8901 | F98: #NUM! | G98: 2.3936 | H98: 649.32 | I98: 6.84269 | J98: 2252.72 | K98: 5.5746 | L98: 35.389605 | M98: 1 | N98: 5.5 | O98: 0.74352601 | P98: #NUM! | Q98: #NUM! | R98: #NUM! | S98: 48.6345 | T98: 11243.8 | U98: 9896.375 | V98: #NUM! | W98: #NUM! | X98: 0.71 | Y98: 1373.84 | Z98: 0.5224 | AA98: 3.5518 | AB98: #NUM! | AC98: 13.3726 | AD98: 8.3087 | AE98: #NUM! | AF98: 79.08724 | AG98: 4891.8421 | AH98: 3.1138 | AI98: 48.094235 | AJ98: 2.9715 | AK98: 28.1314 | AL98: 3.75 | AM98: 9.97425 | AN98: #NUM! | AO98: 34.9783 | AP98: 1.3424 | AQ98: 1.5427242 | AR98: 0.672455 | AS98: 1 | AT98: 24.3534 | AU98: 2.147 | AV98: 16600
... A158: 2013.M12 | B158: mensual | C158: 78.6569 | D158: 1.1132645 | E158: 77.7505 | F158: #NUM! | G158: 2.3459158 | H158: 529.45 | I158: 6.1172 | J158: 1934.08 | K158: 5.4457 | L158: 42.6996 | M158: 1 | N158: 6.8986 | O158: 0.72973525 | P158: #NUM! | Q158: #NUM! | R158: #NUM! | S158: 61.9103 | T158: 12087.1 | U158: 24790.929 | V158: #NUM! | W158: #NUM! | X158: 0.71 | Y158: 1056.67 | Z158: 0.5138 | AA158: 3.2492976 | AB158: #NUM! | AC158: 13.0098 | AD158: 8.1879857 | AE158: #NUM! | AF158: 107.0777 | AG158: 4524.0048 | AH158: 2.78525 | AI158: 44.104278 | AJ158: 3.0481 | AK158: 32.894 | AL158: 3.75 | AM158: 10.382465 | AN158: #NUM! | AO158: 32.344 | AP158: 1.6605 | AQ158: 2.0590242 | AR158: 0.61068151 | AS158: 1 | AT158: 21.363 | AU158: 6.2842 | AV158: 21036
A159: 2014.M01 | B159: mensual | C159: 78.1073 | D159: 1.128419 | E159: 77.7503 | F159: #NUM! | G159: 2.381565 | H159: 537.02955 | I159: 6.1039158 | J159: 1960.41 | K159: 5.4822 | L159: 42.9692 | M159: 1 | N159: 6.943 | O159: 0.73474159 | P159: #NUM! | Q159: #NUM! | R159: #NUM! | S159: 62.076 | T159: 12179.65 | U159: 24820.867 | V159: #NUM! | W159: #NUM! | X159: 0.71 | Y159: 1064.75 | Z159: #NUM! | AA159: 3.3044342 | AB159: #NUM! | AC159: 13.1981 | AD159: 8.232535 | AE159: #NUM! | AF159: 105.50709 | AG159: 4635.2175 | AH159: 2.8089318 | AI159: 44.926571 | AJ159: 3.065 | AK159: 33.457 | AL159: 3.75 | AM159: 10.893577 | AN159: #NUM! | AO159: 32.9394 | AP159: 1.6391 | AQ159: 2.21605 | AR159: 0.60702574 | AS159: 1 | AT159: 21.6559 | AU159: 6.2842 | AV159: 21036
A160: 2014.M02 | B160: mensual | C160: 77.9306 | D160: 1.1153121 | E160: 77.7501 | F160: #NUM! | G160: 2.3881105 | H160: 554.41 | I160: 6.1132667 | J160: 2040.51 | K160: 5.4025 | L160: 43.1817 | M160: 1 | N160: 6.9562 | O160: 0.73214482 | P160: #NUM! | Q160: #NUM! | R160: #NUM! | S160: 62.254 | T160: 11935.1 | U160: 24882.5 | V160: #NUM! | W160: #NUM! | X160: 0.71 | Y160: 1071.3 | Z160: #NUM! | AA160: 3.3082132 | AB160: #NUM! | AC160: 13.2888 | AD160: 8.208395 | AE160: #NUM! | AF160: 105.16126 | AG160: 4512.6452 | AH160: 2.81265 | AI160: 44.895 | AJ160: 3.0613 | AK160: 35.2237 | AL160: 3.75 | AM160: 10.981045 | AN160: #NUM! | AO160: 32.6518 | AP160: 1.5909 | AQ160: 2.2159804 | AR160: 0.61295656 | AS160: 1 | AT160: 22.3739 | AU160: 6.2842 | AV160: 21036
A161: 2014.M03 | B161: mensual | C161: 77.644 | D161: 1.1024027 | E161: 77.7094 | F161: #NUM! | G161: 2.3281947 | H161: 563.64737 | I161: 6.1369053 | J161: 2022.19 | K161: 5.3999 | L161: 43.2189 | M161: 1 | N161: 6.9583027 | O161: 0.72345688 | P161: #NUM! | Q161: #NUM! | R161: #NUM! | S161: 61.014 | T161: 11427.05 | U161: 25085.2 | V161: #NUM! | W161: #NUM! | X161: 0.71 | Y161: 1070.89 | Z161: #NUM! | AA161: 3.282981 | AB161: #NUM! | AC161: 13.2154 | AD161: 8.1266286 | AE161: #NUM! | AF161: 100.07966 | AG161: 4423.7776 | AH161: 2.806381 | AI161: 44.791571 | AJ161: 3.0378 | AK161: 36.211 | AL161: 3.75 | AM161: 10.745828 | AN161: #NUM! | AO161: 32.3941 | AP161: 1.5778 | AQ161: 2.2177355 | AR161: 0.60156857 | AS161: 1 | AT161: 22.6345 | AU161: 6.2842 | AV161: 21036
A162: 2014.M04 | B162: mensual | C162: 78.5992 | D162: 1.0737226 | E162: 77.6623 | F162: #NUM! | G162: 2.2347905 | H162: 554.64095 | I162: 6.15511 | J162: 1939.27 | K162: 5.4059 | L162: 43.2036 | M162: 1 | N162: 6.9781 | O162: 0.7239819 | P162: #NUM! | Q162: #NUM! | R162: #NUM! | S162: 60.356624 | T162: 11435.75 | U162: 25498.467 | V162: #NUM! | W162: #NUM! | X162: 0.71 | Y162: 1044.55 | Z162: #NUM! | AA162: 3.2578659 | AB162: #NUM! | AC162: 13.0681 | AD162: 8.1328727 | AE162: #NUM! | AF162: 97.685677 | AG162: 4433.204 | AH162: 2.794375 | AI162: 44.641579 | AJ162: 3.0293 | AK162: 35.6618 | AL162: 3.75 | AM162: 10.550126 | AN162: #NUM! | AO162: 32.3176 | AP162: 1.5884 | AQ162: 2.1300783 | AR162: 0.59744738 | AS162: 1 | AT162: 22.853 | AU162: 6.2842 | AV162: 21036
A163: 2014.M05 | B163: mensual | C163: 78.7997 | D163: 1.0742083 | E163: 77.6404 | F163: #NUM! | G163: 2.220281 | H163: 556.1045 | I163: 6.1628833 | J163: 1915.46 | K163: 5.427 | L163: 43.283305 | M163: 1 | N163: 7.0808 | O163: 0.72821847 | P163: #NUM! | Q163: #NUM! | R163: #NUM! | S163: 59.305 | T163: 11525.94 | U163: 25533.571 | V163: #NUM! | W163: #NUM! | X163: 0.71 | Y163: 1024.99 | Z163: #NUM! | AA163: 3.22846 | AB163: #NUM! | AC163: 12.9479 | AD163: 8.1754857 | AE163: #NUM! | AF163: 98.734455 | AG163: 4421.6337 | AH163: 2.7947381 | AI163: 43.923619 | AJ163: 3.0415 | AK163: 34.9269 | AL163: 3.75 | AM163: 10.409786 | AN163: #NUM! | AO163: 32.5269 | AP163: 1.6201 | AQ163: 2.0939597 | AR163: 0.5934588 | AS163: 1 | AT163: 23.022 | AU163: 6.2842 | AV163: 21036
A164: 2014.M06 | B164: mensual | C164: 79.294 | D164: 1.0676319 | E164: 77.63 | F164: #NUM! | G164: 2.23486 | H164: 553.06 | I164: 6.1563619 | J164: 1888.1 | K164: 5.4871 | L164: 43.4811 | M164: 1 | N164: 7.1429 | O164: 0.73570628 | P164: #NUM! | Q164: #NUM! | R164: #NUM! | S164: 59.7307 | T164: 11892.62 | U164: 25611 | V164: #NUM! | W164: #NUM! | X164: 0.71 | Y164: 1019.36 | Z164: #NUM! | AA164: 3.2184167 | AB164: #NUM! | AC164: 12.9832 | AD164: 8.2420571 | AE164: #NUM! | AF164: 98.581719 | AG164: 4404.765 | AH164: 2.7942381 | AI164: 43.8175 | AJ164: 3.0425 | AK164: 34.4065 | AL164: 3.75 | AM164: 10.671188 | AN164: #NUM! | AO164: 32.5111 | AP164: 1.6594 | AQ164: 2.1173083 | AR164: 0.59157923 | AS164: 1 | AT164: 22.9559 | AU164: 6.2842 | AV164: 21120
A165: 2014.M07 | B165: mensual | C165: 79.8322 | D165: 1.0647359 | E165: 77.5932 | F165: #NUM! | G165: 2.2215409 | H165: 558.21 | I165: 6.1675 | J165: 1858.4 | K165: 5.5075 | L165: 43.5749 | M165: 1 | N165: 7.1453 | O165: 0.7385975 | P165: #NUM! | Q165: #NUM! | R165: #NUM! | S165: 60.0586 | T165: 11689.056 | U165: 26303 | V165: #NUM! | W165: #NUM! | X165: 0.71 | Y165: 1019.93 | Z165: #NUM! | AA165: 3.18424 | AB165: #NUM! | AC165: 12.9734 | AD165: 8.25856 | AE165: #NUM! | AF165: 98.778392 | AG165: 4267.307 | AH165: 2.7860952 | AI165: 43.466524 | AJ165: 3.0598 | AK165: 34.6352 | AL165: 3.75 | AM165: 10.7041 | AN165: #NUM! | AO165: 32.0998 | AP165: 1.7083 | AQ165: 2.1176032 | AR165: 0.59231179 | AS165: 1 | AT165: 23.003 | AU165: 6.2842 | AV165: 21246
A166: 2014.M08 | B166: mensual | C166: 80.3249 | D166: 1.0748726 | E166: 77.4558 | F166: #NUM! | G166: 2.2693524 | H166: 579.05 | I166: 6.1606143 | J166: 1899.07 | K166: 5.5988 | L166: 43.6016 | M166: 1 | N166: 7.145 | O166: 0.7509709 | P166: #NUM! | Q166: #NUM! | R166: #NUM! | S166: 60.8952 | T166: 11706.05 | U166: 26504.75 | V166: #NUM! | W166: #NUM! | X166: 0.71 | Y166: 1025.36 | Z166: #NUM! | AA166: 3.1784452 | AB166: #NUM! | AC166: 13.149 | AD166: 8.3804333 | AE166: #NUM! | AF166: 100.35615 | AG166: 4267.8545 | AH166: 2.8145 | AI166: 43.767316 | AJ166: 3.1482 | AK166: 36.109973 | AL166: 3.75 | AM166: 10.662886 | AN166: #NUM! | AO166: 32.0055 | AP166: 1.7252 | AQ166: 2.1610403 | AR166: 0.59873605 | AS166: 1 | AT166: 23.7194 | AU166: 6.2842 | AV166: 21246
A167: 2014.M09 | B167: mensual | C167: 81.1859 | D167: 1.1035368 | E167: 77.4 | F167: #NUM! | G167: 2.3272429 | H167: 593.47 | I167: 6.152075 | J167: 1971.34 | K167: 5.7712 | L167: 43.765167 | M167: 1 | N167: 7.145 | O167: 0.77511186 | P167: #NUM! | Q167: #NUM! | R167: #NUM! | S167: 60.8649 | T167: 11849.86 | U167: 26637.647 | V167: #NUM! | W167: #NUM! | X167: 0.71 | Y167: 1033.24 | Z167: #NUM! | AA167: 3.21815 | AB167: #NUM! | AC167: 13.2002 | AD167: 8.6176818 | AE167: #NUM! | AF167: 102.5476 | AG167: 4334.3786 | AH167: 2.864 | AI167: 44.075143 | AJ167: 3.2475 | AK167: 37.869515 | AL167: 3.75 | AM167: 10.97778 | AN167: #NUM! | AO167: 32.1803 | AP167: 1.7713 | AQ167: 2.2075367 | AR167: 0.61363553 | AS167: 1 | AT167: 24.3193 | AU167: 6.2842 | AV167: 21246
A168: 2014.M10 | B168: mensual | C168: 83.4736 | D168: 1.1383828 | E168: 77.401 | F168: #NUM! | G168: 2.450419 | H168: 589.17773 | I168: 6.1440412 | J168: 2047.03 | K168: 5.8749 | L168: 43.9085 | M168: 1 | N168: 7.1463 | O168: 0.78909539 | P168: #NUM! | Q168: #NUM! | R168: #NUM! | S168: 61.342 | T168: 12144.87 | U168: 26687.824 | V168: #NUM! | W168: #NUM! | X168: 0.71 | Y168: 1060.28 | Z168: #NUM! | AA168: 3.2687881 | AB168: #NUM! | AC168: 13.4768 | AD168: 8.7263864 | AE168: #NUM! | AF168: 102.90656 | AG168: 4574.2663 | AH168: 2.9060455 | AI168: 44.797864 | AJ168: 3.3152 | AK168: 40.7589 | AL168: 3.75 | AM168: 11.0701 | AN168: #NUM! | AO168: 32.4485 | AP168: 1.8016 | AQ168: 2.2610419 | AR168: 0.62245663 | AS168: 1 | AT168: 24.3157 | AU168: 6.2842 | AV168: 21246
A169: 2014.M11 | B169: mensual | C169: 84.7706 | D169: 1.1560226 | E169: 77.8522 | F169: #NUM! | G169: 2.5463667 | H169: 592.4595 | I169: 6.1443167 | J169: 2127.25 | K169: 5.9666 | L169: 44.1474 | M169: 1 | N169: 7.1454 | O169: 0.80178317 | P169: #NUM! | Q169: #NUM! | R169: #NUM! | S169: 61.7042 | T169: 12158.3 | U169: 26776.909 | V169: #NUM! | W169: #NUM! | X169: 0.71 | Y169: 1095.1 | Z169: #NUM! | AA169: 3.34405 | AB169: #NUM! | AC169: 13.5819 | AD169: 8.8435611 | AE169: #NUM! | AF169: 101.9233 | AG169: 4641.8835 | AH169: 2.925075 | AI169: 44.9514 | AJ169: 3.3777 | AK169: 45.864897 | AL169: 3.75 | AM169: 11.104922 | AN169: #NUM! | AO169: 32.7814 | AP169: 1.8338 | AQ169: 2.234215 | AR169: 0.62496094 | AS169: 1 | AT169: 23.9929 | AU169: 6.2842 | AV169: 21246
A170: 2014.M12 | B170: mensual | C170: 86.9862 | D170: 1.2131122 | E170: 77.8522 | F170: #NUM! | G170: 2.6327 | H170: 612.919 | I170: 6.124219 | J170: 2344.23 | K170: 6.026 | L170: 44.2607 | M170: 1 | N170: 7.145 | O170: 0.81094231 | P170: #NUM! | Q170: #NUM! | R170: #NUM! | S170: 62.75295 | T170: 12438.29 | U170: 26958.235 | V170: #NUM! | W170: #NUM! | X170: 0.71 | Y170: 1104.33 | Z170: #NUM! | AA170: 3.4802727 | AB170: #NUM! | AC170: 14.4266 | AD170: 8.9314435 | AE170: #NUM! | AF170: 100.9392 | AG170: 4629.2905 | AH170: 2.9615 | AI170: 44.687765 | AJ170: 3.4287 | AK170: 55.4131 | AL170: 3.75 | AM170: 11.460529 | AN170: #NUM! | AO170: 32.9016 | AP170: 1.8562 | AQ170: 2.2899597 | AR170: 0.63661828 | AS170: 1 | AT170: 24.1068 | AU170: 6.2842 | AV170: 21246
... A201: 2017.M07 | B201: mensual | C201: 108.7211 | D201: 1.283195 | E201: 80.6263 | F201: #NUM! | G201: 3.2055381 | H201: 658.17143 | I201: 6.77148 | J201: 3038.76 | K201: 6.4612524 | L201: 47.5375 | M201: 1 | N201: 17.86159 | O201: 0.86872347 | P201: #NUM! | Q201: #NUM! | R201: #NUM! | S201: 64.455881 | T201: 13342.095 | U201: 32638.357 | V201: #NUM! | W201: #NUM! | X201: 0.71 | Y201: 1134.4 | Z201: #NUM! | AA201: 4.2903095 | AB201: #NUM! | AC201: 17.8513 | AD201: 9.5672095 | AE201: #NUM! | AF201: 105.58224 | AG201: 5550.9912 | AH201: 3.2489211 | AI201: 50.63819 | AJ201: 3.6805 | AK201: 59.668384 | AL201: 3.75 | AM201: 13.133876 | AN201: #NUM! | AO201: 33.749653 | AP201: 2.47 | AQ201: 3.5609435 | AR201: 0.76982672 | AS201: 1 | AT201: 28.6414 | AU201: 9.975 | AV201: 22438.71
A202: 2017.M08 | B202: mensual | C202: 109.6243 | D202: 1.2629521 | E202: 80.6939 | F202: #NUM! | G202: 3.150313 | H202: 644.24182 | I202: 6.6709696 | J202: 2972.62 | K202: 6.2999522 | L202: 47.581205 | M202: 1 | N202: 17.7138 | O202: 0.84697391 | P202: #NUM! | Q202: #NUM! | R202: #NUM! | S202: 63.968385 | T202: 13341.818 | U202: #NUM! | V202: #NUM! | W202: #NUM! | X202: 0.71 | Y202: 1130.79 | Z202: #NUM! | AA202: 4.2843409 | AB202: #NUM! | AC202: 17.8078 | AD202: 9.4199095 | AE202: #NUM! | AF202: 105.398 | AG202: 5596.3193 | AH202: 3.2414318 | AI202: 50.874714 | AJ202: 3.6127 | AK202: 59.646808 | AL202: 3.75 | AM202: 13.230926 | AN202: #NUM! | AO202: 33.262445 | AP202: 2.4589 | AQ202: 3.5147339 | AR202: 0.77147553 | AS202: 1 | AT202: 28.6741 | AU202: 9.975 | AV202: 22442.19
A203: 2017.M09 | B203: mensual | C203: 111.7448 | D203: 1.2543529 | E203: 80.7377 | F203: #NUM! | G203: 3.13419 | H203: 625.54158 | I203: 6.568445 | J203: 2918.49 | K203: 6.2448524 | L203: 47.7206 | M203: 1 | N203: 17.613374 | O203: 0.83930841 | P203: #NUM! | Q203: #NUM! | R203: #NUM! | S203: 64.440948 | T203: 13303.474 | U203: #NUM! | V203: #NUM! | W203: #NUM! | X203: 0.71 | Y203: 1131.59 | Z203: #NUM! | AA203: 4.2088611 | AB203: #NUM! | AC203: 17.7991 | AD203: 9.3664947 | AE203: #NUM! | AF203: 105.41191 | AG203: 5658.9171 | AH203: 3.2461667 | AI203: 51.009421 | AJ203: 3.5799 | AK203: 57.693898 | AL203: 3.75 | AM203: 13.134512 | AN203: #NUM! | AO203: 33.150319 | AP203: 2.4475 | AQ203: 3.465055 | AR203: 0.75029871 | AS203: 1 | AT203: 28.911 | AU203: 9.975 | AV203: 22445.58
A204: 2017.M10 | B204: mensual | C204: 114.1349 | D204: 1.2836147 | E204: 80.8217 | F204: #NUM! | G204: 3.1906381 | H204: 629.5465 | I204: 6.617525 | J204: 2955.06 | K204: 6.3314227 | L204: 47.8314 | M204: 1 | N204: 17.59748 | O204: 0.85063933 | P204: #NUM! | Q204: #NUM! | R204: #NUM! | S204: 65.081284 | T204: 13526 | U204: #NUM! | V204: #NUM! | W204: #NUM! | X204: 0.71 | Y204: 1131.57 | Z204: #NUM! | AA204: 4.2288571 | AB204: #NUM! | AC204: 18.7247 | AD204: 9.4457727 | AE204: #NUM! | AF204: 105.42722 | AG204: 5642.3221 | AH204: 3.2510455 | AI204: 51.3433 | AJ204: 3.6303 | AK204: 57.729854 | AL204: 3.75 | AM204: 13.675625 | AN204: #NUM! | AO204: 33.251005 | AP204: 2.4839 | AQ204: 3.6683855 | AR204: 0.75731622 | AS204: 1 | AT204: 29.3778 | AU204: 9.975 | AV204: 22464.85
A205: 2017.M11 | B205: mensual | C205: 115.073 | D205: 1.3114754 | E205: 81.2842 | F205: #NUM! | G205: 3.258735 | H205: 633.68789 | I205: 6.625385 | J205: 3013.17 | K205: 6.3406227 | L205: 47.973524 | M205: 1 | N205: 17.6138 | O205: 0.85193389 | P205: #NUM! | Q205: #NUM! | R205: #NUM! | S205: 64.862614 | T205: 13527.364 | U205: #NUM! | V205: #NUM! | W205: #NUM! | X205: 0.71 | Y205: 1105.04 | Z205: #NUM! | AA205: 4.1725 | AB205: #NUM! | AC205: 18.977 | AD205: 9.4507619 | AE205: #NUM! | AF205: 105.45165 | AG205: 5655.5127 | AH205: 3.2405238 | AI205: 51.03835 | AJ205: 3.6031 | AK205: 58.918171 | AL205: 3.75 | AM205: 14.078182 | AN205: #NUM! | AO205: 32.94935 | AP205: 2.4964 | AQ205: 3.8814917 | AR205: 0.75714413 | AS205: 1 | AT205: 29.231 | AU205: 9.975 | AV205: 22451.04
A206: 2017.M12 | B206: mensual | C206: 115.2419 | D206: 1.3080363 | E206: 82.5499 | F206: #NUM! | G206: 3.29131 | H206: 636.92368 | I206: 6.59355 | J206: 2991.42 | K206: 6.2887684 | L206: 48.19887 | M206: 1 | N206: 17.743133 | O206: 0.844865 | P206: #NUM! | Q206: #NUM! | R206: #NUM! | S206: 64.242321 | T206: 13556.211 | U206: #NUM! | V206: #NUM! | W206: #NUM! | X206: 0.71 | Y206: 1085.78 | Z206: #NUM! | AA206: 4.0779737 | AB206: #NUM! | AC206: 19.0625 | AD206: 9.4080111 | AE206: #NUM! | AF206: 109.06134 | AG206: 5630.7594 | AH206: 3.2461842 | AI206: 50.394737 | AJ206: 3.5482 | AK206: 58.5864 | AL206: 3.75 | AM206: 13.170303 | AN206: #NUM! | AO206: 32.665758 | AP206: 2.4894 | AQ206: 3.8505726 | AR206: 0.74602787 | AS206: 1 | AT206: 28.88 | AU206: 9.975 | AV206: 22437.3
A207: 2018.M01 | B207: mensual | C207: 114.2968 | D207: 1.25894 | E207: 82.8168 | F207: #NUM! | G207: 3.2099864 | H207: 605.59714 | I207: 6.4290143 | J207: 2867.68 | K207: 6.1041773 | L207: 48.4247 | M207: 1 | N207: 17.652976 | O207: 0.81970573 | P207: #NUM! | Q207: #NUM! | R207: #NUM! | S207: 63.636895 | T207: 13380.364 | U207: #NUM! | V207: #NUM! | W207: #NUM! | X207: 0.71 | Y207: 1066.7 | Z207: #NUM! | AA207: 3.9577857 | AB207: #NUM! | AC207: 19.0025 | AD207: 9.2402524 | AE207: #NUM! | AF207: 110.55078 | AG207: 5619.7989 | AH207: 3.2151667 | AI207: 50.508667 | AJ207: 3.4141 | AK207: 56.7843 | AL207: 3.75 | AM207: 12.204082 | AN207: #NUM! | AO207: 31.888514 | AP207: 2.4625 | AQ207: 3.7714016 | AR207: 0.72351164 | AS207: 1 | AT207: 28.5725 | AU207: 326.8 | AV207: 22410.65
A208: 2018.M02 | B208: mensual | C208: 113.8607 | D208: 1.2690838 | E208: 82.92 | F208: #NUM! | G208: 3.2409056 | H208: 597.03316 | I208: 6.3134733 | J208: 2860 | K208: 6.03029 | L208: 48.8367 | M208: 1 | N208: 17.623558 | O208: 0.80986087 | P208: #NUM! | Q208: #NUM! | R208: #NUM! | S208: 64.373839 | T208: 13590.053 | U208: #NUM! | V208: #NUM! | W208: #NUM! | X208: 0.71 | Y208: 1079.58 | Z208: #NUM! | AA208: 3.9123056 | AB208: #NUM! | AC208: 18.6282 | AD208: 9.190075 | AE208: #NUM! | AF208: 110.56009 | AG208: 5583.5903 | AH208: 3.248375 | AI208: 51.785632 | AJ208: 3.3701 | AK208: 56.8076 | AL208: 3.75 | AM208: 11.821966 | AN208: #NUM! | AO208: 31.470315 | AP208: 2.4245 | AQ208: 3.7799321 | AR208: 0.71664357 | AS208: 1 | AT208: 28.5197 | AU208: 21023.975 | AV208: 22439.05
A209: 2018.M03 | B209: mensual | C209: 114.0351 | D209: 1.2877116 | E209: 82.96 | F209: #NUM! | G209: 3.2786143 | H209: 603.1385 | I209: 6.3194773 | J209: 2852.46 | K209: 6.03795 | L209: 49.202914 | M209: 1 | N209: 17.576311 | O209: 0.81062302 | P209: #NUM! | Q209: #NUM! | R209: #NUM! | S209: 65.021332 | T209: 13758.286 | U209: #NUM! | V209: #NUM! | W209: #NUM! | X209: 0.71 | Y209: 1071.89 | Z209: #NUM! | AA209: 3.9030909 | AB209: #NUM! | AC209: 18.6839 | AD209: 9.1837364 | AE209: #NUM! | AF209: 112.45123 | AG209: 5531.7945 | AH209: 3.2519 | AI209: 52.0676 | AJ209: 3.4158 | AK209: 57.0331 | AL209: 3.75 | AM209: 11.835566 | AN209: #NUM! | AO209: 31.264367 | AP209: 2.427 | AQ209: 3.884071 | AR209: 0.71582693 | AS209: 1 | AT209: 28.3915 | AU209: 39884.381 | AV209: 22454.44
A210: 2018.M04 | B210: mensual | C210: 114.2165 | D210: 1.2991009 | E210: 82.974615 | F210: #NUM! | G210: 3.4069 | H210: 600.55476 | I210: 6.2995737 | J210: 2765.96 | K210: 6.0617053 | L210: 49.3807 | M210: 1 | N210: 17.63139 | O210: 0.81457768 | P210: #NUM! | Q210: #NUM! | R210: #NUM! | S210: 65.636347 | T210: 13802.952 | U210: #NUM! | V210: #NUM! | W210: #NUM! | X210: 0.71 | Y210: 1067.76 | Z210: #NUM! | AA210: 3.8862143 | AB210: #NUM! | AC210: 18.3464 | AD210: 9.2115857 | AE210: #NUM! | AF210: 115.5995 | AG210: 5545.9043 | AH210: 3.230625 | AI210: 52.0986 | AJ210: 3.4188 | AK210: 60.4268 | AL210: 3.75 | AM210: 12.084052 | AN210: #NUM! | AO210: 31.313594 | AP210: 2.4276 | AQ210: 4.053605 | AR210: 0.71050842 | AS210: 1 | AT210: 28.3167 | AU210: 56686.678 | AV210: 22488
A211: 2018.M05 | B211: mensual | C211: 115.974 | D211: 1.3285659 | E211: 83.384615 | F211: #NUM! | G211: 3.6354619 | H211: 625.43762 | I211: 6.374281 | J211: 2862.95 | K211: 6.3099263 | L211: 49.4018 | M211: 1 | N211: 17.7829 | O211: 0.84658039 | P211: #NUM! | Q211: #NUM! | R211: #NUM! | S211: 67.539359 | T211: 14059.7 | U211: #NUM! | V211: #NUM! | W211: #NUM! | X211: 0.71 | Y211: 1076.39 | Z211: #NUM! | AA211: 3.9636974 | AB211: #NUM! | AC211: 19.4894 | AD211: 9.4244952 | AE211: #NUM! | AF211: 115.61493 | AG211: 5642.4883 | AH211: 3.2736136 | AI211: 52.19481 | AJ211: 3.6183 | AK211: 62.2062 | AL211: 3.75 | AM211: 12.529381 | AN211: #NUM! | AO211: 31.972871 | AP211: 2.5163 | AQ211: 4.4028435 | AR211: 0.7416472 | AS211: 1 | AT211: 30.5624 | AU211: 73601.25 | AV211: 22575.04
A212: 2018.M06 | B212: mensual | C212: 116.9667 | D212: 1.3344098 | E212: 83.701042 | F212: #NUM! | G212: 3.7725714 | H212: 636.14619 | I212: 6.465695 | J212: 2893.22 | K212: 6.379375 | L212: 49.4161 | M212: 1 | N212: 17.825168 | O212: 0.85629006 | P212: #NUM! | Q212: #NUM! | R212: #NUM! | S212: 67.793067 | T212: 14036.143 | U212: #NUM! | V212: #NUM! | W212: #NUM! | X212: 0.71 | Y212: 1092.8 | Z212: #NUM! | AA212: 3.99985 | AB212: #NUM! | AC212: 20.3105 | AD212: 9.49532 | AE212: #NUM! | AF212: 119.42052 | AG212: 5685.004 | AH212: 3.27095 | AI212: 53.047632 | AJ212: 3.6876 | AK212: 62.7115 | AL212: 3.75 | AM212: 13.285488 | AN212: #NUM! | AO212: 32.46351 | AP212: 2.6013 | AQ212: 4.6269 | AR212: 0.75234705 | AS212: 1 | AT212: 31.3655 | AU212: 83790 | AV212: 22597.31
A213: 2018.M07 | B213: mensual | C213: 117.6772 | D213: 1.3503146 | E213: 83.747222 | F213: #NUM! | G213: 3.8281364 | H213: 652.42579 | I213: 6.7189667 | J213: 2885.55 | K213: 6.3773227 | L213: 49.5841 | M213: 1 | N213: 17.84004 | O213: 0.85574477 | P213: #NUM! | Q213: #NUM! | R213: #NUM! | S213: 68.693359 | T213: 14414.5 | U213: #NUM! | V213: #NUM! | W213: #NUM! | X213: 0.71 | Y213: 1122.8 | Z213: #NUM! | AA213: 4.0492955 | AB213: #NUM! | AC213: 19.1171 | AD213: 9.4657091 | AE213: #NUM! | AF213: 124.86607 | AG213: 5723.0275 | AH213: 3.2765952 | AI213: 53.432909 | AJ213: 3.7095 | AK213: 62.8815 | AL213: 3.75 | AM213: 13.414464 | AN213: #NUM! | AO213: 33.266095 | AP213: 2.6548 | AQ213: 4.7531532 | AR213: 0.75943462 | AS213: 1 | AT213: 31.1456 | AU213: #NUM! | AV213: 22647.5
A214: 2018.M08 | B214: mensual | C214: 118.3993 | D214: 1.3650437 | E214: 83.75 | F214: #NUM! | G214: 3.9291565 | H214: 656.25091 | I214: 6.8517957 | J214: 2959.57 | K214: 6.4564652 | L214: 49.7276 | M214: 1 | N214: 17.834074 | O214: 0.86587909 | P214: #NUM! | Q214: #NUM! | R214: #NUM! | S214: 69.54651 | T214: 14559.857 | U214: #NUM! | V214: #NUM! | W214: #NUM! | X214: 0.71 | Y214: 1121.15 | Z214: #NUM! | AA214: 4.0916667 | AB214: #NUM! | AC214: 18.8089 | AD214: 9.47455 | AE214: #NUM! | AF214: 124.07945 | AG214: 5780.2655 | AH214: 3.2880714 | AI214: 53.273524 | AJ214: 3.7175 | AK214: 66.0944 | AL214: 3.75 | AM214: 14.088972 | AN214: #NUM! | AO214: 33.024818 | AP214: 2.7515 | AQ214: 5.7967806 | AR214: 0.77645506 | AS214: 1 | AT214: 31.3259 | AU214: #NUM! | AV214: 22679.26
A215: 2018.M09 | B215: mensual | C215: 117.9911 | D215: 1.3883201 | E215: 83.75 | F215: #NUM! | G215: 4.1159474 | H215: 680.94187 | I215: 6.8565444 | J215: 3037.8 | K215: 6.39745 | L215: 49.8208 | M215: 1 | N215: 17.855608 | O215: 0.85772856 | P215: #NUM! | Q215: #NUM! | R215: #NUM! | S215: 72.215283 | T215: 14868.737 | U215: #NUM! | V215: #NUM! | W215: #NUM! | X215: 0.71 | Y215: 1120.6 | Z215: #NUM! | AA215: 4.1396176 | AB215: #NUM! | AC215: 19.0539 | AD215: 9.4103947 | AE215: #NUM! | AF215: 124.24729 | AG215: 5855.1445 | AH215: 3.311325 | AI215: 53.9419 | AJ215: 3.6837 | AK215: 67.6467 | AL215: 3.75 | AM215: 14.779738 | AN215: #NUM! | AO215: 32.62275 | AP215: 2.7763 | AQ215: 6.3397533 | AR215: 0.76558726 | AS215: 1 | AT215: 32.8664 | AU215: #NUM! | AV215: 22699.88
A216: 2018.M10 | B216: mensual | C216: 118.67 | D216: 1.4078919 | E216: 83.816667 | F216: #NUM! | G216: 3.7578045 | H216: 677.09591 | I216: 6.9363471 | J216: 3080.48 | K216: 6.4960696 | L216: 49.977 | M216: 1 | N216: 17.85922 | O216: 0.87077344 | P216: #NUM! | Q216: #NUM! | R216: #NUM! | S216: 73.632305 | T216: 15178.87 | U216: #NUM! | V216: #NUM! | W216: #NUM! | X216: 0.71 | Y216: 1130.81 | Z216: #NUM! | AA216: 4.158413 | AB216: #NUM! | AC216: 19.0638 | AD216: 9.4898 | AE216: #NUM! | AF216: 131.88076 | AG216: 5954.3157 | AH216: 3.3339091 | AI216: 54.008565 | AJ216: 3.7495 | AK216: 65.8853 | AL216: 3.75 | AM216: 14.496304 | AN216: #NUM! | AO216: 32.765014 | AP216: 2.838 | AQ216: 5.8473855 | AR216: 0.76850257 | AS216: 1 | AT216: 32.886 | AU216: #NUM! | AV216: 22719.81
A217: 2018.M11 | B217: mensual | C217: 118.5182 | D217: 1.3800198 | E217: 83.873462 | F217: #NUM! | G217: 3.786015 | H217: 678.53167 | I217: 6.94079 | J217: 3198.13 | K217: 6.5641 | L217: 50.1375 | M217: 1 | N217: 17.86144 | O217: 0.87975015 | P217: #NUM! | Q217: #NUM! | R217: #NUM! | S217: 71.854239 | T217: 14696.857 | U217: #NUM! | V217: #NUM! | W217: #NUM! | X217: 0.71 | Y217: 1128.58 | Z217: #NUM! | AA217: 4.186725 | AB217: #NUM! | AC217: 20.25 | AD217: 9.5188474 | AE217: #NUM! | AF217: 133.90594 | AG217: 5936.2461 | AH217: 3.374675 | AI217: 52.808263 | AJ217: 3.7866 | AK217: 66.2375 | AL217: 3.75 | AM217: 14.08659 | AN217: #NUM! | AO217: 32.965505 | AP217: 2.9101 | AQ217: 5.38284 | AR217: 0.77507363 | AS217: 1 | AT217: 32.5372 | AU217: #NUM! | AV217: 22730.62
A218: 2018.M12 | B218: mensual | C218: 118.5199 | D218: 1.3915438 | E218: 83.9 | F218: #NUM! | G218: 3.884405 | H218: 682.16824 | I218: 6.8855278 | J218: 3212.48 | K218: 6.5605941 | L218: 50.21 | M218: 1 | N218: 17.8648 | O218: 0.87840962 | P218: #NUM! | Q218: #NUM! | R218: #NUM! | S218: 70.73107 | T218: 14496.947 | U218: #NUM! | V218: #NUM! | W218: #NUM! | X218: 0.71 | Y218: 1122.9 | Z218: #NUM! | AA218: 4.1729 | AB218: #NUM! | AC218: 20.1775 | AD218: 9.5284632 | AE218: #NUM! | AF218: 138.71225 | AG218: 5927.6753 | AH218: 3.3640263 | AI218: 52.769059 | AJ218: 3.7691 | AK218: 67.3027 | AL218: 3.75 | AM218: 14.180515 | AN218: #NUM! | AO218: 32.705356 | AP218: 2.9725 | AQ218: 5.3017758 | AR218: 0.78884054 | AS218: 1 | AT218: 32.2137 | AU218: #NUM! | AV218: 22783.04
A219: 2019.M01 | B219: mensual | C219: 118.3305 | D219: 1.3997574 | E219: 83.94 | F219: #NUM! | G219: 3.7410545 | H219: 677.39333 | I219: 6.7876381 | J219: 3161.91 | K219: 6.5396273 | L219: 50.3761 | M219: 1 | N219: 17.80474 | O219: 0.87593217 | P219: #NUM! | Q219: #NUM! | R219: #NUM! | S219: 70.73287 | T219: 14163.136 | U219: 42000 | V219: #NUM! | W219: #NUM! | X219: 0.71 | Y219: 1122 | Z219: #NUM! | AA219: 4.1160714 | AB219: #NUM! | AC219: 19.2154 | AD219: 9.5357333 | AE219: #NUM! | AF219: 138.79714 | AG219: 6038.7336 | AH219: 3.3438636 | AI219: 52.467909 | AJ219: 3.7617 | AK219: 67.3328 | AL219: 3.75 | AM219: 13.861493 | AN219: #NUM! | AO219: 31.810859 | AP219: 3.0203 | AQ219: 5.3689565 | AR219: 0.77575793 | AS219: 1 | AT219: 32.5984 | AU219: #NUM! | AV219: 22850.7
A220: 2019.M02 | B220: mensual | C220: 118.6176 | D220: 1.399776 | E220: 84.04 | F220: #NUM! | G220: 3.723025 | H220: 655.90053 | I220: 6.7356143 | J220: 3115.15 | K220: 6.574515 | L220: 50.4897 | M220: 1 | N220: 17.529705 | O220: 0.88096801 | P220: #NUM! | Q220: #NUM! | R220: #NUM! | S220: 71.221768 | T220: 14035.211 | U220: 42000 | V220: #NUM! | W220: #NUM! | X220: 0.71 | Y220: 1122.45 | Z220: #NUM! | AA220: 4.0745882 | AB220: #NUM! | AC220: 19.1902 | AD220: 9.53637 | AE220: #NUM! | AF220: 138.66078 | AG220: 6058.9365 | AH220: 3.321475 | AI220: 52.190056 | AJ220: 3.8023 | AK220: 65.8593 | AL220: 3.75 | AM220: 13.795615 | AN220: #NUM! | AO220: 31.299874 | AP220: 3.0527 | AQ220: 5.2644304 | AR220: 0.76865506 | AS220: 1 | AT220: 32.6098 | AU220: #NUM! | AV220: 22902.78
A221: 2019.M03 | B221: mensual | C221: 118.9239 | D221: 1.4122679 | E221: 84.21 | F221: #NUM! | G221: 3.8458842 | H221: 668.231 | I221: 6.7116143 | J221: 3125.34 | K221: 6.6026381 | L221: 50.5432 | M221: 1 | N221: 17.333886 | O221: 0.88476187 | P221: #NUM! | Q221: #NUM! | R221: #NUM! | S221: 69.478647 | T221: 14211 | U221: 42000 | V221: #NUM! | W221: #NUM! | X221: 0.71 | Y221: 1130.72 | Z221: #NUM! | AA221: 4.0790476 | AB221: #NUM! | AC221: 19.2339 | AD221: 9.6104429 | AE221: #NUM! | AF221: 139.32838 | AG221: 6129.5295 | AH221: 3.3046905 | AI221: 52.413429 | AJ221: 3.8052 | AK221: 65.1429 | AL221: 3.75 | AM221: 14.383067 | AN221: #NUM! | AO221: 31.722948 | AP221: 3.0542 | AQ221: 5.4598242 | AR221: 0.75929321 | AS221: 1 | AT221: 33.3126 | AU221: #NUM! | AV221: 22952.73
A222: 2019.M04 | B222: mensual | C222: 119.3079 | D222: 1.4054294 | E222: 84.330962 | F222: #NUM! | G222: 3.8955571 | H222: 667.08455 | I222: 6.7166667 | J222: 3155.22 | K222: 6.6429368 | L222: 50.5524 | M222: 1 | N222: 17.222911 | O222: 0.88981825 | P222: #NUM! | Q222: #NUM! | R222: #NUM! | S222: 69.427406 | T222: 14142.579 | U222: 42000 | V222: #NUM! | W222: #NUM! | X222: 0.71 | Y222: 1140.95 | Z222: #NUM! | AA222: 4.1140455 | AB222: #NUM! | AC222: 19.0231 | AD222: 9.6324955 | AE222: #NUM! | AF222: 141.29063 | AG222: 6230.003 | AH222: 3.303825 | AI222: 52.112222 | AJ222: 3.8145 | AK222: 64.617 | AL222: 3.75 | AM222: 14.154362 | AN222: #NUM! | AO222: 31.848868 | AP222: 3.0291 | AQ222: 5.753755 | AR222: 0.76668302 | AS222: 1 | AT222: 34.1364 | AU222: #NUM! | AV222: 22996.75
A223: 2019.M05 | B223: mensual | C223: 119.5117 | D223: 1.439074 | E223: 84.492308 | F223: #NUM! | G223: 4.0009182 | H223: 692.0881 | I223: 6.8702632 | J223: 3310.49 | K223: 6.673521 | L223: 50.5647 | M223: 1 | N223: 16.972071 | O223: 0.89408724 | P223: #NUM! | Q223: #NUM! | R223: #NUM! | S223: 69.773123 | T223: 14392.81 | U223: 42000 | V223: #NUM! | W223: #NUM! | X223: 0.71 | Y223: 1183.29 | Z223: #NUM! | AA223: 4.17085 | AB223: #NUM! | AC223: 19.0883 | AD223: 9.6791773 | AE223: #NUM! | AF223: 146.14765 | AG223: 6316.5212 | AH223: 3.3323636 | AI223: 52.262 | AJ223: 3.8393 | AK223: 64.8152 | AL223: 3.75 | AM223: 14.436973 | AN223: #NUM! | AO223: 31.7936 | AP223: 2.9898 | AQ223: 6.0510694 | AR223: 0.77873389 | AS223: 1 | AT223: 35.1626 | AU223: #NUM! | AV223: 23054.54
A224: 2019.M06 | B224: mensual | C224: 119.0572 | D224: 1.439074 | E224: 84.5 | F224: #NUM! | G224: 3.8582263 | H224: 692.409 | I224: 6.9013737 | J224: 3256.02 | K224: 6.6109389 | L224: 50.7277 | M224: 1 | N224: 16.683982 | O224: 0.88547293 | P224: #NUM! | Q224: #NUM! | R224: #NUM! | S224: 69.438863 | T224: 14226.533 | U224: 42000 | V224: #NUM! | W224: #NUM! | X224: 0.71 | Y224: 1175.62 | Z224: #NUM! | AA224: 4.1616944 | AB224: #NUM! | AC224: 19.2912 | AD224: 9.5997 | AE224: #NUM! | AF224: 155.86894 | AG224: 6233.7245 | AH224: 3.32565 | AI224: 51.802944 | AJ224: 3.7811 | AK224: 64.2246 | AL224: 3.75 | AM224: 14.566473 | AN224: #NUM! | AO224: 31.124421 | AP224: 2.9284 | AQ224: 5.8265267 | AR224: 0.78883483 | AS224: 1 | AT224: 35.2503 | AU224: #NUM! | AV224: 23059.68
A225: 2019.M07 | B225: mensual | C225: 119.2523 | D225: 1.4312205 | E225: 84.5 | F225: #NUM! | G225: 3.778713 | H225: 686.48857 | I225: 6.8774727 | J225: 3208.11 | K225: 6.6549609 | L225: 50.9213 | M225: 1 | N225: 16.555343 | O225: 0.8913934 | P225: #NUM! | Q225: #NUM! | R225: #NUM! | S225: 68.808304 | T225: 14043.913 | U225: 42000 | V225: #NUM! | W225: #NUM! | X225: 0.71 | Y225: 1175.31 | Z225: #NUM! | AA225: 4.1244318 | AB225: #NUM! | AC225: 19.0669 | AD225: 9.5909783 | AE225: #NUM! | AF225: 159.23677 | AG225: 6054.9096 | AH225: 3.2902143 | AI225: 51.14287 | AJ225: 3.7959 | AK225: 63.1983 | AL225: 3.75 | AM225: 14.046562 | AN225: #NUM! | AO225: 30.793629 | AP225: 2.8768 | AQ225: 5.6709113 | AR225: 0.80191585 | AS225: 1 | AT225: 34.8235 | AU225: #NUM! | AV225: 23068.81
A226: 2019.M08 | B226: mensual | C226: 119.6585 | D226: 1.4767206 | E226: 84.5 | F226: #NUM! | G226: 4.0193818 | H226: 713.70333 | I226: 7.0621227 | J226: 3412.65 | K226: 6.7052318 | L226: 51.1756 | M226: 1 | N226: 16.519239 | O226: 0.89877725 | P226: #NUM! | Q226: #NUM! | R226: #NUM! | S226: 71.145695 | T226: 14242.045 | U226: 42000 | V226: #NUM! | W226: #NUM! | X226: 0.71 | Y226: 1208.98 | Z226: #NUM! | AA226: 4.1880952 | AB226: #NUM! | AC226: 19.5896 | AD226: 9.5993471 | AE226: #NUM! | AF226: 158.2948 | AG226: 6143.629 | AH226: 3.37938 | AI226: 52.054737 | AJ226: 3.9067 | AK226: 65.5278 | AL226: 3.75 | AM226: 15.142292 | AN226: #NUM! | AO226: 30.769514 | AP226: 2.8652 | AQ226: 5.6188435 | AR226: 0.82330707 | AS226: 1 | AT226: 35.9541 | AU226: #NUM! | AV226: 23114.56
A227: 2019.M09 | B227: mensual | C227: 120.1191 | D227: 1.4688499 | E227: 84.5 | F227: #NUM! | G227: 4.1209 | H227: 717.865 | I227: 7.1158737 | J227: 3399.62 | K227: 6.7826762 | L227: 51.6597 | M227: 1 | N227: 16.348282 | O227: 0.90876832 | P227: #NUM! | Q227: #NUM! | R227: #NUM! | S227: 71.333663 | T227: 14111.095 | U227: 42000 | V227: #NUM! | W227: #NUM! | X227: 0.71 | Y227: 1197.55 | Z227: #NUM! | AA227: 4.1854722 | AB227: #NUM! | AC227: 19.6242 | AD227: 9.6886905 | AE227: #NUM! | AF227: 156.2925 | AG227: 6338.7962 | AH227: 3.3581952 | AI227: 52.10519 | AJ227: 3.9535 | AK227: 64.9795 | AL227: 3.75 | AM227: 14.848515 | AN227: #NUM! | AO227: 30.573662 | AP227: 2.8611 | AQ227: 5.711745 | AR227: 0.80898786 | AS227: 1 | AT227: 36.6915 | AU227: #NUM! | AV227: 23142.04
A228: 2019.M10 | B228: mensual | C228: 119.9325 | D228: 1.4714833 | E228: 84.75 | F228: #NUM! | G228: 4.086387 | H228: 721.68789 | I228: 7.0831176 | J228: 3437.73 | K228: 6.7583087 | L228: 52.7486 | M228: 1 | N228: 16.173373 | O228: 0.90476734 | P228: #NUM! | Q228: #NUM! | R228: #NUM! | S228: 71.039447 | T228: 14117.565 | U228: 42000 | V228: #NUM! | W228: #NUM! | X228: 0.71 | Y228: 1184.13 | Z228: #NUM! | AA228: 4.1878523 | AB228: #NUM! | AC228: 19.3701 | AD228: 9.6577957 | AE228: #NUM! | AF228: 156.05745 | AG228: 6439.382 | AH228: 3.3600762 | AI228: 51.504174 | AJ228: 3.8935 | AK228: 64.3539 | AL228: 3.75 | AM228: 14.906529 | AN228: #NUM! | AO228: 30.367486 | AP228: 2.8449 | AQ228: 5.7837645 | AR228: 0.79136264 | AS228: 1 | AT228: 37.3013 | AU228: #NUM! | AV228: 23154.63
A229: 2019.M11 | B229: mensual | C229: 119.8986 | D229: 1.464282 | E229: 84.781 | F229: #NUM! | G229: 4.154725 | H229: 770.67882 | I229: 7.0183158 | J229: 3411.42 | K229: 6.7615381 | L229: 52.8691 | M229: 1 | N229: 16.073442 | O229: 0.90489938 | P229: #NUM! | Q229: #NUM! | R229: #NUM! | S229: 71.451695 | T229: 14068.716 | U229: 42000 | V229: #NUM! | W229: #NUM! | X229: 0.71 | Y229: 1167.45 | Z229: #NUM! | AA229: 4.1589643 | AB229: #NUM! | AC229: 19.2931 | AD229: 9.6507556 | AE229: #NUM! | AF229: 155.46156 | AG229: 6454.8886 | AH229: 3.372715 | AI229: 50.72675 | AJ229: 3.8745 | AK229: 63.865 | AL229: 3.75 | AM229: 14.803564 | AN229: #NUM! | AO229: 30.243114 | AP229: 2.8521 | AQ229: 5.735065 | AR229: 0.77624368 | AS229: 1 | AT229: 37.6389 | AU229: #NUM! | AV229: 23143.46
A230: 2019.M12 | B230: mensual | C230: 119.6329 | D230: 1.4541436 | E230: 84.898 | F230: #NUM! | G230: 4.108881 | H230: 771.23895 | I230: 7.0205474 | J230: 3383 | K230: 6.7264667 | L230: 52.9102 | M230: 1 | N230: 16.030009 | O230: 0.89981059 | P230: #NUM! | Q230: #NUM! | R230: #NUM! | S230: 71.192605 | T230: 14017.452 | U230: 42000 | V230: #NUM! | W230: #NUM! | X230: 0.71 | Y230: 1175.84 | Z230: #NUM! | AA230: 4.1485238 | AB230: #NUM! | AC230: 19.1776 | AD230: 9.6234273 | AE230: #NUM! | AF230: 154.99845 | AG230: 6449.6112 | AH230: 3.3547381 | AI230: 50.767111 | AJ230: 3.8443 | AK230: 62.9356 | AL230: 3.75 | AM230: 14.43568 | AN230: #NUM! | AO230: 30.223295 | AP230: 2.8386 | AQ230: 5.8409403 | AR230: 0.76156629 | AS230: 1 | AT230: 37.5851 | AU230: #NUM! | AV230: 23162.22
... A283: 2024.M05 | B283: mensual | C283: 134.4136 | D283: 1.5110802 | E283: 115.02759 | F283: #NUM! | G283: 5.1324476 | H283: 918.43421 | I283: 7.2329 | J283: 3865.09 | K283: 6.898111 | L283: 58.732 | M283: 1 | N283: 47.1329 | O283: 0.92487882 | P283: #NUM! | Q283: #NUM! | R283: #NUM! | S283: 83.39294 | T283: 16083.945 | U283: 42000 | V283: #NUM! | W283: #NUM! | X283: 0.71 | Y283: 1365.39 | Z283: #NUM! | AA283: 4.7183238 | AB283: #NUM! | AC283: 16.8011 | AD283: 9.9845227 | AE283: #NUM! | AF283: 278.33665 | AG283: 7506.9518 | AH283: 3.73 | AI283: 57.761864 | AJ283: 3.9675 | AK283: 90.8704 | AL283: 3.75 | AM283: 18.4216 | AN283: #NUM! | AO283: 36.63237 | AP283: 3.1229 | AQ283: 32.22146 | AR283: 0.79200154 | AS283: 1 | AT283: 38.516 | AU283: #NUM! | AV283: 24216.46
A284: 2024.M06 | B284: mensual | C284: 134.4992 | D284: 1.5042713 | E284: 117.93795 | F284: #NUM! | G284: 5.388375 | H284: 925.59056 | I284: 7.2557278 | J284: 4054.56 | K284: 6.937032 | L284: 59.3477 | M284: 1 | N284: 47.6971 | O284: 0.92945441 | P284: #NUM! | Q284: #NUM! | R284: #NUM! | S284: 83.470916 | T284: 16329.389 | U284: #NUM! | V284: #NUM! | W284: #NUM! | X284: 0.71 | Y284: 1380.13 | Z284: #NUM! | AA284: 4.7100833 | AB284: #NUM! | AC284: 18.0839 | AD284: 9.9458833 | AE284: #NUM! | AF284: 278.51736 | AG284: 7529.6497 | AH284: 3.78 | AI284: 58.696278 | AJ284: 4.0127 | AK284: 88.0459 | AL284: 3.75 | AM284: 18.416952 | AN284: #NUM! | AO284: 36.705742 | AP284: 3.1293 | AQ284: 32.49668 | AR284: 0.78676414 | AS284: 1 | AT284: 39.268 | AU284: #NUM! | AV284: 24252.8
A285: 2024.M07 | B285: mensual | C285: 134.3518 | D285: 1.4985373 | E285: 117.92778 | F285: #NUM! | G285: 5.5414478 | H285: 937.511 | I285: 7.2626571 | J285: 4036.8 | K285: 6.880035 | L285: 59.2788 | M285: 1 | N285: 48.14886 | O285: 0.92216155 | P285: #NUM! | Q285: #NUM! | R285: #NUM! | S285: 83.594655 | T285: 16261.653 | U285: #NUM! | V285: #NUM! | W285: #NUM! | X285: 0.71 | Y285: 1383.38 | Z285: #NUM! | AA285: 4.6796273 | AB285: #NUM! | AC285: 18.0786 | AD285: 9.8718682 | AE285: #NUM! | AF285: 278.48315 | AG285: 7554.678 | AH285: 3.76 | AI285: 58.484478 | AJ285: 3.9462 | AK285: 87.4 | AL285: 3.75 | AM285: 18.253471 | AN285: #NUM! | AO285: 36.300067 | AP285: 3.1119 | AQ285: 32.877458 | AR285: 0.77711291 | AS285: 1 | AT285: 40.162 | AU285: #NUM! | AV285: 24251.56
A286: 2024.M08 | B286: mensual | C286: 134.2022 | D286: 1.5012332 | E286: 118.725 | F286: #NUM! | G286: 5.5520136 | H286: 929.89524 | I286: 7.1526318 | J286: 4062.98 | K286: 6.77625 | L286: 59.7815 | M286: 1 | N286: 48.89778 | O286: 0.90808526 | P286: #NUM! | Q286: #NUM! | R286: #NUM! | S286: 83.89629 | T286: 15793.182 | U286: #NUM! | V286: #NUM! | W286: #NUM! | X286: 0.71 | Y286: 1354.15 | Z286: #NUM! | AA286: 4.4174318 | AB286: #NUM! | AC286: 19.0568 | AD286: 9.7688842 | AE286: #NUM! | AF286: 278.61024 | AG286: 7594.0762 | AH286: 3.74 | AI286: 57.19345 | AJ286: 3.902 | AK286: 88.97 | AL286: 3.75 | AM286: 18.028413 | AN286: #NUM! | AO286: 34.756843 | AP286: 3.065 | AQ286: 33.600848 | AR286: 0.77406085 | AS286: 1 | AT286: 40.334 | AU286: #NUM! | AV286: 24245.85
A287: 2024.M09 | B287: mensual | C287: 132.4733 | D287: 1.4773854 | E287: 118.87215 | F287: #NUM! | G287: 5.5409667 | H287: 926.93353 | I287: 7.0752889 | J287: 4191.86 | K287: 6.717238 | L287: 60.0829 | M287: 1 | N287: 48.42223 | O287: 0.90041419 | P287: #NUM! | Q287: #NUM! | R287: #NUM! | S287: 83.808215 | T287: 15341.25 | U287: #NUM! | V287: #NUM! | W287: #NUM! | X287: 0.71 | Y287: 1334.82 | Z287: #NUM! | AA287: 4.262625 | AB287: #NUM! | AC287: 19.6395 | AD287: 9.72387 | AE287: #NUM! | AF287: 278.263 | AG287: 7764.5705 | AH287: 3.77 | AI287: 56.071286 | AJ287: 3.8501 | AK287: 91.3 | AL287: 3.75 | AM287: 17.627047 | AN287: #NUM! | AO287: 33.362633 | AP287: 3.0426 | AQ287: 33.99003 | AR287: 0.7563896 | AS287: 1 | AT287: 41.101 | AU287: #NUM! | AV287: 24163.54
A288: 2024.M10 | B288: mensual | C288: 133.1662 | D288: 1.4902322 | E288: 119.99815 | F288: #NUM! | G288: 5.6235087 | H288: 934.18095 | I288: 7.1028389 | J288: 4257.76 | K288: 6.841126 | L288: 60.222 | M288: 1 | N288: 48.55651 | O288: 0.91706539 | P288: #NUM! | Q288: #NUM! | R288: #NUM! | S288: 84.029514 | T288: 15541.348 | U288: #NUM! | V288: #NUM! | W288: #NUM! | X288: 0.71 | Y288: 1361 | Z288: #NUM! | AA288: 4.2953864 | AB288: #NUM! | AC288: 19.6659 | AD288: 9.8413 | AE288: #NUM! | AF288: 277.73238 | AG288: 7866.6785 | AH288: 3.75 | AI288: 57.30087 | AJ288: 3.9573 | AK288: 96.11 | AL288: 3.75 | AM288: 17.560002 | AN288: #NUM! | AO288: 33.3638 | AP288: 3.0857 | AQ288: 34.201465 | AR288: 0.76571011 | AS288: 1 | AT288: 41.545 | AU288: #NUM! | AV288: 24192.52
A289: 2024.M11 | B289: mensual | C289: 133.5051 | D289: 1.5300212 | E289: 119.31947 | F289: #NUM! | G289: 5.8064579 | H289: 971.07056 | I289: 7.2046684 | J289: 4411.12 | K289: 7.017319 | L289: 60.325 | M289: 1 | N289: 49.3501 | O289: 0.94072113 | P289: #NUM! | Q289: #NUM! | R289: #NUM! | S289: 84.364361 | T289: 15812.35 | U289: #NUM! | V289: #NUM! | W289: #NUM! | X289: 0.71 | Y289: 1393.38 | Z289: #NUM! | AA289: 4.4355952 | AB289: #NUM! | AC289: 20.3185 | AD289: 9.9542842 | AE289: #NUM! | AF289: 277.88223 | AG289: 7805.0829 | AH289: 3.78 | AI289: 58.69465 | AJ289: 4.0763 | AK289: 100.31 | AL289: 3.75 | AM289: 17.930916 | AN289: #NUM! | AO289: 34.445486 | AP289: 3.1417 | AQ289: 34.391062 | AR289: 0.7842506 | AS289: 1 | AT289: 42.471 | AU289: #NUM! | AV289: 24276.42
A290: 2024.M12 | B290: mensual | C290: 134.235 | D290: 1.5765784 | E290: 119.43576 | F290: #NUM! | G290: 6.0963952 | H290: 980.0625 | I290: 7.2766875 | J290: 4386.2 | K290: 7.111756 | L290: 60.9411 | M290: 1 | N290: 50.51372 | O290: 0.9543123 | P290: #NUM! | Q290: #NUM! | R290: #NUM! | S290: 84.986229 | T290: 16023.5 | U290: #NUM! | V290: #NUM! | W290: #NUM! | X290: 0.71 | Y290: 1434.42 | Z290: #NUM! | AA290: 4.4603952 | AB290: #NUM! | AC290: 20.2382 | AD290: 10.020259 | AE290: #NUM! | AF290: 278.21933 | AG290: 7810.242 | AH290: 3.73 | AI290: 58.448 | AJ290: 4.0787 | AK290: 102.45 | AL290: 3.75 | AM290: 18.177257 | AN290: #NUM! | AO290: 34.188458 | AP290: 3.1118 | AQ290: 34.934234 | AR290: 0.78845699 | AS290: 1 | AT290: 44.00875 | AU290: #NUM! | AV290: 24285.19
A291: 2025.M01 | B291: mensual | C291: 135.5028 | D291: 1.6064871 | E291: 119.79919 | F291: #NUM! | G291: 6.0211727 | H291: 999.8465 | I291: 7.3090937 | J291: 4300.31 | K291: 7.206409 | L291: 61.6674 | M291: 1 | N291: 50.36767 | O291: 0.96583576 | P291: #NUM! | Q291: #NUM! | R291: #NUM! | S291: 86.265748 | T291: 16262 | U291: #NUM! | V291: #NUM! | W291: #NUM! | X291: 0.71 | Y291: 1455.79 | Z291: #NUM! | AA291: 4.474 | AB291: #NUM! | AC291: 20.5599 | AD291: 10.037071 | AE291: #NUM! | AF291: 278.76173 | AG291: 7892.6848 | AH291: 3.75 | AI291: 58.390619 | AJ291: 4.1057 | AK291: 100.85 | AL291: 3.75 | AM291: 18.72284 | AN291: #NUM! | AO291: 34.269227 | AP291: 3.2 | AQ291: 35.468924 | AR291: 0.80951832 | AS291: 1 | AT291: 45.00875 | AU291: #NUM! | AV291: 24336.1
A292: 2025.M02 | B292: mensual | C292: 134.9935 | D292: 1.5877552 | E292: 122 | F292: #NUM! | G292: 5.765045 | H292: 957.51895 | I292: 7.2788824 | J292: 4131.95 | K292: 7.163965 | L292: 62.2936 | M292: 1 | N292: 50.4448 | O292: 0.96038415 | P292: #NUM! | Q292: #NUM! | R292: #NUM! | S292: 87.05475 | T292: 16337.9 | U292: #NUM! | V292: #NUM! | W292: #NUM! | X292: 0.71 | Y292: 1445.56 | Z292: #NUM! | AA292: 4.4418421 | AB292: #NUM! | AC292: 20.4612 | AD292: 9.9913 | AE292: #NUM! | AF292: 279.36636 | AG292: 7897.4905 | AH292: 3.7 | AI292: 58.09415 | AJ292: 4.0095 | AK292: 92.82 | AL292: 3.75 | AM292: 18.496357 | AN292: #NUM! | AO292: 33.777768 | AP292: 3.1824 | AQ292: 36.105404 | AR292: 0.79825225 | AS292: 1 | AT292: 43.117 | AU292: #NUM! | AV292: 24546.75
A293: 2025.M03 | B293: mensual | C293: 133.6405 | D293: 1.5880818 | E293: 122 | F293: #NUM! | G293: 5.7462158 | H293: 932.5519 | I293: 7.2514286 | J293: 4133.48 | K293: 6.903457 | L293: 63.0874 | M293: 1 | N293: 50.5638 | O293: 0.92534249 | P293: #NUM! | Q293: #NUM! | R293: #NUM! | S293: 86.637663 | T293: 16456.158 | U293: #NUM! | V293: #NUM! | W293: #NUM! | X293: 0.71 | Y293: 1456.95 | Z293: #NUM! | AA293: 4.4358421 | AB293: #NUM! | AC293: 20.2488 | AD293: 9.6975 | AE293: #NUM! | AF293: 280.12059 | AG293: 7962.894 | AH293: 3.65 | AI293: 57.424571 | AJ293: 3.8769 | AK293: 86.07 | AL293: 3.75 | AM293: 18.282605 | AN293: #NUM! | AO293: 33.815524 | AP293: 3.1038 | AQ293: 37.029261 | AR293: 0.77462763 | AS293: 1 | AT293: 42.271 | AU293: #NUM! | AV293: 24787.92
A294: 2025.M04 | B294: mensual | C294: 132.6487 | D294: 1.5927705 | E294: 122 | F294: #NUM! | G294: 5.783085 | H294: 961.95714 | I294: 7.3017762 | J294: 4273.88 | K294: 6.663611 | L294: 60.7993 | M294: 1 | N294: 51.0197 | O294: 0.89174644 | P294: #NUM! | Q294: #NUM! | R294: #NUM! | S294: 85.561217 | T294: 16820 | U294: #NUM! | V294: #NUM! | W294: #NUM! | X294: 0.71 | Y294: 1444.31 | Z294: #NUM! | AA294: 4.4157857 | AB294: #NUM! | AC294: 20.1385 | AD294: 9.3574 | AE294: #NUM! | AF294: 280.7376 | AG294: 8006.0008 | AH294: 3.7 | AI294: 56.852889 | AJ294: 3.797 | AK294: 83.3 | AL294: 3.75 | AM294: 18.908024 | AN294: #NUM! | AO294: 33.752184 | AP294: 3.0102 | AQ294: 38.045498 | AR294: 0.7614247 | AS294: 1 | AT294: 42.304 | AU294: #NUM! | AV294: 24905.72
A295: 2025.M05 | B295: mensual | C295: 132.6543 | D295: 1.5524553 | E295: 122.33875 | F295: #NUM! | G295: 5.666781 | H295: 941.02316 | I295: 7.2091167 | J295: 4202.3 | K295: 6.617016 | L295: 59.152 | M295: 1 | N295: 50.1647 | O295: 0.88667829 | P295: #NUM! | Q295: #NUM! | R295: #NUM! | S295: 85.189685 | T295: 16440.706 | U295: #NUM! | V295: #NUM! | W295: #NUM! | X295: 0.71 | Y295: 1394.49 | Z295: #NUM! | AA295: 4.263525 | AB295: #NUM! | AC295: 19.4585 | AD295: 9.251 | AE295: #NUM! | AF295: 281.72355 | AG295: 7986.7824 | AH295: 3.66 | AI295: 55.6246 | AJ295: 3.7691 | AK295: 80.46 | AL295: 3.75 | AM295: 18.101349 | AN295: #NUM! | AO295: 32.946195 | AP295: 2.993 | AQ295: 38.694171 | AR295: 0.74855902 | AS295: 1 | AT295: 41.682 | AU295: #NUM! | AV295: 24955.72
A296: 2025.M06 | B296: mensual | C296: 130.5514 | D296: 1.5396933 | E296: 122.87231 | F296: #NUM! | G296: 5.546455 | H296: 937.75684 | I296: 7.1809789 | J296: 4115.88 | K296: 6.472184 | L296: 59.5673 | M296: 1 | N296: 49.9774 | O296: 0.86834271 | P296: #NUM! | Q296: #NUM! | R296: #NUM! | S296: 85.903433 | T296: 16310.556 | U296: #NUM! | V296: #NUM! | W296: #NUM! | X296: 0.71 | Y296: 1366.95 | Z296: #NUM! | AA296: 4.2429211 | AB296: #NUM! | AC296: 19.0791 | AD296: 9.1339 | AE296: #NUM! | AF296: 283.06964 | AG296: 7955.8235 | AH296: 3.6 | AI296: 56.358579 | AJ296: 3.703 | AK296: 78.72 | AL296: 3.75 | AM296: 17.835645 | AN296: #NUM! | AO296: 32.622879 | AP296: 2.9427 | AQ296: 39.362558 | AR296: 0.73747128 | AS296: 1 | AT296: 40.854 | AU296: #NUM! | AV296: 25009.92
A297: 2025.M07 | B297: mensual | C297: 129.7866 | D297: 1.5281275 | E297: 121.9637 | F297: #NUM! | G297: 5.527887 | H297: 952.67762 | I297: 7.1728227 | J297: 4047.29 | K297: 6.391213 | L297: 60.6736 | M297: 1 | N297: 49.2009 | O297: 0.85639391 | P297: #NUM! | Q297: #NUM! | R297: #NUM! | S297: 86.114622 | T297: 16276.435 | U297: #NUM! | V297: #NUM! | W297: #NUM! | X297: 0.71 | Y297: 1375.22 | Z297: #NUM! | AA297: 4.2363043 | AB297: #NUM! | AC297: 18.6948 | AD297: 9.0195 | AE297: #NUM! | AF297: 284.17117 | AG297: 7550.9524 | AH297: 3.56 | AI297: 56.752348 | AJ297: 3.6384 | AK297: 78.73 | AL297: 3.75 | AM297: 17.758236 | AN297: #NUM! | AO297: 32.443533 | AP297: 2.9096 | AQ297: #NUM! | AR297: 0.74057368 | AS297: 1 | AT297: 40.275263 | AU297: #NUM! | AV297: 25150.96
A298: 2025.M08 | B298: mensual | C298: 129.929 | D298: 1.540476 | E298: 121.71865 | F298: #NUM! | G298: 5.4463238 | H298: 966.3035 | I298: 7.1746857 | J298: 4051.59 | K298: 6.417095 | L298: 62.2947 | M298: 1 | N298: #NUM! | O298: 0.85973962 | P298: #NUM! | Q298: #NUM! | R298: #NUM! | S298: 87.518389 | T298: 16308.8 | U298: #NUM! | V298: #NUM! | W298: #NUM! | X298: 0.71 | Y298: 1389.66 | Z298: #NUM! | AA298: 4.2265952 | AB298: #NUM! | AC298: 18.7204 | AD298: 9.0444222 | AE298: #NUM! | AF298: 282.18449 | AG298: 7313.6017 | AH298: 3.54 | AI298: 57.252526 | AJ298: 3.6709 | AK298: 80.16 | AL298: 3.75 | AM298: 17.729491 | AN298: #NUM! | AO298: 32.4555 | AP298: 2.9145 | AQ298: #NUM! | AR298: 0.74388572 | AS298: 1 | AT298: 40.033667 | AU298: #NUM! | AV298: #NUM!
A299: 2025.M09 | B299: mensual | C299: 129.4937 | D299: 1.5167079 | E299: 121.74149 | F299: #NUM! | G299: 5.3668091 | H299: 960.10895 | I299: 7.1244857 | J299: 3924.24 | K299: 6.362418 | L299: #NUM! | M299: 1 | N299: #NUM! | O299: 0.85235288 | P299: #NUM! | Q299: #NUM! | R299: #NUM! | S299: 88.32259 | T299: 16512.191 | U299: #NUM! | V299: #NUM! | W299: #NUM! | X299: 0.71 | Y299: 1392.0238 | Z299: #NUM! | AA299: 4.2125833 | AB299: #NUM! | AC299: 18.5281 | AD299: #NUM! | AE299: #NUM! | AF299: #NUM! | AG299: #NUM! | AH299: 3.5 | AI299: 57.26 | AJ299: 3.6315 | AK299: 82.85 | AL299: 3.75 | AM299: 17.462094 | AN299: #NUM! | AO299: 32.001664 | AP299: #NUM! | AQ299: #NUM! | AR299: 0.74050566 | AS299: 1 | AT299: 39.967762 | AU299: #NUM! | AV299: #NUM!

Sheet TC_$
A1: Tipo de cambio de socios comerciales (expresado en pesos S$C 1 = ARS x) | H1: En este color TC de países eurozona | L1: Falta VENEZUELA desde 2018.m6 | O1: Falta IRAN desde 2024.m6 | R1: Desde 2025.m7 hacia atrás están todos los demas
A2: fecha | B2: ARS / USD | C2: Algeria | D2: Australia | E2: Bangladesh | F2: Belgium | G2: Brazil | H2: Chile | I2: China, People's Republic of | J2: Colombia | K2: Denmark | L2: Dominican Republic | M2: Ecuador | N2: Egypt, Arab Republic of | O2: Euro Area (EA) | P2: France | Q2: Germany | R2: Greece | S2: India | T2: Indonesia | U2: Iran, Islamic Republic of | V2: Ireland | W2: Italy | X2: Jordan | Y2: Korea, Republic of | Z2: Latvia, Republic of | AA2: Malaysia | AB2: Malta | AC2: Mexico | AD2: Morocco | AE2: Netherlands, The | AF2: Pakistan | AG2: Paraguay | AH2: Peru | AI2: Philippines | AJ2: Poland, Republic of | AK2: Russian Federation | AL2: Saudi Arabia | AM2: South Africa | AN2: Spain | AO2: Thailand | AP2: Tunisia | AQ2: Türkiye, Republic of | AR2: United Kingdom | AS2: United States | AT2: Uruguay | AU2: Venezuela, República Bolivariana de | AV2: Vietnam
A3: 2001.M01 | B3: 1 | C3: =$B3/'TC_u$d'!C3 -> 0.013366714 | D3: =$B3/'TC_u$d'!D3 -> 0.55566051 | E3: =$B3/'TC_u$d'!E3 -> 0.018518519 | F3: =O3 -> 0.93828182 | G3: =$B3/'TC_u$d'!G3 -> 0.51184693 | H3: =$B3/'TC_u$d'!H3 -> 0.0017509455 | I3: =$B3/'TC_u$d'!I3 -> 0.12080782 | J3: =$B3/'TC_u$d'!J3 -> 0.00044614973 | K3: =$B3/'TC_u$d'!K3 -> 0.12577635 | L3: =$B3/'TC_u$d'!L3 -> 0.060171763 | M3: =$B3/'TC_u$d'!M3 -> 1 | N3: =$B3/'TC_u$d'!N3 -> 0.27027027 | O3: =$B3/'TC_u$d'!O3 -> 0.93828182 | P3: =O3 -> 0.93828182 | Q3: =O3 -> 0.93828182 | R3: =O3 -> 0.93828182 | S3: =$B3/'TC_u$d'!S3 -> 0.021486893 | T3: =$B3/'TC_u$d'!T3 -> 0.0001054074 | U3: =$B3/'TC_u$d'!U3 -> 0.00056975646 | V3: =O3 -> 0.93828182 | W3: =O3 -> 0.93828182 | X3: =$B3/'TC_u$d'!X3 -> 1.4104372 | Y3: =$B3/'TC_u$d'!Y3 -> 0.00078565704 | Z3: =$B3/'TC_u$d'!Z3 -> 1.6286645 | AA3: =$B3/'TC_u$d'!AA3 -> 0.26315789 | AB3: =$B3/'TC_u$d'!AB3 -> 2.2899015 | AC3: =$B3/'TC_u$d'!AC3 -> 0.1023531 | AD3: =$B3/'TC_u$d'!AD3 -> 0.094428706 | AE3: =O3 -> 0.93828182 | AF3: =$B3/'TC_u$d'!AF3 -> 0.016926193 | AG3: =$B3/'TC_u$d'!AG3 -> 0.00028011204 | AH3: =$B3/'TC_u$d'!AH3 -> 0.28384899 | AI3: =$B3/'TC_u$d'!AI3 -> 0.019619769 | AJ3: =$B3/'TC_u$d'!AJ3 -> 0.24313153 | AK3: =$B3/'TC_u$d'!AK3 -> 0.035261926 | AL3: =$B3/'TC_u$d'!AL3 -> 0.26666667 | AM3: =$B3/'TC_u$d'!AM3 -> 0.128484 | AN3: =O3 -> 0.93828182 | AO3: =$B3/'TC_u$d'!AO3 -> 0.023213759 | AP3: =$B3/'TC_u$d'!AP3 -> 0.72711408 | AQ3: =$B3/'TC_u$d'!AQ3 -> 1.4878871 | AR3: =$B3/'TC_u$d'!AR3 -> 1.4781966 | AS3: =$B3/'TC_u$d'!AS3 -> 1 | AT3: =$B3/'TC_u$d'!AT3 -> 0.079611496 | AU3: =$B3/'TC_u$d'!AU3 -> 1.4291839 | AV3: =$B3/'TC_u$d'!AV3 -> 6.8804183e-05
A4: 2001.M02 | B4: 1 | C4: =$B4/'TC_u$d'!C4 -> 0.013202192 | D4: =$B4/'TC_u$d'!D4 -> 0.53490238 | E4: =$B4/'TC_u$d'!E4 -> 0.018518519 | F4: =O4 -> 0.921705 | G4: =$B4/'TC_u$d'!G4 -> 0.49973625 | H4: =$B4/'TC_u$d'!H4 -> 0.0017757889 | I4: =$B4/'TC_u$d'!I4 -> 0.12081585 | J4: =$B4/'TC_u$d'!J4 -> 0.00044574801 | K4: =$B4/'TC_u$d'!K4 -> 0.12353411 | L4: =$B4/'TC_u$d'!L4 -> 0.06002401 | M4: =$B4/'TC_u$d'!M4 -> 1 | N4: =$B4/'TC_u$d'!N4 -> 0.26041667 | O4: =$B4/'TC_u$d'!O4 -> 0.921705 | P4: =O4 -> 0.921705 | Q4: =O4 -> 0.921705 | R4: =O4 -> 0.921705 | S4: =$B4/'TC_u$d'!S4 -> 0.021496644 | T4: =$B4/'TC_u$d'!T4 -> 0.00010337734 | U4: =$B4/'TC_u$d'!U4 -> 0.00056963013 | V4: =O4 -> 0.921705 | W4: =O4 -> 0.921705 | X4: =$B4/'TC_u$d'!X4 -> 1.4104372 | Y4: =$B4/'TC_u$d'!Y4 -> 0.00079844144 | Z4: =$B4/'TC_u$d'!Z4 -> 1.618123 | AA4: =$B4/'TC_u$d'!AA4 -> 0.26315789 | AB4: =$B4/'TC_u$d'!AB4 -> 2.2601935 | AC4: =$B4/'TC_u$d'!AC4 -> 0.1030641 | AD4: =$B4/'TC_u$d'!AD4 -> 0.093511254 | AE4: =O4 -> 0.921705 | AF4: =$B4/'TC_u$d'!AF4 -> 0.016764451 | AG4: =$B4/'TC_u$d'!AG4 -> 0.00027072392 | AH4: =$B4/'TC_u$d'!AH4 -> 0.28328612 | AI4: =$B4/'TC_u$d'!AI4 -> 0.020708221 | AJ4: =$B4/'TC_u$d'!AJ4 -> 0.2444928 | AK4: =$B4/'TC_u$d'!AK4 -> 0.034972127 | AL4: =$B4/'TC_u$d'!AL4 -> 0.26666667 | AM4: =$B4/'TC_u$d'!AM4 -> 0.12795005 | AN4: =O4 -> 0.921705 | AO4: =$B4/'TC_u$d'!AO4 -> 0.023480241 | AP4: =$B4/'TC_u$d'!AP4 -> 0.71978694 | AQ4: =$B4/'TC_u$d'!AQ4 -> 1.3157652 | AR4: =$B4/'TC_u$d'!AR4 -> 1.4537631 | AS4: =$B4/'TC_u$d'!AS4 -> 1 | AT4: =$B4/'TC_u$d'!AT4 -> 0.079444524 | AU4: =$B4/'TC_u$d'!AU4 -> 1.4232849 | AV4: =$B4/'TC_u$d'!AV4 -> 6.8695473e-05
A5: 2001.M03 | B5: 1 | C5: =$B5/'TC_u$d'!C5 -> 0.013079829 | D5: =$B5/'TC_u$d'!D5 -> 0.50482359 | E5: =$B5/'TC_u$d'!E5 -> 0.018518519 | F5: =O5 -> 0.90952273 | G5: =$B5/'TC_u$d'!G5 -> 0.47886987 | H5: =$B5/'TC_u$d'!H5 -> 0.0017012879 | I5: =$B5/'TC_u$d'!I5 -> 0.12080899 | J5: =$B5/'TC_u$d'!J5 -> 0.0004388313 | K5: =$B5/'TC_u$d'!K5 -> 0.12185062 | L5: =$B5/'TC_u$d'!L5 -> 0.06002401 | M5: =$B5/'TC_u$d'!M5 -> 1 | N5: =$B5/'TC_u$d'!N5 -> 0.26041667 | O5: =$B5/'TC_u$d'!O5 -> 0.90952273 | P5: =O5 -> 0.90952273 | Q5: =O5 -> 0.90952273 | R5: =O5 -> 0.90952273 | S5: =$B5/'TC_u$d'!S5 -> 0.021449791 | T5: =$B5/'TC_u$d'!T5 -> 9.8243408e-05 | U5: =$B5/'TC_u$d'!U5 -> 0.00056922054 | V5: =O5 -> 0.90952273 | W5: =O5 -> 0.90952273 | X5: =$B5/'TC_u$d'!X5 -> 1.4104372 | Y5: =$B5/'TC_u$d'!Y5 -> 0.0007761384 | Z5: =$B5/'TC_u$d'!Z5 -> 1.6025641 | AA5: =$B5/'TC_u$d'!AA5 -> 0.26315789 | AB5: =$B5/'TC_u$d'!AB5 -> 2.2435001 | AC5: =$B5/'TC_u$d'!AC5 -> 0.1039728 | AD5: =$B5/'TC_u$d'!AD5 -> 0.09251464 | AE5: =O5 -> 0.90952273 | AF5: =$B5/'TC_u$d'!AF5 -> 0.016514028 | AG5: =$B5/'TC_u$d'!AG5 -> 0.00026649611 | AH5: =$B5/'TC_u$d'!AH5 -> 0.28409091 | AI5: =$B5/'TC_u$d'!AI5 -> 0.020632595 | AJ5: =$B5/'TC_u$d'!AJ5 -> 0.24612961 | AK5: =$B5/'TC_u$d'!AK5 -> 0.034871273 | AL5: =$B5/'TC_u$d'!AL5 -> 0.26666667 | AM5: =$B5/'TC_u$d'!AM5 -> 0.12692465 | AN5: =O5 -> 0.90952273 | AO5: =$B5/'TC_u$d'!AO5 -> 0.022808138 | AP5: =$B5/'TC_u$d'!AP5 -> 0.71093417 | AQ5: =$B5/'TC_u$d'!AQ5 -> 1.0431488 | AR5: =$B5/'TC_u$d'!AR5 -> 1.4449823 | AS5: =$B5/'TC_u$d'!AS5 -> 1 | AT5: =$B5/'TC_u$d'!AT5 -> 0.078193419 | AU5: =$B5/'TC_u$d'!AU5 -> 1.4174344 | AV5: =$B5/'TC_u$d'!AV5 -> 6.8719076e-05
A6: 2001.M04 | B6: 1 | C6: =$B6/'TC_u$d'!C6 -> 0.012923687 | D6: =$B6/'TC_u$d'!D6 -> 0.50098192 | E6: =$B6/'TC_u$d'!E6 -> 0.018518519 | F6: =O6 -> 0.892 | G6: =$B6/'TC_u$d'!G6 -> 0.45627619 | H6: =$B6/'TC_u$d'!H6 -> 0.0016704809 | I6: =$B6/'TC_u$d'!I6 -> 0.12081526 | J6: =$B6/'TC_u$d'!J6 -> 0.0004304593 | K6: =$B6/'TC_u$d'!K6 -> 0.11962839 | L6: =$B6/'TC_u$d'!L6 -> 0.06002401 | M6: =$B6/'TC_u$d'!M6 -> 1 | N6: =$B6/'TC_u$d'!N6 -> 0.26041667 | O6: =$B6/'TC_u$d'!O6 -> 0.892 | P6: =O6 -> 0.892 | Q6: =O6 -> 0.892 | R6: =O6 -> 0.892 | S6: =$B6/'TC_u$d'!S6 -> 0.021373915 | T6: =$B6/'TC_u$d'!T6 -> 8.942944e-05 | U6: =$B6/'TC_u$d'!U6 -> 0.00057096318 | V6: =O6 -> 0.892 | W6: =O6 -> 0.892 | X6: =$B6/'TC_u$d'!X6 -> 1.4104372 | Y6: =$B6/'TC_u$d'!Y6 -> 0.00075440383 | Z6: =$B6/'TC_u$d'!Z6 -> 1.5873016 | AA6: =$B6/'TC_u$d'!AA6 -> 0.26315789 | AB6: =$B6/'TC_u$d'!AB6 -> 2.2165999 | AC6: =$B6/'TC_u$d'!AC6 -> 0.10694272 | AD6: =$B6/'TC_u$d'!AD6 -> 0.090577249 | AE6: =O6 -> 0.892 | AF6: =$B6/'TC_u$d'!AF6 -> 0.016374084 | AG6: =$B6/'TC_u$d'!AG6 -> 0.00026403337 | AH6: =$B6/'TC_u$d'!AH6 -> 0.2809778 | AI6: =$B6/'TC_u$d'!AI6 -> 0.019926273 | AJ6: =$B6/'TC_u$d'!AJ6 -> 0.24891101 | AK6: =$B6/'TC_u$d'!AK6 -> 0.034666371 | AL6: =$B6/'TC_u$d'!AL6 -> 0.26666667 | AM6: =$B6/'TC_u$d'!AM6 -> 0.12372976 | AN6: =O6 -> 0.892 | AO6: =$B6/'TC_u$d'!AO6 -> 0.022020126 | AP6: =$B6/'TC_u$d'!AP6 -> 0.69993701 | AQ6: =$B6/'TC_u$d'!AQ6 -> 0.83040064 | AR6: =$B6/'TC_u$d'!AR6 -> 1.4347614 | AS6: =$B6/'TC_u$d'!AS6 -> 1 | AT6: =$B6/'TC_u$d'!AT6 -> 0.07750436 | AU6: =$B6/'TC_u$d'!AU6 -> 1.4092446 | AV6: =$B6/'TC_u$d'!AV6 -> 6.8695473e-05
A7: 2001.M05 | B7: 1 | C7: =$B7/'TC_u$d'!C7 -> 0.012765262 | D7: =$B7/'TC_u$d'!D7 -> 0.51995591 | E7: =$B7/'TC_u$d'!E7 -> 0.018288222 | F7: =O7 -> 0.87416364 | G7: =$B7/'TC_u$d'!G7 -> 0.43545817 | H7: =$B7/'TC_u$d'!H7 -> 0.0016543145 | I7: =$B7/'TC_u$d'!I7 -> 0.12081307 | J7: =$B7/'TC_u$d'!J7 -> 0.00042608855 | K7: =$B7/'TC_u$d'!K7 -> 0.1172993 | L7: =$B7/'TC_u$d'!L7 -> 0.06002401 | M7: =$B7/'TC_u$d'!M7 -> 1 | N7: =$B7/'TC_u$d'!N7 -> 0.26034887 | O7: =$B7/'TC_u$d'!O7 -> 0.87416364 | P7: =O7 -> 0.87416364 | Q7: =O7 -> 0.87416364 | R7: =O7 -> 0.87416364 | S7: =$B7/'TC_u$d'!S7 -> 0.021314113 | T7: =$B7/'TC_u$d'!T7 -> 8.9047195e-05 | U7: =$B7/'TC_u$d'!U7 -> 0.00056998166 | V7: =O7 -> 0.87416364 | W7: =O7 -> 0.87416364 | X7: =$B7/'TC_u$d'!X7 -> 1.4104372 | Y7: =$B7/'TC_u$d'!Y7 -> 0.00077014309 | Z7: =$B7/'TC_u$d'!Z7 -> 1.5797788 | AA7: =$B7/'TC_u$d'!AA7 -> 0.26315789 | AB7: =$B7/'TC_u$d'!AB7 -> 2.1904001 | AC7: =$B7/'TC_u$d'!AC7 -> 0.10932905 | AD7: =$B7/'TC_u$d'!AD7 -> 0.085722858 | AE7: =O7 -> 0.87416364 | AF7: =$B7/'TC_u$d'!AF7 -> 0.016165174 | AG7: =$B7/'TC_u$d'!AG7 -> 0.00026164996 | AH7: =$B7/'TC_u$d'!AH7 -> 0.27777778 | AI7: =$B7/'TC_u$d'!AI7 -> 0.019786699 | AJ7: =$B7/'TC_u$d'!AJ7 -> 0.25121841 | AK7: =$B7/'TC_u$d'!AK7 -> 0.034461013 | AL7: =$B7/'TC_u$d'!AL7 -> 0.26666667 | AM7: =$B7/'TC_u$d'!AM7 -> 0.12542661 | AN7: =O7 -> 0.87416364 | AO7: =$B7/'TC_u$d'!AO7 -> 0.022009222 | AP7: =$B7/'TC_u$d'!AP7 -> 0.68615342 | AQ7: =$B7/'TC_u$d'!AQ7 -> 0.88287436 | AR7: =$B7/'TC_u$d'!AR7 -> 1.4251917 | AS7: =$B7/'TC_u$d'!AS7 -> 1 | AT7: =$B7/'TC_u$d'!AT7 -> 0.07655854 | AU7: =$B7/'TC_u$d'!AU7 -> 1.399776 | AV7: =$B7/'TC_u$d'!AV7 -> 6.8474391e-05
A8: 2001.M06 | B8: 1 | C8: =$B8/'TC_u$d'!C8 -> 0.0126308 | D8: =$B8/'TC_u$d'!D8 -> 0.51811324 | E8: =$B8/'TC_u$d'!E8 -> 0.01754386 | F8: =O8 -> 0.85316667 | G8: =$B8/'TC_u$d'!G8 -> 0.4210482 | H8: =$B8/'TC_u$d'!H8 -> 0.0016231922 | I8: =$B8/'TC_u$d'!I8 -> 0.12081614 | J8: =$B8/'TC_u$d'!J8 -> 0.00043371529 | K8: =$B8/'TC_u$d'!K8 -> 0.11465405 | L8: =$B8/'TC_u$d'!L8 -> 0.06002401 | M8: =$B8/'TC_u$d'!M8 -> 1 | N8: =$B8/'TC_u$d'!N8 -> 0.25974026 | O8: =$B8/'TC_u$d'!O8 -> 0.85316667 | P8: =O8 -> 0.85316667 | Q8: =O8 -> 0.85316667 | R8: =O8 -> 0.85316667 | S8: =$B8/'TC_u$d'!S8 -> 0.021274215 | T8: =$B8/'TC_u$d'!T8 -> 8.8393883e-05 | U8: =$B8/'TC_u$d'!U8 -> 0.00057011318 | V8: =O8 -> 0.85316667 | W8: =O8 -> 0.85316667 | X8: =$B8/'TC_u$d'!X8 -> 1.4104372 | Y8: =$B8/'TC_u$d'!Y8 -> 0.00077289907 | Z8: =$B8/'TC_u$d'!Z8 -> 1.5649452 | AA8: =$B8/'TC_u$d'!AA8 -> 0.26315789 | AB8: =$B8/'TC_u$d'!AB8 -> 2.1557002 | AC8: =$B8/'TC_u$d'!AC8 -> 0.10994206 | AD8: =$B8/'TC_u$d'!AD8 -> 0.084169416 | AE8: =O8 -> 0.85316667 | AF8: =$B8/'TC_u$d'!AF8 -> 0.015765008 | AG8: =$B8/'TC_u$d'!AG8 -> 0.00025585263 | AH8: =$B8/'TC_u$d'!AH8 -> 0.28320589 | AI8: =$B8/'TC_u$d'!AI8 -> 0.019422001 | AJ8: =$B8/'TC_u$d'!AJ8 -> 0.25185745 | AK8: =$B8/'TC_u$d'!AK8 -> 0.034347265 | AL8: =$B8/'TC_u$d'!AL8 -> 0.26666667 | AM8: =$B8/'TC_u$d'!AM8 -> 0.12416884 | AN8: =O8 -> 0.85316667 | AO8: =$B8/'TC_u$d'!AO8 -> 0.022123111 | AP8: =$B8/'TC_u$d'!AP8 -> 0.66920966 | AQ8: =$B8/'TC_u$d'!AQ8 -> 0.82431872 | AR8: =$B8/'TC_u$d'!AR8 -> 1.4010508 | AS8: =$B8/'TC_u$d'!AS8 -> 1 | AT8: =$B8/'TC_u$d'!AT8 -> 0.074825656 | AU8: =$B8/'TC_u$d'!AU8 -> 1.3952839 | AV8: =$B8/'TC_u$d'!AV8 -> 6.7709391e-05
A9: 2001.M07 | B9: 1 | C9: =$B9/'TC_u$d'!C9 -> 0.012601108 | D9: =$B9/'TC_u$d'!D9 -> 0.51013121 | E9: =$B9/'TC_u$d'!E9 -> 0.01754386 | F9: =O9 -> 0.86066364 | G9: =$B9/'TC_u$d'!G9 -> 0.40564286 | H9: =$B9/'TC_u$d'!H9 -> 0.0015233221 | I9: =$B9/'TC_u$d'!I9 -> 0.12081833 | J9: =$B9/'TC_u$d'!J9 -> 0.00043397504 | K9: =$B9/'TC_u$d'!K9 -> 0.11551266 | L9: =$B9/'TC_u$d'!L9 -> 0.06002401 | M9: =$B9/'TC_u$d'!M9 -> 1 | N9: =$B9/'TC_u$d'!N9 -> 0.25974026 | O9: =$B9/'TC_u$d'!O9 -> 0.86066364 | P9: =O9 -> 0.86066364 | Q9: =O9 -> 0.86066364 | R9: =O9 -> 0.86066364 | S9: =$B9/'TC_u$d'!S9 -> 0.021212588 | T9: =$B9/'TC_u$d'!T9 -> 9.3396843e-05 | U9: =$B9/'TC_u$d'!U9 -> 0.00057062206 | V9: =O9 -> 0.86066364 | W9: =O9 -> 0.86066364 | X9: =$B9/'TC_u$d'!X9 -> 1.4104372 | Y9: =$B9/'TC_u$d'!Y9 -> 0.00076769538 | Z9: =$B9/'TC_u$d'!Z9 -> 1.5649452 | AA9: =$B9/'TC_u$d'!AA9 -> 0.26315789 | AB9: =$B9/'TC_u$d'!AB9 -> 2.1682567 | AC9: =$B9/'TC_u$d'!AC9 -> 0.109218 | AD9: =$B9/'TC_u$d'!AD9 -> 0.084650352 | AE9: =O9 -> 0.86066364 | AF9: =$B9/'TC_u$d'!AF9 -> 0.015597225 | AG9: =$B9/'TC_u$d'!AG9 -> 0.0002393547 | AH9: =$B9/'TC_u$d'!AH9 -> 0.2854696 | AI9: =$B9/'TC_u$d'!AI9 -> 0.018788516 | AJ9: =$B9/'TC_u$d'!AJ9 -> 0.23889725 | AK9: =$B9/'TC_u$d'!AK9 -> 0.034226297 | AL9: =$B9/'TC_u$d'!AL9 -> 0.26666667 | AM9: =$B9/'TC_u$d'!AM9 -> 0.12269909 | AN9: =O9 -> 0.86066364 | AO9: =$B9/'TC_u$d'!AO9 -> 0.021944839 | AP9: =$B9/'TC_u$d'!AP9 -> 0.67340067 | AQ9: =$B9/'TC_u$d'!AQ9 -> 0.75668493 | AR9: =$B9/'TC_u$d'!AR9 -> 1.4137873 | AS9: =$B9/'TC_u$d'!AS9 -> 1 | AT9: =$B9/'TC_u$d'!AT9 -> 0.07350455 | AU9: =$B9/'TC_u$d'!AU9 -> 1.3850416 | AV9: =$B9/'TC_u$d'!AV9 -> 6.712761e-05
A10: 2001.M08 | B10: 1 | C10: =$B10/'TC_u$d'!C10 -> 0.012993628 | D10: =$B10/'TC_u$d'!D10 -> 0.52478563 | E10: =$B10/'TC_u$d'!E10 -> 0.01754386 | F10: =O10 -> 0.90048261 | G10: =$B10/'TC_u$d'!G10 -> 0.39843329 | H10: =$B10/'TC_u$d'!H10 -> 0.0014843402 | I10: =$B10/'TC_u$d'!I10 -> 0.12081716 | J10: =$B10/'TC_u$d'!J10 -> 0.00043689108 | K10: =$B10/'TC_u$d'!K10 -> 0.12095233 | L10: =$B10/'TC_u$d'!L10 -> 0.06002401 | M10: =$B10/'TC_u$d'!M10 -> 1 | N10: =$B10/'TC_u$d'!N10 -> 0.24154589 | O10: =$B10/'TC_u$d'!O10 -> 0.90048261 | P10: =O10 -> 0.90048261 | Q10: =O10 -> 0.90048261 | R10: =O10 -> 0.90048261 | S10: =$B10/'TC_u$d'!S10 -> 0.021219565 | T10: =$B10/'TC_u$d'!T10 -> 0.00011326568 | U10: =$B10/'TC_u$d'!U10 -> 0.00057123794 | V10: =O10 -> 0.90048261 | W10: =O10 -> 0.90048261 | X10: =$B10/'TC_u$d'!X10 -> 1.4104372 | Y10: =$B10/'TC_u$d'!Y10 -> 0.000777974 | Z10: =$B10/'TC_u$d'!Z10 -> 1.5923567 | AA10: =$B10/'TC_u$d'!AA10 -> 0.26315789 | AB10: =$B10/'TC_u$d'!AB10 -> 2.2276 | AC10: =$B10/'TC_u$d'!AC10 -> 0.10957583 | AD10: =$B10/'TC_u$d'!AD10 -> 0.087535014 | AE10: =O10 -> 0.90048261 | AF10: =$B10/'TC_u$d'!AF10 -> 0.015593508 | AG10: =$B10/'TC_u$d'!AG10 -> 0.00023351392 | AH10: =$B10/'TC_u$d'!AH10 -> 0.28645087 | AI10: =$B10/'TC_u$d'!AI10 -> 0.019235208 | AJ10: =$B10/'TC_u$d'!AJ10 -> 0.23552133 | AK10: =$B10/'TC_u$d'!AK10 -> 0.034077123 | AL10: =$B10/'TC_u$d'!AL10 -> 0.26666667 | AM10: =$B10/'TC_u$d'!AM10 -> 0.12028078 | AN10: =O10 -> 0.90048261 | AO10: =$B10/'TC_u$d'!AO10 -> 0.022288841 | AP10: =$B10/'TC_u$d'!AP10 -> 0.69483046 | AQ10: =$B10/'TC_u$d'!AQ10 -> 0.7143199 | AR10: =$B10/'TC_u$d'!AR10 -> 1.4368848 | AS10: =$B10/'TC_u$d'!AS10 -> 1 | AT10: =$B10/'TC_u$d'!AT10 -> 0.074692082 | AU10: =$B10/'TC_u$d'!AU10 -> 1.3683634 | AV10: =$B10/'TC_u$d'!AV10 -> 6.6760131e-05
A11: 2001.M09 | B11: 1 | C11: =$B11/'TC_u$d'!C11 -> 0.013079641 | D11: =$B11/'TC_u$d'!D11 -> 0.50625478 | E11: =$B11/'TC_u$d'!E11 -> 0.01754386 | F11: =O11 -> 0.911095 | G11: =$B11/'TC_u$d'!G11 -> 0.3744108 | H11: =$B11/'TC_u$d'!H11 -> 0.0014679115 | I11: =$B11/'TC_u$d'!I11 -> 0.12081949 | J11: =$B11/'TC_u$d'!J11 -> 0.00042951083 | K11: =$B11/'TC_u$d'!K11 -> 0.12239153 | L11: =$B11/'TC_u$d'!L11 -> 0.06002401 | M11: =$B11/'TC_u$d'!M11 -> 1 | N11: =$B11/'TC_u$d'!N11 -> 0.24154589 | O11: =$B11/'TC_u$d'!O11 -> 0.911095 | P11: =O11 -> 0.911095 | Q11: =O11 -> 0.911095 | R11: =O11 -> 0.911095 | S11: =$B11/'TC_u$d'!S11 -> 0.020988121 | T11: =$B11/'TC_u$d'!T11 -> 0.00010745178 | U11: =$B11/'TC_u$d'!U11 -> 0.00057020386 | V11: =O11 -> 0.911095 | W11: =O11 -> 0.911095 | X11: =$B11/'TC_u$d'!X11 -> 1.4104372 | Y11: =$B11/'TC_u$d'!Y11 -> 0.00077297673 | Z11: =$B11/'TC_u$d'!Z11 -> 1.607717 | AA11: =$B11/'TC_u$d'!AA11 -> 0.26315789 | AB11: =$B11/'TC_u$d'!AB11 -> 2.2492998 | AC11: =$B11/'TC_u$d'!AC11 -> 0.10656323 | AD11: =$B11/'TC_u$d'!AD11 -> 0.088356394 | AE11: =O11 -> 0.911095 | AF11: =$B11/'TC_u$d'!AF11 -> 0.015576834 | AG11: =$B11/'TC_u$d'!AG11 -> 0.00022697869 | AH11: =$B11/'TC_u$d'!AH11 -> 0.28653295 | AI11: =$B11/'TC_u$d'!AI11 -> 0.019512195 | AJ11: =$B11/'TC_u$d'!AJ11 -> 0.23705108 | AK11: =$B11/'TC_u$d'!AK11 -> 0.033980319 | AL11: =$B11/'TC_u$d'!AL11 -> 0.26666667 | AM11: =$B11/'TC_u$d'!AM11 -> 0.11578684 | AN11: =O11 -> 0.911095 | AO11: =$B11/'TC_u$d'!AO11 -> 0.022581672 | AP11: =$B11/'TC_u$d'!AP11 -> 0.69886086 | AQ11: =$B11/'TC_u$d'!AQ11 -> 0.6792583 | AR11: =$B11/'TC_u$d'!AR11 -> 1.462587 | AS11: =$B11/'TC_u$d'!AS11 -> 1 | AT11: =$B11/'TC_u$d'!AT11 -> 0.073620355 | AU11: =$B11/'TC_u$d'!AU11 -> 1.3460762 | AV11: =$B11/'TC_u$d'!AV11 -> 7.0927016e-05
A12: 2001.M10 | B12: 1 | C12: =$B12/'TC_u$d'!C12 -> 0.013037487 | D12: =$B12/'TC_u$d'!D12 -> 0.50485162 | E12: =$B12/'TC_u$d'!E12 -> 0.01754386 | F12: =O12 -> 0.90586522 | G12: =$B12/'TC_u$d'!G12 -> 0.36504707 | H12: =$B12/'TC_u$d'!H12 -> 0.0014122299 | I12: =$B12/'TC_u$d'!I12 -> 0.12081949 | J12: =$B12/'TC_u$d'!J12 -> 0.00043091375 | K12: =$B12/'TC_u$d'!K12 -> 0.12183429 | L12: =$B12/'TC_u$d'!L12 -> 0.06002401 | M12: =$B12/'TC_u$d'!M12 -> 1 | N12: =$B12/'TC_u$d'!N12 -> 0.24154589 | O12: =$B12/'TC_u$d'!O12 -> 0.90586522 | P12: =O12 -> 0.90586522 | Q12: =O12 -> 0.90586522 | R12: =O12 -> 0.90586522 | S12: =$B12/'TC_u$d'!S12 -> 0.020824448 | T12: =$B12/'TC_u$d'!T12 -> 9.8858188e-05 | U12: =$B12/'TC_u$d'!U12 -> 0.00056977252 | V12: =O12 -> 0.90586522 | W12: =O12 -> 0.90586522 | X12: =$B12/'TC_u$d'!X12 -> 1.4104372 | Y12: =$B12/'TC_u$d'!Y12 -> 0.00076769538 | Z12: =$B12/'TC_u$d'!Z12 -> 1.6 | AA12: =$B12/'TC_u$d'!AA12 -> 0.26315789 | AB12: =$B12/'TC_u$d'!AB12 -> 2.24 | AC12: =$B12/'TC_u$d'!AC12 -> 0.10674067 | AD12: =$B12/'TC_u$d'!AD12 -> 0.088035919 | AE12: =O12 -> 0.90586522 | AF12: =$B12/'TC_u$d'!AF12 -> 0.015957105 | AG12: =$B12/'TC_u$d'!AG12 -> 0.00021955343 | AH12: =$B12/'TC_u$d'!AH12 -> 0.28901734 | AI12: =$B12/'TC_u$d'!AI12 -> 0.019330021 | AJ12: =$B12/'TC_u$d'!AJ12 -> 0.24194329 | AK12: =$B12/'TC_u$d'!AK12 -> 0.033858822 | AL12: =$B12/'TC_u$d'!AL12 -> 0.26666667 | AM12: =$B12/'TC_u$d'!AM12 -> 0.10781555 | AN12: =O12 -> 0.90586522 | AO12: =$B12/'TC_u$d'!AO12 -> 0.022385036 | AP12: =$B12/'TC_u$d'!AP12 -> 0.69449267 | AQ12: =$B12/'TC_u$d'!AQ12 -> 0.62403781 | AR12: =$B12/'TC_u$d'!AR12 -> 1.4513367 | AS12: =$B12/'TC_u$d'!AS12 -> 1 | AT12: =$B12/'TC_u$d'!AT12 -> 0.071619386 | AU12: =$B12/'TC_u$d'!AU12 -> 1.3457139 | AV12: =$B12/'TC_u$d'!AV12 -> 6.6569032e-05
A13: 2001.M11 | B13: 1 | C13: =$B13/'TC_u$d'!C13 -> 0.012870941 | D13: =$B13/'TC_u$d'!D13 -> 0.51684662 | E13: =$B13/'TC_u$d'!E13 -> 0.01754386 | F13: =O13 -> 0.88830909 | G13: =$B13/'TC_u$d'!G13 -> 0.39335002 | H13: =$B13/'TC_u$d'!H13 -> 0.0014505367 | I13: =$B13/'TC_u$d'!I13 -> 0.12081847 | J13: =$B13/'TC_u$d'!J13 -> 0.00043281237 | K13: =$B13/'TC_u$d'!K13 -> 0.11931124 | L13: =$B13/'TC_u$d'!L13 -> 0.059669619 | M13: =$B13/'TC_u$d'!M13 -> 1 | N13: =$B13/'TC_u$d'!N13 -> 0.24154589 | O13: =$B13/'TC_u$d'!O13 -> 0.88830909 | P13: =O13 -> 0.88830909 | Q13: =O13 -> 0.88830909 | R13: =O13 -> 0.88830909 | S13: =$B13/'TC_u$d'!S13 -> 0.020834475 | T13: =$B13/'TC_u$d'!T13 -> 9.4553707e-05 | U13: =$B13/'TC_u$d'!U13 -> 0.00057018927 | V13: =O13 -> 0.88830909 | W13: =O13 -> 0.88830909 | X13: =$B13/'TC_u$d'!X13 -> 1.41064 | Y13: =$B13/'TC_u$d'!Y13 -> 0.0007788162 | Z13: =$B13/'TC_u$d'!Z13 -> 1.5873016 | AA13: =$B13/'TC_u$d'!AA13 -> 0.26315789 | AB13: =$B13/'TC_u$d'!AB13 -> 2.2119 | AC13: =$B13/'TC_u$d'!AC13 -> 0.10843282 | AD13: =$B13/'TC_u$d'!AD13 -> 0.086692674 | AE13: =O13 -> 0.88830909 | AF13: =$B13/'TC_u$d'!AF13 -> 0.016259317 | AG13: =$B13/'TC_u$d'!AG13 -> 0.00021507689 | AH13: =$B13/'TC_u$d'!AH13 -> 0.29069767 | AI13: =$B13/'TC_u$d'!AI13 -> 0.019234505 | AJ13: =$B13/'TC_u$d'!AJ13 -> 0.24424199 | AK13: =$B13/'TC_u$d'!AK13 -> 0.033562002 | AL13: =$B13/'TC_u$d'!AL13 -> 0.26666667 | AM13: =$B13/'TC_u$d'!AM13 -> 0.10252383 | AN13: =O13 -> 0.88830909 | AO13: =$B13/'TC_u$d'!AO13 -> 0.022536989 | AP13: =$B13/'TC_u$d'!AP13 -> 0.68549023 | AQ13: =$B13/'TC_u$d'!AQ13 -> 0.65818962 | AR13: =$B13/'TC_u$d'!AR13 -> 1.4363895 | AS13: =$B13/'TC_u$d'!AS13 -> 1 | AT13: =$B13/'TC_u$d'!AT13 -> 0.071664039 | AU13: =$B13/'TC_u$d'!AU13 -> 1.3428226 | AV13: =$B13/'TC_u$d'!AV13 -> 6.6387838e-05
A14: 2001.M12 | B14: 1 | C14: =$B14/'TC_u$d'!C14 -> 0.012901128 | D14: =$B14/'TC_u$d'!D14 -> 0.51409653 | E14: =$B14/'TC_u$d'!E14 -> 0.01754386 | F14: =O14 -> 0.89237222 | G14: =$B14/'TC_u$d'!G14 -> 0.42338795 | H14: =$B14/'TC_u$d'!H14 -> 0.0014944556 | I14: =$B14/'TC_u$d'!I14 -> 0.12081862 | J14: =$B14/'TC_u$d'!J14 -> 0.00043348216 | K14: =$B14/'TC_u$d'!K14 -> 0.12003952 | L14: =$B14/'TC_u$d'!L14 -> 0.058915368 | M14: =$B14/'TC_u$d'!M14 -> 1 | N14: =$B14/'TC_u$d'!N14 -> 0.22962113 | O14: =$B14/'TC_u$d'!O14 -> 0.89237222 | P14: =O14 -> 0.89237222 | Q14: =O14 -> 0.89237222 | R14: =O14 -> 0.89237222 | S14: =$B14/'TC_u$d'!S14 -> 0.020869394 | T14: =$B14/'TC_u$d'!T14 -> 9.4946023e-05 | U14: =$B14/'TC_u$d'!U14 -> 0.00056987649 | V14: =O14 -> 0.89237222 | W14: =O14 -> 0.89237222 | X14: =$B14/'TC_u$d'!X14 -> 1.4106362 | Y14: =$B14/'TC_u$d'!Y14 -> 0.00077539817 | Z14: =$B14/'TC_u$d'!Z14 -> 1.5797788 | AA14: =$B14/'TC_u$d'!AA14 -> 0.26315789 | AB14: =$B14/'TC_u$d'!AB14 -> 2.2181 | AC14: =$B14/'TC_u$d'!AC14 -> 0.10908456 | AD14: =$B14/'TC_u$d'!AD14 -> 0.086903624 | AE14: =O14 -> 0.89237222 | AF14: =$B14/'TC_u$d'!AF14 -> 0.016430114 | AG14: =$B14/'TC_u$d'!AG14 -> 0.000214275 | AH14: =$B14/'TC_u$d'!AH14 -> 0.29112082 | AI14: =$B14/'TC_u$d'!AI14 -> 0.019309157 | AJ14: =$B14/'TC_u$d'!AJ14 -> 0.24910323 | AK14: =$B14/'TC_u$d'!AK14 -> 0.033231865 | AL14: =$B14/'TC_u$d'!AL14 -> 0.26666667 | AM14: =$B14/'TC_u$d'!AM14 -> 0.086244071 | AN14: =O14 -> 0.89237222 | AO14: =$B14/'TC_u$d'!AO14 -> 0.022800026 | AP14: =$B14/'TC_u$d'!AP14 -> 0.6853352 | AQ14: =$B14/'TC_u$d'!AQ14 -> 0.68926491 | AR14: =$B14/'TC_u$d'!AR14 -> 1.4391595 | AS14: =$B14/'TC_u$d'!AS14 -> 1 | AT14: =$B14/'TC_u$d'!AT14 -> 0.071070175 | AU14: =$B14/'TC_u$d'!AU14 -> 1.3299641 | AV14: =$B14/'TC_u$d'!AV14 -> 6.6361404e-05
... A86: 2007.M12 | B86: 3.1397 | C86: =$B86/'TC_u$d'!C86 -> 0.046811029 | D86: =$B86/'TC_u$d'!D86 -> 2.740062 | E86: =$B86/'TC_u$d'!E86 -> 0.04577683 | F86: =O86 -> 4.5746586 | G86: =$B86/'TC_u$d'!G86 -> 1.7587385 | H86: =$B86/'TC_u$d'!H86 -> 0.0062884554 | I86: =$B86/'TC_u$d'!I86 -> 0.42589759 | J86: =$B86/'TC_u$d'!J86 -> 0.0015587815 | K86: =$B86/'TC_u$d'!K86 -> 0.61323463 | L86: =$B86/'TC_u$d'!L86 -> 0.093280531 | M86: =$B86/'TC_u$d'!M86 -> 3.1397 | N86: =$B86/'TC_u$d'!N86 -> 0.56878623 | O86: =$B86/'TC_u$d'!O86 -> 4.5746586 | P86: =O86 -> 4.5746586 | Q86: =O86 -> 4.5746586 | R86: =O86 -> 4.5746586 | S86: =$B86/'TC_u$d'!S86 -> 0.079608007 | T86: =$B86/'TC_u$d'!T86 -> 0.00033573216 | U86: =$B86/'TC_u$d'!U86 -> 0.00033514711 | V86: =O86 -> 4.5746586 | W86: =O86 -> 4.5746586 | X86: =$B86/'TC_u$d'!X86 -> 4.4283585 | Y86: =$B86/'TC_u$d'!Y86 -> 0.0033751505 | Z86: =$B86/'TC_u$d'!Z86 -> 6.5084992 | AA86: =$B86/'TC_u$d'!AA86 -> 0.94166963 | AB86: =$B86/'TC_u$d'!AB86 -> 10.767147 | AC86: =$B86/'TC_u$d'!AC86 -> 0.28938927 | AD86: =$B86/'TC_u$d'!AD86 -> 0.40381474 | AE86: =O86 -> 4.5746586 | AF86: =$B86/'TC_u$d'!AF86 -> 0.051284941 | AG86: =$B86/'TC_u$d'!AG86 -> 0.00066354587 | AH86: =$B86/'TC_u$d'!AH86 -> 1.0533078 | AI86: =$B86/'TC_u$d'!AI86 -> 0.075215206 | AJ86: =$B86/'TC_u$d'!AJ86 -> 1.2683607 | AK86: =$B86/'TC_u$d'!AK86 -> 0.12780717 | AL86: =$B86/'TC_u$d'!AL86 -> 0.83725333 | AM86: =$B86/'TC_u$d'!AM86 -> 0.46130338 | AN86: =O86 -> 4.5746586 | AO86: =$B86/'TC_u$d'!AO86 -> 0.093280677 | AP86: =$B86/'TC_u$d'!AP86 -> 2.5578004 | AQ86: =$B86/'TC_u$d'!AQ86 -> 2.6798211 | AR86: =$B86/'TC_u$d'!AR86 -> 6.3530959 | AS86: =$B86/'TC_u$d'!AS86 -> 3.1397 | AT86: =$B86/'TC_u$d'!AT86 -> 0.14473933 | AU86: =$B86/'TC_u$d'!AU86 -> 1.4623661 | AV86: =$B86/'TC_u$d'!AV86 -> 0.00019480673
A87: 2008.M01 | B87: 3.1444 | C87: =$B87/'TC_u$d'!C87 -> 0.047038479 | D87: =$B87/'TC_u$d'!D87 -> 2.7722772 | E87: =$B87/'TC_u$d'!E87 -> 0.045850236 | F87: =O87 -> 4.6278993 | G87: =$B87/'TC_u$d'!G87 -> 1.7729913 | H87: =$B87/'TC_u$d'!H87 -> 0.0065385735 | I87: =$B87/'TC_u$d'!I87 -> 0.43384139 | J87: =$B87/'TC_u$d'!J87 -> 0.0015876077 | K87: =$B87/'TC_u$d'!K87 -> 0.62112832 | L87: =$B87/'TC_u$d'!L87 -> 0.092771204 | M87: =$B87/'TC_u$d'!M87 -> 3.1444 | N87: =$B87/'TC_u$d'!N87 -> 0.57170909 | O87: =$B87/'TC_u$d'!O87 -> 4.6278993 | P87: =O87 -> 4.6278993 | Q87: =O87 -> 4.6278993 | R87: =O87 -> 4.6278993 | S87: =$B87/'TC_u$d'!S87 -> 0.079860414 | T87: =$B87/'TC_u$d'!T87 -> 0.00033469579 | U87: =$B87/'TC_u$d'!U87 -> 0.00033880781 | V87: =O87 -> 4.6278993 | W87: =O87 -> 4.6278993 | X87: =$B87/'TC_u$d'!X87 -> 4.4349876 | Y87: =$B87/'TC_u$d'!Y87 -> 0.0033366228 | Z87: =$B87/'TC_u$d'!Z87 -> 6.5713689 | AA87: =$B87/'TC_u$d'!AA87 -> 0.96220815 | AB87: =O87 -> 4.6278993 | AC87: =$B87/'TC_u$d'!AC87 -> 0.28802521 | AD87: =$B87/'TC_u$d'!AD87 -> 0.40743236 | AE87: =O87 -> 4.6278993 | AF87: =$B87/'TC_u$d'!AF87 -> 0.051361713 | AG87: =$B87/'TC_u$d'!AG87 -> 0.00066719005 | AH87: =$B87/'TC_u$d'!AH87 -> 1.0657899 | AI87: =$B87/'TC_u$d'!AI87 -> 0.076808662 | AJ87: =$B87/'TC_u$d'!AJ87 -> 1.2814933 | AK87: =$B87/'TC_u$d'!AK87 -> 0.1283371 | AL87: =$B87/'TC_u$d'!AL87 -> 0.83850667 | AM87: =$B87/'TC_u$d'!AM87 -> 0.44836092 | AN87: =O87 -> 4.6278993 | AO87: =$B87/'TC_u$d'!AO87 -> 0.094870606 | AP87: =$B87/'TC_u$d'!AP87 -> 2.5852175 | AQ87: =$B87/'TC_u$d'!AQ87 -> 2.6838327 | AR87: =$B87/'TC_u$d'!AR87 -> 6.1932993 | AS87: =$B87/'TC_u$d'!AS87 -> 3.1444 | AT87: =$B87/'TC_u$d'!AT87 -> 0.14832215 | AU87: =$B87/'TC_u$d'!AU87 -> 1.4645552 | AV87: =$B87/'TC_u$d'!AV87 -> 0.00019525584
A88: 2008.M02 | B88: 3.1583 | C88: =$B88/'TC_u$d'!C88 -> 0.047301962 | D88: =$B88/'TC_u$d'!D88 -> 2.8837392 | E88: =$B88/'TC_u$d'!E88 -> 0.046052852 | F88: =O88 -> 4.6579812 | G88: =$B88/'TC_u$d'!G88 -> 1.8288841 | H88: =$B88/'TC_u$d'!H88 -> 0.0067597706 | I88: =$B88/'TC_u$d'!I88 -> 0.44079307 | J88: =$B88/'TC_u$d'!J88 -> 0.0016594072 | K88: =$B88/'TC_u$d'!K88 -> 0.6247997 | L88: =$B88/'TC_u$d'!L88 -> 0.093011188 | M88: =$B88/'TC_u$d'!M88 -> 3.1583 | N88: =$B88/'TC_u$d'!N88 -> 0.57423636 | O88: =$B88/'TC_u$d'!O88 -> 4.6579812 | P88: =O88 -> 4.6579812 | Q88: =O88 -> 4.6579812 | R88: =O88 -> 4.6579812 | S88: =$B88/'TC_u$d'!S88 -> 0.079488883 | T88: =$B88/'TC_u$d'!T88 -> 0.00034464208 | U88: =$B88/'TC_u$d'!U88 -> 0.00033876919 | V88: =O88 -> 4.6579812 | W88: =O88 -> 4.6579812 | X88: =$B88/'TC_u$d'!X88 -> 4.4545839 | Y88: =$B88/'TC_u$d'!Y88 -> 0.0033432131 | Z88: =$B88/'TC_u$d'!Z88 -> 6.618399 | AA88: =$B88/'TC_u$d'!AA88 -> 0.98013841 | AB88: =O88 -> 4.6579812 | AC88: =$B88/'TC_u$d'!AC88 -> 0.29299404 | AD88: =$B88/'TC_u$d'!AD88 -> 0.40978034 | AE88: =O88 -> 4.6579812 | AF88: =$B88/'TC_u$d'!AF88 -> 0.05158876 | AG88: =$B88/'TC_u$d'!AG88 -> 0.00067446132 | AH88: =$B88/'TC_u$d'!AH88 -> 1.0870074 | AI88: =$B88/'TC_u$d'!AI88 -> 0.077654649 | AJ88: =$B88/'TC_u$d'!AJ88 -> 1.2994446 | AK88: =$B88/'TC_u$d'!AK88 -> 0.12872788 | AL88: =$B88/'TC_u$d'!AL88 -> 0.84221333 | AM88: =$B88/'TC_u$d'!AM88 -> 0.41213584 | AN88: =O88 -> 4.6579812 | AO88: =$B88/'TC_u$d'!AO88 -> 0.096977785 | AP88: =$B88/'TC_u$d'!AP88 -> 2.5964321 | AQ88: =$B88/'TC_u$d'!AQ88 -> 2.6506886 | AR88: =$B88/'TC_u$d'!AR88 -> 6.2018655 | AS88: =$B88/'TC_u$d'!AS88 -> 3.1583 | AT88: =$B88/'TC_u$d'!AT88 -> 0.15085066 | AU88: =$B88/'TC_u$d'!AU88 -> 1.4710293 | AV88: =$B88/'TC_u$d'!AV88 -> 0.00019653391
A89: 2008.M03 | B89: 3.1558 | C89: =$B89/'TC_u$d'!C89 -> 0.048053599 | D89: =$B89/'TC_u$d'!D89 -> 2.9190639 | E89: =$B89/'TC_u$d'!E89 -> 0.046016197 | F89: =O89 -> 4.8998612 | G89: =$B89/'TC_u$d'!G89 -> 1.8489571 | H89: =$B89/'TC_u$d'!H89 -> 0.007124667 | I89: =$B89/'TC_u$d'!I89 -> 0.44603623 | J89: =$B89/'TC_u$d'!J89 -> 0.0017087011 | K89: =$B89/'TC_u$d'!K89 -> 0.65729401 | L89: =$B89/'TC_u$d'!L89 -> 0.092708469 | M89: =$B89/'TC_u$d'!M89 -> 3.1558 | N89: =$B89/'TC_u$d'!N89 -> 0.57798535 | O89: =$B89/'TC_u$d'!O89 -> 4.8998612 | P89: =O89 -> 4.8998612 | Q89: =O89 -> 4.8998612 | R89: =O89 -> 4.8998612 | S89: =$B89/'TC_u$d'!S89 -> 0.078198835 | T89: =$B89/'TC_u$d'!T89 -> 0.000343552 | U89: =$B89/'TC_u$d'!U89 -> 0.00034875122 | V89: =O89 -> 4.8998612 | W89: =O89 -> 4.8998612 | X89: =$B89/'TC_u$d'!X89 -> 4.4510578 | Y89: =$B89/'TC_u$d'!Y89 -> 0.0032206642 | Z89: =$B89/'TC_u$d'!Z89 -> 6.9603 | AA89: =$B89/'TC_u$d'!AA89 -> 0.99027237 | AB89: =O89 -> 4.8998612 | AC89: =$B89/'TC_u$d'!AC89 -> 0.29398394 | AD89: =$B89/'TC_u$d'!AD89 -> 0.42785867 | AE89: =O89 -> 4.8998612 | AF89: =$B89/'TC_u$d'!AF89 -> 0.051451192 | AG89: =$B89/'TC_u$d'!AG89 -> 0.00069715245 | AH89: =$B89/'TC_u$d'!AH89 -> 1.1227009 | AI89: =$B89/'TC_u$d'!AI89 -> 0.07649985 | AJ89: =$B89/'TC_u$d'!AJ89 -> 1.3831522 | AK89: =$B89/'TC_u$d'!AK89 -> 0.13281595 | AL89: =$B89/'TC_u$d'!AL89 -> 0.84154667 | AM89: =$B89/'TC_u$d'!AM89 -> 0.39593203 | AN89: =O89 -> 4.8998612 | AO89: =$B89/'TC_u$d'!AO89 -> 0.10046618 | AP89: =$B89/'TC_u$d'!AP89 -> 2.7055898 | AQ89: =$B89/'TC_u$d'!AQ89 -> 2.5461161 | AR89: =$B89/'TC_u$d'!AR89 -> 6.3226013 | AS89: =$B89/'TC_u$d'!AS89 -> 3.1558 | AT89: =$B89/'TC_u$d'!AT89 -> 0.15300032 | AU89: =$B89/'TC_u$d'!AU89 -> 1.4698649 | AV89: =$B89/'TC_u$d'!AV89 -> 0.0001971882
A90: 2008.M04 | B90: 3.1665 | C90: =$B90/'TC_u$d'!C90 -> 0.048738254 | D90: =$B90/'TC_u$d'!D90 -> 2.9467327 | E90: =$B90/'TC_u$d'!E90 -> 0.046140194 | F90: =O90 -> 4.9873958 | G90: =$B90/'TC_u$d'!G90 -> 1.8757775 | H90: =$B90/'TC_u$d'!H90 -> 0.0070929373 | I90: =$B90/'TC_u$d'!I90 -> 0.45230804 | J90: =$B90/'TC_u$d'!J90 -> 0.001762957 | K90: =$B90/'TC_u$d'!K90 -> 0.66841872 | L90: =$B90/'TC_u$d'!L90 -> 0.092760888 | M90: =$B90/'TC_u$d'!M90 -> 3.1665 | N90: =$B90/'TC_u$d'!N90 -> 0.58422509 | O90: =$B90/'TC_u$d'!O90 -> 4.9873958 | P90: =O90 -> 4.9873958 | Q90: =O90 -> 4.9873958 | R90: =O90 -> 4.9873958 | S90: =$B90/'TC_u$d'!S90 -> 0.079118194 | T90: =$B90/'TC_u$d'!T90 -> 0.00034373643 | U90: =$B90/'TC_u$d'!U90 -> 0.00035059529 | V90: =O90 -> 4.9873958 | W90: =O90 -> 4.9873958 | X90: =$B90/'TC_u$d'!X90 -> 4.4661495 | Y90: =$B90/'TC_u$d'!Y90 -> 0.0032093122 | Z90: =$B90/'TC_u$d'!Z90 -> 7.1093399 | AA90: =$B90/'TC_u$d'!AA90 -> 1.0013915 | AB90: =O90 -> 4.9873958 | AC90: =$B90/'TC_u$d'!AC90 -> 0.30072653 | AD90: =$B90/'TC_u$d'!AD90 -> 0.43432044 | AE90: =O90 -> 4.9873958 | AF90: =$B90/'TC_u$d'!AF90 -> 0.049651429 | AG90: =$B90/'TC_u$d'!AG90 -> 0.00073991503 | AH90: =$B90/'TC_u$d'!AH90 -> 1.154393 | AI90: =$B90/'TC_u$d'!AI90 -> 0.075718136 | AJ90: =$B90/'TC_u$d'!AJ90 -> 1.4490664 | AK90: =$B90/'TC_u$d'!AK90 -> 0.1346719 | AL90: =$B90/'TC_u$d'!AL90 -> 0.8444 | AM90: =$B90/'TC_u$d'!AM90 -> 0.40674374 | AN90: =O90 -> 4.9873958 | AO90: =$B90/'TC_u$d'!AO90 -> 0.10038709 | AP90: =$B90/'TC_u$d'!AP90 -> 2.7354008 | AQ90: =$B90/'TC_u$d'!AQ90 -> 2.437019 | AR90: =$B90/'TC_u$d'!AR90 -> 6.2727813 | AS90: =$B90/'TC_u$d'!AS90 -> 3.1665 | AT90: =$B90/'TC_u$d'!AT90 -> 0.15886116 | AU90: =$B90/'TC_u$d'!AU90 -> 1.4748486 | AV90: =$B90/'TC_u$d'!AV90 -> 0.00019840226
A91: 2008.M05 | B91: 3.1511 | C91: =$B91/'TC_u$d'!C91 -> 0.049642306 | D91: =$B91/'TC_u$d'!D91 -> 2.9904529 | E91: =$B91/'TC_u$d'!E91 -> 0.045950612 | F91: =O91 -> 4.9021663 | G91: =$B91/'TC_u$d'!G91 -> 1.8985961 | H91: =$B91/'TC_u$d'!H91 -> 0.0067030419 | I91: =$B91/'TC_u$d'!I91 -> 0.45182697 | J91: =$B91/'TC_u$d'!J91 -> 0.0017722622 | K91: =$B91/'TC_u$d'!K91 -> 0.65727337 | L91: =$B91/'TC_u$d'!L91 -> 0.092322968 | M91: =$B91/'TC_u$d'!M91 -> 3.1511 | N91: =$B91/'TC_u$d'!N91 -> 0.59009363 | O91: =$B91/'TC_u$d'!O91 -> 4.9021663 | P91: =O91 -> 4.9021663 | Q91: =O91 -> 4.9021663 | R91: =O91 -> 4.9021663 | S91: =$B91/'TC_u$d'!S91 -> 0.074803561 | T91: =$B91/'TC_u$d'!T91 -> 0.00033881703 | U91: =$B91/'TC_u$d'!U91 -> 0.00034242712 | V91: =O91 -> 4.9021663 | W91: =O91 -> 4.9021663 | X91: =$B91/'TC_u$d'!X91 -> 4.438169 | Y91: =$B91/'TC_u$d'!Y91 -> 0.0030394606 | Z91: =$B91/'TC_u$d'!Z91 -> 6.9822734 | AA91: =$B91/'TC_u$d'!AA91 -> 0.97921069 | AB91: =O91 -> 4.9021663 | AC91: =$B91/'TC_u$d'!AC91 -> 0.30141953 | AD91: =$B91/'TC_u$d'!AD91 -> 0.42767953 | AE91: =O91 -> 4.9021663 | AF91: =$B91/'TC_u$d'!AF91 -> 0.04647318 | AG91: =$B91/'TC_u$d'!AG91 -> 0.00077190275 | AH91: =$B91/'TC_u$d'!AH91 -> 1.123547 | AI91: =$B91/'TC_u$d'!AI91 -> 0.073448872 | AJ91: =$B91/'TC_u$d'!AJ91 -> 1.4385957 | AK91: =$B91/'TC_u$d'!AK91 -> 0.13279308 | AL91: =$B91/'TC_u$d'!AL91 -> 0.84029333 | AM91: =$B91/'TC_u$d'!AM91 -> 0.41347592 | AN91: =O91 -> 4.9021663 | AO91: =$B91/'TC_u$d'!AO91 -> 0.098296784 | AP91: =$B91/'TC_u$d'!AP91 -> 2.6836144 | AQ91: =$B91/'TC_u$d'!AQ91 -> 2.5303943 | AR91: =$B91/'TC_u$d'!AR91 -> 6.193078 | AS91: =$B91/'TC_u$d'!AS91 -> 3.1511 | AT91: =$B91/'TC_u$d'!AT91 -> 0.15855469 | AU91: =$B91/'TC_u$d'!AU91 -> 1.4676758 | AV91: =$B91/'TC_u$d'!AV91 -> 0.00019667332
A92: 2008.M06 | B92: 3.0434 | C92: =$B92/'TC_u$d'!C92 -> 0.048773765 | D92: =$B92/'TC_u$d'!D92 -> 2.8936534 | E92: =$B92/'TC_u$d'!E92 -> 0.044410007 | F92: =O92 -> 4.7333276 | G92: =$B92/'TC_u$d'!G92 -> 1.8808479 | H92: =$B92/'TC_u$d'!H92 -> 0.0061655666 | I92: =$B92/'TC_u$d'!I92 -> 0.44117668 | J92: =$B92/'TC_u$d'!J92 -> 0.0017773962 | K92: =$B92/'TC_u$d'!K92 -> 0.63488818 | L92: =$B92/'TC_u$d'!L92 -> 0.088811127 | M92: =$B92/'TC_u$d'!M92 -> 3.0434 | N92: =$B92/'TC_u$d'!N92 -> 0.56992509 | O92: =$B92/'TC_u$d'!O92 -> 4.7333276 | P92: =O92 -> 4.7333276 | Q92: =O92 -> 4.7333276 | R92: =O92 -> 4.7333276 | S92: =$B92/'TC_u$d'!S92 -> 0.071073932 | T92: =$B92/'TC_u$d'!T92 -> 0.00032782894 | U92: =$B92/'TC_u$d'!U92 -> 0.00032891191 | V92: =O92 -> 4.7333276 | W92: =O92 -> 4.7333276 | X92: =$B92/'TC_u$d'!X92 -> 4.2864789 | Y92: =$B92/'TC_u$d'!Y92 -> 0.0029568529 | Z92: =$B92/'TC_u$d'!Z92 -> 6.7346758 | AA92: =$B92/'TC_u$d'!AA92 -> 0.9340167 | AB92: =O92 -> 4.7333276 | AC92: =$B92/'TC_u$d'!AC92 -> 0.29460336 | AD92: =$B92/'TC_u$d'!AD92 -> 0.41306207 | AE92: =O92 -> 4.7333276 | AF92: =$B92/'TC_u$d'!AF92 -> 0.045176958 | AG92: =$B92/'TC_u$d'!AG92 -> 0.0007649136 | AH92: =$B92/'TC_u$d'!AH92 -> 1.0524969 | AI92: =$B92/'TC_u$d'!AI92 -> 0.06872995 | AJ92: =$B92/'TC_u$d'!AJ92 -> 1.4028764 | AK92: =$B92/'TC_u$d'!AK92 -> 0.1287525 | AL92: =$B92/'TC_u$d'!AL92 -> 0.81157333 | AM92: =$B92/'TC_u$d'!AM92 -> 0.38426768 | AN92: =O92 -> 4.7333276 | AO92: =$B92/'TC_u$d'!AO92 -> 0.091811923 | AP92: =$B92/'TC_u$d'!AP92 -> 2.584848 | AQ92: =$B92/'TC_u$d'!AQ92 -> 2.4719074 | AR92: =$B92/'TC_u$d'!AR92 -> 5.9768264 | AS92: =$B92/'TC_u$d'!AS92 -> 3.0434 | AT92: =$B92/'TC_u$d'!AT92 -> 0.15611983 | AU92: =$B92/'TC_u$d'!AU92 -> 1.4175128 | AV92: =$B92/'TC_u$d'!AV92 -> 0.00018617483
A93: 2008.M07 | B93: 3.0223 | C93: =$B93/'TC_u$d'!C93 -> 0.049143409 | D93: =$B93/'TC_u$d'!D93 -> 2.9090507 | E93: =$B93/'TC_u$d'!E93 -> 0.044111444 | F93: =O93 -> 4.7660751 | G93: =$B93/'TC_u$d'!G93 -> 1.9001006 | H93: =$B93/'TC_u$d'!H93 -> 0.006017641 | I93: =$B93/'TC_u$d'!I93 -> 0.44200988 | J93: =$B93/'TC_u$d'!J93 -> 0.0016949789 | K93: =$B93/'TC_u$d'!K93 -> 0.63886951 | L93: =$B93/'TC_u$d'!L93 -> 0.087894551 | M93: =$B93/'TC_u$d'!M93 -> 3.0223 | N93: =$B93/'TC_u$d'!N93 -> 0.56917137 | O93: =$B93/'TC_u$d'!O93 -> 4.7660751 | P93: =O93 -> 4.7660751 | Q93: =O93 -> 4.7660751 | R93: =O93 -> 4.7660751 | S93: =$B93/'TC_u$d'!S93 -> 0.070551846 | T93: =$B93/'TC_u$d'!T93 -> 0.00033047576 | U93: =$B93/'TC_u$d'!U93 -> 0.00032877219 | V93: =O93 -> 4.7660751 | W93: =O93 -> 4.7660751 | X93: =$B93/'TC_u$d'!X93 -> 4.2567606 | Y93: =$B93/'TC_u$d'!Y93 -> 0.0029655978 | Z93: =$B93/'TC_u$d'!Z93 -> 6.7871098 | AA93: =$B93/'TC_u$d'!AA93 -> 0.92996708 | AB93: =O93 -> 4.7660751 | AC93: =$B93/'TC_u$d'!AC93 -> 0.29517531 | AD93: =$B93/'TC_u$d'!AD93 -> 0.4151454 | AE93: =O93 -> 4.7660751 | AF93: =$B93/'TC_u$d'!AF93 -> 0.042657607 | AG93: =$B93/'TC_u$d'!AG93 -> 0.00075991145 | AH93: =$B93/'TC_u$d'!AH93 -> 1.0612008 | AI93: =$B93/'TC_u$d'!AI93 -> 0.067227566 | AJ93: =$B93/'TC_u$d'!AJ93 -> 1.4618845 | AK93: =$B93/'TC_u$d'!AK93 -> 0.12943192 | AL93: =$B93/'TC_u$d'!AL93 -> 0.80594667 | AM93: =$B93/'TC_u$d'!AM93 -> 0.39633187 | AN93: =O93 -> 4.7660751 | AO93: =$B93/'TC_u$d'!AO93 -> 0.090351685 | AP93: =$B93/'TC_u$d'!AP93 -> 2.5949171 | AQ93: =$B93/'TC_u$d'!AQ93 -> 2.4965872 | AR93: =$B93/'TC_u$d'!AR93 -> 6.0104606 | AS93: =$B93/'TC_u$d'!AS93 -> 3.0223 | AT93: =$B93/'TC_u$d'!AT93 -> 0.15698466 | AU93: =$B93/'TC_u$d'!AU93 -> 1.4076851 | AV93: =$B93/'TC_u$d'!AV93 -> 0.00018309202
A94: 2008.M08 | B94: 3.0333 | C94: =$B94/'TC_u$d'!C94 -> 0.049663783 | D94: =$B94/'TC_u$d'!D94 -> 2.7639276 | E94: =$B94/'TC_u$d'!E94 -> 0.044268891 | F94: =O94 -> 4.5424823 | G94: =$B94/'TC_u$d'!G94 -> 1.8822836 | H94: =$B94/'TC_u$d'!H94 -> 0.0058705245 | I94: =$B94/'TC_u$d'!I94 -> 0.44272057 | J94: =$B94/'TC_u$d'!J94 -> 0.001644698 | K94: =$B94/'TC_u$d'!K94 -> 0.60868082 | L94: =$B94/'TC_u$d'!L94 -> 0.087172358 | M94: =$B94/'TC_u$d'!M94 -> 3.0333 | N94: =$B94/'TC_u$d'!N94 -> 0.56909944 | O94: =$B94/'TC_u$d'!O94 -> 4.5424823 | P94: =O94 -> 4.5424823 | Q94: =O94 -> 4.5424823 | R94: =O94 -> 4.5424823 | S94: =$B94/'TC_u$d'!S94 -> 0.070644706 | T94: =$B94/'TC_u$d'!T94 -> 0.00033153537 | U94: =$B94/'TC_u$d'!U94 -> 0.00031954701 | V94: =O94 -> 4.5424823 | W94: =O94 -> 4.5424823 | X94: =$B94/'TC_u$d'!X94 -> 4.2722535 | Y94: =$B94/'TC_u$d'!Y94 -> 0.0029123221 | Z94: =$B94/'TC_u$d'!Z94 -> 6.3286042 | AA94: =$B94/'TC_u$d'!AA94 -> 0.91164007 | AB94: =O94 -> 4.5424823 | AC94: =$B94/'TC_u$d'!AC94 -> 0.30060651 | AD94: =$B94/'TC_u$d'!AD94 -> 0.39911317 | AE94: =O94 -> 4.5424823 | AF94: =$B94/'TC_u$d'!AF94 -> 0.040684854 | AG94: =$B94/'TC_u$d'!AG94 -> 0.00076108393 | AH94: =$B94/'TC_u$d'!AH94 -> 1.0487501 | AI94: =$B94/'TC_u$d'!AI94 -> 0.067591496 | AJ94: =$B94/'TC_u$d'!AJ94 -> 1.3834261 | AK94: =$B94/'TC_u$d'!AK94 -> 0.1256993 | AL94: =$B94/'TC_u$d'!AL94 -> 0.80888 | AM94: =$B94/'TC_u$d'!AM94 -> 0.39591981 | AN94: =O94 -> 4.5424823 | AO94: =$B94/'TC_u$d'!AO94 -> 0.089731188 | AP94: =$B94/'TC_u$d'!AP94 -> 2.5043758 | AQ94: =$B94/'TC_u$d'!AQ94 -> 2.5790608 | AR94: =$B94/'TC_u$d'!AR94 -> 5.9136724 | AS94: =$B94/'TC_u$d'!AS94 -> 3.0333 | AT94: =$B94/'TC_u$d'!AT94 -> 0.15784215 | AU94: =$B94/'TC_u$d'!AU94 -> 1.4128086 | AV94: =$B94/'TC_u$d'!AV94 -> 0.00018389209
A95: 2008.M09 | B95: 3.0824 | C95: =$B95/'TC_u$d'!C95 -> 0.050548715 | D95: =$B95/'TC_u$d'!D95 -> 2.5291487 | E95: =$B95/'TC_u$d'!E95 -> 0.044986259 | F95: =O95 -> 4.4292547 | G95: =$B95/'TC_u$d'!G95 -> 1.7135868 | H95: =$B95/'TC_u$d'!H95 -> 0.0058139842 | I95: =$B95/'TC_u$d'!I95 -> 0.45126277 | J95: =$B95/'TC_u$d'!J95 -> 0.0014919363 | K95: =$B95/'TC_u$d'!K95 -> 0.59372033 | L95: =$B95/'TC_u$d'!L95 -> 0.088194588 | M95: =$B95/'TC_u$d'!M95 -> 3.0824 | N95: =$B95/'TC_u$d'!N95 -> 0.56870849 | O95: =$B95/'TC_u$d'!O95 -> 4.4292547 | P95: =O95 -> 4.4292547 | Q95: =O95 -> 4.4292547 | R95: =O95 -> 4.4292547 | S95: =$B95/'TC_u$d'!S95 -> 0.067650641 | T95: =$B95/'TC_u$d'!T95 -> 0.00032886651 | U95: =$B95/'TC_u$d'!U95 -> 0.00031843889 | V95: =O95 -> 4.4292547 | W95: =O95 -> 4.4292547 | X95: =$B95/'TC_u$d'!X95 -> 4.3414085 | Y95: =$B95/'TC_u$d'!Y95 -> 0.0027268224 | Z95: =$B95/'TC_u$d'!Z95 -> 6.3150994 | AA95: =$B95/'TC_u$d'!AA95 -> 0.89562994 | AB95: =O95 -> 4.4292547 | AC95: =$B95/'TC_u$d'!AC95 -> 0.29149644 | AD95: =$B95/'TC_u$d'!AD95 -> 0.39147055 | AE95: =O95 -> 4.4292547 | AF95: =$B95/'TC_u$d'!AF95 -> 0.039855803 | AG95: =$B95/'TC_u$d'!AG95 -> 0.00077141191 | AH95: =$B95/'TC_u$d'!AH95 -> 1.0393149 | AI95: =$B95/'TC_u$d'!AI95 -> 0.068685599 | AJ95: =$B95/'TC_u$d'!AJ95 -> 1.311827 | AK95: =$B95/'TC_u$d'!AK95 -> 0.12191254 | AL95: =$B95/'TC_u$d'!AL95 -> 0.82197333 | AM95: =$B95/'TC_u$d'!AM95 -> 0.38256751 | AN95: =O95 -> 4.4292547 | AO95: =$B95/'TC_u$d'!AO95 -> 0.090020735 | AP95: =$B95/'TC_u$d'!AP95 -> 2.4674992 | AQ95: =$B95/'TC_u$d'!AQ95 -> 2.4913719 | AR95: =$B95/'TC_u$d'!AR95 -> 5.5371129 | AS95: =$B95/'TC_u$d'!AS95 -> 3.0824 | AT95: =$B95/'TC_u$d'!AT95 -> 0.15075883 | AU95: =$B95/'TC_u$d'!AU95 -> 1.4356777 | AV95: =$B95/'TC_u$d'!AV95 -> 0.00018672159
A96: 2008.M10 | B96: 3.2385 | C96: =$B96/'TC_u$d'!C96 -> 0.052017077 | D96: =$B96/'TC_u$d'!D96 -> 2.2455432 | E96: =$B96/'TC_u$d'!E96 -> 0.047245783 | F96: =O96 -> 4.3143579 | G96: =$B96/'TC_u$d'!G96 -> 1.4909535 | H96: =$B96/'TC_u$d'!H96 -> 0.0052369478 | I96: =$B96/'TC_u$d'!I96 -> 0.47405054 | J96: =$B96/'TC_u$d'!J96 -> 0.0014147049 | K96: =$B96/'TC_u$d'!K96 -> 0.57800425 | L96: =$B96/'TC_u$d'!L96 -> 0.092297175 | M96: =$B96/'TC_u$d'!M96 -> 3.2385 | N96: =$B96/'TC_u$d'!N96 -> 0.58351351 | O96: =$B96/'TC_u$d'!O96 -> 4.3143579 | P96: =O96 -> 4.3143579 | Q96: =O96 -> 4.3143579 | R96: =O96 -> 4.3143579 | S96: =$B96/'TC_u$d'!S96 -> 0.066559793 | T96: =$B96/'TC_u$d'!T96 -> 0.00032064356 | U96: =$B96/'TC_u$d'!U96 -> 0.00032755133 | V96: =O96 -> 4.3143579 | W96: =O96 -> 4.3143579 | X96: =$B96/'TC_u$d'!X96 -> 4.5612676 | Y96: =$B96/'TC_u$d'!Y96 -> 0.0024406144 | Z96: =$B96/'TC_u$d'!Z96 -> 6.1720983 | AA96: =$B96/'TC_u$d'!AA96 -> 0.91835867 | AB96: =O96 -> 4.3143579 | AC96: =$B96/'TC_u$d'!AC96 -> 0.25962417 | AD96: =$B96/'TC_u$d'!AD96 -> 0.38428678 | AE96: =O96 -> 4.3143579 | AF96: =$B96/'TC_u$d'!AF96 -> 0.040310435 | AG96: =$B96/'TC_u$d'!AG96 -> 0.00073446236 | AH96: =$B96/'TC_u$d'!AH96 -> 1.0531022 | AI96: =$B96/'TC_u$d'!AI96 -> 0.067433309 | AJ96: =$B96/'TC_u$d'!AJ96 -> 1.2003336 | AK96: =$B96/'TC_u$d'!AK96 -> 0.12289763 | AL96: =$B96/'TC_u$d'!AL96 -> 0.8636 | AM96: =$B96/'TC_u$d'!AM96 -> 0.33233109 | AN96: =O96 -> 4.3143579 | AO96: =$B96/'TC_u$d'!AO96 -> 0.094207072 | AP96: =$B96/'TC_u$d'!AP96 -> 2.4482159 | AQ96: =$B96/'TC_u$d'!AQ96 -> 2.1877298 | AR96: =$B96/'TC_u$d'!AR96 -> 5.4690534 | AS96: =$B96/'TC_u$d'!AS96 -> 3.2385 | AT96: =$B96/'TC_u$d'!AT96 -> 0.14474972 | AU96: =$B96/'TC_u$d'!AU96 -> 1.5083838 | AV96: =$B96/'TC_u$d'!AV96 -> 0.00019607072
A97: 2008.M11 | B97: 3.3292 | C97: =$B97/'TC_u$d'!C97 -> 0.048863253 | D97: =$B97/'TC_u$d'!D97 -> 2.1828959 | E97: =$B97/'TC_u$d'!E97 -> 0.048448264 | F97: =O97 -> 4.2387874 | G97: =$B97/'TC_u$d'!G97 -> 1.4695211 | H97: =$B97/'TC_u$d'!H97 -> 0.0051100106 | I97: =$B97/'TC_u$d'!I97 -> 0.48754056 | J97: =$B97/'TC_u$d'!J97 -> 0.0014293565 | K97: =$B97/'TC_u$d'!K97 -> 0.56902593 | L97: =$B97/'TC_u$d'!L97 -> 0.094266414 | M97: =$B97/'TC_u$d'!M97 -> 3.3292 | N97: =$B97/'TC_u$d'!N97 -> 0.60311594 | O97: =$B97/'TC_u$d'!O97 -> 4.2387874 | P97: =O97 -> 4.2387874 | Q97: =O97 -> 4.2387874 | R97: =O97 -> 4.2387874 | S97: =$B97/'TC_u$d'!S97 -> 0.067938282 | T97: =$B97/'TC_u$d'!T97 -> 0.00028127746 | U97: =$B97/'TC_u$d'!U97 -> 0.00033783248 | V97: =O97 -> 4.2387874 | W97: =O97 -> 4.2387874 | X97: =$B97/'TC_u$d'!X97 -> 4.6890141 | Y97: =$B97/'TC_u$d'!Y97 -> 0.0023949528 | Z97: =$B97/'TC_u$d'!Z97 -> 6.0278834 | AA97: =$B97/'TC_u$d'!AA97 -> 0.92030408 | AB97: =O97 -> 4.2387874 | AC97: =$B97/'TC_u$d'!AC97 -> 0.25489821 | AD97: =$B97/'TC_u$d'!AD97 -> 0.38325697 | AE97: =O97 -> 4.2387874 | AF97: =$B97/'TC_u$d'!AF97 -> 0.04161372 | AG97: =$B97/'TC_u$d'!AG97 -> 0.00068827786 | AH97: =$B97/'TC_u$d'!AH97 -> 1.0767489 | AI97: =$B97/'TC_u$d'!AI97 -> 0.067685652 | AJ97: =$B97/'TC_u$d'!AJ97 -> 1.1397857 | AK97: =$B97/'TC_u$d'!AK97 -> 0.12190362 | AL97: =$B97/'TC_u$d'!AL97 -> 0.88778667 | AM97: =$B97/'TC_u$d'!AM97 -> 0.32967272 | AN97: =O97 -> 4.2387874 | AO97: =$B97/'TC_u$d'!AO97 -> 0.095016296 | AP97: =$B97/'TC_u$d'!AP97 -> 2.4001153 | AQ97: =$B97/'TC_u$d'!AQ97 -> 2.0900092 | AR97: =$B97/'TC_u$d'!AR97 -> 5.1089559 | AS97: =$B97/'TC_u$d'!AS97 -> 3.3292 | AT97: =$B97/'TC_u$d'!AT97 -> 0.14054967 | AU97: =$B97/'TC_u$d'!AU97 -> 1.5506288 | AV97: =$B97/'TC_u$d'!AV97 -> 0.00020185533
A98: 2008.M12 | B98: 3.4226 | C98: =$B98/'TC_u$d'!C98 -> 0.048263822 | D98: =$B98/'TC_u$d'!D98 -> 2.2922932 | E98: =$B98/'TC_u$d'!E98 -> 0.04968203 | F98: =O98 -> 4.6032014 | G98: =$B98/'TC_u$d'!G98 -> 1.4298964 | H98: =$B98/'TC_u$d'!H98 -> 0.0052710528 | I98: =$B98/'TC_u$d'!I98 -> 0.50018341 | J98: =$B98/'TC_u$d'!J98 -> 0.0015193189 | K98: =$B98/'TC_u$d'!K98 -> 0.61396333 | L98: =$B98/'TC_u$d'!L98 -> 0.096712016 | M98: =$B98/'TC_u$d'!M98 -> 3.4226 | N98: =$B98/'TC_u$d'!N98 -> 0.62229091 | O98: =$B98/'TC_u$d'!O98 -> 4.6032014 | P98: =O98 -> 4.6032014 | Q98: =O98 -> 4.6032014 | R98: =O98 -> 4.6032014 | S98: =$B98/'TC_u$d'!S98 -> 0.070373912 | T98: =$B98/'TC_u$d'!T98 -> 0.00030439887 | U98: =$B98/'TC_u$d'!U98 -> 0.00034584381 | V98: =O98 -> 4.6032014 | W98: =O98 -> 4.6032014 | X98: =$B98/'TC_u$d'!X98 -> 4.8205634 | Y98: =$B98/'TC_u$d'!Y98 -> 0.0024912654 | Z98: =$B98/'TC_u$d'!Z98 -> 6.5516845 | AA98: =$B98/'TC_u$d'!AA98 -> 0.96362408 | AB98: =O98 -> 4.6032014 | AC98: =$B98/'TC_u$d'!AC98 -> 0.25594125 | AD98: =$B98/'TC_u$d'!AD98 -> 0.41192966 | AE98: =O98 -> 4.6032014 | AF98: =$B98/'TC_u$d'!AF98 -> 0.04327626 | AG98: =$B98/'TC_u$d'!AG98 -> 0.00069965463 | AH98: =$B98/'TC_u$d'!AH98 -> 1.0991714 | AI98: =$B98/'TC_u$d'!AI98 -> 0.071164454 | AJ98: =$B98/'TC_u$d'!AJ98 -> 1.1518089 | AK98: =$B98/'TC_u$d'!AK98 -> 0.12166476 | AL98: =$B98/'TC_u$d'!AL98 -> 0.91269333 | AM98: =$B98/'TC_u$d'!AM98 -> 0.34314359 | AN98: =O98 -> 4.6032014 | AO98: =$B98/'TC_u$d'!AO98 -> 0.097849238 | AP98: =$B98/'TC_u$d'!AP98 -> 2.5496126 | AQ98: =$B98/'TC_u$d'!AQ98 -> 2.218543 | AR98: =$B98/'TC_u$d'!AR98 -> 5.0897086 | AS98: =$B98/'TC_u$d'!AS98 -> 3.4226 | AT98: =$B98/'TC_u$d'!AT98 -> 0.1405389 | AU98: =$B98/'TC_u$d'!AU98 -> 1.5941313 | AV98: =$B98/'TC_u$d'!AV98 -> 0.00020618072
... A158: 2013.M12 | B158: 6.3192 | C158: =$B158/'TC_u$d'!C158 -> 0.080338788 | D158: =$B158/'TC_u$d'!D158 -> 5.6762788 | E158: =$B158/'TC_u$d'!E158 -> 0.081275362 | F158: =O158 -> 8.6595789 | G158: =$B158/'TC_u$d'!G158 -> 2.6937028 | H158: =$B158/'TC_u$d'!H158 -> 0.011935405 | I158: =$B158/'TC_u$d'!I158 -> 1.0330216 | J158: =$B158/'TC_u$d'!J158 -> 0.0032672899 | K158: =$B158/'TC_u$d'!K158 -> 1.1604018 | L158: =$B158/'TC_u$d'!L158 -> 0.14799202 | M158: =$B158/'TC_u$d'!M158 -> 6.3192 | N158: =$B158/'TC_u$d'!N158 -> 0.91601194 | O158: =$B158/'TC_u$d'!O158 -> 8.6595789 | P158: =O158 -> 8.6595789 | Q158: =O158 -> 8.6595789 | R158: =O158 -> 8.6595789 | S158: =$B158/'TC_u$d'!S158 -> 0.10207025 | T158: =$B158/'TC_u$d'!T158 -> 0.0005228053 | U158: =$B158/'TC_u$d'!U158 -> 0.00025489969 | V158: =O158 -> 8.6595789 | W158: =O158 -> 8.6595789 | X158: =$B158/'TC_u$d'!X158 -> 8.9002817 | Y158: =$B158/'TC_u$d'!Y158 -> 0.0059802966 | Z158: =$B158/'TC_u$d'!Z158 -> 12.298949 | AA158: =$B158/'TC_u$d'!AA158 -> 1.9447895 | AB158: =O158 -> 8.6595789 | AC158: =$B158/'TC_u$d'!AC158 -> 0.48572614 | AD158: =$B158/'TC_u$d'!AD158 -> 0.7717649 | AE158: =O158 -> 8.6595789 | AF158: =$B158/'TC_u$d'!AF158 -> 0.059015089 | AG158: =$B158/'TC_u$d'!AG158 -> 0.0013968155 | AH158: =$B158/'TC_u$d'!AH158 -> 2.2688089 | AI158: =$B158/'TC_u$d'!AI158 -> 0.14327862 | AJ158: =$B158/'TC_u$d'!AJ158 -> 2.0731603 | AK158: =$B158/'TC_u$d'!AK158 -> 0.19210798 | AL158: =$B158/'TC_u$d'!AL158 -> 1.68512 | AM158: =$B158/'TC_u$d'!AM158 -> 0.60864161 | AN158: =O158 -> 8.6595789 | AO158: =$B158/'TC_u$d'!AO158 -> 0.19537472 | AP158: =$B158/'TC_u$d'!AP158 -> 3.8056007 | AQ158: =$B158/'TC_u$d'!AQ158 -> 3.0690266 | AR158: =$B158/'TC_u$d'!AR158 -> 10.347783 | AS158: =$B158/'TC_u$d'!AS158 -> 6.3192 | AT158: =$B158/'TC_u$d'!AT158 -> 0.29580115 | AU158: =$B158/'TC_u$d'!AU158 -> 1.0055695 | AV158: =$B158/'TC_u$d'!AV158 -> 0.00030039932
A159: 2014.M01 | B159: 7.0967 | C159: =$B159/'TC_u$d'!C159 -> 0.090858345 | D159: =$B159/'TC_u$d'!D159 -> 6.2890647 | E159: =$B159/'TC_u$d'!E159 -> 0.091275532 | F159: =O159 -> 9.65877 | G159: =$B159/'TC_u$d'!G159 -> 2.9798473 | H159: =$B159/'TC_u$d'!H159 -> 0.013214729 | I159: =$B159/'TC_u$d'!I159 -> 1.1626471 | J159: =$B159/'TC_u$d'!J159 -> 0.0036200081 | K159: =$B159/'TC_u$d'!K159 -> 1.2944986 | L159: =$B159/'TC_u$d'!L159 -> 0.16515783 | M159: =$B159/'TC_u$d'!M159 -> 7.0967 | N159: =$B159/'TC_u$d'!N159 -> 1.0221374 | O159: =$B159/'TC_u$d'!O159 -> 9.65877 | P159: =O159 -> 9.65877 | Q159: =O159 -> 9.65877 | R159: =O159 -> 9.65877 | S159: =$B159/'TC_u$d'!S159 -> 0.11432277 | T159: =$B159/'TC_u$d'!T159 -> 0.00058266863 | U159: =$B159/'TC_u$d'!U159 -> 0.00028591669 | V159: =O159 -> 9.65877 | W159: =O159 -> 9.65877 | X159: =$B159/'TC_u$d'!X159 -> 9.9953521 | Y159: =$B159/'TC_u$d'!Y159 -> 0.0066651327 | Z159: =O159 -> 9.65877 | AA159: =$B159/'TC_u$d'!AA159 -> 2.1476294 | AB159: =O159 -> 9.65877 | AC159: =$B159/'TC_u$d'!AC159 -> 0.53770618 | AD159: =$B159/'TC_u$d'!AD159 -> 0.86203095 | AE159: =O159 -> 9.65877 | AF159: =$B159/'TC_u$d'!AF159 -> 0.067262776 | AG159: =$B159/'TC_u$d'!AG159 -> 0.0015310393 | AH159: =$B159/'TC_u$d'!AH159 -> 2.5264764 | AI159: =$B159/'TC_u$d'!AI159 -> 0.1579622 | AJ159: =$B159/'TC_u$d'!AJ159 -> 2.3153997 | AK159: =$B159/'TC_u$d'!AK159 -> 0.21211406 | AL159: =$B159/'TC_u$d'!AL159 -> 1.8924533 | AM159: =$B159/'TC_u$d'!AM159 -> 0.65145725 | AN159: =O159 -> 9.65877 | AO159: =$B159/'TC_u$d'!AO159 -> 0.21544715 | AP159: =$B159/'TC_u$d'!AP159 -> 4.3296321 | AQ159: =$B159/'TC_u$d'!AQ159 -> 3.2024097 | AR159: =$B159/'TC_u$d'!AR159 -> 11.690937 | AS159: =$B159/'TC_u$d'!AS159 -> 7.0967 | AT159: =$B159/'TC_u$d'!AT159 -> 0.32770284 | AU159: =$B159/'TC_u$d'!AU159 -> 1.1292925 | AV159: =$B159/'TC_u$d'!AV159 -> 0.00033735976
A160: 2014.M02 | B160: 7.8565 | C160: =$B160/'TC_u$d'!C160 -> 0.10081406 | D160: =$B160/'TC_u$d'!D160 -> 7.0442165 | E160: =$B160/'TC_u$d'!E160 -> 0.1010481 | F160: =O160 -> 10.730801 | G160: =$B160/'TC_u$d'!G160 -> 3.2898394 | H160: =$B160/'TC_u$d'!H160 -> 0.01417092 | I160: =$B160/'TC_u$d'!I160 -> 1.2851558 | J160: =$B160/'TC_u$d'!J160 -> 0.0038502629 | K160: =$B160/'TC_u$d'!K160 -> 1.4542342 | L160: =$B160/'TC_u$d'!L160 -> 0.1819405 | M160: =$B160/'TC_u$d'!M160 -> 7.8565 | N160: =$B160/'TC_u$d'!N160 -> 1.1294241 | O160: =$B160/'TC_u$d'!O160 -> 10.730801 | P160: =O160 -> 10.730801 | Q160: =O160 -> 10.730801 | R160: =O160 -> 10.730801 | S160: =$B160/'TC_u$d'!S160 -> 0.12620073 | T160: =$B160/'TC_u$d'!T160 -> 0.00065826847 | U160: =$B160/'TC_u$d'!U160 -> 0.000315744 | V160: =O160 -> 10.730801 | W160: =O160 -> 10.730801 | X160: =$B160/'TC_u$d'!X160 -> 11.065493 | Y160: =$B160/'TC_u$d'!Y160 -> 0.0073336134 | Z160: =O160 -> 10.730801 | AA160: =$B160/'TC_u$d'!AA160 -> 2.374847 | AB160: =O160 -> 10.730801 | AC160: =$B160/'TC_u$d'!AC160 -> 0.59121215 | AD160: =$B160/'TC_u$d'!AD160 -> 0.95712987 | AE160: =O160 -> 10.730801 | AF160: =$B160/'TC_u$d'!AF160 -> 0.07470907 | AG160: =$B160/'TC_u$d'!AG160 -> 0.0017409966 | AH160: =$B160/'TC_u$d'!AH160 -> 2.7932732 | AI160: =$B160/'TC_u$d'!AI160 -> 0.17499722 | AJ160: =$B160/'TC_u$d'!AJ160 -> 2.5663934 | AK160: =$B160/'TC_u$d'!AK160 -> 0.22304585 | AL160: =$B160/'TC_u$d'!AL160 -> 2.0950667 | AM160: =$B160/'TC_u$d'!AM160 -> 0.71546016 | AN160: =O160 -> 10.730801 | AO160: =$B160/'TC_u$d'!AO160 -> 0.24061461 | AP160: =$B160/'TC_u$d'!AP160 -> 4.9383996 | AQ160: =$B160/'TC_u$d'!AQ160 -> 3.5453834 | AR160: =$B160/'TC_u$d'!AR160 -> 12.817385 | AS160: =$B160/'TC_u$d'!AS160 -> 7.8565 | AT160: =$B160/'TC_u$d'!AT160 -> 0.35114575 | AU160: =$B160/'TC_u$d'!AU160 -> 1.2501989 | AV160: =$B160/'TC_u$d'!AV160 -> 0.0003734788
A161: 2014.M03 | B161: 7.9313 | C161: =$B161/'TC_u$d'!C161 -> 0.10214955 | D161: =$B161/'TC_u$d'!D161 -> 7.1945578 | E161: =$B161/'TC_u$d'!E161 -> 0.10206359 | F161: =O161 -> 10.963058 | G161: =$B161/'TC_u$d'!G161 -> 3.4066308 | H161: =$B161/'TC_u$d'!H161 -> 0.014071387 | I161: =$B161/'TC_u$d'!I161 -> 1.2923941 | J161: =$B161/'TC_u$d'!J161 -> 0.0039221339 | K161: =$B161/'TC_u$d'!K161 -> 1.4687865 | L161: =$B161/'TC_u$d'!L161 -> 0.18351462 | M161: =$B161/'TC_u$d'!M161 -> 7.9313 | N161: =$B161/'TC_u$d'!N161 -> 1.1398326 | O161: =$B161/'TC_u$d'!O161 -> 10.963058 | P161: =O161 -> 10.963058 | Q161: =O161 -> 10.963058 | R161: =O161 -> 10.963058 | S161: =$B161/'TC_u$d'!S161 -> 0.12999148 | T161: =$B161/'TC_u$d'!T161 -> 0.00069408115 | U161: =$B161/'TC_u$d'!U161 -> 0.00031617448 | V161: =O161 -> 10.963058 | W161: =O161 -> 10.963058 | X161: =$B161/'TC_u$d'!X161 -> 11.170845 | Y161: =$B161/'TC_u$d'!Y161 -> 0.0074062696 | Z161: =O161 -> 10.963058 | AA161: =$B161/'TC_u$d'!AA161 -> 2.4158836 | AB161: =O161 -> 10.963058 | AC161: =$B161/'TC_u$d'!AC161 -> 0.60015588 | AD161: =$B161/'TC_u$d'!AD161 -> 0.97596438 | AE161: =O161 -> 10.963058 | AF161: =$B161/'TC_u$d'!AF161 -> 0.079249872 | AG161: =$B161/'TC_u$d'!AG161 -> 0.0017928795 | AH161: =$B161/'TC_u$d'!AH161 -> 2.8261666 | AI161: =$B161/'TC_u$d'!AI161 -> 0.17707126 | AJ161: =$B161/'TC_u$d'!AJ161 -> 2.6108697 | AK161: =$B161/'TC_u$d'!AK161 -> 0.21903013 | AL161: =$B161/'TC_u$d'!AL161 -> 2.1150133 | AM161: =$B161/'TC_u$d'!AM161 -> 0.73808181 | AN161: =O161 -> 10.963058 | AO161: =$B161/'TC_u$d'!AO161 -> 0.24483779 | AP161: =$B161/'TC_u$d'!AP161 -> 5.0268095 | AQ161: =$B161/'TC_u$d'!AQ161 -> 3.5763057 | AR161: =$B161/'TC_u$d'!AR161 -> 13.184366 | AS161: =$B161/'TC_u$d'!AS161 -> 7.9313 | AT161: =$B161/'TC_u$d'!AT161 -> 0.35040756 | AU161: =$B161/'TC_u$d'!AU161 -> 1.2621018 | AV161: =$B161/'TC_u$d'!AV161 -> 0.00037703461
A162: 2014.M04 | B162: 8.0013 | C162: =$B162/'TC_u$d'!C162 -> 0.10179875 | D162: =$B162/'TC_u$d'!D162 -> 7.4519247 | E162: =$B162/'TC_u$d'!E162 -> 0.10302682 | F162: =O162 -> 11.051796 | G162: =$B162/'TC_u$d'!G162 -> 3.5803356 | H162: =$B162/'TC_u$d'!H162 -> 0.014426089 | I162: =$B162/'TC_u$d'!I162 -> 1.2999443 | J162: =$B162/'TC_u$d'!J162 -> 0.004125934 | K162: =$B162/'TC_u$d'!K162 -> 1.4801051 | L162: =$B162/'TC_u$d'!L162 -> 0.18519984 | M162: =$B162/'TC_u$d'!M162 -> 8.0013 | N162: =$B162/'TC_u$d'!N162 -> 1.1466302 | O162: =$B162/'TC_u$d'!O162 -> 11.051796 | P162: =O162 -> 11.051796 | Q162: =O162 -> 11.051796 | R162: =O162 -> 11.051796 | S162: =$B162/'TC_u$d'!S162 -> 0.13256706 | T162: =$B162/'TC_u$d'!T162 -> 0.00069967427 | U162: =$B162/'TC_u$d'!U162 -> 0.00031379534 | V162: =O162 -> 11.051796 | W162: =O162 -> 11.051796 | X162: =$B162/'TC_u$d'!X162 -> 11.269437 | Y162: =$B162/'TC_u$d'!Y162 -> 0.007660045 | Z162: =O162 -> 11.051796 | AA162: =$B162/'TC_u$d'!AA162 -> 2.4559943 | AB162: =O162 -> 11.051796 | AC162: =$B162/'TC_u$d'!AC162 -> 0.61227722 | AD162: =$B162/'TC_u$d'!AD162 -> 0.98382211 | AE162: =O162 -> 11.051796 | AF162: =$B162/'TC_u$d'!AF162 -> 0.08190863 | AG162: =$B162/'TC_u$d'!AG162 -> 0.0018048571 | AH162: =$B162/'TC_u$d'!AH162 -> 2.8633594 | AI162: =$B162/'TC_u$d'!AI162 -> 0.17923425 | AJ162: =$B162/'TC_u$d'!AJ162 -> 2.6413033 | AK162: =$B162/'TC_u$d'!AK162 -> 0.22436613 | AL162: =$B162/'TC_u$d'!AL162 -> 2.13368 | AM162: =$B162/'TC_u$d'!AM162 -> 0.75840798 | AN162: =O162 -> 11.051796 | AO162: =$B162/'TC_u$d'!AO162 -> 0.24758336 | AP162: =$B162/'TC_u$d'!AP162 -> 5.0373332 | AQ162: =$B162/'TC_u$d'!AQ162 -> 3.7563407 | AR162: =$B162/'TC_u$d'!AR162 -> 13.392476 | AS162: =$B162/'TC_u$d'!AS162 -> 8.0013 | AT162: =$B162/'TC_u$d'!AT162 -> 0.35012033 | AU162: =$B162/'TC_u$d'!AU162 -> 1.2732408 | AV162: =$B162/'TC_u$d'!AV162 -> 0.00038036224
A163: 2014.M05 | B163: 8.0427 | C163: =$B163/'TC_u$d'!C163 -> 0.10206511 | D163: =$B163/'TC_u$d'!D163 -> 7.4870957 | E163: =$B163/'TC_u$d'!E163 -> 0.10358911 | F163: =O163 -> 11.044351 | G163: =$B163/'TC_u$d'!G163 -> 3.6223794 | H163: =$B163/'TC_u$d'!H163 -> 0.01446257 | I163: =$B163/'TC_u$d'!I163 -> 1.3050223 | J163: =$B163/'TC_u$d'!J163 -> 0.0041988347 | K163: =$B163/'TC_u$d'!K163 -> 1.481979 | L163: =$B163/'TC_u$d'!L163 -> 0.18581529 | M163: =$B163/'TC_u$d'!M163 -> 8.0427 | N163: =$B163/'TC_u$d'!N163 -> 1.1358462 | O163: =$B163/'TC_u$d'!O163 -> 11.044351 | P163: =O163 -> 11.044351 | Q163: =O163 -> 11.044351 | R163: =O163 -> 11.044351 | S163: =$B163/'TC_u$d'!S163 -> 0.13561588 | T163: =$B163/'TC_u$d'!T163 -> 0.00069779124 | U163: =$B163/'TC_u$d'!U163 -> 0.00031498531 | V163: =O163 -> 11.044351 | W163: =O163 -> 11.044351 | X163: =$B163/'TC_u$d'!X163 -> 11.327746 | Y163: =$B163/'TC_u$d'!Y163 -> 0.0078466131 | Z163: =O163 -> 11.044351 | AA163: =$B163/'TC_u$d'!AA163 -> 2.4911877 | AB163: =O163 -> 11.044351 | AC163: =$B163/'TC_u$d'!AC163 -> 0.62115864 | AD163: =$B163/'TC_u$d'!AD163 -> 0.98375806 | AE163: =O163 -> 11.044351 | AF163: =$B163/'TC_u$d'!AF163 -> 0.081457886 | AG163: =$B163/'TC_u$d'!AG163 -> 0.0018189431 | AH163: =$B163/'TC_u$d'!AH163 -> 2.877801 | AI163: =$B163/'TC_u$d'!AI163 -> 0.1831065 | AJ163: =$B163/'TC_u$d'!AJ163 -> 2.6443202 | AK163: =$B163/'TC_u$d'!AK163 -> 0.23027237 | AL163: =$B163/'TC_u$d'!AL163 -> 2.14472 | AM163: =$B163/'TC_u$d'!AM163 -> 0.77260953 | AN163: =O163 -> 11.044351 | AO163: =$B163/'TC_u$d'!AO163 -> 0.24726303 | AP163: =$B163/'TC_u$d'!AP163 -> 4.9643232 | AQ163: =$B163/'TC_u$d'!AQ163 -> 3.8409049 | AR163: =$B163/'TC_u$d'!AR163 -> 13.552247 | AS163: =$B163/'TC_u$d'!AS163 -> 8.0427 | AT163: =$B163/'TC_u$d'!AT163 -> 0.34934845 | AU163: =$B163/'TC_u$d'!AU163 -> 1.2798288 | AV163: =$B163/'TC_u$d'!AV163 -> 0.00038233029
A164: 2014.M06 | B164: 8.1255 | C164: =$B164/'TC_u$d'!C164 -> 0.10247307 | D164: =$B164/'TC_u$d'!D164 -> 7.6107689 | E164: =$B164/'TC_u$d'!E164 -> 0.10466959 | F164: =O164 -> 11.044489 | G164: =$B164/'TC_u$d'!G164 -> 3.6357982 | H164: =$B164/'TC_u$d'!H164 -> 0.014691896 | I164: =$B164/'TC_u$d'!I164 -> 1.3198542 | J164: =$B164/'TC_u$d'!J164 -> 0.0043035327 | K164: =$B164/'TC_u$d'!K164 -> 1.4808369 | L164: =$B164/'TC_u$d'!L164 -> 0.1868743 | M164: =$B164/'TC_u$d'!M164 -> 8.1255 | N164: =$B164/'TC_u$d'!N164 -> 1.1375632 | O164: =$B164/'TC_u$d'!O164 -> 11.044489 | P164: =O164 -> 11.044489 | Q164: =O164 -> 11.044489 | R164: =O164 -> 11.044489 | S164: =$B164/'TC_u$d'!S164 -> 0.13603557 | T164: =$B164/'TC_u$d'!T164 -> 0.00068323885 | U164: =$B164/'TC_u$d'!U164 -> 0.00031726602 | V164: =O164 -> 11.044489 | W164: =O164 -> 11.044489 | X164: =$B164/'TC_u$d'!X164 -> 11.444366 | Y164: =$B164/'TC_u$d'!Y164 -> 0.007971178 | Z164: =O164 -> 11.044489 | AA164: =$B164/'TC_u$d'!AA164 -> 2.5246886 | AB164: =O164 -> 11.044489 | AC164: =$B164/'TC_u$d'!AC164 -> 0.62584725 | AD164: =$B164/'TC_u$d'!AD164 -> 0.98585825 | AE164: =O164 -> 11.044489 | AF164: =$B164/'TC_u$d'!AF164 -> 0.082424004 | AG164: =$B164/'TC_u$d'!AG164 -> 0.0018447068 | AH164: =$B164/'TC_u$d'!AH164 -> 2.9079483 | AI164: =$B164/'TC_u$d'!AI164 -> 0.18543961 | AJ164: =$B164/'TC_u$d'!AJ164 -> 2.6706656 | AK164: =$B164/'TC_u$d'!AK164 -> 0.23616177 | AL164: =$B164/'TC_u$d'!AL164 -> 2.1668 | AM164: =$B164/'TC_u$d'!AM164 -> 0.7614429 | AN164: =O164 -> 11.044489 | AO164: =$B164/'TC_u$d'!AO164 -> 0.24993002 | AP164: =$B164/'TC_u$d'!AP164 -> 4.8966494 | AQ164: =$B164/'TC_u$d'!AQ164 -> 3.8376555 | AR164: =$B164/'TC_u$d'!AR164 -> 13.735269 | AS164: =$B164/'TC_u$d'!AS164 -> 8.1255 | AT164: =$B164/'TC_u$d'!AT164 -> 0.35396129 | AU164: =$B164/'TC_u$d'!AU164 -> 1.2930047 | AV164: =$B164/'TC_u$d'!AV164 -> 0.00038473011
A165: 2014.M07 | B165: 8.1606 | C165: =$B165/'TC_u$d'!C165 -> 0.10222191 | D165: =$B165/'TC_u$d'!D165 -> 7.6644355 | E165: =$B165/'TC_u$d'!E165 -> 0.10517159 | F165: =O165 -> 11.048778 | G165: =$B165/'TC_u$d'!G165 -> 3.6733962 | H165: =$B165/'TC_u$d'!H165 -> 0.014619229 | I165: =$B165/'TC_u$d'!I165 -> 1.3231617 | J165: =$B165/'TC_u$d'!J165 -> 0.0043911967 | K165: =$B165/'TC_u$d'!K165 -> 1.4817249 | L165: =$B165/'TC_u$d'!L165 -> 0.18727754 | M165: =$B165/'TC_u$d'!M165 -> 8.1606 | N165: =$B165/'TC_u$d'!N165 -> 1.1420934 | O165: =$B165/'TC_u$d'!O165 -> 11.048778 | P165: =O165 -> 11.048778 | Q165: =O165 -> 11.048778 | R165: =O165 -> 11.048778 | S165: =$B165/'TC_u$d'!S165 -> 0.13587729 | T165: =$B165/'TC_u$d'!T165 -> 0.00069814024 | U165: =$B165/'TC_u$d'!U165 -> 0.00031025358 | V165: =O165 -> 11.048778 | W165: =O165 -> 11.048778 | X165: =$B165/'TC_u$d'!X165 -> 11.493803 | Y165: =$B165/'TC_u$d'!Y165 -> 0.0080011373 | Z165: =O165 -> 11.048778 | AA165: =$B165/'TC_u$d'!AA165 -> 2.5628093 | AB165: =O165 -> 11.048778 | AC165: =$B165/'TC_u$d'!AC165 -> 0.62902554 | AD165: =$B165/'TC_u$d'!AD165 -> 0.98813837 | AE165: =O165 -> 11.048778 | AF165: =$B165/'TC_u$d'!AF165 -> 0.082615234 | AG165: =$B165/'TC_u$d'!AG165 -> 0.0019123536 | AH165: =$B165/'TC_u$d'!AH165 -> 2.9290456 | AI165: =$B165/'TC_u$d'!AI165 -> 0.18774448 | AJ165: =$B165/'TC_u$d'!AJ165 -> 2.6670371 | AK165: =$B165/'TC_u$d'!AK165 -> 0.23561579 | AL165: =$B165/'TC_u$d'!AL165 -> 2.17616 | AM165: =$B165/'TC_u$d'!AM165 -> 0.76238077 | AN165: =O165 -> 11.048778 | AO165: =$B165/'TC_u$d'!AO165 -> 0.25422588 | AP165: =$B165/'TC_u$d'!AP165 -> 4.7770298 | AQ165: =$B165/'TC_u$d'!AQ165 -> 3.8536964 | AR165: =$B165/'TC_u$d'!AR165 -> 13.777541 | AS165: =$B165/'TC_u$d'!AS165 -> 8.1606 | AT165: =$B165/'TC_u$d'!AT165 -> 0.35476242 | AU165: =$B165/'TC_u$d'!AU165 -> 1.2985901 | AV165: =$B165/'TC_u$d'!AV165 -> 0.00038410054
A166: 2014.M08 | B166: 8.3164 | C166: =$B166/'TC_u$d'!C166 -> 0.10353452 | D166: =$B166/'TC_u$d'!D166 -> 7.7371033 | E166: =$B166/'TC_u$d'!E166 -> 0.10736962 | F166: =O166 -> 11.074197 | G166: =$B166/'TC_u$d'!G166 -> 3.6646578 | H166: =$B166/'TC_u$d'!H166 -> 0.014362145 | I166: =$B166/'TC_u$d'!I166 -> 1.3499303 | J166: =$B166/'TC_u$d'!J166 -> 0.0043791961 | K166: =$B166/'TC_u$d'!K166 -> 1.4853897 | L166: =$B166/'TC_u$d'!L166 -> 0.19073612 | M166: =$B166/'TC_u$d'!M166 -> 8.3164 | N166: =$B166/'TC_u$d'!N166 -> 1.1639468 | O166: =$B166/'TC_u$d'!O166 -> 11.074197 | P166: =O166 -> 11.074197 | Q166: =O166 -> 11.074197 | R166: =O166 -> 11.074197 | S166: =$B166/'TC_u$d'!S166 -> 0.13656906 | T166: =$B166/'TC_u$d'!T166 -> 0.00071043606 | U166: =$B166/'TC_u$d'!U166 -> 0.00031377017 | V166: =O166 -> 11.074197 | W166: =O166 -> 11.074197 | X166: =$B166/'TC_u$d'!X166 -> 11.713239 | Y166: =$B166/'TC_u$d'!Y166 -> 0.0081107123 | Z166: =O166 -> 11.074197 | AA166: =$B166/'TC_u$d'!AA166 -> 2.6164994 | AB166: =O166 -> 11.074197 | AC166: =$B166/'TC_u$d'!AC166 -> 0.63247395 | AD166: =$B166/'TC_u$d'!AD166 -> 0.99235919 | AE166: =O166 -> 11.074197 | AF166: =$B166/'TC_u$d'!AF166 -> 0.082868865 | AG166: =$B166/'TC_u$d'!AG166 -> 0.0019486138 | AH166: =$B166/'TC_u$d'!AH166 -> 2.954841 | AI166: =$B166/'TC_u$d'!AI166 -> 0.19001394 | AJ166: =$B166/'TC_u$d'!AJ166 -> 2.6416365 | AK166: =$B166/'TC_u$d'!AK166 -> 0.23030757 | AL166: =$B166/'TC_u$d'!AL166 -> 2.2177067 | AM166: =$B166/'TC_u$d'!AM166 -> 0.77993896 | AN166: =O166 -> 11.074197 | AO166: =$B166/'TC_u$d'!AO166 -> 0.25984284 | AP166: =$B166/'TC_u$d'!AP166 -> 4.8205425 | AQ166: =$B166/'TC_u$d'!AQ166 -> 3.8483317 | AR166: =$B166/'TC_u$d'!AR166 -> 13.889927 | AS166: =$B166/'TC_u$d'!AS166 -> 8.3164 | AT166: =$B166/'TC_u$d'!AT166 -> 0.35061595 | AU166: =$B166/'TC_u$d'!AU166 -> 1.3233825 | AV166: =$B166/'TC_u$d'!AV166 -> 0.00039143368
A167: 2014.M09 | B167: 8.4193 | C167: =$B167/'TC_u$d'!C167 -> 0.10370397 | D167: =$B167/'TC_u$d'!D167 -> 7.6293783 | E167: =$B167/'TC_u$d'!E167 -> 0.10877649 | F167: =O167 -> 10.862045 | G167: =$B167/'TC_u$d'!G167 -> 3.6177144 | H167: =$B167/'TC_u$d'!H167 -> 0.014186564 | I167: =$B167/'TC_u$d'!I167 -> 1.3685301 | J167: =$B167/'TC_u$d'!J167 -> 0.0042708513 | K167: =$B167/'TC_u$d'!K167 -> 1.4588474 | L167: =$B167/'TC_u$d'!L167 -> 0.19237445 | M167: =$B167/'TC_u$d'!M167 -> 8.4193 | N167: =$B167/'TC_u$d'!N167 -> 1.1783485 | O167: =$B167/'TC_u$d'!O167 -> 10.862045 | P167: =O167 -> 10.862045 | Q167: =O167 -> 10.862045 | R167: =O167 -> 10.862045 | S167: =$B167/'TC_u$d'!S167 -> 0.13832767 | T167: =$B167/'TC_u$d'!T167 -> 0.00071049785 | U167: =$B167/'TC_u$d'!U167 -> 0.00031606771 | V167: =O167 -> 10.862045 | W167: =O167 -> 10.862045 | X167: =$B167/'TC_u$d'!X167 -> 11.858169 | Y167: =$B167/'TC_u$d'!Y167 -> 0.0081484457 | Z167: =O167 -> 10.862045 | AA167: =$B167/'TC_u$d'!AA167 -> 2.6161925 | AB167: =O167 -> 10.862045 | AC167: =$B167/'TC_u$d'!AC167 -> 0.63781609 | AD167: =$B167/'TC_u$d'!AD167 -> 0.97697968 | AE167: =O167 -> 10.862045 | AF167: =$B167/'TC_u$d'!AF167 -> 0.082101385 | AG167: =$B167/'TC_u$d'!AG167 -> 0.0019424468 | AH167: =$B167/'TC_u$d'!AH167 -> 2.9396997 | AI167: =$B167/'TC_u$d'!AI167 -> 0.1910215 | AJ167: =$B167/'TC_u$d'!AJ167 -> 2.5925481 | AK167: =$B167/'TC_u$d'!AK167 -> 0.22232394 | AL167: =$B167/'TC_u$d'!AL167 -> 2.2451467 | AM167: =$B167/'TC_u$d'!AM167 -> 0.76694013 | AN167: =O167 -> 10.862045 | AO167: =$B167/'TC_u$d'!AO167 -> 0.26162901 | AP167: =$B167/'TC_u$d'!AP167 -> 4.7531756 | AQ167: =$B167/'TC_u$d'!AQ167 -> 3.8138891 | AR167: =$B167/'TC_u$d'!AR167 -> 13.720359 | AS167: =$B167/'TC_u$d'!AS167 -> 8.4193 | AT167: =$B167/'TC_u$d'!AT167 -> 0.34619829 | AU167: =$B167/'TC_u$d'!AU167 -> 1.3397569 | AV167: =$B167/'TC_u$d'!AV167 -> 0.00039627695
A168: 2014.M10 | B168: 8.4803 | C168: =$B168/'TC_u$d'!C168 -> 0.1015926 | D168: =$B168/'TC_u$d'!D168 -> 7.4494274 | E168: =$B168/'TC_u$d'!E168 -> 0.10956318 | F168: =O168 -> 10.746863 | G168: =$B168/'TC_u$d'!G168 -> 3.460755 | H168: =$B168/'TC_u$d'!H168 -> 0.01439345 | I168: =$B168/'TC_u$d'!I168 -> 1.3802479 | J168: =$B168/'TC_u$d'!J168 -> 0.0041427336 | K168: =$B168/'TC_u$d'!K168 -> 1.4434799 | L168: =$B168/'TC_u$d'!L168 -> 0.19313573 | M168: =$B168/'TC_u$d'!M168 -> 8.4803 | N168: =$B168/'TC_u$d'!N168 -> 1.18667 | O168: =$B168/'TC_u$d'!O168 -> 10.746863 | P168: =O168 -> 10.746863 | Q168: =O168 -> 10.746863 | R168: =O168 -> 10.746863 | S168: =$B168/'TC_u$d'!S168 -> 0.13824623 | T168: =$B168/'TC_u$d'!T168 -> 0.0006982619 | U168: =$B168/'TC_u$d'!U168 -> 0.00031775915 | V168: =O168 -> 10.746863 | W168: =O168 -> 10.746863 | X168: =$B168/'TC_u$d'!X168 -> 11.944085 | Y168: =$B168/'TC_u$d'!Y168 -> 0.0079981703 | Z168: =O168 -> 10.746863 | AA168: =$B168/'TC_u$d'!AA168 -> 2.5943254 | AB168: =O168 -> 10.746863 | AC168: =$B168/'TC_u$d'!AC168 -> 0.62925175 | AD168: =$B168/'TC_u$d'!AD168 -> 0.97179974 | AE168: =O168 -> 10.746863 | AF168: =$B168/'TC_u$d'!AF168 -> 0.082407769 | AG168: =$B168/'TC_u$d'!AG168 -> 0.0018539148 | AH168: =$B168/'TC_u$d'!AH168 -> 2.9181581 | AI168: =$B168/'TC_u$d'!AI168 -> 0.18930144 | AJ168: =$B168/'TC_u$d'!AJ168 -> 2.5580056 | AK168: =$B168/'TC_u$d'!AK168 -> 0.20806008 | AL168: =$B168/'TC_u$d'!AL168 -> 2.2614133 | AM168: =$B168/'TC_u$d'!AM168 -> 0.76605451 | AN168: =O168 -> 10.746863 | AO168: =$B168/'TC_u$d'!AO168 -> 0.26134644 | AP168: =$B168/'TC_u$d'!AP168 -> 4.7070937 | AQ168: =$B168/'TC_u$d'!AQ168 -> 3.750616 | AR168: =$B168/'TC_u$d'!AR168 -> 13.623921 | AS168: =$B168/'TC_u$d'!AS168 -> 8.4803 | AT168: =$B168/'TC_u$d'!AT168 -> 0.34875821 | AU168: =$B168/'TC_u$d'!AU168 -> 1.3494637 | AV168: =$B168/'TC_u$d'!AV168 -> 0.00039914807
A169: 2014.M11 | B169: 8.514 | C169: =$B169/'TC_u$d'!C169 -> 0.10043576 | D169: =$B169/'TC_u$d'!D169 -> 7.364908 | E169: =$B169/'TC_u$d'!E169 -> 0.10936107 | F169: =O169 -> 10.618831 | G169: =$B169/'TC_u$d'!G169 -> 3.3435876 | H169: =$B169/'TC_u$d'!H169 -> 0.014370603 | I169: =$B169/'TC_u$d'!I169 -> 1.3856708 | J169: =$B169/'TC_u$d'!J169 -> 0.0040023505 | K169: =$B169/'TC_u$d'!K169 -> 1.4269433 | L169: =$B169/'TC_u$d'!L169 -> 0.19285394 | M169: =$B169/'TC_u$d'!M169 -> 8.514 | N169: =$B169/'TC_u$d'!N169 -> 1.1915358 | O169: =$B169/'TC_u$d'!O169 -> 10.618831 | P169: =O169 -> 10.618831 | Q169: =O169 -> 10.618831 | R169: =O169 -> 10.618831 | S169: =$B169/'TC_u$d'!S169 -> 0.13798088 | T169: =$B169/'TC_u$d'!T169 -> 0.00070026237 | U169: =$B169/'TC_u$d'!U169 -> 0.00031796052 | V169: =O169 -> 10.618831 | W169: =O169 -> 10.618831 | X169: =$B169/'TC_u$d'!X169 -> 11.991549 | Y169: =$B169/'TC_u$d'!Y169 -> 0.0077746325 | Z169: =O169 -> 10.618831 | AA169: =$B169/'TC_u$d'!AA169 -> 2.5460146 | AB169: =O169 -> 10.618831 | AC169: =$B169/'TC_u$d'!AC169 -> 0.62686369 | AD169: =$B169/'TC_u$d'!AD169 -> 0.96273434 | AE169: =O169 -> 10.618831 | AF169: =$B169/'TC_u$d'!AF169 -> 0.083533402 | AG169: =$B169/'TC_u$d'!AG169 -> 0.0018341693 | AH169: =$B169/'TC_u$d'!AH169 -> 2.9106946 | AI169: =$B169/'TC_u$d'!AI169 -> 0.18940456 | AJ169: =$B169/'TC_u$d'!AJ169 -> 2.5206501 | AK169: =$B169/'TC_u$d'!AK169 -> 0.18563216 | AL169: =$B169/'TC_u$d'!AL169 -> 2.2704 | AM169: =$B169/'TC_u$d'!AM169 -> 0.76668704 | AN169: =O169 -> 10.618831 | AO169: =$B169/'TC_u$d'!AO169 -> 0.25972045 | AP169: =$B169/'TC_u$d'!AP169 -> 4.6428182 | AQ169: =$B169/'TC_u$d'!AQ169 -> 3.8107344 | AR169: =$B169/'TC_u$d'!AR169 -> 13.623251 | AS169: =$B169/'TC_u$d'!AS169 -> 8.514 | AT169: =$B169/'TC_u$d'!AT169 -> 0.35485498 | AU169: =$B169/'TC_u$d'!AU169 -> 1.3548264 | AV169: =$B169/'TC_u$d'!AV169 -> 0.00040073426
A170: 2014.M12 | B170: 8.5495 | C170: =$B170/'TC_u$d'!C170 -> 0.098285705 | D170: =$B170/'TC_u$d'!D170 -> 7.0475759 | E170: =$B170/'TC_u$d'!E170 -> 0.10981706 | F170: =O170 -> 10.542673 | G170: =$B170/'TC_u$d'!G170 -> 3.2474266 | H170: =$B170/'TC_u$d'!H170 -> 0.013948825 | I170: =$B170/'TC_u$d'!I170 -> 1.3960147 | J170: =$B170/'TC_u$d'!J170 -> 0.0036470398 | K170: =$B170/'TC_u$d'!K170 -> 1.4187687 | L170: =$B170/'TC_u$d'!L170 -> 0.19316233 | M170: =$B170/'TC_u$d'!M170 -> 8.5495 | N170: =$B170/'TC_u$d'!N170 -> 1.196571 | O170: =$B170/'TC_u$d'!O170 -> 10.542673 | P170: =O170 -> 10.542673 | Q170: =O170 -> 10.542673 | R170: =O170 -> 10.542673 | S170: =$B170/'TC_u$d'!S170 -> 0.13624061 | T170: =$B170/'TC_u$d'!T170 -> 0.00068735333 | U170: =$B170/'TC_u$d'!U170 -> 0.00031713871 | V170: =O170 -> 10.542673 | W170: =O170 -> 10.542673 | X170: =$B170/'TC_u$d'!X170 -> 12.041549 | Y170: =$B170/'TC_u$d'!Y170 -> 0.0077417982 | Z170: =O170 -> 10.542673 | AA170: =$B170/'TC_u$d'!AA170 -> 2.4565604 | AB170: =O170 -> 10.542673 | AC170: =$B170/'TC_u$d'!AC170 -> 0.59262058 | AD170: =$B170/'TC_u$d'!AD170 -> 0.95723609 | AE170: =O170 -> 10.542673 | AF170: =$B170/'TC_u$d'!AF170 -> 0.084699502 | AG170: =$B170/'TC_u$d'!AG170 -> 0.0018468273 | AH170: =$B170/'TC_u$d'!AH170 -> 2.8868816 | AI170: =$B170/'TC_u$d'!AI170 -> 0.19131635 | AJ170: =$B170/'TC_u$d'!AJ170 -> 2.4935107 | AK170: =$B170/'TC_u$d'!AK170 -> 0.15428662 | AL170: =$B170/'TC_u$d'!AL170 -> 2.2798667 | AM170: =$B170/'TC_u$d'!AM170 -> 0.74599524 | AN170: =O170 -> 10.542673 | AO170: =$B170/'TC_u$d'!AO170 -> 0.25985058 | AP170: =$B170/'TC_u$d'!AP170 -> 4.6059153 | AQ170: =$B170/'TC_u$d'!AQ170 -> 3.7334719 | AR170: =$B170/'TC_u$d'!AR170 -> 13.429555 | AS170: =$B170/'TC_u$d'!AS170 -> 8.5495 | AT170: =$B170/'TC_u$d'!AT170 -> 0.35465097 | AU170: =$B170/'TC_u$d'!AU170 -> 1.3604755 | AV170: =$B170/'TC_u$d'!AV170 -> 0.00040240516
... A299: 2025.M09 | B299: 1399.8977 | C299: =$B299/'TC_u$d'!C299 -> 10.810547 | D299: =$B299/'TC_u$d'!D299 -> 922.98437 | E299: =$B299/'TC_u$d'!E299 -> 11.498937 | F299: =O299 -> 1642.3922 | G299: =$B299/'TC_u$d'!G299 -> 260.84358 | H299: =$B299/'TC_u$d'!H299 -> 1.4580613 | I299: =$B299/'TC_u$d'!I299 -> 196.49105 | J299: =$B299/'TC_u$d'!J299 -> 0.35673091 | K299: =$B299/'TC_u$d'!K299 -> 220.02605 | L299: =$B299/'TC_u$d'!L299 -> #NUM! | M299: =$B299/'TC_u$d'!M299 -> 1399.8977 | N299: =$B299/'TC_u$d'!N299 -> #NUM! | O299: =$B299/'TC_u$d'!O299 -> 1642.3922 | P299: =O299 -> 1642.3922 | Q299: =O299 -> 1642.3922 | R299: =O299 -> 1642.3922 | S299: =$B299/'TC_u$d'!S299 -> 15.849826 | T299: =$B299/'TC_u$d'!T299 -> 0.084779646 | U299: =$B299/'TC_u$d'!U299 -> #NUM! | V299: =O299 -> 1642.3922 | W299: =O299 -> 1642.3922 | X299: =$B299/'TC_u$d'!X299 -> 1971.6869 | Y299: =$B299/'TC_u$d'!Y299 -> 1.0056564 | Z299: =O299 -> 1642.3922 | AA299: =$B299/'TC_u$d'!AA299 -> 332.31335 | AB299: =O299 -> 1642.3922 | AC299: =$B299/'TC_u$d'!AC299 -> 75.555383 | AD299: =$B299/'TC_u$d'!AD299 -> #NUM! | AE299: =O299 -> 1642.3922 | AF299: =$B299/'TC_u$d'!AF299 -> #NUM! | AG299: =$B299/'TC_u$d'!AG299 -> #NUM! | AH299: =$B299/'TC_u$d'!AH299 -> 399.97077 | AI299: =$B299/'TC_u$d'!AI299 -> 24.448091 | AJ299: =$B299/'TC_u$d'!AJ299 -> 385.48746 | AK299: =$B299/'TC_u$d'!AK299 -> 16.896774 | AL299: =$B299/'TC_u$d'!AL299 -> 373.30605 | AM299: =$B299/'TC_u$d'!AM299 -> 80.167802 | AN299: =O299 -> 1642.3922 | AO299: =$B299/'TC_u$d'!AO299 -> 43.744529 | AP299: =$B299/'TC_u$d'!AP299 -> #NUM! | AQ299: =$B299/'TC_u$d'!AQ299 -> #NUM! | AR299: =$B299/'TC_u$d'!AR299 -> 1890.4619 | AS299: =$B299/'TC_u$d'!AS299 -> 1399.8977 | AT299: =$B299/'TC_u$d'!AT299 -> 35.025672 | AU299: =$B299/'TC_u$d'!AU299 -> #NUM! | AV299: =$B299/'TC_u$d'!AV299 -> #NUM!

Sheet IPC
B1: IPC país (tomado del data de IMF) | I1: CON ESTE RELLENO DATOS FALTANTES
B2: fecha | C2: Argentina | D2: Algeria | E2: Australia | F2: Bangladesh | G2: Belgium | H2: Brazil | I2: Chile | J2: China, People's Republic of | K2: Colombia | L2: Denmark | M2: Dominican Republic | N2: Ecuador | O2: Egypt, Arab Republic of | P2: Euro Area (EA) | Q2: France | R2: Germany | S2: Greece | T2: India | U2: Indonesia | V2: Iran, Islamic Republic of | W2: Ireland | X2: Italy | Y2: Jordan | Z2: Korea, Republic of | AA2: Latvia, Republic of | AB2: Malaysia | AC2: Malta | AD2: Mexico | AE2: Morocco | AF2: Netherlands, The | AG2: Pakistan | AH2: Paraguay | AI2: Peru | AJ2: Philippines | AK2: Poland, Republic of | AL2: Russian Federation | AM2: Saudi Arabia | AN2: South Africa | AO2: Spain | AP2: Thailand | AQ2: Tunisia | AR2: Türkiye, Republic of | AS2: United Kingdom | AT2: United States | AU2: Uruguay | AV2: Venezuela, República Bolivariana de | AW2: Vietnam
A3: 2 | B3: 2001.M01 | C3: 19.306863 | G3: =HLOOKUP(G$2,'[1]CPI_2015.12 = 100'!$C$1:$BH$298,$A3,TRUE) -> 75.029562 | H3: =HLOOKUP(H$2,'[1]CPI_2015.12 = 100'!$C$1:$BH$298,$A3,TRUE) -> 37.680969 | I3: =HLOOKUP(I$2,'[1]CPI_2015.12 = 100'!$C$1:$BH$298,$A3,TRUE) -> 62.5223 | J3: =HLOOKUP(J$2,'[1]CPI_2015.12 = 100'!$C$1:$BH$298,$A3,TRUE) -> 71.359556 | K3: =HLOOKUP(K$2,'[1]CPI_2015.12 = 100'!$C$1:$BH$298,$A3,TRUE) -> 49.655175 | L3: =HLOOKUP(L$2,'[1]CPI_2015.12 = 100'!$C$1:$BH$298,$A3,TRUE) -> 78.156313 | M3: =HLOOKUP(M$2,'[1]CPI_2015.12 = 100'!$C$1:$BH$298,$A3,TRUE) -> 28.436837 | N3: =HLOOKUP(N$2,'[1]CPI_2015.12 = 100'!$C$1:$BH$298,$A3,TRUE) -> 47.544867 | Q3: =HLOOKUP(Q$2,'[1]CPI_2015.12 = 100'!$C$1:$BH$298,$A3,TRUE) -> 78.399441 | R3: =HLOOKUP(R$2,'[1]CPI_2015.12 = 100'!$C$1:$BH$298,$A3,TRUE) -> 79.819277 | S3: =HLOOKUP(S$2,'[1]CPI_2015.12 = 100'!$C$1:$BH$298,$A3,TRUE) -> 71.624325 | T3: =HLOOKUP(T$2,'[1]CPI_2015.12 = 100'!$C$1:$BH$298,$A3,TRUE) -> 36.467167 | U3: =HLOOKUP(U$2,'[1]CPI_2015.12 = 100'!$C$1:$BH$298,$A3,TRUE) -> 34.406652 | W3: =HLOOKUP(W$2,'[1]CPI_2015.12 = 100'!$C$1:$BH$298,$A3,TRUE) -> 78.012048 | X3: =HLOOKUP(X$2,'[1]CPI_2015.12 = 100'!$C$1:$BH$298,$A3,TRUE) -> 74.552684 | Z3: =HLOOKUP(Z$2,'[1]CPI_2015.12 = 100'!$C$1:$BH$298,$A3,TRUE) -> 67.954139 | AA3: =HLOOKUP(AA$2,'[1]CPI_2015.12 = 100'!$C$1:$BH$298,$A3,TRUE) -> 55.993574 | AB3: =HLOOKUP(AB$2,'[1]CPI_2015.12 = 100'!$C$1:$BH$298,$A3,TRUE) -> 70.99815 | AC3: =HLOOKUP(AC$2,'[1]CPI_2015.12 = 100'!$C$1:$BH$298,$A3,TRUE) -> 72.312373 | AD3: =HLOOKUP(AD$2,'[1]CPI_2015.12 = 100'!$C$1:$BH$298,$A3,TRUE) -> 54.5505 | AF3: =HLOOKUP(AF$2,'[1]CPI_2015.12 = 100'!$C$1:$BH$298,$A3,TRUE) -> 76.516595 | AK3: =HLOOKUP(AK$2,'[1]CPI_2015.12 = 100'!$C$1:$BH$298,$A3,TRUE) -> 73.251432 | AL3: =HLOOKUP(AL$2,'[1]CPI_2015.12 = 100'!$C$1:$BH$298,$A3,TRUE) -> 21.932915 | AM3: =HLOOKUP(AM$2,'[1]CPI_2015.12 = 100'!$C$1:$BH$298,$A3,TRUE) -> 64.93355 | AN3: =HLOOKUP(AN$2,'[1]CPI_2015.12 = 100'!$C$1:$BH$298,$A3,TRUE) -> 46.934444 | AO3: =HLOOKUP(AO$2,'[1]CPI_2015.12 = 100'!$C$1:$BH$298,$A3,TRUE) -> 71.875312 | AR3: =HLOOKUP(AR$2,'[1]CPI_2015.12 = 100'!$C$1:$BH$298,$A3,TRUE) -> 16.066294 | AS3: =HLOOKUP(AS$2,'[1]CPI_2015.12 = 100'!$C$1:$BH$298,$A3,TRUE) -> 73.207171 | AT3: =HLOOKUP(AT$2,'[1]CPI_2015.12 = 100'!$C$1:$BH$298,$A3,TRUE) -> 74.030229
A4: 3 | B4: 2001.M02 | C4: 19.264049 | G4: =HLOOKUP(G$2,'[1]CPI_2015.12 = 100'!$C$1:$BH$298,$A4,TRUE) -> 75.35475 | H4: =HLOOKUP(H$2,'[1]CPI_2015.12 = 100'!$C$1:$BH$298,$A4,TRUE) -> 37.854343 | I4: =HLOOKUP(I$2,'[1]CPI_2015.12 = 100'!$C$1:$BH$298,$A4,TRUE) -> 62.33005 | J4: =HLOOKUP(J$2,'[1]CPI_2015.12 = 100'!$C$1:$BH$298,$A4,TRUE) -> 71.430919 | K4: =HLOOKUP(K$2,'[1]CPI_2015.12 = 100'!$C$1:$BH$298,$A4,TRUE) -> 50.598486 | L4: =HLOOKUP(L$2,'[1]CPI_2015.12 = 100'!$C$1:$BH$298,$A4,TRUE) -> 78.557114 | M4: =HLOOKUP(M$2,'[1]CPI_2015.12 = 100'!$C$1:$BH$298,$A4,TRUE) -> 28.475373 | N4: =HLOOKUP(N$2,'[1]CPI_2015.12 = 100'!$C$1:$BH$298,$A4,TRUE) -> 48.929669 | Q4: =HLOOKUP(Q$2,'[1]CPI_2015.12 = 100'!$C$1:$BH$298,$A4,TRUE) -> 78.619243 | R4: =HLOOKUP(R$2,'[1]CPI_2015.12 = 100'!$C$1:$BH$298,$A4,TRUE) -> 80.321285 | S4: =HLOOKUP(S$2,'[1]CPI_2015.12 = 100'!$C$1:$BH$298,$A4,TRUE) -> 71.474295 | T4: =HLOOKUP(T$2,'[1]CPI_2015.12 = 100'!$C$1:$BH$298,$A4,TRUE) -> 36.303272 | U4: =HLOOKUP(U$2,'[1]CPI_2015.12 = 100'!$C$1:$BH$298,$A4,TRUE) -> 34.700306 | W4: =HLOOKUP(W$2,'[1]CPI_2015.12 = 100'!$C$1:$BH$298,$A4,TRUE) -> 78.714859 | X4: =HLOOKUP(X$2,'[1]CPI_2015.12 = 100'!$C$1:$BH$298,$A4,TRUE) -> 74.15507 | Z4: =HLOOKUP(Z$2,'[1]CPI_2015.12 = 100'!$C$1:$BH$298,$A4,TRUE) -> 68.285474 | AA4: =HLOOKUP(AA$2,'[1]CPI_2015.12 = 100'!$C$1:$BH$298,$A4,TRUE) -> 55.881325 | AB4: =HLOOKUP(AB$2,'[1]CPI_2015.12 = 100'!$C$1:$BH$298,$A4,TRUE) -> 71.138463 | AC4: =HLOOKUP(AC$2,'[1]CPI_2015.12 = 100'!$C$1:$BH$298,$A4,TRUE) -> 72.383367 | AD4: =HLOOKUP(AD$2,'[1]CPI_2015.12 = 100'!$C$1:$BH$298,$A4,TRUE) -> 54.514395 | AF4: =HLOOKUP(AF$2,'[1]CPI_2015.12 = 100'!$C$1:$BH$298,$A4,TRUE) -> 77.188409 | AK4: =HLOOKUP(AK$2,'[1]CPI_2015.12 = 100'!$C$1:$BH$298,$A4,TRUE) -> 73.322144 | AL4: =HLOOKUP(AL$2,'[1]CPI_2015.12 = 100'!$C$1:$BH$298,$A4,TRUE) -> 22.432986 | AM4: =HLOOKUP(AM$2,'[1]CPI_2015.12 = 100'!$C$1:$BH$298,$A4,TRUE) -> 64.801302 | AN4: =HLOOKUP(AN$2,'[1]CPI_2015.12 = 100'!$C$1:$BH$298,$A4,TRUE) -> 47.070093 | AO4: =HLOOKUP(AO$2,'[1]CPI_2015.12 = 100'!$C$1:$BH$298,$A4,TRUE) -> 71.875312 | AR4: =HLOOKUP(AR$2,'[1]CPI_2015.12 = 100'!$C$1:$BH$298,$A4,TRUE) -> 16.355398 | AS4: =HLOOKUP(AS$2,'[1]CPI_2015.12 = 100'!$C$1:$BH$298,$A4,TRUE) -> 73.406375 | AT4: =HLOOKUP(AT$2,'[1]CPI_2015.12 = 100'!$C$1:$BH$298,$A4,TRUE) -> 74.326181
A5: 4 | B5: 2001.M03 | C5: 19.301024 | G5: =HLOOKUP(G$2,'[1]CPI_2015.12 = 100'!$C$1:$BH$298,$A5,TRUE) -> 75.52227 | H5: =HLOOKUP(H$2,'[1]CPI_2015.12 = 100'!$C$1:$BH$298,$A5,TRUE) -> 37.998117 | I5: =HLOOKUP(I$2,'[1]CPI_2015.12 = 100'!$C$1:$BH$298,$A5,TRUE) -> 62.626785 | J5: =HLOOKUP(J$2,'[1]CPI_2015.12 = 100'!$C$1:$BH$298,$A5,TRUE) -> 71.002342 | K5: =HLOOKUP(K$2,'[1]CPI_2015.12 = 100'!$C$1:$BH$298,$A5,TRUE) -> 51.343637 | L5: =HLOOKUP(L$2,'[1]CPI_2015.12 = 100'!$C$1:$BH$298,$A5,TRUE) -> 78.957916 | M5: =HLOOKUP(M$2,'[1]CPI_2015.12 = 100'!$C$1:$BH$298,$A5,TRUE) -> 28.354949 | N5: =HLOOKUP(N$2,'[1]CPI_2015.12 = 100'!$C$1:$BH$298,$A5,TRUE) -> 50.00328 | Q5: =HLOOKUP(Q$2,'[1]CPI_2015.12 = 100'!$C$1:$BH$298,$A5,TRUE) -> 78.998901 | R5: =HLOOKUP(R$2,'[1]CPI_2015.12 = 100'!$C$1:$BH$298,$A5,TRUE) -> 80.321285 | S5: =HLOOKUP(S$2,'[1]CPI_2015.12 = 100'!$C$1:$BH$298,$A5,TRUE) -> 73.144629 | T5: =HLOOKUP(T$2,'[1]CPI_2015.12 = 100'!$C$1:$BH$298,$A5,TRUE) -> 36.467167 | U5: =HLOOKUP(U$2,'[1]CPI_2015.12 = 100'!$C$1:$BH$298,$A5,TRUE) -> 35.012312 | W5: =HLOOKUP(W$2,'[1]CPI_2015.12 = 100'!$C$1:$BH$298,$A5,TRUE) -> 79.317269 | X5: =HLOOKUP(X$2,'[1]CPI_2015.12 = 100'!$C$1:$BH$298,$A5,TRUE) -> 74.850895 | Z5: =HLOOKUP(Z$2,'[1]CPI_2015.12 = 100'!$C$1:$BH$298,$A5,TRUE) -> 68.88398 | AA5: =HLOOKUP(AA$2,'[1]CPI_2015.12 = 100'!$C$1:$BH$298,$A5,TRUE) -> 56.152591 | AB5: =HLOOKUP(AB$2,'[1]CPI_2015.12 = 100'!$C$1:$BH$298,$A5,TRUE) -> 70.99815 | AC5: =HLOOKUP(AC$2,'[1]CPI_2015.12 = 100'!$C$1:$BH$298,$A5,TRUE) -> 72.809331 | AD5: =HLOOKUP(AD$2,'[1]CPI_2015.12 = 100'!$C$1:$BH$298,$A5,TRUE) -> 54.859787 | AF5: =HLOOKUP(AF$2,'[1]CPI_2015.12 = 100'!$C$1:$BH$298,$A5,TRUE) -> 77.910358 | AK5: =HLOOKUP(AK$2,'[1]CPI_2015.12 = 100'!$C$1:$BH$298,$A5,TRUE) -> 73.675671 | AL5: =HLOOKUP(AL$2,'[1]CPI_2015.12 = 100'!$C$1:$BH$298,$A5,TRUE) -> 22.850234 | AM5: =HLOOKUP(AM$2,'[1]CPI_2015.12 = 100'!$C$1:$BH$298,$A5,TRUE) -> 64.801302 | AN5: =HLOOKUP(AN$2,'[1]CPI_2015.12 = 100'!$C$1:$BH$298,$A5,TRUE) -> 47.386605 | AO5: =HLOOKUP(AO$2,'[1]CPI_2015.12 = 100'!$C$1:$BH$298,$A5,TRUE) -> 72.454791 | AR5: =HLOOKUP(AR$2,'[1]CPI_2015.12 = 100'!$C$1:$BH$298,$A5,TRUE) -> 17.348438 | AS5: =HLOOKUP(AS$2,'[1]CPI_2015.12 = 100'!$C$1:$BH$298,$A5,TRUE) -> 73.605578 | AT5: =HLOOKUP(AT$2,'[1]CPI_2015.12 = 100'!$C$1:$BH$298,$A5,TRUE) -> 74.495296
A6: 5 | B6: 2001.M04 | C6: 19.429464 | G6: =HLOOKUP(G$2,'[1]CPI_2015.12 = 100'!$C$1:$BH$298,$A6,TRUE) -> 76.172645 | H6: =HLOOKUP(H$2,'[1]CPI_2015.12 = 100'!$C$1:$BH$298,$A6,TRUE) -> 38.218452 | I6: =HLOOKUP(I$2,'[1]CPI_2015.12 = 100'!$C$1:$BH$298,$A6,TRUE) -> 62.912643 | J6: =HLOOKUP(J$2,'[1]CPI_2015.12 = 100'!$C$1:$BH$298,$A6,TRUE) -> 71.144336 | K6: =HLOOKUP(K$2,'[1]CPI_2015.12 = 100'!$C$1:$BH$298,$A6,TRUE) -> 51.930232 | L6: =HLOOKUP(L$2,'[1]CPI_2015.12 = 100'!$C$1:$BH$298,$A6,TRUE) -> 79.458918 | M6: =HLOOKUP(M$2,'[1]CPI_2015.12 = 100'!$C$1:$BH$298,$A6,TRUE) -> 28.530768 | N6: =HLOOKUP(N$2,'[1]CPI_2015.12 = 100'!$C$1:$BH$298,$A6,TRUE) -> 50.864243 | Q6: =HLOOKUP(Q$2,'[1]CPI_2015.12 = 100'!$C$1:$BH$298,$A6,TRUE) -> 79.408532 | R6: =HLOOKUP(R$2,'[1]CPI_2015.12 = 100'!$C$1:$BH$298,$A6,TRUE) -> 80.62249 | S6: =HLOOKUP(S$2,'[1]CPI_2015.12 = 100'!$C$1:$BH$298,$A6,TRUE) -> 73.954791 | T6: =HLOOKUP(T$2,'[1]CPI_2015.12 = 100'!$C$1:$BH$298,$A6,TRUE) -> 36.713016 | U6: =HLOOKUP(U$2,'[1]CPI_2015.12 = 100'!$C$1:$BH$298,$A6,TRUE) -> 35.177496 | W6: =HLOOKUP(W$2,'[1]CPI_2015.12 = 100'!$C$1:$BH$298,$A6,TRUE) -> 79.919679 | X6: =HLOOKUP(X$2,'[1]CPI_2015.12 = 100'!$C$1:$BH$298,$A6,TRUE) -> 75.447316 | Z6: =HLOOKUP(Z$2,'[1]CPI_2015.12 = 100'!$C$1:$BH$298,$A6,TRUE) -> 69.149048 | AA6: =HLOOKUP(AA$2,'[1]CPI_2015.12 = 100'!$C$1:$BH$298,$A6,TRUE) -> 56.349031 | AB6: =HLOOKUP(AB$2,'[1]CPI_2015.12 = 100'!$C$1:$BH$298,$A6,TRUE) -> 71.068306 | AC6: =HLOOKUP(AC$2,'[1]CPI_2015.12 = 100'!$C$1:$BH$298,$A6,TRUE) -> 75.415822 | AD6: =HLOOKUP(AD$2,'[1]CPI_2015.12 = 100'!$C$1:$BH$298,$A6,TRUE) -> 55.136518 | AF6: =HLOOKUP(AF$2,'[1]CPI_2015.12 = 100'!$C$1:$BH$298,$A6,TRUE) -> 78.341522 | AK6: =HLOOKUP(AK$2,'[1]CPI_2015.12 = 100'!$C$1:$BH$298,$A6,TRUE) -> 74.241318 | AL6: =HLOOKUP(AL$2,'[1]CPI_2015.12 = 100'!$C$1:$BH$298,$A6,TRUE) -> 23.259256 | AM6: =HLOOKUP(AM$2,'[1]CPI_2015.12 = 100'!$C$1:$BH$298,$A6,TRUE) -> 64.801302 | AN6: =HLOOKUP(AN$2,'[1]CPI_2015.12 = 100'!$C$1:$BH$298,$A6,TRUE) -> 47.612685 | AO6: =HLOOKUP(AO$2,'[1]CPI_2015.12 = 100'!$C$1:$BH$298,$A6,TRUE) -> 73.104206 | AR6: =HLOOKUP(AR$2,'[1]CPI_2015.12 = 100'!$C$1:$BH$298,$A6,TRUE) -> 19.141333 | AS6: =HLOOKUP(AS$2,'[1]CPI_2015.12 = 100'!$C$1:$BH$298,$A6,TRUE) -> 74.103586 | AT6: =HLOOKUP(AT$2,'[1]CPI_2015.12 = 100'!$C$1:$BH$298,$A6,TRUE) -> 74.791248
A7: 6 | B7: 2001.M05 | C7: 19.441141 | G7: =HLOOKUP(G$2,'[1]CPI_2015.12 = 100'!$C$1:$BH$298,$A7,TRUE) -> 76.655499 | H7: =HLOOKUP(H$2,'[1]CPI_2015.12 = 100'!$C$1:$BH$298,$A7,TRUE) -> 38.375134 | I7: =HLOOKUP(I$2,'[1]CPI_2015.12 = 100'!$C$1:$BH$298,$A7,TRUE) -> 63.185965 | J7: =HLOOKUP(J$2,'[1]CPI_2015.12 = 100'!$C$1:$BH$298,$A7,TRUE) -> 70.78862 | K7: =HLOOKUP(K$2,'[1]CPI_2015.12 = 100'!$C$1:$BH$298,$A7,TRUE) -> 52.152196 | L7: =HLOOKUP(L$2,'[1]CPI_2015.12 = 100'!$C$1:$BH$298,$A7,TRUE) -> 79.859719 | M7: =HLOOKUP(M$2,'[1]CPI_2015.12 = 100'!$C$1:$BH$298,$A7,TRUE) -> 28.60543 | N7: =HLOOKUP(N$2,'[1]CPI_2015.12 = 100'!$C$1:$BH$298,$A7,TRUE) -> 50.947227 | Q7: =HLOOKUP(Q$2,'[1]CPI_2015.12 = 100'!$C$1:$BH$298,$A7,TRUE) -> 79.918074 | R7: =HLOOKUP(R$2,'[1]CPI_2015.12 = 100'!$C$1:$BH$298,$A7,TRUE) -> 81.024096 | S7: =HLOOKUP(S$2,'[1]CPI_2015.12 = 100'!$C$1:$BH$298,$A7,TRUE) -> 74.324865 | T7: =HLOOKUP(T$2,'[1]CPI_2015.12 = 100'!$C$1:$BH$298,$A7,TRUE) -> 36.958861 | U7: =HLOOKUP(U$2,'[1]CPI_2015.12 = 100'!$C$1:$BH$298,$A7,TRUE) -> 35.575149 | W7: =HLOOKUP(W$2,'[1]CPI_2015.12 = 100'!$C$1:$BH$298,$A7,TRUE) -> 80.421687 | X7: =HLOOKUP(X$2,'[1]CPI_2015.12 = 100'!$C$1:$BH$298,$A7,TRUE) -> 75.646123 | Z7: =HLOOKUP(Z$2,'[1]CPI_2015.12 = 100'!$C$1:$BH$298,$A7,TRUE) -> 69.082781 | AA7: =HLOOKUP(AA$2,'[1]CPI_2015.12 = 100'!$C$1:$BH$298,$A7,TRUE) -> 56.947687 | AB7: =HLOOKUP(AB$2,'[1]CPI_2015.12 = 100'!$C$1:$BH$298,$A7,TRUE) -> 71.138463 | AC7: =HLOOKUP(AC$2,'[1]CPI_2015.12 = 100'!$C$1:$BH$298,$A7,TRUE) -> 76.135903 | AD7: =HLOOKUP(AD$2,'[1]CPI_2015.12 = 100'!$C$1:$BH$298,$A7,TRUE) -> 55.263035 | AF7: =HLOOKUP(AF$2,'[1]CPI_2015.12 = 100'!$C$1:$BH$298,$A7,TRUE) -> 78.602226 | AK7: =HLOOKUP(AK$2,'[1]CPI_2015.12 = 100'!$C$1:$BH$298,$A7,TRUE) -> 75.089795 | AL7: =HLOOKUP(AL$2,'[1]CPI_2015.12 = 100'!$C$1:$BH$298,$A7,TRUE) -> 23.673274 | AM7: =HLOOKUP(AM$2,'[1]CPI_2015.12 = 100'!$C$1:$BH$298,$A7,TRUE) -> 64.669053 | AN7: =HLOOKUP(AN$2,'[1]CPI_2015.12 = 100'!$C$1:$BH$298,$A7,TRUE) -> 47.793549 | AO7: =HLOOKUP(AO$2,'[1]CPI_2015.12 = 100'!$C$1:$BH$298,$A7,TRUE) -> 73.363972 | AR7: =HLOOKUP(AR$2,'[1]CPI_2015.12 = 100'!$C$1:$BH$298,$A7,TRUE) -> 20.108681 | AS7: =HLOOKUP(AS$2,'[1]CPI_2015.12 = 100'!$C$1:$BH$298,$A7,TRUE) -> 74.601594 | AT7: =HLOOKUP(AT$2,'[1]CPI_2015.12 = 100'!$C$1:$BH$298,$A7,TRUE) -> 75.129479
A8: 7 | B8: 2001.M06 | C8: 19.301024 | G8: =HLOOKUP(G$2,'[1]CPI_2015.12 = 100'!$C$1:$BH$298,$A8,TRUE) -> 76.793457 | H8: =HLOOKUP(H$2,'[1]CPI_2015.12 = 100'!$C$1:$BH$298,$A8,TRUE) -> 38.57477 | I8: =HLOOKUP(I$2,'[1]CPI_2015.12 = 100'!$C$1:$BH$298,$A8,TRUE) -> 63.221079 | J8: =HLOOKUP(J$2,'[1]CPI_2015.12 = 100'!$C$1:$BH$298,$A8,TRUE) -> 69.939151 | K8: =HLOOKUP(K$2,'[1]CPI_2015.12 = 100'!$C$1:$BH$298,$A8,TRUE) -> 52.175978 | L8: =HLOOKUP(L$2,'[1]CPI_2015.12 = 100'!$C$1:$BH$298,$A8,TRUE) -> 79.759519 | M8: =HLOOKUP(M$2,'[1]CPI_2015.12 = 100'!$C$1:$BH$298,$A8,TRUE) -> 28.444063 | N8: =HLOOKUP(N$2,'[1]CPI_2015.12 = 100'!$C$1:$BH$298,$A8,TRUE) -> 51.190994 | Q8: =HLOOKUP(Q$2,'[1]CPI_2015.12 = 100'!$C$1:$BH$298,$A8,TRUE) -> 79.97802 | R8: =HLOOKUP(R$2,'[1]CPI_2015.12 = 100'!$C$1:$BH$298,$A8,TRUE) -> 81.124498 | S8: =HLOOKUP(S$2,'[1]CPI_2015.12 = 100'!$C$1:$BH$298,$A8,TRUE) -> 74.254851 | T8: =HLOOKUP(T$2,'[1]CPI_2015.12 = 100'!$C$1:$BH$298,$A8,TRUE) -> 37.450554 | U8: =HLOOKUP(U$2,'[1]CPI_2015.12 = 100'!$C$1:$BH$298,$A8,TRUE) -> 36.168578 | W8: =HLOOKUP(W$2,'[1]CPI_2015.12 = 100'!$C$1:$BH$298,$A8,TRUE) -> 81.024096 | X8: =HLOOKUP(X$2,'[1]CPI_2015.12 = 100'!$C$1:$BH$298,$A8,TRUE) -> 75.84493 | Z8: =HLOOKUP(Z$2,'[1]CPI_2015.12 = 100'!$C$1:$BH$298,$A8,TRUE) -> 69.281582 | AA8: =HLOOKUP(AA$2,'[1]CPI_2015.12 = 100'!$C$1:$BH$298,$A8,TRUE) -> 57.218953 | AB8: =HLOOKUP(AB$2,'[1]CPI_2015.12 = 100'!$C$1:$BH$298,$A8,TRUE) -> 71.068306 | AC8: =HLOOKUP(AC$2,'[1]CPI_2015.12 = 100'!$C$1:$BH$298,$A8,TRUE) -> 76.27789 | AD8: =HLOOKUP(AD$2,'[1]CPI_2015.12 = 100'!$C$1:$BH$298,$A8,TRUE) -> 55.393742 | AF8: =HLOOKUP(AF$2,'[1]CPI_2015.12 = 100'!$C$1:$BH$298,$A8,TRUE) -> 78.301414 | AK8: =HLOOKUP(AK$2,'[1]CPI_2015.12 = 100'!$C$1:$BH$298,$A8,TRUE) -> 75.019083 | AL8: =HLOOKUP(AL$2,'[1]CPI_2015.12 = 100'!$C$1:$BH$298,$A8,TRUE) -> 24.056776 | AM8: =HLOOKUP(AM$2,'[1]CPI_2015.12 = 100'!$C$1:$BH$298,$A8,TRUE) -> 64.669053 | AN8: =HLOOKUP(AN$2,'[1]CPI_2015.12 = 100'!$C$1:$BH$298,$A8,TRUE) -> 48.01963 | AO8: =HLOOKUP(AO$2,'[1]CPI_2015.12 = 100'!$C$1:$BH$298,$A8,TRUE) -> 73.563793 | AR8: =HLOOKUP(AR$2,'[1]CPI_2015.12 = 100'!$C$1:$BH$298,$A8,TRUE) -> 20.73874 | AS8: =HLOOKUP(AS$2,'[1]CPI_2015.12 = 100'!$C$1:$BH$298,$A8,TRUE) -> 74.701195 | AT8: =HLOOKUP(AT$2,'[1]CPI_2015.12 = 100'!$C$1:$BH$298,$A8,TRUE) -> 75.256315
A9: 8 | B9: 2001.M07 | C9: 19.23875 | G9: =HLOOKUP(G$2,'[1]CPI_2015.12 = 100'!$C$1:$BH$298,$A9,TRUE) -> 76.734332 | H9: =HLOOKUP(H$2,'[1]CPI_2015.12 = 100'!$C$1:$BH$298,$A9,TRUE) -> 39.087771 | I9: =HLOOKUP(I$2,'[1]CPI_2015.12 = 100'!$C$1:$BH$298,$A9,TRUE) -> 63.099037 | J9: =HLOOKUP(J$2,'[1]CPI_2015.12 = 100'!$C$1:$BH$298,$A9,TRUE) -> 69.589455 | K9: =HLOOKUP(K$2,'[1]CPI_2015.12 = 100'!$C$1:$BH$298,$A9,TRUE) -> 52.231468 | L9: =HLOOKUP(L$2,'[1]CPI_2015.12 = 100'!$C$1:$BH$298,$A9,TRUE) -> 79.458918 | M9: =HLOOKUP(M$2,'[1]CPI_2015.12 = 100'!$C$1:$BH$298,$A9,TRUE) -> 28.376625 | N9: =HLOOKUP(N$2,'[1]CPI_2015.12 = 100'!$C$1:$BH$298,$A9,TRUE) -> 51.31547 | Q9: =HLOOKUP(Q$2,'[1]CPI_2015.12 = 100'!$C$1:$BH$298,$A9,TRUE) -> 79.798182 | R9: =HLOOKUP(R$2,'[1]CPI_2015.12 = 100'!$C$1:$BH$298,$A9,TRUE) -> 81.2249 | S9: =HLOOKUP(S$2,'[1]CPI_2015.12 = 100'!$C$1:$BH$298,$A9,TRUE) -> 72.764553 | T9: =HLOOKUP(T$2,'[1]CPI_2015.12 = 100'!$C$1:$BH$298,$A9,TRUE) -> 37.942233 | U9: =HLOOKUP(U$2,'[1]CPI_2015.12 = 100'!$C$1:$BH$298,$A9,TRUE) -> 36.933314 | W9: =HLOOKUP(W$2,'[1]CPI_2015.12 = 100'!$C$1:$BH$298,$A9,TRUE) -> 80.823293 | X9: =HLOOKUP(X$2,'[1]CPI_2015.12 = 100'!$C$1:$BH$298,$A9,TRUE) -> 75.646123 | Z9: =HLOOKUP(Z$2,'[1]CPI_2015.12 = 100'!$C$1:$BH$298,$A9,TRUE) -> 69.414116 | AA9: =HLOOKUP(AA$2,'[1]CPI_2015.12 = 100'!$C$1:$BH$298,$A9,TRUE) -> 56.975745 | AB9: =HLOOKUP(AB$2,'[1]CPI_2015.12 = 100'!$C$1:$BH$298,$A9,TRUE) -> 71.068306 | AC9: =HLOOKUP(AC$2,'[1]CPI_2015.12 = 100'!$C$1:$BH$298,$A9,TRUE) -> 76.977688 | AD9: =HLOOKUP(AD$2,'[1]CPI_2015.12 = 100'!$C$1:$BH$298,$A9,TRUE) -> 55.249817 | AF9: =HLOOKUP(AF$2,'[1]CPI_2015.12 = 100'!$C$1:$BH$298,$A9,TRUE) -> 78.191116 | AK9: =HLOOKUP(AK$2,'[1]CPI_2015.12 = 100'!$C$1:$BH$298,$A9,TRUE) -> 74.806972 | AL9: =HLOOKUP(AL$2,'[1]CPI_2015.12 = 100'!$C$1:$BH$298,$A9,TRUE) -> 24.165031 | AM9: =HLOOKUP(AM$2,'[1]CPI_2015.12 = 100'!$C$1:$BH$298,$A9,TRUE) -> 64.536804 | AN9: =HLOOKUP(AN$2,'[1]CPI_2015.12 = 100'!$C$1:$BH$298,$A9,TRUE) -> 47.974429 | AO9: =HLOOKUP(AO$2,'[1]CPI_2015.12 = 100'!$C$1:$BH$298,$A9,TRUE) -> 73.04426 | AR9: =HLOOKUP(AR$2,'[1]CPI_2015.12 = 100'!$C$1:$BH$298,$A9,TRUE) -> 21.23526 | AS9: =HLOOKUP(AS$2,'[1]CPI_2015.12 = 100'!$C$1:$BH$298,$A9,TRUE) -> 74.203187 | AT9: =HLOOKUP(AT$2,'[1]CPI_2015.12 = 100'!$C$1:$BH$298,$A9,TRUE) -> 75.044921
A10: 9 | B10: 2001.M08 | C10: 19.170638 | G10: =HLOOKUP(G$2,'[1]CPI_2015.12 = 100'!$C$1:$BH$298,$A10,TRUE) -> 76.724478 | H10: =HLOOKUP(H$2,'[1]CPI_2015.12 = 100'!$C$1:$BH$298,$A10,TRUE) -> 39.361297 | I10: =HLOOKUP(I$2,'[1]CPI_2015.12 = 100'!$C$1:$BH$298,$A10,TRUE) -> 63.605578 | J10: =HLOOKUP(J$2,'[1]CPI_2015.12 = 100'!$C$1:$BH$298,$A10,TRUE) -> 69.659044 | K10: =HLOOKUP(K$2,'[1]CPI_2015.12 = 100'!$C$1:$BH$298,$A10,TRUE) -> 52.366232 | L10: =HLOOKUP(L$2,'[1]CPI_2015.12 = 100'!$C$1:$BH$298,$A10,TRUE) -> 79.358717 | M10: =HLOOKUP(M$2,'[1]CPI_2015.12 = 100'!$C$1:$BH$298,$A10,TRUE) -> 28.586162 | N10: =HLOOKUP(N$2,'[1]CPI_2015.12 = 100'!$C$1:$BH$298,$A10,TRUE) -> 51.538491 | Q10: =HLOOKUP(Q$2,'[1]CPI_2015.12 = 100'!$C$1:$BH$298,$A10,TRUE) -> 79.798182 | R10: =HLOOKUP(R$2,'[1]CPI_2015.12 = 100'!$C$1:$BH$298,$A10,TRUE) -> 81.024096 | S10: =HLOOKUP(S$2,'[1]CPI_2015.12 = 100'!$C$1:$BH$298,$A10,TRUE) -> 72.774555 | T10: =HLOOKUP(T$2,'[1]CPI_2015.12 = 100'!$C$1:$BH$298,$A10,TRUE) -> 38.188089 | U10: =HLOOKUP(U$2,'[1]CPI_2015.12 = 100'!$C$1:$BH$298,$A10,TRUE) -> 36.859897 | W10: =HLOOKUP(W$2,'[1]CPI_2015.12 = 100'!$C$1:$BH$298,$A10,TRUE) -> 81.024096 | X10: =HLOOKUP(X$2,'[1]CPI_2015.12 = 100'!$C$1:$BH$298,$A10,TRUE) -> 75.447316 | Z10: =HLOOKUP(Z$2,'[1]CPI_2015.12 = 100'!$C$1:$BH$298,$A10,TRUE) -> 69.680236 | AA10: =HLOOKUP(AA$2,'[1]CPI_2015.12 = 100'!$C$1:$BH$298,$A10,TRUE) -> 56.601586 | AB10: =HLOOKUP(AB$2,'[1]CPI_2015.12 = 100'!$C$1:$BH$298,$A10,TRUE) -> 70.99815 | AC10: =HLOOKUP(AC$2,'[1]CPI_2015.12 = 100'!$C$1:$BH$298,$A10,TRUE) -> 76.98783 | AD10: =HLOOKUP(AD$2,'[1]CPI_2015.12 = 100'!$C$1:$BH$298,$A10,TRUE) -> 55.577162 | AF10: =HLOOKUP(AF$2,'[1]CPI_2015.12 = 100'!$C$1:$BH$298,$A10,TRUE) -> 78.481901 | AK10: =HLOOKUP(AK$2,'[1]CPI_2015.12 = 100'!$C$1:$BH$298,$A10,TRUE) -> 74.594853 | AL10: =HLOOKUP(AL$2,'[1]CPI_2015.12 = 100'!$C$1:$BH$298,$A10,TRUE) -> 24.167452 | AM10: =HLOOKUP(AM$2,'[1]CPI_2015.12 = 100'!$C$1:$BH$298,$A10,TRUE) -> 64.47068 | AN10: =HLOOKUP(AN$2,'[1]CPI_2015.12 = 100'!$C$1:$BH$298,$A10,TRUE) -> 47.883981 | AO10: =HLOOKUP(AO$2,'[1]CPI_2015.12 = 100'!$C$1:$BH$298,$A10,TRUE) -> 73.104206 | AR10: =HLOOKUP(AR$2,'[1]CPI_2015.12 = 100'!$C$1:$BH$298,$A10,TRUE) -> 21.859353 | AS10: =HLOOKUP(AS$2,'[1]CPI_2015.12 = 100'!$C$1:$BH$298,$A10,TRUE) -> 74.501992 | AT10: =HLOOKUP(AT$2,'[1]CPI_2015.12 = 100'!$C$1:$BH$298,$A10,TRUE) -> 75.044921
A11: 10 | B11: 2001.M09 | C11: 19.15507 | G11: =HLOOKUP(G$2,'[1]CPI_2015.12 = 100'!$C$1:$BH$298,$A11,TRUE) -> 76.941269 | H11: =HLOOKUP(H$2,'[1]CPI_2015.12 = 100'!$C$1:$BH$298,$A11,TRUE) -> 39.471464 | I11: =HLOOKUP(I$2,'[1]CPI_2015.12 = 100'!$C$1:$BH$298,$A11,TRUE) -> 64.071984 | J11: =HLOOKUP(J$2,'[1]CPI_2015.12 = 100'!$C$1:$BH$298,$A11,TRUE) -> 70.285975 | K11: =HLOOKUP(K$2,'[1]CPI_2015.12 = 100'!$C$1:$BH$298,$A11,TRUE) -> 52.556475 | L11: =HLOOKUP(L$2,'[1]CPI_2015.12 = 100'!$C$1:$BH$298,$A11,TRUE) -> 79.859719 | M11: =HLOOKUP(M$2,'[1]CPI_2015.12 = 100'!$C$1:$BH$298,$A11,TRUE) -> 28.846278 | N11: =HLOOKUP(N$2,'[1]CPI_2015.12 = 100'!$C$1:$BH$298,$A11,TRUE) -> 52.591355 | Q11: =HLOOKUP(Q$2,'[1]CPI_2015.12 = 100'!$C$1:$BH$298,$A11,TRUE) -> 79.958038 | R11: =HLOOKUP(R$2,'[1]CPI_2015.12 = 100'!$C$1:$BH$298,$A11,TRUE) -> 80.923695 | S11: =HLOOKUP(S$2,'[1]CPI_2015.12 = 100'!$C$1:$BH$298,$A11,TRUE) -> 74.314863 | T11: =HLOOKUP(T$2,'[1]CPI_2015.12 = 100'!$C$1:$BH$298,$A11,TRUE) -> 38.106162 | U11: =HLOOKUP(U$2,'[1]CPI_2015.12 = 100'!$C$1:$BH$298,$A11,TRUE) -> 37.092377 | W11: =HLOOKUP(W$2,'[1]CPI_2015.12 = 100'!$C$1:$BH$298,$A11,TRUE) -> 81.325301 | X11: =HLOOKUP(X$2,'[1]CPI_2015.12 = 100'!$C$1:$BH$298,$A11,TRUE) -> 75.646123 | Z11: =HLOOKUP(Z$2,'[1]CPI_2015.12 = 100'!$C$1:$BH$298,$A11,TRUE) -> 69.613969 | AA11: =HLOOKUP(AA$2,'[1]CPI_2015.12 = 100'!$C$1:$BH$298,$A11,TRUE) -> 56.975745 | AB11: =HLOOKUP(AB$2,'[1]CPI_2015.12 = 100'!$C$1:$BH$298,$A11,TRUE) -> 71.068306 | AC11: =HLOOKUP(AC$2,'[1]CPI_2015.12 = 100'!$C$1:$BH$298,$A11,TRUE) -> 76.947262 | AD11: =HLOOKUP(AD$2,'[1]CPI_2015.12 = 100'!$C$1:$BH$298,$A11,TRUE) -> 56.094519 | AF11: =HLOOKUP(AF$2,'[1]CPI_2015.12 = 100'!$C$1:$BH$298,$A11,TRUE) -> 79.4445 | AK11: =HLOOKUP(AK$2,'[1]CPI_2015.12 = 100'!$C$1:$BH$298,$A11,TRUE) -> 74.806972 | AL11: =HLOOKUP(AL$2,'[1]CPI_2015.12 = 100'!$C$1:$BH$298,$A11,TRUE) -> 24.312452 | AM11: =HLOOKUP(AM$2,'[1]CPI_2015.12 = 100'!$C$1:$BH$298,$A11,TRUE) -> 64.47068 | AN11: =HLOOKUP(AN$2,'[1]CPI_2015.12 = 100'!$C$1:$BH$298,$A11,TRUE) -> 48.01963 | AO11: =HLOOKUP(AO$2,'[1]CPI_2015.12 = 100'!$C$1:$BH$298,$A11,TRUE) -> 73.493856 | AR11: =HLOOKUP(AR$2,'[1]CPI_2015.12 = 100'!$C$1:$BH$298,$A11,TRUE) -> 23.14655 | AS11: =HLOOKUP(AS$2,'[1]CPI_2015.12 = 100'!$C$1:$BH$298,$A11,TRUE) -> 74.701195 | AT11: =HLOOKUP(AT$2,'[1]CPI_2015.12 = 100'!$C$1:$BH$298,$A11,TRUE) -> 75.383152
A12: 11 | B12: 2001.M10 | C12: 19.071389 | G12: =HLOOKUP(G$2,'[1]CPI_2015.12 = 100'!$C$1:$BH$298,$A12,TRUE) -> 76.823019 | H12: =HLOOKUP(H$2,'[1]CPI_2015.12 = 100'!$C$1:$BH$298,$A12,TRUE) -> 39.799073 | I12: =HLOOKUP(I$2,'[1]CPI_2015.12 = 100'!$C$1:$BH$298,$A12,TRUE) -> 64.158912 | J12: =HLOOKUP(J$2,'[1]CPI_2015.12 = 100'!$C$1:$BH$298,$A12,TRUE) -> 70.496837 | K12: =HLOOKUP(K$2,'[1]CPI_2015.12 = 100'!$C$1:$BH$298,$A12,TRUE) -> 52.659529 | L12: =HLOOKUP(L$2,'[1]CPI_2015.12 = 100'!$C$1:$BH$298,$A12,TRUE) -> 79.859719 | M12: =HLOOKUP(M$2,'[1]CPI_2015.12 = 100'!$C$1:$BH$298,$A12,TRUE) -> 28.918532 | N12: =HLOOKUP(N$2,'[1]CPI_2015.12 = 100'!$C$1:$BH$298,$A12,TRUE) -> 53.208551 | Q12: =HLOOKUP(Q$2,'[1]CPI_2015.12 = 100'!$C$1:$BH$298,$A12,TRUE) -> 80.007993 | R12: =HLOOKUP(R$2,'[1]CPI_2015.12 = 100'!$C$1:$BH$298,$A12,TRUE) -> 80.722892 | S12: =HLOOKUP(S$2,'[1]CPI_2015.12 = 100'!$C$1:$BH$298,$A12,TRUE) -> 74.544909 | T12: =HLOOKUP(T$2,'[1]CPI_2015.12 = 100'!$C$1:$BH$298,$A12,TRUE) -> 38.35198 | U12: =HLOOKUP(U$2,'[1]CPI_2015.12 = 100'!$C$1:$BH$298,$A12,TRUE) -> 37.343208 | W12: =HLOOKUP(W$2,'[1]CPI_2015.12 = 100'!$C$1:$BH$298,$A12,TRUE) -> 81.726908 | X12: =HLOOKUP(X$2,'[1]CPI_2015.12 = 100'!$C$1:$BH$298,$A12,TRUE) -> 76.043738 | Z12: =HLOOKUP(Z$2,'[1]CPI_2015.12 = 100'!$C$1:$BH$298,$A12,TRUE) -> 69.613969 | AA12: =HLOOKUP(AA$2,'[1]CPI_2015.12 = 100'!$C$1:$BH$298,$A12,TRUE) -> 57.05058 | AB12: =HLOOKUP(AB$2,'[1]CPI_2015.12 = 100'!$C$1:$BH$298,$A12,TRUE) -> 70.99815 | AC12: =HLOOKUP(AC$2,'[1]CPI_2015.12 = 100'!$C$1:$BH$298,$A12,TRUE) -> 76.440162 | AD12: =HLOOKUP(AD$2,'[1]CPI_2015.12 = 100'!$C$1:$BH$298,$A12,TRUE) -> 56.348049 | AF12: =HLOOKUP(AF$2,'[1]CPI_2015.12 = 100'!$C$1:$BH$298,$A12,TRUE) -> 79.364284 | AK12: =HLOOKUP(AK$2,'[1]CPI_2015.12 = 100'!$C$1:$BH$298,$A12,TRUE) -> 75.089795 | AL12: =HLOOKUP(AL$2,'[1]CPI_2015.12 = 100'!$C$1:$BH$298,$A12,TRUE) -> 24.577462 | AM12: =HLOOKUP(AM$2,'[1]CPI_2015.12 = 100'!$C$1:$BH$298,$A12,TRUE) -> 64.536804 | AN12: =HLOOKUP(AN$2,'[1]CPI_2015.12 = 100'!$C$1:$BH$298,$A12,TRUE) -> 47.974429 | AO12: =HLOOKUP(AO$2,'[1]CPI_2015.12 = 100'!$C$1:$BH$298,$A12,TRUE) -> 73.823559 | AR12: =HLOOKUP(AR$2,'[1]CPI_2015.12 = 100'!$C$1:$BH$298,$A12,TRUE) -> 24.552137 | AS12: =HLOOKUP(AS$2,'[1]CPI_2015.12 = 100'!$C$1:$BH$298,$A12,TRUE) -> 74.601594 | AT12: =HLOOKUP(AT$2,'[1]CPI_2015.12 = 100'!$C$1:$BH$298,$A12,TRUE) -> 75.129479
A13: 12 | B13: 2001.M11 | C13: 19.009115 | G13: =HLOOKUP(G$2,'[1]CPI_2015.12 = 100'!$C$1:$BH$298,$A13,TRUE) -> 76.911707 | H13: =HLOOKUP(H$2,'[1]CPI_2015.12 = 100'!$C$1:$BH$298,$A13,TRUE) -> 40.081724 | I13: =HLOOKUP(I$2,'[1]CPI_2015.12 = 100'!$C$1:$BH$298,$A13,TRUE) -> 64.153056 | J13: =HLOOKUP(J$2,'[1]CPI_2015.12 = 100'!$C$1:$BH$298,$A13,TRUE) -> 70.355841 | K13: =HLOOKUP(K$2,'[1]CPI_2015.12 = 100'!$C$1:$BH$298,$A13,TRUE) -> 52.71502 | L13: =HLOOKUP(L$2,'[1]CPI_2015.12 = 100'!$C$1:$BH$298,$A13,TRUE) -> 79.759519 | M13: =HLOOKUP(M$2,'[1]CPI_2015.12 = 100'!$C$1:$BH$298,$A13,TRUE) -> 28.88963 | N13: =HLOOKUP(N$2,'[1]CPI_2015.12 = 100'!$C$1:$BH$298,$A13,TRUE) -> 54.059141 | Q13: =HLOOKUP(Q$2,'[1]CPI_2015.12 = 100'!$C$1:$BH$298,$A13,TRUE) -> 79.798182 | R13: =HLOOKUP(R$2,'[1]CPI_2015.12 = 100'!$C$1:$BH$298,$A13,TRUE) -> 80.522088 | S13: =HLOOKUP(S$2,'[1]CPI_2015.12 = 100'!$C$1:$BH$298,$A13,TRUE) -> 74.644929 | T13: =HLOOKUP(T$2,'[1]CPI_2015.12 = 100'!$C$1:$BH$298,$A13,TRUE) -> 38.679801 | U13: =HLOOKUP(U$2,'[1]CPI_2015.12 = 100'!$C$1:$BH$298,$A13,TRUE) -> 37.98557 | W13: =HLOOKUP(W$2,'[1]CPI_2015.12 = 100'!$C$1:$BH$298,$A13,TRUE) -> 81.626506 | X13: =HLOOKUP(X$2,'[1]CPI_2015.12 = 100'!$C$1:$BH$298,$A13,TRUE) -> 76.242545 | Z13: =HLOOKUP(Z$2,'[1]CPI_2015.12 = 100'!$C$1:$BH$298,$A13,TRUE) -> 69.216367 | AA13: =HLOOKUP(AA$2,'[1]CPI_2015.12 = 100'!$C$1:$BH$298,$A13,TRUE) -> 57.18154 | AB13: =HLOOKUP(AB$2,'[1]CPI_2015.12 = 100'!$C$1:$BH$298,$A13,TRUE) -> 71.5594 | AC13: =HLOOKUP(AC$2,'[1]CPI_2015.12 = 100'!$C$1:$BH$298,$A13,TRUE) -> 74.705882 | AD13: =HLOOKUP(AD$2,'[1]CPI_2015.12 = 100'!$C$1:$BH$298,$A13,TRUE) -> 56.560308 | AF13: =HLOOKUP(AF$2,'[1]CPI_2015.12 = 100'!$C$1:$BH$298,$A13,TRUE) -> 79.264013 | AK13: =HLOOKUP(AK$2,'[1]CPI_2015.12 = 100'!$C$1:$BH$298,$A13,TRUE) -> 75.160499 | AL13: =HLOOKUP(AL$2,'[1]CPI_2015.12 = 100'!$C$1:$BH$298,$A13,TRUE) -> 24.911713 | AM13: =HLOOKUP(AM$2,'[1]CPI_2015.12 = 100'!$C$1:$BH$298,$A13,TRUE) -> 64.47068 | AN13: =HLOOKUP(AN$2,'[1]CPI_2015.12 = 100'!$C$1:$BH$298,$A13,TRUE) -> 48.200494 | AO13: =HLOOKUP(AO$2,'[1]CPI_2015.12 = 100'!$C$1:$BH$298,$A13,TRUE) -> 74.013388 | AR13: =HLOOKUP(AR$2,'[1]CPI_2015.12 = 100'!$C$1:$BH$298,$A13,TRUE) -> 25.589694 | AS13: =HLOOKUP(AS$2,'[1]CPI_2015.12 = 100'!$C$1:$BH$298,$A13,TRUE) -> 74.601594 | AT13: =HLOOKUP(AT$2,'[1]CPI_2015.12 = 100'!$C$1:$BH$298,$A13,TRUE) -> 75.002642
A14: 13 | B14: 2001.M12 | C14: 18.993547 | G14: =HLOOKUP(G$2,'[1]CPI_2015.12 = 100'!$C$1:$BH$298,$A14,TRUE) -> 76.744186 | H14: =HLOOKUP(H$2,'[1]CPI_2015.12 = 100'!$C$1:$BH$298,$A14,TRUE) -> 40.342342 | I14: =HLOOKUP(I$2,'[1]CPI_2015.12 = 100'!$C$1:$BH$298,$A14,TRUE) -> 63.954962 | J14: =HLOOKUP(J$2,'[1]CPI_2015.12 = 100'!$C$1:$BH$298,$A14,TRUE) -> 70.426206 | K14: =HLOOKUP(K$2,'[1]CPI_2015.12 = 100'!$C$1:$BH$298,$A14,TRUE) -> 52.897336 | L14: =HLOOKUP(L$2,'[1]CPI_2015.12 = 100'!$C$1:$BH$298,$A14,TRUE) -> 79.859719 | M14: =HLOOKUP(M$2,'[1]CPI_2015.12 = 100'!$C$1:$BH$298,$A14,TRUE) -> 28.959476 | N14: =HLOOKUP(N$2,'[1]CPI_2015.12 = 100'!$C$1:$BH$298,$A14,TRUE) -> 54.422198 | Q14: =HLOOKUP(Q$2,'[1]CPI_2015.12 = 100'!$C$1:$BH$298,$A14,TRUE) -> 79.908083 | R14: =HLOOKUP(R$2,'[1]CPI_2015.12 = 100'!$C$1:$BH$298,$A14,TRUE) -> 81.425703 | S14: =HLOOKUP(S$2,'[1]CPI_2015.12 = 100'!$C$1:$BH$298,$A14,TRUE) -> 75.485097 | T14: =HLOOKUP(T$2,'[1]CPI_2015.12 = 100'!$C$1:$BH$298,$A14,TRUE) -> 38.433945 | U14: =HLOOKUP(U$2,'[1]CPI_2015.12 = 100'!$C$1:$BH$298,$A14,TRUE) -> 38.597351 | W14: =HLOOKUP(W$2,'[1]CPI_2015.12 = 100'!$C$1:$BH$298,$A14,TRUE) -> 82.228916 | X14: =HLOOKUP(X$2,'[1]CPI_2015.12 = 100'!$C$1:$BH$298,$A14,TRUE) -> 76.341948 | Z14: =HLOOKUP(Z$2,'[1]CPI_2015.12 = 100'!$C$1:$BH$298,$A14,TRUE) -> 69.348901 | AA14: =HLOOKUP(AA$2,'[1]CPI_2015.12 = 100'!$C$1:$BH$298,$A14,TRUE) -> 57.406038 | AB14: =HLOOKUP(AB$2,'[1]CPI_2015.12 = 100'!$C$1:$BH$298,$A14,TRUE) -> 71.629557 | AC14: =HLOOKUP(AC$2,'[1]CPI_2015.12 = 100'!$C$1:$BH$298,$A14,TRUE) -> 75.121704 | AD14: =HLOOKUP(AD$2,'[1]CPI_2015.12 = 100'!$C$1:$BH$298,$A14,TRUE) -> 56.638638 | AF14: =HLOOKUP(AF$2,'[1]CPI_2015.12 = 100'!$C$1:$BH$298,$A14,TRUE) -> 79.023363 | AK14: =HLOOKUP(AK$2,'[1]CPI_2015.12 = 100'!$C$1:$BH$298,$A14,TRUE) -> 75.301915 | AL14: =HLOOKUP(AL$2,'[1]CPI_2015.12 = 100'!$C$1:$BH$298,$A14,TRUE) -> 25.310301 | AM14: =HLOOKUP(AM$2,'[1]CPI_2015.12 = 100'!$C$1:$BH$298,$A14,TRUE) -> 64.602929 | AN14: =HLOOKUP(AN$2,'[1]CPI_2015.12 = 100'!$C$1:$BH$298,$A14,TRUE) -> 48.471806 | AO14: =HLOOKUP(AO$2,'[1]CPI_2015.12 = 100'!$C$1:$BH$298,$A14,TRUE) -> 74.213208 | AR14: =HLOOKUP(AR$2,'[1]CPI_2015.12 = 100'!$C$1:$BH$298,$A14,TRUE) -> 26.414784 | AS14: =HLOOKUP(AS$2,'[1]CPI_2015.12 = 100'!$C$1:$BH$298,$A14,TRUE) -> 74.701195 | AT14: =HLOOKUP(AT$2,'[1]CPI_2015.12 = 100'!$C$1:$BH$298,$A14,TRUE) -> 74.706691 | AW14: =HLOOKUP(AW$2,'[1]CPI_2015.12 = 100'!$C$1:$BH$298,$A14,TRUE) -> 33.334138
A15: 14 | B15: 2002.M01 | C15: 19.429464 | G15: =HLOOKUP(G$2,'[1]CPI_2015.12 = 100'!$C$1:$BH$298,$A15,TRUE) -> 77.207331 | H15: =HLOOKUP(H$2,'[1]CPI_2015.12 = 100'!$C$1:$BH$298,$A15,TRUE) -> 40.552216 | I15: =HLOOKUP(I$2,'[1]CPI_2015.12 = 100'!$C$1:$BH$298,$A15,TRUE) -> 63.903137 | J15: =HLOOKUP(J$2,'[1]CPI_2015.12 = 100'!$C$1:$BH$298,$A15,TRUE) -> 70.637478 | K15: =HLOOKUP(K$2,'[1]CPI_2015.12 = 100'!$C$1:$BH$298,$A15,TRUE) -> 53.31747 | L15: =HLOOKUP(L$2,'[1]CPI_2015.12 = 100'!$C$1:$BH$298,$A15,TRUE) -> 79.95992 | M15: =HLOOKUP(M$2,'[1]CPI_2015.12 = 100'!$C$1:$BH$298,$A15,TRUE) -> 29.123252 | N15: =HLOOKUP(N$2,'[1]CPI_2015.12 = 100'!$C$1:$BH$298,$A15,TRUE) -> 55.404526 | Q15: =HLOOKUP(Q$2,'[1]CPI_2015.12 = 100'!$C$1:$BH$298,$A15,TRUE) -> 80.297732 | R15: =HLOOKUP(R$2,'[1]CPI_2015.12 = 100'!$C$1:$BH$298,$A15,TRUE) -> 81.425703 | S15: =HLOOKUP(S$2,'[1]CPI_2015.12 = 100'!$C$1:$BH$298,$A15,TRUE) -> 75.045009 | T15: =HLOOKUP(T$2,'[1]CPI_2015.12 = 100'!$C$1:$BH$298,$A15,TRUE) -> 38.270054 | U15: =HLOOKUP(U$2,'[1]CPI_2015.12 = 100'!$C$1:$BH$298,$A15,TRUE) -> 39.417152 | W15: =HLOOKUP(W$2,'[1]CPI_2015.12 = 100'!$C$1:$BH$298,$A15,TRUE) -> 82.128514 | X15: =HLOOKUP(X$2,'[1]CPI_2015.12 = 100'!$C$1:$BH$298,$A15,TRUE) -> 76.242545 | Z15: =HLOOKUP(Z$2,'[1]CPI_2015.12 = 100'!$C$1:$BH$298,$A15,TRUE) -> 69.746503 | AA15: =HLOOKUP(AA$2,'[1]CPI_2015.12 = 100'!$C$1:$BH$298,$A15,TRUE) -> 57.911157 | AB15: =HLOOKUP(AB$2,'[1]CPI_2015.12 = 100'!$C$1:$BH$298,$A15,TRUE) -> 71.769869 | AC15: =HLOOKUP(AC$2,'[1]CPI_2015.12 = 100'!$C$1:$BH$298,$A15,TRUE) -> 75.35497 | AD15: =HLOOKUP(AD$2,'[1]CPI_2015.12 = 100'!$C$1:$BH$298,$A15,TRUE) -> 57.161475 | AF15: =HLOOKUP(AF$2,'[1]CPI_2015.12 = 100'!$C$1:$BH$298,$A15,TRUE) -> 79.594906 | AK15: =HLOOKUP(AK$2,'[1]CPI_2015.12 = 100'!$C$1:$BH$298,$A15,TRUE) -> 75.938257 | AL15: =HLOOKUP(AL$2,'[1]CPI_2015.12 = 100'!$C$1:$BH$298,$A15,TRUE) -> 26.092391 | AM15: =HLOOKUP(AM$2,'[1]CPI_2015.12 = 100'!$C$1:$BH$298,$A15,TRUE) -> 64.735177 | AN15: =HLOOKUP(AN$2,'[1]CPI_2015.12 = 100'!$C$1:$BH$298,$A15,TRUE) -> 49.285694 | AO15: =HLOOKUP(AO$2,'[1]CPI_2015.12 = 100'!$C$1:$BH$298,$A15,TRUE) -> 74.083325 | AR15: =HLOOKUP(AR$2,'[1]CPI_2015.12 = 100'!$C$1:$BH$298,$A15,TRUE) -> 27.819912 | AS15: =HLOOKUP(AS$2,'[1]CPI_2015.12 = 100'!$C$1:$BH$298,$A15,TRUE) -> 74.501992 | AT15: =HLOOKUP(AT$2,'[1]CPI_2015.12 = 100'!$C$1:$BH$298,$A15,TRUE) -> 74.875806 | AW15: =HLOOKUP(AW$2,'[1]CPI_2015.12 = 100'!$C$1:$BH$298,$A15,TRUE) -> 33.682201
A16: 15 | B16: 2002.M02 | C16: 20.038581 | G16: =HLOOKUP(G$2,'[1]CPI_2015.12 = 100'!$C$1:$BH$298,$A16,TRUE) -> 77.335436 | H16: =HLOOKUP(H$2,'[1]CPI_2015.12 = 100'!$C$1:$BH$298,$A16,TRUE) -> 40.698215 | I16: =HLOOKUP(I$2,'[1]CPI_2015.12 = 100'!$C$1:$BH$298,$A16,TRUE) -> 63.908993 | J16: =HLOOKUP(J$2,'[1]CPI_2015.12 = 100'!$C$1:$BH$298,$A16,TRUE) -> 71.414497 | K16: =HLOOKUP(K$2,'[1]CPI_2015.12 = 100'!$C$1:$BH$298,$A16,TRUE) -> 53.991276 | L16: =HLOOKUP(L$2,'[1]CPI_2015.12 = 100'!$C$1:$BH$298,$A16,TRUE) -> 80.460922 | M16: =HLOOKUP(M$2,'[1]CPI_2015.12 = 100'!$C$1:$BH$298,$A16,TRUE) -> 29.135294 | N16: =HLOOKUP(N$2,'[1]CPI_2015.12 = 100'!$C$1:$BH$298,$A16,TRUE) -> 55.99579 | Q16: =HLOOKUP(Q$2,'[1]CPI_2015.12 = 100'!$C$1:$BH$298,$A16,TRUE) -> 80.37766 | R16: =HLOOKUP(R$2,'[1]CPI_2015.12 = 100'!$C$1:$BH$298,$A16,TRUE) -> 81.726908 | S16: =HLOOKUP(S$2,'[1]CPI_2015.12 = 100'!$C$1:$BH$298,$A16,TRUE) -> 74.174835 | T16: =HLOOKUP(T$2,'[1]CPI_2015.12 = 100'!$C$1:$BH$298,$A16,TRUE) -> 38.188089 | U16: =HLOOKUP(U$2,'[1]CPI_2015.12 = 100'!$C$1:$BH$298,$A16,TRUE) -> 39.863749 | W16: =HLOOKUP(W$2,'[1]CPI_2015.12 = 100'!$C$1:$BH$298,$A16,TRUE) -> 82.630522 | X16: =HLOOKUP(X$2,'[1]CPI_2015.12 = 100'!$C$1:$BH$298,$A16,TRUE) -> 76.043738 | Z16: =HLOOKUP(Z$2,'[1]CPI_2015.12 = 100'!$C$1:$BH$298,$A16,TRUE) -> 70.078889 | AA16: =HLOOKUP(AA$2,'[1]CPI_2015.12 = 100'!$C$1:$BH$298,$A16,TRUE) -> 57.724072 | AB16: =HLOOKUP(AB$2,'[1]CPI_2015.12 = 100'!$C$1:$BH$298,$A16,TRUE) -> 71.980338 | AC16: =HLOOKUP(AC$2,'[1]CPI_2015.12 = 100'!$C$1:$BH$298,$A16,TRUE) -> 74.756592 | AD16: =HLOOKUP(AD$2,'[1]CPI_2015.12 = 100'!$C$1:$BH$298,$A16,TRUE) -> 57.12473 | AF16: =HLOOKUP(AF$2,'[1]CPI_2015.12 = 100'!$C$1:$BH$298,$A16,TRUE) -> 80.02607 | AK16: =HLOOKUP(AK$2,'[1]CPI_2015.12 = 100'!$C$1:$BH$298,$A16,TRUE) -> 76.008969 | AL16: =HLOOKUP(AL$2,'[1]CPI_2015.12 = 100'!$C$1:$BH$298,$A16,TRUE) -> 26.395064 | AM16: =HLOOKUP(AM$2,'[1]CPI_2015.12 = 100'!$C$1:$BH$298,$A16,TRUE) -> 64.801302 | AN16: =HLOOKUP(AN$2,'[1]CPI_2015.12 = 100'!$C$1:$BH$298,$A16,TRUE) -> 49.88071 | AO16: =HLOOKUP(AO$2,'[1]CPI_2015.12 = 100'!$C$1:$BH$298,$A16,TRUE) -> 74.143271 | AR16: =HLOOKUP(AR$2,'[1]CPI_2015.12 = 100'!$C$1:$BH$298,$A16,TRUE) -> 28.307713 | AS16: =HLOOKUP(AS$2,'[1]CPI_2015.12 = 100'!$C$1:$BH$298,$A16,TRUE) -> 74.701195 | AT16: =HLOOKUP(AT$2,'[1]CPI_2015.12 = 100'!$C$1:$BH$298,$A16,TRUE) -> 75.171758 | AW16: =HLOOKUP(AW$2,'[1]CPI_2015.12 = 100'!$C$1:$BH$298,$A16,TRUE) -> 34.423209
A17: 16 | B17: 2002.M03 | C17: 20.832574 | G17: =HLOOKUP(G$2,'[1]CPI_2015.12 = 100'!$C$1:$BH$298,$A17,TRUE) -> 77.542373 | H17: =HLOOKUP(H$2,'[1]CPI_2015.12 = 100'!$C$1:$BH$298,$A17,TRUE) -> 40.942364 | I17: =HLOOKUP(I$2,'[1]CPI_2015.12 = 100'!$C$1:$BH$298,$A17,TRUE) -> 64.246676 | J17: =HLOOKUP(J$2,'[1]CPI_2015.12 = 100'!$C$1:$BH$298,$A17,TRUE) -> 70.486104 | K17: =HLOOKUP(K$2,'[1]CPI_2015.12 = 100'!$C$1:$BH$298,$A17,TRUE) -> 54.371773 | L17: =HLOOKUP(L$2,'[1]CPI_2015.12 = 100'!$C$1:$BH$298,$A17,TRUE) -> 80.961924 | M17: =HLOOKUP(M$2,'[1]CPI_2015.12 = 100'!$C$1:$BH$298,$A17,TRUE) -> 29.467663 | N17: =HLOOKUP(N$2,'[1]CPI_2015.12 = 100'!$C$1:$BH$298,$A17,TRUE) -> 56.624396 | Q17: =HLOOKUP(Q$2,'[1]CPI_2015.12 = 100'!$C$1:$BH$298,$A17,TRUE) -> 80.727345 | R17: =HLOOKUP(R$2,'[1]CPI_2015.12 = 100'!$C$1:$BH$298,$A17,TRUE) -> 81.827309 | S17: =HLOOKUP(S$2,'[1]CPI_2015.12 = 100'!$C$1:$BH$298,$A17,TRUE) -> 76.325265 | T17: =HLOOKUP(T$2,'[1]CPI_2015.12 = 100'!$C$1:$BH$298,$A17,TRUE) -> 38.35198 | U17: =HLOOKUP(U$2,'[1]CPI_2015.12 = 100'!$C$1:$BH$298,$A17,TRUE) -> 39.98611 | W17: =HLOOKUP(W$2,'[1]CPI_2015.12 = 100'!$C$1:$BH$298,$A17,TRUE) -> 83.333333 | X17: =HLOOKUP(X$2,'[1]CPI_2015.12 = 100'!$C$1:$BH$298,$A17,TRUE) -> 76.739563 | Z17: =HLOOKUP(Z$2,'[1]CPI_2015.12 = 100'!$C$1:$BH$298,$A17,TRUE) -> 70.477543 | AA17: =HLOOKUP(AA$2,'[1]CPI_2015.12 = 100'!$C$1:$BH$298,$A17,TRUE) -> 57.94857 | AB17: =HLOOKUP(AB$2,'[1]CPI_2015.12 = 100'!$C$1:$BH$298,$A17,TRUE) -> 72.471432 | AC17: =HLOOKUP(AC$2,'[1]CPI_2015.12 = 100'!$C$1:$BH$298,$A17,TRUE) -> 75.040568 | AD17: =HLOOKUP(AD$2,'[1]CPI_2015.12 = 100'!$C$1:$BH$298,$A17,TRUE) -> 57.416936 | AF17: =HLOOKUP(AF$2,'[1]CPI_2015.12 = 100'!$C$1:$BH$298,$A17,TRUE) -> 80.737993 | AK17: =HLOOKUP(AK$2,'[1]CPI_2015.12 = 100'!$C$1:$BH$298,$A17,TRUE) -> 76.150376 | AL17: =HLOOKUP(AL$2,'[1]CPI_2015.12 = 100'!$C$1:$BH$298,$A17,TRUE) -> 26.680128 | AM17: =HLOOKUP(AM$2,'[1]CPI_2015.12 = 100'!$C$1:$BH$298,$A17,TRUE) -> 64.735177 | AN17: =HLOOKUP(AN$2,'[1]CPI_2015.12 = 100'!$C$1:$BH$298,$A17,TRUE) -> 50.38108 | AO17: =HLOOKUP(AO$2,'[1]CPI_2015.12 = 100'!$C$1:$BH$298,$A17,TRUE) -> 74.792687 | AR17: =HLOOKUP(AR$2,'[1]CPI_2015.12 = 100'!$C$1:$BH$298,$A17,TRUE) -> 28.644543 | AS17: =HLOOKUP(AS$2,'[1]CPI_2015.12 = 100'!$C$1:$BH$298,$A17,TRUE) -> 74.900398 | AT17: =HLOOKUP(AT$2,'[1]CPI_2015.12 = 100'!$C$1:$BH$298,$A17,TRUE) -> 75.594546 | AW17: =HLOOKUP(AW$2,'[1]CPI_2015.12 = 100'!$C$1:$BH$298,$A17,TRUE) -> 34.147824
A18: 17 | B18: 2002.M04 | C18: 22.996593 | G18: =HLOOKUP(G$2,'[1]CPI_2015.12 = 100'!$C$1:$BH$298,$A18,TRUE) -> 77.562081 | H18: =HLOOKUP(H$2,'[1]CPI_2015.12 = 100'!$C$1:$BH$298,$A18,TRUE) -> 41.269972 | I18: =HLOOKUP(I$2,'[1]CPI_2015.12 = 100'!$C$1:$BH$298,$A18,TRUE) -> 64.48573 | J18: =HLOOKUP(J$2,'[1]CPI_2015.12 = 100'!$C$1:$BH$298,$A18,TRUE) -> 70.274643 | K18: =HLOOKUP(K$2,'[1]CPI_2015.12 = 100'!$C$1:$BH$298,$A18,TRUE) -> 54.87118 | L18: =HLOOKUP(L$2,'[1]CPI_2015.12 = 100'!$C$1:$BH$298,$A18,TRUE) -> 81.362725 | M18: =HLOOKUP(M$2,'[1]CPI_2015.12 = 100'!$C$1:$BH$298,$A18,TRUE) -> 29.667567 | N18: =HLOOKUP(N$2,'[1]CPI_2015.12 = 100'!$C$1:$BH$298,$A18,TRUE) -> 57.471356 | Q18: =HLOOKUP(Q$2,'[1]CPI_2015.12 = 100'!$C$1:$BH$298,$A18,TRUE) -> 81.057049 | R18: =HLOOKUP(R$2,'[1]CPI_2015.12 = 100'!$C$1:$BH$298,$A18,TRUE) -> 81.827309 | S18: =HLOOKUP(S$2,'[1]CPI_2015.12 = 100'!$C$1:$BH$298,$A18,TRUE) -> 76.975395 | T18: =HLOOKUP(T$2,'[1]CPI_2015.12 = 100'!$C$1:$BH$298,$A18,TRUE) -> 38.433945 | U18: =HLOOKUP(U$2,'[1]CPI_2015.12 = 100'!$C$1:$BH$298,$A18,TRUE) -> 39.906572 | W18: =HLOOKUP(W$2,'[1]CPI_2015.12 = 100'!$C$1:$BH$298,$A18,TRUE) -> 84.036145 | X18: =HLOOKUP(X$2,'[1]CPI_2015.12 = 100'!$C$1:$BH$298,$A18,TRUE) -> 77.335984 | Z18: =HLOOKUP(Z$2,'[1]CPI_2015.12 = 100'!$C$1:$BH$298,$A18,TRUE) -> 70.876196 | AA18: =HLOOKUP(AA$2,'[1]CPI_2015.12 = 100'!$C$1:$BH$298,$A18,TRUE) -> 57.995348 | AB18: =HLOOKUP(AB$2,'[1]CPI_2015.12 = 100'!$C$1:$BH$298,$A18,TRUE) -> 72.401276 | AC18: =HLOOKUP(AC$2,'[1]CPI_2015.12 = 100'!$C$1:$BH$298,$A18,TRUE) -> 77.423935 | AD18: =HLOOKUP(AD$2,'[1]CPI_2015.12 = 100'!$C$1:$BH$298,$A18,TRUE) -> 57.730569 | AF18: =HLOOKUP(AF$2,'[1]CPI_2015.12 = 100'!$C$1:$BH$298,$A18,TRUE) -> 81.119021 | AK18: =HLOOKUP(AK$2,'[1]CPI_2015.12 = 100'!$C$1:$BH$298,$A18,TRUE) -> 76.503912 | AL18: =HLOOKUP(AL$2,'[1]CPI_2015.12 = 100'!$C$1:$BH$298,$A18,TRUE) -> 26.989617 | AM18: =HLOOKUP(AM$2,'[1]CPI_2015.12 = 100'!$C$1:$BH$298,$A18,TRUE) -> 64.669053 | AN18: =HLOOKUP(AN$2,'[1]CPI_2015.12 = 100'!$C$1:$BH$298,$A18,TRUE) -> 51.239815 | AO18: =HLOOKUP(AO$2,'[1]CPI_2015.12 = 100'!$C$1:$BH$298,$A18,TRUE) -> 75.831751 | AR18: =HLOOKUP(AR$2,'[1]CPI_2015.12 = 100'!$C$1:$BH$298,$A18,TRUE) -> 29.233301 | AS18: =HLOOKUP(AS$2,'[1]CPI_2015.12 = 100'!$C$1:$BH$298,$A18,TRUE) -> 75.298805 | AT18: =HLOOKUP(AT$2,'[1]CPI_2015.12 = 100'!$C$1:$BH$298,$A18,TRUE) -> 76.017334 | AW18: =HLOOKUP(AW$2,'[1]CPI_2015.12 = 100'!$C$1:$BH$298,$A18,TRUE) -> 34.147824
A19: 18 | B19: 2002.M05 | C19: 23.919025 | G19: =HLOOKUP(G$2,'[1]CPI_2015.12 = 100'!$C$1:$BH$298,$A19,TRUE) -> 77.680331 | H19: =HLOOKUP(H$2,'[1]CPI_2015.12 = 100'!$C$1:$BH$298,$A19,TRUE) -> 41.356548 | I19: =HLOOKUP(I$2,'[1]CPI_2015.12 = 100'!$C$1:$BH$298,$A19,TRUE) -> 64.544246 | J19: =HLOOKUP(J$2,'[1]CPI_2015.12 = 100'!$C$1:$BH$298,$A19,TRUE) -> 70.063825 | K19: =HLOOKUP(K$2,'[1]CPI_2015.12 = 100'!$C$1:$BH$298,$A19,TRUE) -> 55.196186 | L19: =HLOOKUP(L$2,'[1]CPI_2015.12 = 100'!$C$1:$BH$298,$A19,TRUE) -> 81.462926 | M19: =HLOOKUP(M$2,'[1]CPI_2015.12 = 100'!$C$1:$BH$298,$A19,TRUE) -> 29.561594 | N19: =HLOOKUP(N$2,'[1]CPI_2015.12 = 100'!$C$1:$BH$298,$A19,TRUE) -> 57.752465 | Q19: =HLOOKUP(Q$2,'[1]CPI_2015.12 = 100'!$C$1:$BH$298,$A19,TRUE) -> 81.16695 | R19: =HLOOKUP(R$2,'[1]CPI_2015.12 = 100'!$C$1:$BH$298,$A19,TRUE) -> 81.927711 | S19: =HLOOKUP(S$2,'[1]CPI_2015.12 = 100'!$C$1:$BH$298,$A19,TRUE) -> 77.145429 | T19: =HLOOKUP(T$2,'[1]CPI_2015.12 = 100'!$C$1:$BH$298,$A19,TRUE) -> 38.679801 | U19: =HLOOKUP(U$2,'[1]CPI_2015.12 = 100'!$C$1:$BH$298,$A19,TRUE) -> 40.23082 | W19: =HLOOKUP(W$2,'[1]CPI_2015.12 = 100'!$C$1:$BH$298,$A19,TRUE) -> 84.437751 | X19: =HLOOKUP(X$2,'[1]CPI_2015.12 = 100'!$C$1:$BH$298,$A19,TRUE) -> 77.534791 | Z19: =HLOOKUP(Z$2,'[1]CPI_2015.12 = 100'!$C$1:$BH$298,$A19,TRUE) -> 71.141264 | AA19: =HLOOKUP(AA$2,'[1]CPI_2015.12 = 100'!$C$1:$BH$298,$A19,TRUE) -> 58.098241 | AB19: =HLOOKUP(AB$2,'[1]CPI_2015.12 = 100'!$C$1:$BH$298,$A19,TRUE) -> 72.471432 | AC19: =HLOOKUP(AC$2,'[1]CPI_2015.12 = 100'!$C$1:$BH$298,$A19,TRUE) -> 77.981744 | AD19: =HLOOKUP(AD$2,'[1]CPI_2015.12 = 100'!$C$1:$BH$298,$A19,TRUE) -> 57.847586 | AF19: =HLOOKUP(AF$2,'[1]CPI_2015.12 = 100'!$C$1:$BH$298,$A19,TRUE) -> 81.139076 | AK19: =HLOOKUP(AK$2,'[1]CPI_2015.12 = 100'!$C$1:$BH$298,$A19,TRUE) -> 76.362496 | AL19: =HLOOKUP(AL$2,'[1]CPI_2015.12 = 100'!$C$1:$BH$298,$A19,TRUE) -> 27.445743 | AM19: =HLOOKUP(AM$2,'[1]CPI_2015.12 = 100'!$C$1:$BH$298,$A19,TRUE) -> 64.669053 | AN19: =HLOOKUP(AN$2,'[1]CPI_2015.12 = 100'!$C$1:$BH$298,$A19,TRUE) -> 51.489985 | AO19: =HLOOKUP(AO$2,'[1]CPI_2015.12 = 100'!$C$1:$BH$298,$A19,TRUE) -> 76.091518 | AR19: =HLOOKUP(AR$2,'[1]CPI_2015.12 = 100'!$C$1:$BH$298,$A19,TRUE) -> 29.402634 | AS19: =HLOOKUP(AS$2,'[1]CPI_2015.12 = 100'!$C$1:$BH$298,$A19,TRUE) -> 75.498008 | AT19: =HLOOKUP(AT$2,'[1]CPI_2015.12 = 100'!$C$1:$BH$298,$A19,TRUE) -> 76.017334 | AW19: =HLOOKUP(AW$2,'[1]CPI_2015.12 = 100'!$C$1:$BH$298,$A19,TRUE) -> 34.250267
A20: 19 | B20: 2002.M06 | C20: 24.785022 | G20: =HLOOKUP(G$2,'[1]CPI_2015.12 = 100'!$C$1:$BH$298,$A20,TRUE) -> 77.46354 | H20: =HLOOKUP(H$2,'[1]CPI_2015.12 = 100'!$C$1:$BH$298,$A20,TRUE) -> 41.530145 | I20: =HLOOKUP(I$2,'[1]CPI_2015.12 = 100'!$C$1:$BH$298,$A20,TRUE) -> 64.462327 | J20: =HLOOKUP(J$2,'[1]CPI_2015.12 = 100'!$C$1:$BH$298,$A20,TRUE) -> 69.433246 | K20: =HLOOKUP(K$2,'[1]CPI_2015.12 = 100'!$C$1:$BH$298,$A20,TRUE) -> 55.434004 | L20: =HLOOKUP(L$2,'[1]CPI_2015.12 = 100'!$C$1:$BH$298,$A20,TRUE) -> 81.462926 | M20: =HLOOKUP(M$2,'[1]CPI_2015.12 = 100'!$C$1:$BH$298,$A20,TRUE) -> 29.595313 | N20: =HLOOKUP(N$2,'[1]CPI_2015.12 = 100'!$C$1:$BH$298,$A20,TRUE) -> 57.972893 | Q20: =HLOOKUP(Q$2,'[1]CPI_2015.12 = 100'!$C$1:$BH$298,$A20,TRUE) -> 81.126986 | R20: =HLOOKUP(R$2,'[1]CPI_2015.12 = 100'!$C$1:$BH$298,$A20,TRUE) -> 81.827309 | S20: =HLOOKUP(S$2,'[1]CPI_2015.12 = 100'!$C$1:$BH$298,$A20,TRUE) -> 76.935387 | T20: =HLOOKUP(T$2,'[1]CPI_2015.12 = 100'!$C$1:$BH$298,$A20,TRUE) -> 39.007584 | U20: =HLOOKUP(U$2,'[1]CPI_2015.12 = 100'!$C$1:$BH$298,$A20,TRUE) -> 40.353181 | W20: =HLOOKUP(W$2,'[1]CPI_2015.12 = 100'!$C$1:$BH$298,$A20,TRUE) -> 84.638554 | X20: =HLOOKUP(X$2,'[1]CPI_2015.12 = 100'!$C$1:$BH$298,$A20,TRUE) -> 77.634195 | Z20: =HLOOKUP(Z$2,'[1]CPI_2015.12 = 100'!$C$1:$BH$298,$A20,TRUE) -> 71.074997 | AA20: =HLOOKUP(AA$2,'[1]CPI_2015.12 = 100'!$C$1:$BH$298,$A20,TRUE) -> 57.780197 | AB20: =HLOOKUP(AB$2,'[1]CPI_2015.12 = 100'!$C$1:$BH$298,$A20,TRUE) -> 72.541588 | AC20: =HLOOKUP(AC$2,'[1]CPI_2015.12 = 100'!$C$1:$BH$298,$A20,TRUE) -> 77.931034 | AD20: =HLOOKUP(AD$2,'[1]CPI_2015.12 = 100'!$C$1:$BH$298,$A20,TRUE) -> 58.129629 | AF20: =HLOOKUP(AF$2,'[1]CPI_2015.12 = 100'!$C$1:$BH$298,$A20,TRUE) -> 80.868345 | AK20: =HLOOKUP(AK$2,'[1]CPI_2015.12 = 100'!$C$1:$BH$298,$A20,TRUE) -> 76.079673 | AL20: =HLOOKUP(AL$2,'[1]CPI_2015.12 = 100'!$C$1:$BH$298,$A20,TRUE) -> 27.591203 | AM20: =HLOOKUP(AM$2,'[1]CPI_2015.12 = 100'!$C$1:$BH$298,$A20,TRUE) -> 64.536804 | AN20: =HLOOKUP(AN$2,'[1]CPI_2015.12 = 100'!$C$1:$BH$298,$A20,TRUE) -> 51.929491 | AO20: =HLOOKUP(AO$2,'[1]CPI_2015.12 = 100'!$C$1:$BH$298,$A20,TRUE) -> 76.091518 | AR20: =HLOOKUP(AR$2,'[1]CPI_2015.12 = 100'!$C$1:$BH$298,$A20,TRUE) -> 29.57426 | AS20: =HLOOKUP(AS$2,'[1]CPI_2015.12 = 100'!$C$1:$BH$298,$A20,TRUE) -> 75.498008 | AT20: =HLOOKUP(AT$2,'[1]CPI_2015.12 = 100'!$C$1:$BH$298,$A20,TRUE) -> 76.059613 | AW20: =HLOOKUP(AW$2,'[1]CPI_2015.12 = 100'!$C$1:$BH$298,$A20,TRUE) -> 34.284517
A21: 20 | B21: 2002.M07 | C21: 25.575122 | G21: =HLOOKUP(G$2,'[1]CPI_2015.12 = 100'!$C$1:$BH$298,$A21,TRUE) -> 77.719748 | H21: =HLOOKUP(H$2,'[1]CPI_2015.12 = 100'!$C$1:$BH$298,$A21,TRUE) -> 42.02445 | I21: =HLOOKUP(I$2,'[1]CPI_2015.12 = 100'!$C$1:$BH$298,$A21,TRUE) -> 64.748196 | J21: =HLOOKUP(J$2,'[1]CPI_2015.12 = 100'!$C$1:$BH$298,$A21,TRUE) -> 68.947211 | K21: =HLOOKUP(K$2,'[1]CPI_2015.12 = 100'!$C$1:$BH$298,$A21,TRUE) -> 55.441931 | L21: =HLOOKUP(L$2,'[1]CPI_2015.12 = 100'!$C$1:$BH$298,$A21,TRUE) -> 81.162325 | M21: =HLOOKUP(M$2,'[1]CPI_2015.12 = 100'!$C$1:$BH$298,$A21,TRUE) -> 29.713328 | N21: =HLOOKUP(N$2,'[1]CPI_2015.12 = 100'!$C$1:$BH$298,$A21,TRUE) -> 57.934512 | Q21: =HLOOKUP(Q$2,'[1]CPI_2015.12 = 100'!$C$1:$BH$298,$A21,TRUE) -> 81.057049 | R21: =HLOOKUP(R$2,'[1]CPI_2015.12 = 100'!$C$1:$BH$298,$A21,TRUE) -> 82.128514 | S21: =HLOOKUP(S$2,'[1]CPI_2015.12 = 100'!$C$1:$BH$298,$A21,TRUE) -> 75.415083 | T21: =HLOOKUP(T$2,'[1]CPI_2015.12 = 100'!$C$1:$BH$298,$A21,TRUE) -> 39.417332 | U21: =HLOOKUP(U$2,'[1]CPI_2015.12 = 100'!$C$1:$BH$298,$A21,TRUE) -> 40.634593 | W21: =HLOOKUP(W$2,'[1]CPI_2015.12 = 100'!$C$1:$BH$298,$A21,TRUE) -> 84.136546 | X21: =HLOOKUP(X$2,'[1]CPI_2015.12 = 100'!$C$1:$BH$298,$A21,TRUE) -> 77.534791 | Z21: =HLOOKUP(Z$2,'[1]CPI_2015.12 = 100'!$C$1:$BH$298,$A21,TRUE) -> 70.876196 | AA21: =HLOOKUP(AA$2,'[1]CPI_2015.12 = 100'!$C$1:$BH$298,$A21,TRUE) -> 57.546344 | AB21: =HLOOKUP(AB$2,'[1]CPI_2015.12 = 100'!$C$1:$BH$298,$A21,TRUE) -> 72.541588 | AC21: =HLOOKUP(AC$2,'[1]CPI_2015.12 = 100'!$C$1:$BH$298,$A21,TRUE) -> 78.701826 | AD21: =HLOOKUP(AD$2,'[1]CPI_2015.12 = 100'!$C$1:$BH$298,$A21,TRUE) -> 58.296507 | AF21: =HLOOKUP(AF$2,'[1]CPI_2015.12 = 100'!$C$1:$BH$298,$A21,TRUE) -> 80.758047 | AK21: =HLOOKUP(AK$2,'[1]CPI_2015.12 = 100'!$C$1:$BH$298,$A21,TRUE) -> 75.726146 | AL21: =HLOOKUP(AL$2,'[1]CPI_2015.12 = 100'!$C$1:$BH$298,$A21,TRUE) -> 27.789863 | AM21: =HLOOKUP(AM$2,'[1]CPI_2015.12 = 100'!$C$1:$BH$298,$A21,TRUE) -> 64.735177 | AN21: =HLOOKUP(AN$2,'[1]CPI_2015.12 = 100'!$C$1:$BH$298,$A21,TRUE) -> 52.754414 | AO21: =HLOOKUP(AO$2,'[1]CPI_2015.12 = 100'!$C$1:$BH$298,$A21,TRUE) -> 75.571985 | AR21: =HLOOKUP(AR$2,'[1]CPI_2015.12 = 100'!$C$1:$BH$298,$A21,TRUE) -> 30.000571 | AS21: =HLOOKUP(AS$2,'[1]CPI_2015.12 = 100'!$C$1:$BH$298,$A21,TRUE) -> 75.298805 | AT21: =HLOOKUP(AT$2,'[1]CPI_2015.12 = 100'!$C$1:$BH$298,$A21,TRUE) -> 76.144171 | AW21: =HLOOKUP(AW$2,'[1]CPI_2015.12 = 100'!$C$1:$BH$298,$A21,TRUE) -> 34.250233
A22: 21 | B22: 2002.M08 | C22: 26.174509 | G22: =HLOOKUP(G$2,'[1]CPI_2015.12 = 100'!$C$1:$BH$298,$A22,TRUE) -> 77.690185 | H22: =HLOOKUP(H$2,'[1]CPI_2015.12 = 100'!$C$1:$BH$298,$A22,TRUE) -> 42.297532 | I22: =HLOOKUP(I$2,'[1]CPI_2015.12 = 100'!$C$1:$BH$298,$A22,TRUE) -> 64.99226 | J22: =HLOOKUP(J$2,'[1]CPI_2015.12 = 100'!$C$1:$BH$298,$A22,TRUE) -> 69.154059 | K22: =HLOOKUP(K$2,'[1]CPI_2015.12 = 100'!$C$1:$BH$298,$A22,TRUE) -> 55.497422 | L22: =HLOOKUP(L$2,'[1]CPI_2015.12 = 100'!$C$1:$BH$298,$A22,TRUE) -> 81.262525 | M22: =HLOOKUP(M$2,'[1]CPI_2015.12 = 100'!$C$1:$BH$298,$A22,TRUE) -> 29.97826 | N22: =HLOOKUP(N$2,'[1]CPI_2015.12 = 100'!$C$1:$BH$298,$A22,TRUE) -> 58.187615 | Q22: =HLOOKUP(Q$2,'[1]CPI_2015.12 = 100'!$C$1:$BH$298,$A22,TRUE) -> 81.236887 | R22: =HLOOKUP(R$2,'[1]CPI_2015.12 = 100'!$C$1:$BH$298,$A22,TRUE) -> 81.927711 | S22: =HLOOKUP(S$2,'[1]CPI_2015.12 = 100'!$C$1:$BH$298,$A22,TRUE) -> 75.565113 | T22: =HLOOKUP(T$2,'[1]CPI_2015.12 = 100'!$C$1:$BH$298,$A22,TRUE) -> 39.663151 | U22: =HLOOKUP(U$2,'[1]CPI_2015.12 = 100'!$C$1:$BH$298,$A22,TRUE) -> 40.756954 | W22: =HLOOKUP(W$2,'[1]CPI_2015.12 = 100'!$C$1:$BH$298,$A22,TRUE) -> 84.638554 | X22: =HLOOKUP(X$2,'[1]CPI_2015.12 = 100'!$C$1:$BH$298,$A22,TRUE) -> 77.335984 | Z22: =HLOOKUP(Z$2,'[1]CPI_2015.12 = 100'!$C$1:$BH$298,$A22,TRUE) -> 71.341117 | AA22: =HLOOKUP(AA$2,'[1]CPI_2015.12 = 100'!$C$1:$BH$298,$A22,TRUE) -> 57.106705 | AB22: =HLOOKUP(AB$2,'[1]CPI_2015.12 = 100'!$C$1:$BH$298,$A22,TRUE) -> 72.471432 | AC22: =HLOOKUP(AC$2,'[1]CPI_2015.12 = 100'!$C$1:$BH$298,$A22,TRUE) -> 78.762677 | AD22: =HLOOKUP(AD$2,'[1]CPI_2015.12 = 100'!$C$1:$BH$298,$A22,TRUE) -> 58.518166 | AF22: =HLOOKUP(AF$2,'[1]CPI_2015.12 = 100'!$C$1:$BH$298,$A22,TRUE) -> 81.028778 | AK22: =HLOOKUP(AK$2,'[1]CPI_2015.12 = 100'!$C$1:$BH$298,$A22,TRUE) -> 75.443322 | AL22: =HLOOKUP(AL$2,'[1]CPI_2015.12 = 100'!$C$1:$BH$298,$A22,TRUE) -> 27.814874 | AM22: =HLOOKUP(AM$2,'[1]CPI_2015.12 = 100'!$C$1:$BH$298,$A22,TRUE) -> 64.867426 | AN22: =HLOOKUP(AN$2,'[1]CPI_2015.12 = 100'!$C$1:$BH$298,$A22,TRUE) -> 53.03841 | AO22: =HLOOKUP(AO$2,'[1]CPI_2015.12 = 100'!$C$1:$BH$298,$A22,TRUE) -> 75.831751 | AR22: =HLOOKUP(AR$2,'[1]CPI_2015.12 = 100'!$C$1:$BH$298,$A22,TRUE) -> 30.655869 | AS22: =HLOOKUP(AS$2,'[1]CPI_2015.12 = 100'!$C$1:$BH$298,$A22,TRUE) -> 75.498008 | AT22: =HLOOKUP(AT$2,'[1]CPI_2015.12 = 100'!$C$1:$BH$298,$A22,TRUE) -> 76.397844 | AW22: =HLOOKUP(AW$2,'[1]CPI_2015.12 = 100'!$C$1:$BH$298,$A22,TRUE) -> 34.284483
A23: 22 | B23: 2002.M09 | C23: 26.526746 | G23: =HLOOKUP(G$2,'[1]CPI_2015.12 = 100'!$C$1:$BH$298,$A23,TRUE) -> 77.906977 | H23: =HLOOKUP(H$2,'[1]CPI_2015.12 = 100'!$C$1:$BH$298,$A23,TRUE) -> 42.601994 | I23: =HLOOKUP(I$2,'[1]CPI_2015.12 = 100'!$C$1:$BH$298,$A23,TRUE) -> 65.540585 | J23: =HLOOKUP(J$2,'[1]CPI_2015.12 = 100'!$C$1:$BH$298,$A23,TRUE) -> 69.845601 | K23: =HLOOKUP(K$2,'[1]CPI_2015.12 = 100'!$C$1:$BH$298,$A23,TRUE) -> 55.695593 | L23: =HLOOKUP(L$2,'[1]CPI_2015.12 = 100'!$C$1:$BH$298,$A23,TRUE) -> 81.763527 | M23: =HLOOKUP(M$2,'[1]CPI_2015.12 = 100'!$C$1:$BH$298,$A23,TRUE) -> 30.399742 | N23: =HLOOKUP(N$2,'[1]CPI_2015.12 = 100'!$C$1:$BH$298,$A23,TRUE) -> 58.523183 | Q23: =HLOOKUP(Q$2,'[1]CPI_2015.12 = 100'!$C$1:$BH$298,$A23,TRUE) -> 81.396743 | R23: =HLOOKUP(R$2,'[1]CPI_2015.12 = 100'!$C$1:$BH$298,$A23,TRUE) -> 81.827309 | S23: =HLOOKUP(S$2,'[1]CPI_2015.12 = 100'!$C$1:$BH$298,$A23,TRUE) -> 77.135427 | T23: =HLOOKUP(T$2,'[1]CPI_2015.12 = 100'!$C$1:$BH$298,$A23,TRUE) -> 39.745115 | U23: =HLOOKUP(U$2,'[1]CPI_2015.12 = 100'!$C$1:$BH$298,$A23,TRUE) -> 41.001664 | W23: =HLOOKUP(W$2,'[1]CPI_2015.12 = 100'!$C$1:$BH$298,$A23,TRUE) -> 84.939759 | X23: =HLOOKUP(X$2,'[1]CPI_2015.12 = 100'!$C$1:$BH$298,$A23,TRUE) -> 77.833002 | Z23: =HLOOKUP(Z$2,'[1]CPI_2015.12 = 100'!$C$1:$BH$298,$A23,TRUE) -> 71.740823 | AA23: =HLOOKUP(AA$2,'[1]CPI_2015.12 = 100'!$C$1:$BH$298,$A23,TRUE) -> 57.546344 | AB23: =HLOOKUP(AB$2,'[1]CPI_2015.12 = 100'!$C$1:$BH$298,$A23,TRUE) -> 72.541588 | AC23: =HLOOKUP(AC$2,'[1]CPI_2015.12 = 100'!$C$1:$BH$298,$A23,TRUE) -> 78.640974 | AD23: =HLOOKUP(AD$2,'[1]CPI_2015.12 = 100'!$C$1:$BH$298,$A23,TRUE) -> 58.870138 | AF23: =HLOOKUP(AF$2,'[1]CPI_2015.12 = 100'!$C$1:$BH$298,$A23,TRUE) -> 81.91116 | AK23: =HLOOKUP(AK$2,'[1]CPI_2015.12 = 100'!$C$1:$BH$298,$A23,TRUE) -> 75.655434 | AL23: =HLOOKUP(AL$2,'[1]CPI_2015.12 = 100'!$C$1:$BH$298,$A23,TRUE) -> 27.926129 | AM23: =HLOOKUP(AM$2,'[1]CPI_2015.12 = 100'!$C$1:$BH$298,$A23,TRUE) -> 64.93355 | AN23: =HLOOKUP(AN$2,'[1]CPI_2015.12 = 100'!$C$1:$BH$298,$A23,TRUE) -> 53.504969 | AO23: =HLOOKUP(AO$2,'[1]CPI_2015.12 = 100'!$C$1:$BH$298,$A23,TRUE) -> 76.091518 | AR23: =HLOOKUP(AR$2,'[1]CPI_2015.12 = 100'!$C$1:$BH$298,$A23,TRUE) -> 31.721878 | AS23: =HLOOKUP(AS$2,'[1]CPI_2015.12 = 100'!$C$1:$BH$298,$A23,TRUE) -> 75.697211 | AT23: =HLOOKUP(AT$2,'[1]CPI_2015.12 = 100'!$C$1:$BH$298,$A23,TRUE) -> 76.52468 | AW23: =HLOOKUP(AW$2,'[1]CPI_2015.12 = 100'!$C$1:$BH$298,$A23,TRUE) -> 34.353052
A24: 23 | B24: 2002.M10 | C24: 26.585127 | G24: =HLOOKUP(G$2,'[1]CPI_2015.12 = 100'!$C$1:$BH$298,$A24,TRUE) -> 77.818289 | H24: =HLOOKUP(H$2,'[1]CPI_2015.12 = 100'!$C$1:$BH$298,$A24,TRUE) -> 43.160174 | I24: =HLOOKUP(I$2,'[1]CPI_2015.12 = 100'!$C$1:$BH$298,$A24,TRUE) -> 66.111476 | J24: =HLOOKUP(J$2,'[1]CPI_2015.12 = 100'!$C$1:$BH$298,$A24,TRUE) -> 69.985288 | K24: =HLOOKUP(K$2,'[1]CPI_2015.12 = 100'!$C$1:$BH$298,$A24,TRUE) -> 56.012683 | L24: =HLOOKUP(L$2,'[1]CPI_2015.12 = 100'!$C$1:$BH$298,$A24,TRUE) -> 81.963928 | M24: =HLOOKUP(M$2,'[1]CPI_2015.12 = 100'!$C$1:$BH$298,$A24,TRUE) -> 31.283652 | N24: =HLOOKUP(N$2,'[1]CPI_2015.12 = 100'!$C$1:$BH$298,$A24,TRUE) -> 58.900762 | Q24: =HLOOKUP(Q$2,'[1]CPI_2015.12 = 100'!$C$1:$BH$298,$A24,TRUE) -> 81.536617 | R24: =HLOOKUP(R$2,'[1]CPI_2015.12 = 100'!$C$1:$BH$298,$A24,TRUE) -> 81.726908 | S24: =HLOOKUP(S$2,'[1]CPI_2015.12 = 100'!$C$1:$BH$298,$A24,TRUE) -> 77.545509 | T24: =HLOOKUP(T$2,'[1]CPI_2015.12 = 100'!$C$1:$BH$298,$A24,TRUE) -> 39.909007 | U24: =HLOOKUP(U$2,'[1]CPI_2015.12 = 100'!$C$1:$BH$298,$A24,TRUE) -> 41.20355 | W24: =HLOOKUP(W$2,'[1]CPI_2015.12 = 100'!$C$1:$BH$298,$A24,TRUE) -> 85.341365 | X24: =HLOOKUP(X$2,'[1]CPI_2015.12 = 100'!$C$1:$BH$298,$A24,TRUE) -> 78.230616 | Z24: =HLOOKUP(Z$2,'[1]CPI_2015.12 = 100'!$C$1:$BH$298,$A24,TRUE) -> 71.539918 | AA24: =HLOOKUP(AA$2,'[1]CPI_2015.12 = 100'!$C$1:$BH$298,$A24,TRUE) -> 57.985993 | AB24: =HLOOKUP(AB$2,'[1]CPI_2015.12 = 100'!$C$1:$BH$298,$A24,TRUE) -> 72.471432 | AC24: =HLOOKUP(AC$2,'[1]CPI_2015.12 = 100'!$C$1:$BH$298,$A24,TRUE) -> 78.438134 | AD24: =HLOOKUP(AD$2,'[1]CPI_2015.12 = 100'!$C$1:$BH$298,$A24,TRUE) -> 59.129608 | AF24: =HLOOKUP(AF$2,'[1]CPI_2015.12 = 100'!$C$1:$BH$298,$A24,TRUE) -> 81.710619 | AK24: =HLOOKUP(AK$2,'[1]CPI_2015.12 = 100'!$C$1:$BH$298,$A24,TRUE) -> 75.867553 | AL24: =HLOOKUP(AL$2,'[1]CPI_2015.12 = 100'!$C$1:$BH$298,$A24,TRUE) -> 28.224941 | AM24: =HLOOKUP(AM$2,'[1]CPI_2015.12 = 100'!$C$1:$BH$298,$A24,TRUE) -> 64.93355 | AN24: =HLOOKUP(AN$2,'[1]CPI_2015.12 = 100'!$C$1:$BH$298,$A24,TRUE) -> 54.30284 | AO24: =HLOOKUP(AO$2,'[1]CPI_2015.12 = 100'!$C$1:$BH$298,$A24,TRUE) -> 76.800879 | AR24: =HLOOKUP(AR$2,'[1]CPI_2015.12 = 100'!$C$1:$BH$298,$A24,TRUE) -> 32.764484 | AS24: =HLOOKUP(AS$2,'[1]CPI_2015.12 = 100'!$C$1:$BH$298,$A24,TRUE) -> 75.796813 | AT24: =HLOOKUP(AT$2,'[1]CPI_2015.12 = 100'!$C$1:$BH$298,$A24,TRUE) -> 76.651517 | AW24: =HLOOKUP(AW$2,'[1]CPI_2015.12 = 100'!$C$1:$BH$298,$A24,TRUE) -> 34.456111
A25: 24 | B25: 2002.M11 | C25: 26.721352 | G25: =HLOOKUP(G$2,'[1]CPI_2015.12 = 100'!$C$1:$BH$298,$A25,TRUE) -> 77.759164 | H25: =HLOOKUP(H$2,'[1]CPI_2015.12 = 100'!$C$1:$BH$298,$A25,TRUE) -> 44.463708 | I25: =HLOOKUP(I$2,'[1]CPI_2015.12 = 100'!$C$1:$BH$298,$A25,TRUE) -> 66.052971 | J25: =HLOOKUP(J$2,'[1]CPI_2015.12 = 100'!$C$1:$BH$298,$A25,TRUE) -> 69.9153 | K25: =HLOOKUP(K$2,'[1]CPI_2015.12 = 100'!$C$1:$BH$298,$A25,TRUE) -> 56.440744 | L25: =HLOOKUP(L$2,'[1]CPI_2015.12 = 100'!$C$1:$BH$298,$A25,TRUE) -> 81.963928 | M25: =HLOOKUP(M$2,'[1]CPI_2015.12 = 100'!$C$1:$BH$298,$A25,TRUE) -> 31.432977 | N25: =HLOOKUP(N$2,'[1]CPI_2015.12 = 100'!$C$1:$BH$298,$A25,TRUE) -> 59.309978 | Q25: =HLOOKUP(Q$2,'[1]CPI_2015.12 = 100'!$C$1:$BH$298,$A25,TRUE) -> 81.486662 | R25: =HLOOKUP(R$2,'[1]CPI_2015.12 = 100'!$C$1:$BH$298,$A25,TRUE) -> 81.425703 | S25: =HLOOKUP(S$2,'[1]CPI_2015.12 = 100'!$C$1:$BH$298,$A25,TRUE) -> 77.555511 | T25: =HLOOKUP(T$2,'[1]CPI_2015.12 = 100'!$C$1:$BH$298,$A25,TRUE) -> 40.072898 | U25: =HLOOKUP(U$2,'[1]CPI_2015.12 = 100'!$C$1:$BH$298,$A25,TRUE) -> 41.937692 | W25: =HLOOKUP(W$2,'[1]CPI_2015.12 = 100'!$C$1:$BH$298,$A25,TRUE) -> 85.341365 | X25: =HLOOKUP(X$2,'[1]CPI_2015.12 = 100'!$C$1:$BH$298,$A25,TRUE) -> 78.429423 | Z25: =HLOOKUP(Z$2,'[1]CPI_2015.12 = 100'!$C$1:$BH$298,$A25,TRUE) -> 71.607237 | AA25: =HLOOKUP(AA$2,'[1]CPI_2015.12 = 100'!$C$1:$BH$298,$A25,TRUE) -> 58.088885 | AB25: =HLOOKUP(AB$2,'[1]CPI_2015.12 = 100'!$C$1:$BH$298,$A25,TRUE) -> 72.681901 | AC25: =HLOOKUP(AC$2,'[1]CPI_2015.12 = 100'!$C$1:$BH$298,$A25,TRUE) -> 76.409736 | AD25: =HLOOKUP(AD$2,'[1]CPI_2015.12 = 100'!$C$1:$BH$298,$A25,TRUE) -> 59.60784 | AF25: =HLOOKUP(AF$2,'[1]CPI_2015.12 = 100'!$C$1:$BH$298,$A25,TRUE) -> 81.469969 | AK25: =HLOOKUP(AK$2,'[1]CPI_2015.12 = 100'!$C$1:$BH$298,$A25,TRUE) -> 75.796849 | AL25: =HLOOKUP(AL$2,'[1]CPI_2015.12 = 100'!$C$1:$BH$298,$A25,TRUE) -> 28.679361 | AM25: =HLOOKUP(AM$2,'[1]CPI_2015.12 = 100'!$C$1:$BH$298,$A25,TRUE) -> 64.999675 | AN25: =HLOOKUP(AN$2,'[1]CPI_2015.12 = 100'!$C$1:$BH$298,$A25,TRUE) -> 54.95196 | AO25: =HLOOKUP(AO$2,'[1]CPI_2015.12 = 100'!$C$1:$BH$298,$A25,TRUE) -> 76.930762 | AR25: =HLOOKUP(AR$2,'[1]CPI_2015.12 = 100'!$C$1:$BH$298,$A25,TRUE) -> 33.71852 | AS25: =HLOOKUP(AS$2,'[1]CPI_2015.12 = 100'!$C$1:$BH$298,$A25,TRUE) -> 75.796813 | AT25: =HLOOKUP(AT$2,'[1]CPI_2015.12 = 100'!$C$1:$BH$298,$A25,TRUE) -> 76.651517 | AW25: =HLOOKUP(AW$2,'[1]CPI_2015.12 = 100'!$C$1:$BH$298,$A25,TRUE) -> 34.55948
... A41: 40 | B41: 2004.M03 | C41: 28.062187 | G41: =HLOOKUP(G$2,'[1]CPI_2015.12 = 100'!$C$1:$BH$298,$A41,TRUE) -> 79.789121 | H41: =HLOOKUP(H$2,'[1]CPI_2015.12 = 100'!$C$1:$BH$298,$A41,TRUE) -> 50.537816 | I41: =HLOOKUP(I$2,'[1]CPI_2015.12 = 100'!$C$1:$BH$298,$A41,TRUE) -> 66.629718 | J41: =HLOOKUP(J$2,'[1]CPI_2015.12 = 100'!$C$1:$BH$298,$A41,TRUE) -> 73.242778 | K41: =HLOOKUP(K$2,'[1]CPI_2015.12 = 100'!$C$1:$BH$298,$A41,TRUE) -> 62.1403 | L41: =HLOOKUP(L$2,'[1]CPI_2015.12 = 100'!$C$1:$BH$298,$A41,TRUE) -> 83.667335 | M41: =HLOOKUP(M$2,'[1]CPI_2015.12 = 100'!$C$1:$BH$298,$A41,TRUE) -> 56.782152 | N41: =HLOOKUP(N$2,'[1]CPI_2015.12 = 100'!$C$1:$BH$298,$A41,TRUE) -> 64.265702 | Q41: =HLOOKUP(Q$2,'[1]CPI_2015.12 = 100'!$C$1:$BH$298,$A41,TRUE) -> 84.364072 | R41: =HLOOKUP(R$2,'[1]CPI_2015.12 = 100'!$C$1:$BH$298,$A41,TRUE) -> 83.73494 | S41: =HLOOKUP(S$2,'[1]CPI_2015.12 = 100'!$C$1:$BH$298,$A41,TRUE) -> 81.636327 | T41: =HLOOKUP(T$2,'[1]CPI_2015.12 = 100'!$C$1:$BH$298,$A41,TRUE) -> 41.302142 | U41: =HLOOKUP(U$2,'[1]CPI_2015.12 = 100'!$C$1:$BH$298,$A41,TRUE) -> 45.027191 | W41: =HLOOKUP(W$2,'[1]CPI_2015.12 = 100'!$C$1:$BH$298,$A41,TRUE) -> 89.056225 | X41: =HLOOKUP(X$2,'[1]CPI_2015.12 = 100'!$C$1:$BH$298,$A41,TRUE) -> 80.815109 | Z41: =HLOOKUP(Z$2,'[1]CPI_2015.12 = 100'!$C$1:$BH$298,$A41,TRUE) -> 75.924056 | AA41: =HLOOKUP(AA$2,'[1]CPI_2015.12 = 100'!$C$1:$BH$298,$A41,TRUE) -> 62.073723 | AB41: =HLOOKUP(AB$2,'[1]CPI_2015.12 = 100'!$C$1:$BH$298,$A41,TRUE) -> 73.664088 | AC41: =HLOOKUP(AC$2,'[1]CPI_2015.12 = 100'!$C$1:$BH$298,$A41,TRUE) -> 78.498986 | AD41: =HLOOKUP(AD$2,'[1]CPI_2015.12 = 100'!$C$1:$BH$298,$A41,TRUE) -> 63.223006 | AF41: =HLOOKUP(AF$2,'[1]CPI_2015.12 = 100'!$C$1:$BH$298,$A41,TRUE) -> 83.665898 | AK41: =HLOOKUP(AK$2,'[1]CPI_2015.12 = 100'!$C$1:$BH$298,$A41,TRUE) -> 77.635205 | AL41: =HLOOKUP(AL$2,'[1]CPI_2015.12 = 100'!$C$1:$BH$298,$A41,TRUE) -> 33.762564 | AM41: =HLOOKUP(AM$2,'[1]CPI_2015.12 = 100'!$C$1:$BH$298,$A41,TRUE) -> 65.594794 | AN41: =HLOOKUP(AN$2,'[1]CPI_2015.12 = 100'!$C$1:$BH$298,$A41,TRUE) -> 54.782917 | AO41: =HLOOKUP(AO$2,'[1]CPI_2015.12 = 100'!$C$1:$BH$298,$A41,TRUE) -> 79.268658 | AR41: =HLOOKUP(AR$2,'[1]CPI_2015.12 = 100'!$C$1:$BH$298,$A41,TRUE) -> 39.45982 | AS41: =HLOOKUP(AS$2,'[1]CPI_2015.12 = 100'!$C$1:$BH$298,$A41,TRUE) -> 76.992032 | AT41: =HLOOKUP(AT$2,'[1]CPI_2015.12 = 100'!$C$1:$BH$298,$A41,TRUE) -> 79.230525 | AW41: =HLOOKUP(AW$2,'[1]CPI_2015.12 = 100'!$C$1:$BH$298,$A41,TRUE) -> 37.479165
A42: 41 | B42: 2004.M04 | C42: 28.301552 | G42: =HLOOKUP(G$2,'[1]CPI_2015.12 = 100'!$C$1:$BH$298,$A42,TRUE) -> 80.222704 | H42: =HLOOKUP(H$2,'[1]CPI_2015.12 = 100'!$C$1:$BH$298,$A42,TRUE) -> 50.724767 | I42: =HLOOKUP(I$2,'[1]CPI_2015.12 = 100'!$C$1:$BH$298,$A42,TRUE) -> 66.874617 | J42: =HLOOKUP(J$2,'[1]CPI_2015.12 = 100'!$C$1:$BH$298,$A42,TRUE) -> 73.608995 | K42: =HLOOKUP(K$2,'[1]CPI_2015.12 = 100'!$C$1:$BH$298,$A42,TRUE) -> 62.417755 | L42: =HLOOKUP(L$2,'[1]CPI_2015.12 = 100'!$C$1:$BH$298,$A42,TRUE) -> 83.767535 | M42: =HLOOKUP(M$2,'[1]CPI_2015.12 = 100'!$C$1:$BH$298,$A42,TRUE) -> 57.177142 | N42: =HLOOKUP(N$2,'[1]CPI_2015.12 = 100'!$C$1:$BH$298,$A42,TRUE) -> 64.685292 | Q42: =HLOOKUP(Q$2,'[1]CPI_2015.12 = 100'!$C$1:$BH$298,$A42,TRUE) -> 84.593866 | R42: =HLOOKUP(R$2,'[1]CPI_2015.12 = 100'!$C$1:$BH$298,$A42,TRUE) -> 84.036145 | S42: =HLOOKUP(S$2,'[1]CPI_2015.12 = 100'!$C$1:$BH$298,$A42,TRUE) -> 81.926385 | T42: =HLOOKUP(T$2,'[1]CPI_2015.12 = 100'!$C$1:$BH$298,$A42,TRUE) -> 41.302142 | U42: =HLOOKUP(U$2,'[1]CPI_2015.12 = 100'!$C$1:$BH$298,$A42,TRUE) -> 45.473799 | V42: =HLOOKUP(V$2,'[1]CPI_2015.12 = 100'!$C$1:$BH$298,$A42,TRUE) -> 14.28267 | W42: =HLOOKUP(W$2,'[1]CPI_2015.12 = 100'!$C$1:$BH$298,$A42,TRUE) -> 89.35743 | X42: =HLOOKUP(X$2,'[1]CPI_2015.12 = 100'!$C$1:$BH$298,$A42,TRUE) -> 81.510934 | Z42: =HLOOKUP(Z$2,'[1]CPI_2015.12 = 100'!$C$1:$BH$298,$A42,TRUE) -> 75.924056 | AA42: =HLOOKUP(AA$2,'[1]CPI_2015.12 = 100'!$C$1:$BH$298,$A42,TRUE) -> 62.429181 | AB42: =HLOOKUP(AB$2,'[1]CPI_2015.12 = 100'!$C$1:$BH$298,$A42,TRUE) -> 73.804401 | AC42: =HLOOKUP(AC$2,'[1]CPI_2015.12 = 100'!$C$1:$BH$298,$A42,TRUE) -> 81.78499 | AD42: =HLOOKUP(AD$2,'[1]CPI_2015.12 = 100'!$C$1:$BH$298,$A42,TRUE) -> 63.318416 | AF42: =HLOOKUP(AF$2,'[1]CPI_2015.12 = 100'!$C$1:$BH$298,$A42,TRUE) -> 83.936629 | AK42: =HLOOKUP(AK$2,'[1]CPI_2015.12 = 100'!$C$1:$BH$298,$A42,TRUE) -> 78.271563 | AL42: =HLOOKUP(AL$2,'[1]CPI_2015.12 = 100'!$C$1:$BH$298,$A42,TRUE) -> 34.096815 | AM42: =HLOOKUP(AM$2,'[1]CPI_2015.12 = 100'!$C$1:$BH$298,$A42,TRUE) -> 65.330296 | AN42: =HLOOKUP(AN$2,'[1]CPI_2015.12 = 100'!$C$1:$BH$298,$A42,TRUE) -> 54.843765 | AO42: =HLOOKUP(AO$2,'[1]CPI_2015.12 = 100'!$C$1:$BH$298,$A42,TRUE) -> 80.37766 | AR42: =HLOOKUP(AR$2,'[1]CPI_2015.12 = 100'!$C$1:$BH$298,$A42,TRUE) -> 39.656452 | AS42: =HLOOKUP(AS$2,'[1]CPI_2015.12 = 100'!$C$1:$BH$298,$A42,TRUE) -> 77.290837 | AT42: =HLOOKUP(AT$2,'[1]CPI_2015.12 = 100'!$C$1:$BH$298,$A42,TRUE) -> 79.484198 | AW42: =HLOOKUP(AW$2,'[1]CPI_2015.12 = 100'!$C$1:$BH$298,$A42,TRUE) -> 37.666561
A43: 42 | B43: 2004.M05 | C43: 28.47086 | G43: =HLOOKUP(G$2,'[1]CPI_2015.12 = 100'!$C$1:$BH$298,$A43,TRUE) -> 80.528183 | H43: =HLOOKUP(H$2,'[1]CPI_2015.12 = 100'!$C$1:$BH$298,$A43,TRUE) -> 50.983381 | I43: =HLOOKUP(I$2,'[1]CPI_2015.12 = 100'!$C$1:$BH$298,$A43,TRUE) -> 67.224012 | J43: =HLOOKUP(J$2,'[1]CPI_2015.12 = 100'!$C$1:$BH$298,$A43,TRUE) -> 73.535381 | K43: =HLOOKUP(K$2,'[1]CPI_2015.12 = 100'!$C$1:$BH$298,$A43,TRUE) -> 62.655561 | L43: =HLOOKUP(L$2,'[1]CPI_2015.12 = 100'!$C$1:$BH$298,$A43,TRUE) -> 84.068136 | M43: =HLOOKUP(M$2,'[1]CPI_2015.12 = 100'!$C$1:$BH$298,$A43,TRUE) -> 58.680029 | N43: =HLOOKUP(N$2,'[1]CPI_2015.12 = 100'!$C$1:$BH$298,$A43,TRUE) -> 64.377731 | Q43: =HLOOKUP(Q$2,'[1]CPI_2015.12 = 100'!$C$1:$BH$298,$A43,TRUE) -> 84.93356 | R43: =HLOOKUP(R$2,'[1]CPI_2015.12 = 100'!$C$1:$BH$298,$A43,TRUE) -> 84.236948 | S43: =HLOOKUP(S$2,'[1]CPI_2015.12 = 100'!$C$1:$BH$298,$A43,TRUE) -> 82.276455 | T43: =HLOOKUP(T$2,'[1]CPI_2015.12 = 100'!$C$1:$BH$298,$A43,TRUE) -> 41.629925 | U43: =HLOOKUP(U$2,'[1]CPI_2015.12 = 100'!$C$1:$BH$298,$A43,TRUE) -> 45.877572 | V43: =HLOOKUP(V$2,'[1]CPI_2015.12 = 100'!$C$1:$BH$298,$A43,TRUE) -> 14.491176 | W43: =HLOOKUP(W$2,'[1]CPI_2015.12 = 100'!$C$1:$BH$298,$A43,TRUE) -> 89.558233 | X43: =HLOOKUP(X$2,'[1]CPI_2015.12 = 100'!$C$1:$BH$298,$A43,TRUE) -> 81.610338 | Z43: =HLOOKUP(Z$2,'[1]CPI_2015.12 = 100'!$C$1:$BH$298,$A43,TRUE) -> 75.858841 | AA43: =HLOOKUP(AA$2,'[1]CPI_2015.12 = 100'!$C$1:$BH$298,$A43,TRUE) -> 63.224277 | AB43: =HLOOKUP(AB$2,'[1]CPI_2015.12 = 100'!$C$1:$BH$298,$A43,TRUE) -> 74.01487 | AC43: =HLOOKUP(AC$2,'[1]CPI_2015.12 = 100'!$C$1:$BH$298,$A43,TRUE) -> 81.88641 | AD43: =HLOOKUP(AD$2,'[1]CPI_2015.12 = 100'!$C$1:$BH$298,$A43,TRUE) -> 63.15959 | AF43: =HLOOKUP(AF$2,'[1]CPI_2015.12 = 100'!$C$1:$BH$298,$A43,TRUE) -> 84.077008 | AK43: =HLOOKUP(AK$2,'[1]CPI_2015.12 = 100'!$C$1:$BH$298,$A43,TRUE) -> 79.049329 | AL43: =HLOOKUP(AL$2,'[1]CPI_2015.12 = 100'!$C$1:$BH$298,$A43,TRUE) -> 34.349134 | AM43: =HLOOKUP(AM$2,'[1]CPI_2015.12 = 100'!$C$1:$BH$298,$A43,TRUE) -> 65.264172 | AN43: =HLOOKUP(AN$2,'[1]CPI_2015.12 = 100'!$C$1:$BH$298,$A43,TRUE) -> 54.850525 | AO43: =HLOOKUP(AO$2,'[1]CPI_2015.12 = 100'!$C$1:$BH$298,$A43,TRUE) -> 80.827255 | AR43: =HLOOKUP(AR$2,'[1]CPI_2015.12 = 100'!$C$1:$BH$298,$A43,TRUE) -> 39.827113 | AS43: =HLOOKUP(AS$2,'[1]CPI_2015.12 = 100'!$C$1:$BH$298,$A43,TRUE) -> 77.589641 | AT43: =HLOOKUP(AT$2,'[1]CPI_2015.12 = 100'!$C$1:$BH$298,$A43,TRUE) -> 79.949265 | AW43: =HLOOKUP(AW$2,'[1]CPI_2015.12 = 100'!$C$1:$BH$298,$A43,TRUE) -> 38.00556
