Workbook

Sheet PPI_socios_expo
A1: COUNTRY | B1: INDICATOR | C1: TYPE_OF_TRANSFORMATION | D1: FREQUENCY | E1: SCALE | F1: 2001-M01 | G1: 2001-M02 | H1: 2001-M03 | I1: 2001-M04 | J1: 2001-M05 | K1: 2001-M06 | L1: 2001-M07 | M1: 2001-M08 | N1: 2001-M09 | O1: 2001-M10 | P1: 2001-M11 | Q1: 2001-M12 | R1: 2002-M01 | S1: 2002-M02 | T1: 2002-M03 | U1: 2002-M04 | V1: 2002-M05 | W1: 2002-M06 | X1: 2002-M07 | Y1: 2002-M08 | Z1: 2002-M09 | AA1: 2002-M10 | AB1: 2002-M11 | AC1: 2002-M12 | AD1: 2003-M01 | AE1: 2003-M02 | AF1: 2003-M03 | AG1: 2003-M04 | AH1: 2003-M05 | AI1: 2003-M06 | AJ1: 2003-M07 | AK1: 2003-M08 | AL1: 2003-M09 | AM1: 2003-M10 | AN1: 2003-M11 | AO1: 2003-M12 | AP1: 2004-M01 | AQ1: 2004-M02 | AR1: 2004-M03 | AS1: 2004-M04 | AT1: 2004-M05 | AU1: 2004-M06 | AV1: 2004-M07 | AW1: 2004-M08 | AX1: 2004-M09 | AY1: 2004-M10 | AZ1: 2004-M11 | BA1: 2004-M12 | BB1: 2005-M01 | BC1: 2005-M02 | BD1: 2005-M03 | BE1: 2005-M04 | BF1: 2005-M05 | BG1: 2005-M06 | BH1: 2005-M07 | BI1: 2005-M08 | BJ1: 2005-M09 | BK1: 2005-M10 | BL1: 2005-M11 | BM1: 2005-M12 | BN1: 2006-M01 | BO1: 2006-M02 | BP1: 2006-M03 | BQ1: 2006-M04 | BR1: 2006-M05 | BS1: 2006-M06 | BT1: 2006-M07 | BU1: 2006-M08 | BV1: 2006-M09 | BW1: 2006-M10 | BX1: 2006-M11 | BY1: 2006-M12 | BZ1: 2007-M01 | CA1: 2007-M02 | CB1: 2007-M03 | CC1: 2007-M04 | CD1: 2007-M05 | CE1: 2007-M06 | CF1: 2007-M07 | CG1: 2007-M08 | CH1: 2007-M09 | CI1: 2007-M10 | CJ1: 2007-M11 | CK1: 2007-M12 | CL1: 2008-M01 | CM1: 2008-M02 | CN1: 2008-M03 | CO1: 2008-M04 | CP1: 2008-M05 | CQ1: 2008-M06 | CR1: 2008-M07 | CS1: 2008-M08 | CT1: 2008-M09 | CU1: 2008-M10 | CV1: 2008-M11 | CW1: 2008-M12 | CX1: 2009-M01 | CY1: 2009-M02 | CZ1: 2009-M03 | DA1: 2009-M04 | DB1: 2009-M05 | DC1: 2009-M06 | DD1: 2009-M07 | DE1: 2009-M08 | DF1: 2009-M09 | DG1: 2009-M10 | DH1: 2009-M11 | DI1: 2009-M12 | DJ1: 2010-M01 | DK1: 2010-M02 | DL1: 2010-M03 | DM1: 2010-M04 | DN1: 2010-M05 | DO1: 2010-M06 | DP1: 2010-M07 | DQ1: 2010-M08 | DR1: 2010-M09 | DS1: 2010-M10 | DT1: 2010-M11 | DU1: 2010-M12 | DV1: 2011-M01 | DW1: 2011-M02 | DX1: 2011-M03 | DY1: 2011-M04 | DZ1: 2011-M05 | EA1: 2011-M06 | EB1: 2011-M07 | EC1: 2011-M08 | ED1: 2011-M09 | EE1: 2011-M10 | EF1: 2011-M11 | EG1: 2011-M12 | EH1: 2012-M01 | EI1: 2012-M02 | EJ1: 2012-M03 | EK1: 2012-M04 | EL1: 2012-M05 | EM1: 2012-M06 | EN1: 2012-M07 | EO1: 2012-M08 | EP1: 2012-M09 | EQ1: 2012-M10 | ER1: 2012-M11 | ES1: 2012-M12 | ET1: 2013-M01 | EU1: 2013-M02 | EV1: 2013-M03 | EW1: 2013-M04 | EX1: 2013-M05 | EY1: 2013-M06 | EZ1: 2013-M07 | FA1: 2013-M08 | FB1: 2013-M09 | FC1: 2013-M10 | FD1: 2013-M11 | FE1: 2013-M12 | FF1: 2014-M01 | FG1: 2014-M02 | FH1: 2014-M03 | FI1: 2014-M04 | FJ1: 2014-M05 | FK1: 2014-M06 | FL1: 2014-M07 | FM1: 2014-M08 | FN1: 2014-M09 | FO1: 2014-M10 | FP1: 2014-M11 | FQ1: 2014-M12 | FR1: 2015-M01 | FS1: 2015-M02 | FT1: 2015-M03 | FU1: 2015-M04 | FV1: 2015-M05 | FW1: 2015-M06 | FX1: 2015-M07 | FY1: 2015-M08 | FZ1: 2015-M09 | GA1: 2015-M10 | GB1: 2015-M11 | GC1: 2015-M12 | GD1: 2016-M01 | GE1: 2016-M02 | GF1: 2016-M03 | GG1: 2016-M04 | GH1: 2016-M05 | GI1: 2016-M06 | GJ1: 2016-M07 | GK1: 2016-M08 | GL1: 2016-M09 | GM1: 2016-M10 | GN1: 2016-M11 | GO1: 2016-M12 | GP1: 2017-M01 | GQ1: 2017-M02 | GR1: 2017-M03 | GS1: 2017-M04 | GT1: 2017-M05 | GU1: 2017-M06 | GV1: 2017-M07 | GW1: 2017-M08 | GX1: 2017-M09 | GY1: 2017-M10 | GZ1: 2017-M11 | HA1: 2017-M12 | HB1: 2018-M01 | HC1: 2018-M02 | HD1: 2018-M03 | HE1: 2018-M04 | HF1: 2018-M05 | HG1: 2018-M06 | HH1: 2018-M07 | HI1: 2018-M08 | HJ1: 2018-M09 | HK1: 2018-M10 | HL1: 2018-M11 | HM1: 2018-M12 | HN1: 2019-M01 | HO1: 2019-M02 | HP1: 2019-M03 | HQ1: 2019-M04 | HR1: 2019-M05 | HS1: 2019-M06 | HT1: 2019-M07 | HU1: 2019-M08 | HV1: 2019-M09 | HW1: 2019-M10 | HX1: 2019-M11 | HY1: 2019-M12 | HZ1: 2020-M01 | IA1: 2020-M02 | IB1: 2020-M03 | IC1: 2020-M04 | ID1: 2020-M05 | IE1: 2020-M06 | IF1: 2020-M07 | IG1: 2020-M08 | IH1: 2020-M09 | II1: 2020-M10 | IJ1: 2020-M11 | IK1: 2020-M12 | IL1: 2021-M01 | IM1: 2021-M02 | IN1: 2021-M03 | IO1: 2021-M04 | IP1: 2021-M05 | IQ1: 2021-M06 | IR1: 2021-M07 | IS1: 2021-M08 | IT1: 2021-M09 | IU1: 2021-M10 | IV1: 2021-M11 | IW1: 2021-M12 | IX1: 2022-M01 | IY1: 2022-M02 | IZ1: 2022-M03 | JA1: 2022-M04 | JB1: 2022-M05 | JC1: 2022-M06 | JD1: 2022-M07 | JE1: 2022-M08 | JF1: 2022-M09 | JG1: 2022-M10 | JH1: 2022-M11 | JI1: 2022-M12 | JJ1: 2023-M01 | JK1: 2023-M02 | JL1: 2023-M03 | JM1: 2023-M04 | JN1: 2023-M05 | JO1: 2023-M06 | JP1: 2023-M07 | JQ1: 2023-M08 | JR1: 2023-M09 | JS1: 2023-M10 | JT1: 2023-M11 | JU1: 2023-M12 | JV1: 2024-M01 | JW1: 2024-M02 | JX1: 2024-M03 | JY1: 2024-M04 | JZ1: 2024-M05 | KA1: 2024-M06 | KB1: 2024-M07 | KC1: 2024-M08 | KD1: 2024-M09 | KE1: 2024-M10 | KF1: 2024-M11 | KG1: 2024-M12
A2: Australia | B2: Producer price index (PPI) | C2: Year-over-year (YOY) percent change | D2: Monthly | R2: -3.1550069 | S2: -3.2921811 | T2: -2.6027397 | U2: -1.2295082 | V2: -1.3623978 | W2: -1.6371078 | X2: -0.27662517 | Y2: 0.69541029 | Z2: 1.7955801 | AA2: 4.3417367 | AB2: 4.1076487 | AC2: 5.7142857 | AD2: 1.4164306 | AE2: 2.8368794 | AF2: 2.2503516 | AG2: -0.69156293 | AH2: -2.3480663 | AI2: -1.9417476 | AJ2: -1.8030513 | AK2: -1.7955801 | AL2: -3.1207598 | AM2: -3.8926174 | AN2: -2.1768707 | AO2: -3.1081081 | AP2: 1.396648 | AQ2: 0.13793103 | AR2: 1.2379642 | AS2: 3.8997214 | AT2: 7.9207921 | AU2: 8.6280057 | AV2: 8.8983051 | AW2: 10.548523 | AX2: 11.204482 | AY2: 13.407821 | AZ2: 12.378303 | BA2: 12.552301 | BB2: 9.3663912 | BC2: 9.5041322 | BD2: 9.6467391 | BE2: 8.310992 | BF2: 5.3735256 | BG2: 5.46875 | BH2: 5.9662776 | BI2: 4.3256997 | BJ2: 5.163728 | BK2: 3.6945813 | BL2: 2.970297 | BM2: 3.7174721 | BN2: 7.6826196 | BO2: 7.672956 | BP2: 6.6914498 | BQ2: 7.549505 | BR2: 8.3333333 | BS2: 8.0246914 | BT2: 7.7111383 | BU2: 6.8292683 | BV2: 4.3113772 | BW2: 2.6128266 | BX2: 3.7259615 | BY2: 2.9868578 | BZ2: 1.0526316 | CA2: 1.0514019 | CB2: 1.2775842 | CC2: 0.69044879 | CD2: 1.1481056 | CE2: 0.8 | CF2: 0.56818182 | CG2: 1.2557078 | CH2: 2.4110218 | CI2: 4.2824074 | CJ2: 6.1413673 | CK2: 6.8445476 | CL2: 7.8703704 | CM2: 8.7861272 | CN2: 8.7155963 | CO2: 9.2571429 | CP2: 9.307605 | CQ2: 10.884354 | CR2: 12.20339 | CS2: 11.273957 | CT2: 10.538117 | CU2: 7.8801332 | CV2: 2.7292576 | CW2: -1.8458198 | CX2: -3.3261803 | CY2: -4.9946865 | CZ2: -6.9620253 | DA2: -7.0083682 | DB2: -6.2305296 | DC2: -6.6462168 | DD2: -8.7613293 | DE2: -7.0921986 | DF2: -7.505071 | DG2: -6.3786008 | DH2: -2.1253985 | DI2: 1.880531 | DJ2: 3.7735849 | DK2: 5.1454139 | DL2: 7.8231293 | DM2: 8.2114736 | DN2: 7.4197121 | DO2: 6.5717415 | DP2: 7.2847682 | DQ2: 6.5430752 | DR2: 7.7850877 | DS2: 8.1318681 | DT2: 7.2747014 | DU2: 8.9033659 | DV2: 9.5187166 | DW2: 10.851064 | DX2: 11.146162 | DY2: 11.330561 | DZ2: 9.7938144 | EA2: 9.2497431 | EB2: 9.3621399 | EC2: 7.9836233 | ED2: 7.9348932 | EE2: 7.5203252 | EF2: 6.9838057 | EG2: 5.5832502 | EH2: 4.6875 | EI2: 4.4145873 | EJ2: 3.8789026 | EK2: 2.8944911 | EL2: 3.0985915 | EM2: 2.3518344 | EN2: 2.3518344 | EO2: 3.9810427 | EP2: 4.0527804 | EQ2: 4.3478261 | ER2: 4.3519395 | ES2: 4.3437205 | ET2: 3.1716418 | EU2: 1.9301471 | EV2: 0.91074681 | EW2: -0.81669691 | EX2: -0.81967213 | EY2: 0 | EZ2: 0.36764706 | FA2: -1.0938924 | FB2: -1.9021739 | FC2: -2.5362319 | FD2: -2.5385313 | FE2: -2.5339367 | FF2: -3.074141 | FG2: -3.4265104 | FH2: -3.8808664 | FI2: -3.2936871 | FJ2: -2.9384757 | FK2: -2.5735294 | FL2: -3.3882784 | FM2: -3.1336406 | FN2: -3.0470914 | FO2: -2.5092937 | FP2: -3.627907 | FQ2: -6.7780873 | FR2: -8.2089552 | FS2: -6.9094304 | FT2: -4.7887324 | FU2: -3.7842952 | FV2: -2.9328288 | FW2: -3.6792453 | FX2: -4.1706161 | FY2: -5.4234063 | FZ2: -5.2380952 | GA2: -5.4337464 | GB2: -4.7297297 | GC2: -3.8844622 | GD2: -4.2682927 | GE2: -6.218656 | GF2: -6.6074951 | GG2: -6.8829892 | GH2: -5.3606238 | GI2: -3.4280118 | GJ2: -2.1760633 | GK2: -0.60362173 | GL2: 0.8040201 | GM2: 3.5282258 | GN2: 5.3698075 | GO2: 9.4300518 | GP2: 13.800425 | GQ2: 15.080214 | GR2: 12.671595 | GS2: 12.671595 | GT2: 8.9598352 | GU2: 6.1866126 | GV2: 5.7633974 | GW2: 6.7813765 | GX2: 6.2811565 | GY2: 5.5501461 | GZ2: 5.6730769 | HA2: 4.0719697 | HB2: 2.891791 | HC2: 1.9516729 | HD2: 2.5304592 | HE2: 2.8116214 | HF2: 4.9149338 | HG2: 7.0678128 | HH2: 7.8393881 | HI2: 7.4881517 | HJ2: 6.84803 | HK2: 7.4723247 | HL2: 6.3694268 | HM2: 4.4585987 | HN2: 3.1731641 | HO2: 4.1932543 | HP2: 4.9360146 | HQ2: 4.0109389 | HR2: 2.7027027 | HS2: 1.0704728 | HT2: -0.17730496 | HU2: -1.2345679 | HV2: -1.1413521 | HW2: -2.1459227 | HX2: -2.3952096 | HY2: -0.17421603 | HZ2: 0.26362039 | IA2: -1.1373578 | IB2: -4.1811847 | IC2: -5.8720421 | ID2: -8.8596491 | IE2: -6.266549 | IF2: -4.1740675 | IG2: -3.3035714 | IH2: -3.6412078 | II2: -2.7192982 | IJ2: -2.5416301 | IK2: -2.0942408 | IL2: 0.26292726 | IM2: 3.6283186
A3: Australia | B3: Producer price index (PPI) | C3: Period-over-preceding period percent change | D3: Monthly | G3: 0 | H3: 0.13717421 | I3: 0.2739726 | J3: 0.27322404 | K3: -0.13623978 | L3: -1.3642565 | M3: -0.55325035 | N3: 0.69541029 | O3: -1.3812155 | P3: -1.1204482 | Q3: -0.84985836 | R3: 0.85714286 | S3: -0.14164306 | T3: 0.85106383 | U3: 1.6877637 | V3: 0.13831259 | W3: -0.41436464 | X3: 0 | Y3: 0.41608877 | Z3: 1.7955801 | AA3: 1.0854817 | AB3: -1.3422819 | AC3: 0.68027211 | AD3: -3.2432432 | AE3: 1.2569832 | AF3: 0.27586207 | AG3: -1.2379642 | AH3: -1.5320334 | AI3: 0 | AJ3: 0.14144272 | AK3: 0.42372881 | AL3: 0.42194093 | AM3: 0.28011204 | AN3: 0.41899441 | AO3: -0.27816412 | AP3: 1.2552301 | AQ3: 0 | AR3: 1.3774105 | AS3: 1.3586957 | AT3: 2.2788204 | AU3: 0.65530799 | AV3: 0.390625 | AW3: 1.9455253 | AX3: 1.0178117 | AY3: 2.2670025 | AZ3: -0.49261084 | BA3: -0.12376238 | BB3: -1.6109046 | BC3: 0.12594458 | BD3: 1.509434 | BE3: 0.12391574 | BF3: -0.4950495 | BG3: 0.74626866 | BH3: 0.86419753 | BI3: 0.36719706 | BJ3: 1.8292683 | BK3: 0.83832335 | BL3: -1.1876485 | BM3: 0.60096154 | BN3: 2.1505376 | BO3: 0.11695906 | BP3: 0.58411215 | BQ3: 0.92915215 | BR3: 0.2301496 | BS3: 0.45924225 | BT3: 0.57142857 | BU3: -0.45454545 | BV3: -0.57077626 | BW3: -0.80367394 | BX3: -0.11574074 | BY3: -0.11587486 | BZ3: 0.23201856 | CA3: 0.11574074 | CB3: 0.80924855 | CC3: 0.3440367 | CD3: 0.68571429 | CE3: 0.11350738 | CF3: 0.34013605 | CG3: 0.2259887 | CH3: 0.56369786 | CI3: 1.0089686 | CJ3: 1.6648169 | CK3: 0.54585153 | CL3: 1.194354 | CM3: 0.96566524 | CN3: 0.74388948 | CO3: 0.84388186 | CP3: 0.73221757 | CQ3: 1.5576324 | CR3: 1.5337423 | CS3: -0.60422961 | CT3: -0.10131712 | CU3: -1.4198783 | CV3: -3.1893004 | CW3: -3.9319872 | CX3: -0.33185841 | CY3: -0.77691454 | CZ3: -1.3422819 | DA3: 0.79365079 | DB3: 1.5748031 | DC3: 1.1074197 | DD3: -0.76670318 | DE3: 1.214128 | DF3: -0.54525627 | DG3: -0.21929825 | DH3: 1.2087912 | DI3: 0 | DJ3: 1.5200869 | DK3: 0.53475936 | DL3: 1.1702128 | DM3: 1.1566772 | DN3: 0.83160083 | DO3: 0.30927835 | DP3: -0.10277492 | DQ3: 0.51440329 | DR3: 0.61412487 | DS3: 0.1017294 | DT3: 0.40650407 | DU3: 1.5182186 | DV3: 2.0937188 | DW3: 1.7578125 | DX3: 1.4395393 | DY3: 1.3245033 | DZ3: -0.56022409 | EA3: -0.18779343 | EB3: 0 | EC3: -0.75258702 | ED3: 0.56872038 | EE3: -0.28275212 | EF3: -0.094517958 | EG3: 0.18921476 | EH3: 1.2275732 | EI3: 1.4925373 | EJ3: 0.91911765 | EK3: 0.36429872 | EL3: -0.36297641 | EM3: -0.91074681 | EN3: 0 | EO3: 0.82720588 | EP3: 0.63810392 | EQ3: 0 | ER3: -0.09057971 | ES3: 0.18132366 | ET3: 0.090497738 | EU3: 0.27124774 | EV3: -0.090171326 | EW3: -1.3537906 | EX3: -0.36596523 | EY3: -0.091827365 | EZ3: 0.36764706 | FA3: -0.64102564 | FB3: -0.1843318 | FC3: -0.64635272 | FD3: -0.092936803 | FE3: 0.18604651 | FF3: -0.46425255 | FG3: -0.093283582 | FH3: -0.56022409 | FI3: -0.75117371 | FJ3: 0 | FK3: 0.28382214 | FL3: -0.47169811 | FM3: -0.37914692 | FN3: -0.095147479 | FO3: -0.095238095 | FP3: -1.2392755 | FQ3: -3.0888031 | FR3: -1.9920319 | FS3: 1.3211382 | FT3: 1.7051153 | FU3: 0.29585799 | FV3: 0.88495575 | FW3: -0.48732943 | FX3: -0.97943193 | FY3: -1.6815035 | FZ3: 0.10060362 | GA3: -0.30150754 | GB3: -0.50403226 | GC3: -2.2289767 | GD3: -2.3834197 | GE3: -0.74309979 | GF3: 1.2834225 | GG3: 0 | GH3: 2.5343189 | GI3: 1.5447992 | GJ3: 0.30425963 | GK3: -0.10111223 | GL3: 1.5182186 | GM3: 2.3928215 | GN3: 1.2658228 | GO3: 1.5384615 | GP3: 1.5151515 | GQ3: 0.37313433 | GR3: -0.83643123 | GS3: 0 | GT3: -0.84348641 | GU3: -1.0396975 | GV3: -0.095510984 | GW3: 0.86042065 | GX3: 1.042654 | GY3: 1.6885553 | GZ3: 1.3837638 | HA3: 0 | HB3: 0.36396724 | HC3: -0.54397099 | HD3: -0.27347311 | HE3: 0.27422303 | HF3: 1.1850501 | HG3: 0.99099099 | HH3: 0.62444246 | HI3: 0.53191489 | HJ3: 0.44091711 | HK3: 2.2827041 | HL3: 0.34334764 | HM3: -1.7964072 | HN3: -0.87108014 | HO3: 0.43936731 | HP3: 0.43744532 | HQ3: -0.6097561 | HR3: -0.087642419 | HS3: -0.61403509 | HT3: -0.61782877 | HU3: -0.53285968 | HV3: 0.53571429 | HW3: 1.2433393 | HX3: 0.087719298 | HY3: 0.43821209 | HZ3: -0.43630017 | IA3: -0.96406661 | IB3: -2.6548673 | IC3: -2.3636364 | ID3: -3.2588454 | IE3: 2.213667 | IF3: 1.6007533 | IG3: 0.37071362 | IH3: 0.18467221 | II3: 2.2119816 | IJ3: 0.27051398 | IK3: 0.89928058 | IL3: 1.9607843 | IM3: 2.3601399
A4: Australia | B4: Producer price index (PPI) | C4: Index | D4: Monthly | E4: Units | F4: 75.167555 | G4: 75.167555 | H4: 75.270665 | I4: 75.476886 | J4: 75.683107 | K4: 75.579997 | L4: 74.548892 | M4: 74.13645 | N4: 74.652002 | O4: 73.620897 | P4: 72.796013 | Q4: 72.17735 | R4: 72.796013 | S4: 72.692903 | T4: 73.311566 | U4: 74.548892 | V4: 74.652002 | W4: 74.342671 | X4: 74.342671 | Y4: 74.652002 | Z4: 75.992439 | AA4: 76.817323 | AB4: 75.786218 | AC4: 76.30177 | AD4: 73.827118 | AE4: 74.755113 | AF4: 74.961334 | AG4: 74.033339 | AH4: 72.899124 | AI4: 72.899124 | AJ4: 73.002234 | AK4: 73.311566 | AL4: 73.620897 | AM4: 73.827118 | AN4: 74.13645 | AO4: 73.930229 | AP4: 74.858223 | AQ4: 74.858223 | AR4: 75.889328 | AS4: 76.920433 | AT4: 78.673312 | AU4: 79.188864 | AV4: 79.498196 | AW4: 81.044853 | AX4: 81.869737 | AY4: 83.725726 | AZ4: 83.313284 | BA4: 83.210174 | BB4: 81.869737 | BC4: 81.972848 | BD4: 83.210174 | BE4: 83.313284 | BF4: 82.900842 | BG4: 83.519505 | BH4: 84.241279 | BI4: 84.55061 | BJ4: 86.097268 | BK4: 86.819041 | BL4: 85.787936 | BM4: 86.303489 | BN4: 88.159478 | BO4: 88.262588 | BP4: 88.778141 | BQ4: 89.603025 | BR4: 89.809246 | BS4: 90.221688 | BT4: 90.73724 | BU4: 90.324798 | BV4: 89.809246 | BW4: 89.087472 | BX4: 88.984362 | BY4: 88.881251 | BZ4: 89.087472 | CA4: 89.190583 | CB4: 89.912356 | CC4: 90.221688 | CD4: 90.840351 | CE4: 90.943461 | CF4: 91.252793 | CG4: 91.459014 | CH4: 91.974566 | CI4: 92.902561 | CJ4: 94.449218 | CK4: 94.964771 | CL4: 96.098986 | CM4: 97.026981 | CN4: 97.748754 | CO4: 98.573638 | CP4: 99.295412 | CQ4: 100.84207 | CR4: 102.38873 | CS4: 101.77006 | CT4: 101.66695 | CU4: 100.22341 | CV4: 97.026981 | CW4: 93.211892 | CX4: 92.902561 | CY4: 92.180787 | CZ4: 90.943461 | DA4: 91.665235 | DB4: 93.108782 | DC4: 94.139887 | DD4: 93.418113 | DE4: 94.552329 | DF4: 94.036776 | DG4: 93.830555 | DH4: 94.964771 | DI4: 94.964771 | DJ4: 96.408318 | DK4: 96.92387 | DL4: 98.058086 | DM4: 99.192301 | DN4: 100.01719 | DO4: 100.32652 | DP4: 100.22341 | DQ4: 100.73896 | DR4: 101.35762 | DS4: 101.46073 | DT4: 101.87317 | DU4: 103.41983 | DV4: 105.58515 | DW4: 107.44114 | DX4: 108.9878 | DY4: 110.43135 | DZ4: 109.81268 | EA4: 109.60646 | EB4: 109.60646 | EC4: 108.78158 | ED4: 109.40024 | EE4: 109.09091 | EF4: 108.9878 | EG4: 109.19402 | EH4: 110.53446 | EI4: 112.18422 | EJ4: 113.21533 | EK4: 113.62777 | EL4: 113.21533 | EM4: 112.18422 | EN4: 112.18422 | EO4: 113.11222 | EP4: 113.83399 | EQ4: 113.83399 | ER4: 113.73088 | ES4: 113.9371 | ET4: 114.04021 | EU4: 114.34954 | EV4: 114.24643 | EW4: 112.69978 | EX4: 112.28733 | EY4: 112.18422 | EZ4: 112.59667 | FA4: 111.87489 | FB4: 111.66867 | FC4: 110.9469 | FD4: 110.84379 | FE4: 111.05001 | FF4: 110.53446 | FG4: 110.43135 | FH4: 109.81268 | FI4: 108.9878 | FJ4: 108.9878 | FK4: 109.29713 | FL4: 108.78158 | FM4: 108.36914 | FN4: 108.26603 | FO4: 108.16291 | FP4: 106.82248 | FQ4: 103.52294 | FR4: 101.46073 | FS4: 102.80117 | FT4: 104.55405 | FU4: 104.86338 | FV4: 105.79137 | FW4: 105.27582 | FX4: 104.24472 | FY4: 102.49184 | FZ4: 102.59495 | GA4: 102.28562 | GB4: 101.77006 | GC4: 99.501633 | GD4: 97.130091 | GE4: 96.408318 | GF4: 97.645644 | GG4: 97.645644 | GH4: 100.1203 | GI4: 101.66695 | GJ4: 101.97628 | GK4: 101.87317 | GL4: 103.41983 | GM4: 105.89448 | GN4: 107.23492 | GO4: 108.88469 | GP4: 110.53446 | GQ4: 110.9469 | GR4: 110.0189 | GS4: 110.0189 | GT4: 109.09091 | GU4: 107.95669 | GV4: 107.85358 | GW4: 108.78158 | GX4: 109.91579 | GY4: 111.77178 | GZ4: 113.31844 | HA4: 113.31844 | HB4: 113.73088 | HC4: 113.11222 | HD4: 112.80289 | HE4: 113.11222 | HF4: 114.45266 | HG4: 115.58687 | HH4: 116.30864 | HI4: 116.92731 | HJ4: 117.44286 | HK4: 120.12373 | HL4: 120.53617 | HM4: 118.37085 | HN4: 117.33975 | HO4: 117.8553 | HP4: 118.37085 | HQ4: 117.64908 | HR4: 117.54597 | HS4: 116.8242 | HT4: 116.10242 | HU4: 115.48376 | HV4: 116.10242 | HW4: 117.54597 | HX4: 117.64908 | HY4: 118.16463 | HZ4: 117.64908 | IA4: 116.51487 | IB4: 113.42155 | IC4: 110.74068 | ID4: 107.13181 | IE4: 109.50335 | IF4: 111.25623 | IG4: 111.66867 | IH4: 111.87489 | II4: 114.34954 | IJ4: 114.65888 | IK4: 115.68998 | IL4: 117.95841 | IM4: 120.7424
A5: Belgium | B5: Producer price index (PPI) | C5: Period-over-preceding period percent change | D5: Monthly | F5: -1.3552759 | G5: 0 | H5: 0 | I5: 0.35211268 | J5: 0.35087719 | K5: -0.17482517 | L5: -1.4010508 | M5: -0.53285968 | N5: 0.71428571 | O5: -1.4184397 | P5: -1.0791367 | Q5: -0.90909091 | R5: 0.91743119 | S5: -0.18181818 | T5: 0.91074681 | U5: 1.6245487 | V5: 0.17761989 | W5: -0.53191489 | X5: 0 | Y5: 0.53475936 | Z5: 1.7730496 | AA5: 1.0452962 | AB5: -1.3793103 | AC5: 0.6993007 | AD5: -3.125 | AE5: 1.0752688 | AF5: 0.35460993 | AG5: -1.2367491 | AH5: -1.6100179 | AI5: 0.18181818 | AJ5: 0.1814882 | AK5: 0.36231884 | AL5: 0.36101083 | AM5: 0.17985612 | AN5: 0.53859964 | AO5: -0.35714286 | AP5: 1.2544803 | AQ5: 0 | AR5: 1.4159292 | AS5: 1.3961606 | AT5: 2.2375215 | AU5: 0.67340067 | AV5: 0.33444816 | AW5: 2 | AX5: 0.98039216 | AY5: 2.2653722 | AZ5: -0.47468354 | BA5: 0 | BB5: -1.7488076 | BC5: 0.1618123 | BD5: 1.453958 | BE5: 0.15923567 | BF5: -0.47694754 | BG5: 0.63897764 | BH5: 0.95238095 | BI5: 0.31446541 | BJ5: 1.8808777 | BK5: 0.92307692 | BL5: -1.2195122 | BM5: 0.61728395 | BN5: 2.1472393 | BO5: 0.15015015 | BP5: 0.44977511 | BQ5: 0.89552239 | BR5: 0.29585799 | BS5: 0.44247788 | BT5: 0.58737151 | BU5: -0.4379562 | BV5: -0.58651026 | BW5: -0.88495575 | BX5: 0 | BY5: -0.14880952 | BZ5: 0.29806259 | CA5: 0 | CB5: 0.89153046 | CC5: 0.29455081 | CD5: 0.73421439 | CE5: 0.14577259 | CF5: 0.29112082 | CG5: 0.29027576 | CH5: 0.5788712 | CI5: 0.86330935 | CJ5: 1.7118402 | CK5: 0.56100982 | CL5: 1.1157601 | CM5: 1.1034483 | CN5: 0.68212824 | CO5: 0.81300813 | CP5: 0.80645161 | CQ5: 1.4666667 | CR5: 1.5768725 | CS5: -0.64683053 | CT5: -0.13020833 | CU5: -1.303781 | CV5: -3.3025099 | CW5: -3.8251366 | CX5: -0.42613636 | CY5: -0.71326676 | CZ5: -1.4367816 | DA5: 0.87463557 | DB5: 1.5895954 | DC5: 1.1379801 | DD5: -0.84388186 | DE5: 1.2765957 | DF5: -0.56022409 | DG5: -0.28169014 | DH5: 1.2711864 | DI5: 0 | DJ5: 1.5341702 | DK5: 0.54945055 | DL5: 1.0928962 | DM5: 1.2162162 | DN5: 0.80106809 | DO5: 0.39735099 | DP5: -0.13192612 | DQ5: 0.52840159 | DR5: 0.52562418 | DS5: 0.13071895 | DT5: 0.39164491 | DU5: 1.5604681 | DV5: 2.0486556 | DW5: 1.7565872 | DX5: 1.4796547 | DY5: 1.3365735 | DZ5: -0.59952038 | EA5: -0.12062726 | EB5: -0.12077295 | EC5: -0.60459492 | ED5: 0.486618 | EE5: -0.24213075 | EF5: -0.12135922 | EG5: 0.24301337 | EH5: 1.2121212 | EI5: 1.4371257 | EJ5: 0.94451004 | EK5: 0.35087719 | EL5: -0.34965035 | EM5: -0.93567251 | EN5: 0 | EO5: 0.82644628 | EP5: 0.58548009 | EQ5: 0 | ER5: 0 | ES5: 0.11641444 | ET5: 0.11627907 | EU5: 0.23228804 | EV5: 0 | EW5: -1.3904983 | EX5: -0.35252644 | EY5: -0.11792453 | EZ5: 0.35419126 | FA5: -0.70588235 | FB5: -0.11848341 | FC5: -0.59311981 | FD5: -0.11933174 | FE5: 0.23894863 | FF5: -0.59594756 | FG5: 0 | FH5: -0.59952038 | FI5: -0.72376357 | FJ5: 0 | FK5: 0.36452005 | FL5: -0.60532688 | FM5: -0.36540804 | FN5: 0 | FO5: -0.12224939 | FP5: -1.3463892 | FQ5: -2.9776675 | FR5: -2.0460358 | FS5: 1.305483 | FT5: 1.6752577 | FU5: 0.25348542 | FV5: 1.011378 | FW5: -0.50062578 | FX5: -1.0062893 | FY5: -1.6518424 | FZ5: 0.12919897 | GA5: -0.38709677 | GB5: -0.51813472 | GC5: -2.2135417 | GD5: -2.3968043 | GE5: -0.68212824 | GF5: 1.3736264 | GG5: -0.13550136 | GH5: 2.578019 | GI5: 1.5873016 | GJ5: 0.26041667 | GK5: -0.12987013 | GL5: 1.5604681 | GM5: 2.3047375 | GN5: 1.3767209 | GO5: 1.4814815 | GP5: 1.5815085 | GQ5: 0.23952096 | GR5: -0.83632019 | GS5: 0 | GT5: -0.72289157 | GU5: -1.092233 | GV5: 0 | GW5: 0.73619632 | GX5: 1.0962241 | GY5: 1.686747 | GZ5: 1.4218009 | HA5: 0 | HB5: 0.35046729 | HC5: -0.58207218 | HD5: -0.23419204 | HE5: 0.23474178 | HF5: 1.1709602 | HG5: 0.92592593 | HH5: 0.68807339 | HI5: 0.56947608 | HJ5: 0.45300113 | HK5: 2.2547914 | HL5: 0.33076075 | HM5: -1.7582418 | HN5: -0.89485459 | HO5: 0.45146727 | HP5: 0.4494382 | HQ5: -0.67114094 | HR5: -0.11261261 | HS5: -0.56369786 | HT5: -0.68027211 | HU5: -0.456621 | HV5: 0.5733945 | HW5: 1.2542759 | HX5: 0.11261261 | HY5: 0.33745782 | HZ5: -0.44843049 | IA5: -0.9009009 | IB5: -2.7272727 | IC5: -2.3364486 | ID5: -3.2296651 | IE5: 2.2249691 | IF5: 1.5719468 | IG5: 0.35714286 | IH5: 0.23724792 | II5: 2.1301775 | IJ5: 0.34762457 | IK5: 0.92378753 | IL5: 3.0892449 | IM5: 2.108768 | IN5: 1.6304348 | IO5: 1.1764706 | IP5: 1.6913319 | IQ5: 2.3908524 | IR5: 1.7258883 | IS5: 0.499002 | IT5: 2.2840119 | IU5: 5.1456311 | IV5: 1.9390582 | IW5: 1.9021739 | IX5: 5.2444444 | IY5: 0.92905405 | IZ5: 5.6066946 | JA5: 1.9809826 | JB5: 0.077700078 | JC5: 2.0962733 | JD5: 0.53231939 | JE5: 1.1346445 | JF5: 0.89753179 | JG5: 3.1134173 | JH5: -3.3788641 | JI5: -0.5952381 | JJ5: -1.3473054 | JK5: -1.4415781 | JL5: -0.84680523 | JM5: -5.5124224 | JN5: -1.3968776 | JO5: -0.75 | JP5: -0.83963056 | JQ5: 1.1854361 | JR5: 0.58577406 | JS5: -0.083194676 | JT5: -0.99916736 | JU5: -0.58873003 | JV5: -2.1996616 | JW5: 1.384083 | JX5: 0.34129693 | JY5: 0.68027211 | JZ5: -1.0135135 | KA5: 0.42662116 | KB5: 0.33984707 | KC5: -0.33869602 | KD5: -0.33984707 | KE5: 0.59676044 | KF5: 1.2711864 | KG5: 0.75313808
A6: Belgium | B6: Producer price index (PPI) | C6: Year-over-year (YOY) percent change | D6: Monthly | F6: 7.4894515 | G6: 6.1458333 | H6: 4.7276465 | I6: 4.6661237 | J6: 3.7589541 | K6: 3.1603265 | L6: 1.002993 | M6: -1.0199126 | N6: -1.3816819 | O6: -3.811781 | P6: -5.9382511 | Q6: -5.3496925 | R6: -3.1690141 | S6: -3.3450704 | T6: -2.4647887 | U6: -1.2280702 | V6: -1.3986014 | W6: -1.7513135 | X6: -0.35523979 | Y6: 0.71428571 | Z6: 1.7730496 | AA6: 4.3165468 | AB6: 4 | AC6: 5.6880734 | AD6: 1.4545455 | AE6: 2.7322404 | AF6: 2.166065 | AG6: -0.71047957 | AH6: -2.4822695 | AI6: -1.7825312 | AJ6: -1.6042781 | AK6: -1.7730496 | AL6: -3.1358885 | AM6: -3.9655172 | AN6: -2.0979021 | AO6: -3.125 | AP6: 1.2544803 | AQ6: 0.17730496 | AR6: 1.2367491 | AS6: 3.9355993 | AT6: 8 | AU6: 8.5299456 | AV6: 8.6956522 | AW6: 10.469314 | AX6: 11.151079 | AY6: 13.464991 | AZ6: 12.321429 | BA6: 12.724014 | BB6: 9.380531 | BC6: 9.5575221 | BD6: 9.5986038 | BE6: 8.2616179 | BF6: 5.3872054 | BG6: 5.3511706 | BH6: 6 | BI6: 4.248366 | BJ6: 5.1779935 | BK6: 3.7974684 | BL6: 3.0206677 | BM6: 3.6565978 | BN6: 7.7669903 | BO6: 7.7544426 | BP6: 6.6878981 | BQ6: 7.4721781 | BR6: 8.3067093 | BS6: 8.0952381 | BT6: 7.7044025 | BU6: 6.8965517 | BV6: 4.3076923 | BW6: 2.4390244 | BX6: 3.7037037 | BY6: 2.9141104 | BZ6: 1.0510511 | CA6: 0.89955022 | CB6: 1.3432836 | CC6: 0.73964497 | CD6: 1.179941 | CE6: 0.88105727 | CF6: 0.58394161 | CG6: 1.3196481 | CH6: 2.5073746 | CI6: 4.3154762 | CJ6: 6.1011905 | CK6: 6.8554396 | CL6: 7.7265973 | CM6: 8.9153046 | CN6: 8.6892489 | CO6: 9.2511013 | CP6: 9.3294461 | CQ6: 10.77147 | CR6: 12.191582 | CS6: 11.143271 | CT6: 10.359712 | CU6: 7.9885877 | CV6: 2.6647966 | CW6: -1.8131102 | CX6: -3.3103448 | CY6: -5.047749 | CZ6: -7.0460705 | DA6: -6.9892473 | DB6: -6.2666667 | DC6: -6.5703022 | DD6: -8.7968952 | DE6: -7.03125 | DF6: -7.4315515 | DG6: -6.4729194 | DH6: -2.0491803 | DI6: 1.8465909 | DJ6: 3.8516405 | DK6: 5.1724138 | DL6: 7.8717201 | DM6: 8.2369942 | DN6: 7.3968706 | DO6: 6.6104079 | DP6: 7.3758865 | DQ6: 6.5826331 | DR6: 7.7464789 | DS6: 8.1920904 | DT6: 7.2524407 | DU6: 8.9260809 | DV6: 9.478022 | DW6: 10.79235 | DX6: 11.216216 | DY6: 11.348465 | DZ6: 9.8013245 | EA6: 9.2348285 | EB6: 9.2470277 | EC6: 8.0157687 | ED6: 7.9738562 | EE6: 7.5718016 | EF6: 7.0221066 | EG6: 5.6338028 | EH6: 4.7678795 | EI6: 4.4389642 | EJ6: 3.8882139 | EK6: 2.8776978 | EL6: 3.1363088 | EM6: 2.294686 | EN6: 2.4183797 | EO6: 3.892944 | EP6: 3.9951574 | EQ6: 4.2475728 | ER6: 4.3742406 | ES6: 4.2424242 | ET6: 3.1137725 | EU6: 1.8890201 | EV6: 0.93567251 | EW6: -0.81585082 | EX6: -0.81871345 | EY6: 0 | EZ6: 0.35419126 | FA6: -1.1709602 | FB6: -1.862631 | FC6: -2.4447031 | FD6: -2.5611176 | FE6: -2.4418605 | FF6: -3.1358885 | FG6: -3.3603708 | FH6: -3.9397451 | FI6: -3.2902468 | FJ6: -2.9481132 | FK6: -2.4793388 | FL6: -3.4117647 | FM6: -3.0805687 | FN6: -2.9655991 | FO6: -2.5059666 | FP6: -3.7037037 | FQ6: -6.7938021 | FR6: -8.1534772 | FS6: -6.9544365 | FT6: -4.8250905 | FU6: -3.8882139 | FV6: -2.9161604 | FW6: -3.7530266 | FX6: -4.1412911 | FY6: -5.3789731 | FZ6: -5.2567237 | GA6: -5.5079559 | GB6: -4.7146402 | GC6: -3.9641944 | GD6: -4.308094 | GE6: -6.185567 | GF6: -6.4638783 | GG6: -6.8268015 | GH6: -5.3817272 | GI6: -3.3962264 | GJ6: -2.1601017 | GK6: -0.64599483 | GL6: 0.77419355 | GM6: 3.4974093 | GN6: 5.46875 | GO6: 9.4540613 | GP6: 13.915416 | GQ6: 14.972527 | GR6: 12.466125 | GS6: 12.618725 | GT6: 8.994709 | GU6: 6.1197917 | GV6: 5.8441558 | GW6: 6.7620286 | GX6: 6.2740077 | GY6: 5.6320401 | GZ6: 5.6790123 | HA6: 4.136253 | HB6: 2.8742515 | HC6: 2.0310633 | HD6: 2.6506024 | HE6: 2.8915663 | HF6: 4.8543689 | HG6: 6.993865 | HH6: 7.7300613 | HI6: 7.5517661 | HJ6: 6.8674699 | HK6: 7.464455 | HL6: 6.3084112 | HM6: 4.4392523 | HN6: 3.1431898 | HO6: 4.2154567 | HP6: 4.9295775 | HQ6: 3.9812646 | HR6: 2.662037 | HS6: 1.146789 | HT6: -0.22779043 | HU6: -1.2457531 | HV6: -1.1273957 | HW6: -2.0948181 | HX6: -2.3076923 | HY6: -0.22371365 | HZ6: 0.22573363 | IA6: -1.1235955 | IB6: -4.2505593 | IC6: -5.8558559 | ID6: -8.7936866 | IE6: -6.2358277 | IF6: -4.109589 | IG6: -3.3256881 | IH6: -3.6488027 | II6: -2.8153153 | IJ6: -2.5871766 | IK6: -2.0179372 | IL6: 1.463964 | IM6: 4.5454545 | IN6: 9.228972 | IO6: 13.157895 | IP6: 18.912237 | IQ6: 19.1052 | IR6: 19.285714 | IS6: 19.45433 | IT6: 21.893491 | IU6: 25.492468 | IV6: 27.482679 | IW6: 28.718535 | IX6: 31.409545 | IY6: 29.891304 | IZ6: 34.973262 | JA6: 36.046512 | JB6: 33.887734 | JC6: 33.502538 | JD6: 31.936128 | JE6: 32.770606 | JF6: 30.970874 | JG6: 28.43952 | JH6: 21.73913 | JI6: 18.755556 | JJ6: 11.317568 | JK6: 8.7029289 | JL6: 2.0602219 | JM6: -5.4390054 | JN6: -6.8322981 | JO6: -9.4296578 | JP6: -10.665658 | JQ6: -10.620793 | JR6: -10.896961 | JS6: -13.659238 | JT6: -11.532738 | JU6: -11.526946 | JV6: -12.291351 | JW6: -9.7767513 | JX6: -8.6956522 | JY6: -2.7115859 | JZ6: -2.3333333 | KA6: -1.1754828 | KB6: 0 | KC6: -1.5062762 | KD6: -2.4126456 | KE6: -1.7485429 | KF6: 0.50462574 | KG6: 1.8612521
A7: Belgium | B7: Producer price index (PPI) | C7: Index | D7: Monthly | E7: Units | F7: 75.223485 | G7: 75.223485 | H7: 75.223485 | I7: 75.488357 | J7: 75.753228 | K7: 75.620792 | L7: 74.561307 | M7: 74.164 | N7: 74.693742 | O7: 73.634257 | P7: 72.839642 | Q7: 72.177464 | R7: 72.839642 | S7: 72.707207 | T7: 73.369385 | U7: 74.561307 | V7: 74.693742 | W7: 74.296435 | X7: 74.296435 | Y7: 74.693742 | Z7: 76.0181 | AA7: 76.812714 | AB7: 75.753228 | AC7: 76.282971 | AD7: 73.899128 | AE7: 74.693742 | AF7: 74.958614 | AG7: 74.031564 | AH7: 72.839642 | AI7: 72.972078 | AJ7: 73.104514 | AK7: 73.369385 | AL7: 73.634257 | AM7: 73.766692 | AN7: 74.164 | AO7: 73.899128 | AP7: 74.826178 | AQ7: 74.826178 | AR7: 75.885664 | AS7: 76.94515 | AT7: 78.666814 | AU7: 79.196557 | AV7: 79.461428 | AW7: 81.050657 | AX7: 81.845271 | AY7: 83.699371 | AZ7: 83.302064 | BA7: 83.302064 | BB7: 81.845271 | BC7: 81.977707 | BD7: 83.169628 | BE7: 83.302064 | BF7: 82.904757 | BG7: 83.4345 | BH7: 84.229114 | BI7: 84.493985 | BJ7: 86.083214 | BK7: 86.877828 | BL7: 85.818342 | BM7: 86.348085 | BN7: 88.202185 | BO7: 88.334621 | BP7: 88.731928 | BQ7: 89.526542 | BR7: 89.791414 | BS7: 90.188721 | BT7: 90.718464 | BU7: 90.321157 | BV7: 89.791414 | BW7: 88.996799 | BX7: 88.996799 | BY7: 88.864364 | BZ7: 89.129235 | CA7: 89.129235 | CB7: 89.923849 | CC7: 90.188721 | CD7: 90.850899 | CE7: 90.983335 | CF7: 91.248207 | CG7: 91.513078 | CH7: 92.042821 | CI7: 92.837435 | CJ7: 94.426664 | CK7: 94.956407 | CL7: 96.015892 | CM7: 97.075378 | CN7: 97.737557 | CO7: 98.532171 | CP7: 99.326785 | CQ7: 100.78358 | CR7: 102.37281 | CS7: 101.71063 | CT7: 101.57819 | CU7: 100.25384 | CV7: 96.942942 | CW7: 93.234742 | CX7: 92.837435 | CY7: 92.175257 | CZ7: 90.850899 | DA7: 91.645514 | DB7: 93.102307 | DC7: 94.161792 | DD7: 93.367178 | DE7: 94.559099 | DF7: 94.029357 | DG7: 93.764485 | DH7: 94.956407 | DI7: 94.956407 | DJ7: 96.413199 | DK7: 96.942942 | DL7: 98.002428 | DM7: 99.194349 | DN7: 99.988964 | DO7: 100.38627 | DP7: 100.25384 | DQ7: 100.78358 | DR7: 101.31332 | DS7: 101.44576 | DT7: 101.84306 | DU7: 103.43229 | DV7: 105.55126 | DW7: 107.40536 | DX7: 108.99459 | DY7: 110.45139 | DZ7: 109.78921 | EA7: 109.65677 | EB7: 109.52434 | EC7: 108.86216 | ED7: 109.3919 | EE7: 109.12703 | EF7: 108.99459 | EG7: 109.25946 | EH7: 110.58382 | EI7: 112.17305 | EJ7: 113.23254 | EK7: 113.62984 | EL7: 113.23254 | EM7: 112.17305 | EN7: 112.17305 | EO7: 113.1001 | EP7: 113.76228 | EQ7: 113.76228 | ER7: 113.76228 | ES7: 113.89471 | ET7: 114.02715 | EU7: 114.29202 | EV7: 114.29202 | EW7: 112.70279 | EX7: 112.30549 | EY7: 112.17305 | EZ7: 112.57036 | FA7: 111.77574 | FB7: 111.64331 | FC7: 110.98113 | FD7: 110.84869 | FE7: 111.11356 | FF7: 110.45139 | FG7: 110.45139 | FH7: 109.78921 | FI7: 108.99459 | FJ7: 108.99459 | FK7: 109.3919 | FL7: 108.72972 | FM7: 108.33241 | FN7: 108.33241 | FO7: 108.19998 | FP7: 106.74319 | FQ7: 103.56473 | FR7: 101.44576 | FS7: 102.77011 | FT7: 104.49178 | FU7: 104.75665 | FV7: 105.81614 | FW7: 105.28639 | FX7: 104.22691 | FY7: 102.50524 | FZ7: 102.63768 | GA7: 102.24037 | GB7: 101.71063 | GC7: 99.459221 | GD7: 97.075378 | GE7: 96.413199 | GF7: 97.737557 | GG7: 97.605121 | GH7: 100.1214 | GI7: 101.71063 | GJ7: 101.9755 | GK7: 101.84306 | GL7: 103.43229 | GM7: 105.81614 | GN7: 107.27293 | GO7: 108.86216 | GP7: 110.58382 | GQ7: 110.84869 | GR7: 109.92164 | GS7: 109.92164 | GT7: 109.12703 | GU7: 107.93511 | GV7: 107.93511 | GW7: 108.72972 | GX7: 109.92164 | GY7: 111.77574 | GZ7: 113.36497 | HA7: 113.36497 | HB7: 113.76228 | HC7: 113.1001 | HD7: 112.83523 | HE7: 113.1001 | HF7: 114.42446 | HG7: 115.48394 | HH7: 116.27856 | HI7: 116.94074 | HJ7: 117.47048 | HK7: 120.11919 | HL7: 120.5165 | HM7: 118.39753 | HN7: 117.33804 | HO7: 117.86779 | HP7: 118.39753 | HQ7: 117.60291 | HR7: 117.47048 | HS7: 116.8083 | HT7: 116.01369 | HU7: 115.48394 | HV7: 116.14612 | HW7: 117.60291 | HX7: 117.73535 | HY7: 118.13266 | HZ7: 117.60291 | IA7: 116.54343 | IB7: 113.36497 | IC7: 110.71626 | ID7: 107.14049 | IE7: 109.52434 | IF7: 111.246 | IG7: 111.64331 | IH7: 111.90818 | II7: 114.29202 | IJ7: 114.68933 | IK7: 115.74881 | IL7: 119.32458 | IM7: 121.84086 | IN7: 123.82739 | IO7: 125.28418 | IP7: 127.40316 | IQ7: 130.44918 | IR7: 132.70058 | IS7: 133.36276 | IT7: 136.40878 | IU7: 143.42788 | IV7: 146.20903 | IW7: 148.99018 | IX7: 156.80388 | IY7: 158.26068 | IZ7: 167.13387 | JA7: 170.44476 | JB7: 170.5772 | JC7: 174.15296 | JD7: 175.08001 | JE7: 177.06655 | JF7: 178.65578 | JG7: 184.21808 | JH7: 177.9936 | JI7: 176.93411 | JJ7: 174.55027 | JK7: 172.03399 | JL7: 170.5772 | JM7: 161.17426 | JN7: 158.92286 | JO7: 157.73093 | JP7: 156.40658 | JQ7: 158.26068 | JR7: 159.18773 | JS7: 159.05529 | JT7: 157.46606 | JU7: 156.53901 | JV7: 153.09568 | JW7: 155.21466 | JX7: 155.7444 | JY7: 156.80388 | JZ7: 155.21466 | KA7: 155.87683 | KB7: 156.40658 | KC7: 155.87683 | KD7: 155.34709 | KE7: 156.27414 | KF7: 158.26068 | KG7: 159.4526
A8: Brazil | B8: Wholesale price index (WPI) | C8: Period-over-preceding period percent change | D8: Monthly | F8: 0.40006582 | G8: 0.30884115 | H8: 1.0135359 | I8: 1.3885379 | J8: 0.18047572 | K8: 1.9642386 | L8: 1.9259115 | M8: 1.1252849 | N8: 0.47872492 | O8: 1.8807994 | P8: 0.72621977 | Q8: -0.093222752 | R8: -0.13146101 | S8: 0.13853794 | T8: -0.10847084 | U8: 0.75459891 | V8: 1.2677304 | W8: 2.5010147 | X8: 2.8174715 | Y8: 3.3217801 | Z8: 3.8382692 | AA8: 6.0227894 | AB8: 7.4505703 | AC8: 3.1378878 | AD8: 2.2067135 | AE8: 1.7097196 | AF8: 1.9294694 | AG8: 0.069195506 | AH8: -1.6784314 | AI8: -1.1620411 | AJ8: -0.59262822 | AK8: 0.70220437 | AL8: 1.2883248 | AM8: 0.49707925 | AN8: 0.45615011 | AO8: 0.73824013 | AP8: 0.75455303 | AQ8: 1.4220263 | AR8: 1.0882206 | AS8: 1.5651238 | AT8: 1.7054278 | AU8: 1.5714487 | AV8: 1.3478861 | AW8: 1.5850165 | AX8: 0.65188451 | AY8: 0.61239234 | AZ8: 0.9987985 | BA8: 0.4792055 | BB8: 0.075215199 | BC8: 0.38943325 | BD8: 1.1393665 | BE8: 0.33338085 | BF8: -0.98479632 | BG8: -0.78099128 | BH8: -0.6881206 | BI8: -1.0429737 | BJ8: -0.27764256 | BK8: 0.78756694 | BL8: 0.24442029 | BM8: -0.13848548 | BN8: 0.8061862 | BO8: -0.12222108 | BP8: -0.8149661 | BQ8: -0.15464266 | BR8: 0.4575936 | BS8: 1.0573318 | BT8: 0.16645825 | BU8: 0.53405614 | BV8: 0.27706182 | BW8: 1.1640771 | BX8: 0.75107179 | BY8: 0.10638039 | BZ8: 0.32149918 | CA8: 0.1946472 | CB8: 0.1075993 | CC8: 0.018226654 | CD8: -0.035106714 | CE8: 0.093829504 | CF8: 0.42183696 | CG8: 1.9555025 | CH8: 1.6375689 | CI8: 1.0192158 | CJ8: 1.4535254 | CK8: 1.9005573 | CL8: 1.0814088 | CM8: 0.51517109 | CN8: 0.8028758 | CO8: 1.2969888 | CP8: 2.2217841 | CQ8: 2.2917775 | CR8: 1.2828755 | CS8: -0.79761344 | CT8: 0.43977263 | CU8: 1.3601399 | CV8: -0.17101192 | CW8: -0.87632455 | CX8: -0.32768341 | CY8: -0.30894499 | CZ8: -1.4569028 | DA8: -0.10177184 | DB8: -0.097286532 | DC8: -0.63986844 | DD8: -1.1633874 | DE8: 0.073436035 | DF8: 0.28651755 | DG8: -0.078998329 | DH8: -0.038714131 | DI8: -0.28533566 | DJ8: 0.95836404 | DK8: 1.3763902 | DL8: 0.52442677 | DM8: 0.68156389 | DN8: 2.058407 | DO8: 0.43245971 | DP8: 0.34178956 | DQ8: 1.704664 | DR8: 1.4731128 | DS8: 1.3227699 | DT8: 1.9817742 | DU8: 0.20923647 | DV8: 0.96097133 | DW8: 1.2290669 | DX8: 0.60264827 | DY8: 0.24445235 | DZ8: -0.62748617 | EA8: -0.19322683 | EB8: -0.13389222 | EC8: 0.76779218 | ED8: 0.94293825 | EE8: 0.4761688 | EF8: 0.34272951 | EG8: -0.55238316 | EH8: 0.013225033 | EI8: -0.031577992 | EJ8: 0.54943319 | EK8: 1.2467971 | EL8: 0.90525642 | EM8: 0.89425222 | EN8: 2.1303831 | EO8: 1.7655178 | EP8: 1.1051526 | EQ8: -0.67977145 | ER8: 0.16444427 | ES8: 0.7386932 | ET8: 0.0018087729 | EU8: 0.085372537 | EV8: 0.12325086 | EW8: -0.39402554 | EX8: 0.0088793531 | EY8: 0.85125505 | EZ8: 0.1974527 | FA8: 0.58473555 | FB8: 1.900351 | FC8: 0.71377463 | FD8: 0.12020379 | FE8: 0.78316253 | FF8: 0.11516711 | FG8: 0.9990302 | FH8: 1.9113887 | FI8: 0.26561934 | FJ8: -1.2112811 | FK8: -1.2052196 | FL8: -1.0135291 | FM8: 0.039838714 | FN8: -0.18256449 | FO8: 0.73021191 | FP8: 0.70468659 | FQ8: 1.0317563 | FR8: 0.22514021 | FS8: 0.40757032 | FT8: 1.2376752 | FU8: 1.1137044 | FV8: 0.18665384 | FW8: 0.43270039 | FX8: 0.61081187 | FY8: 0.43872406 | FZ8: 2.0204165 | GA8: 2.3760749 | GB8: 1.4091623 | GC8: 0.33387612 | GD8: 1.6253713 | GE8: 0.8399105 | GF8: 0.37361501 | GG8: 0.28862471 | GH8: 1.4890151 | GI8: 2.099963 | GJ8: -0.80729912 | GK8: 0.49945885 | GL8: -0.029835648 | GM8: 0.041213906 | GN8: -0.0066767433 | GO8: 1.0963376 | GP8: 0.33923267 | GQ8: -0.12380606 | GR8: -0.7827399 | GS8: -1.9595678 | GT8: -1.1020789 | GU8: -1.5340124 | GV8: -0.66718972 | GW8: 0.25960749 | GX8: 0.97375716 | GY8: -0.030030649 | GZ8: 1.0647885 | HA8: 1.0669748 | HB8: 0.57968215 | HC8: 0.15307943 | HD8: 0.77081052 | HE8: 1.2646794 | HF8: 2.3545796 | HG8: 1.6719076 | HH8: 0.5201967 | HI8: 0.99049856 | HJ8: 2.5436925 | HK8: 0.17231201 | HL8: -1.7018043 | HM8: -0.81935422 | HN8: -0.18850241 | HO8: 1.7872487 | HP8: 0.049712814 | HQ8: 2.4083737 | HR8: 0.52480102 | HS8: 0.83192821 | HT8: -0.21659979 | HU8: -0.90353482 | HV8: 0.69501091 | HW8: 0.84314606 | HX8: 1.1145034 | HY8: 2.3398181 | HZ8: -0.12732692 | IA8: -0.031236682 | IB8: 2.3333099 | IC8: 0.10533043 | ID8: 1.7706449 | IE8: 2.2222816 | IF8: 3.1387897 | IG8: 5.4351311 | IH8: 4.3767145 | II8: 4.86 | IJ8: 3.3070856 | IK8: 0.67728749 | IL8: 3.9221842 | IM8: 3.4039302 | IN8: 2.591863 | IO8: 2.9042699 | IP8: 4.2029061 | IQ8: -0.26038633 | IR8: 1.6495516 | IS8: -0.41921511 | IT8: -1.1704057 | IU8: 1.8999164 | IV8: -1.1568393 | IW8: 1.5421397
A9: Brazil | B9: Wholesale price index (WPI) | C9: Year-over-year (YOY) percent change | D9: Monthly | F9: 11.368679 | G9: 11.5237 | H9: 12.715008 | I9: 14.300937 | J9: 13.71729 | K9: 14.291292 | L9: 13.33337 | M9: 11.743354 | N9: 11.070574 | O9: 12.53403 | P9: 12.926278 | Q9: 11.871876 | R9: 11.279616 | S9: 11.090687 | T9: 9.8567486 | U9: 9.1698616 | V9: 10.354678 | W9: 10.935624 | X9: 11.905993 | Y9: 14.336651 | Z9: 18.15954 | AA9: 22.963347 | AB9: 31.172219 | AC9: 35.414493 | AD9: 38.584888 | AE9: 40.759296 | AF9: 43.631001 | AG9: 42.653922 | AH9: 38.50372 | AI9: 33.554044 | AJ9: 29.124519 | AK9: 25.850751 | AL9: 22.760249 | AM9: 16.362214 | AN9: 8.7876963 | AO9: 6.2565979 | AP9: 4.7468964 | AQ9: 4.4506122 | AR9: 3.5885558 | AS9: 5.1370948 | AT9: 8.7555188 | AU9: 11.763291 | AV9: 13.945003 | AW9: 14.943909 | AX9: 14.221665 | AY9: 14.352726 | AZ9: 14.970441 | BA9: 14.674811 | BB9: 13.901615 | BC9: 12.741966 | BD9: 12.799008 | BE9: 11.431025 | BF9: 8.4835475 | BG9: 5.9710203 | BH9: 3.8421382 | BI9: 1.1557566 | BJ9: 0.22157623 | BK9: 0.39607039 | BL9: -0.35380593 | BM9: -0.96637602 | BN9: -0.24301303 | BO9: -0.75144396 | BP9: -2.6692401 | BQ9: -3.1426588 | BR9: -1.7317033 | BS9: 0.08900509 | BT9: 0.95027111 | BU9: 2.5590663 | BV9: 3.1295498 | BW9: 3.5148088 | BX9: 4.0379894 | BY9: 4.2930962 | BZ9: 3.7916438 | CA9: 4.120929 | CB9: 5.0894054 | CC9: 5.2713541 | CD9: 4.7550444 | CE9: 3.7562873 | CF9: 4.0208185 | CG9: 5.491564 | CH9: 6.9228187 | CI9: 6.7697112 | CJ9: 7.5141278 | CK9: 9.4410715 | CL9: 10.27006 | CM9: 10.622815 | CN9: 11.391123 | CO9: 12.81529 | CP9: 15.362303 | CQ9: 17.895529 | CR9: 18.906391 | CS9: 15.695548 | CT9: 14.332079 | CU9: 14.717932 | CV9: 12.880997 | CW9: 9.804888 | CX9: 8.274189 | CY9: 7.3864574 | CZ9: 4.9790894 | DA9: 3.5294844 | DB9: 1.1807465 | DC9: -1.7190578 | DD9: -4.0928156 | DE9: -3.2506998 | DF9: -3.3983238 | DG9: -4.7699001 | DH9: -4.643697 | DI9: -4.0751697 | DJ9: -2.8374751 | DK9: -1.1948862 | DL9: 0.79171155 | DM9: 1.5820534 | DN9: 3.7739836 | DO9: 4.8939475 | DP9: 6.4913713 | DQ9: 8.2272136 | DR9: 9.5077635 | DS9: 11.044022 | DT9: 13.288523 | DU9: 13.850419 | DV9: 13.85336 | DW9: 13.687904 | DX9: 13.776369 | DY9: 13.282406 | DZ9: 10.301128 | EA9: 9.6139607 | EB9: 9.0943231 | EC9: 8.0893801 | ED9: 7.524637 | EE9: 6.6262163 | EF9: 4.9125264 | EG9: 4.1151604 | EH9: 3.1378049 | EI9: 1.8533898 | EJ9: 1.7995131 | EK9: 2.8174069 | EL9: 4.4032843 | EM9: 5.5408462 | EN9: 7.9337855 | EO9: 9.0024632 | EP9: 9.1776292 | EQ9: 7.9215819 | ER9: 7.7298308 | ES9: 9.1284309 | ET9: 9.1159741 | EU9: 9.2436261 | EV9: 8.7805932 | EW9: 7.0176765 | EX9: 6.0670007 | EY9: 6.0217991 | EZ9: 4.0152193 | FA9: 2.8083339 | FB9: 3.6169279 | FC9: 5.0707603 | FD9: 5.0243528 | FE9: 5.070714 | FF9: 5.1898182 | FG9: 6.1500733 | FH9: 8.0458463 | FI9: 8.7613846 | FJ9: 7.434439 | FK9: 5.2437256 | FL9: 3.9717548 | FM9: 3.4085095 | FN9: 1.2947662 | FO9: 1.3112983 | FP9: 1.9027345 | FQ9: 2.1540898 | FR9: 2.2663026 | FS9: 1.6674214 | FT9: 0.99532076 | FU9: 1.8495779 | FV9: 3.2908263 | FW9: 5.0032862 | FX9: 6.7263615 | FY9: 7.1519078 | FZ9: 9.5167614 | GA9: 11.306191 | GB9: 12.084829 | GC9: 11.310599 | GD9: 12.865704 | GE9: 13.351687 | GF9: 12.384234 | GG9: 11.467188 | GH9: 12.916188 | GI9: 14.790687 | GJ9: 13.17271 | GK9: 13.241145 | GL9: 10.965396 | GM9: 8.4346406 | GN9: 6.9207143 | GO9: 7.7332308 | GP9: 6.369793 | GQ9: 5.353228 | GR9: 4.1395054 | GS9: 1.8049869 | GT9: -0.79417413 | GU9: -4.3251404 | GV9: -4.19 | GW9: -4.4186595 | GX9: -3.4591258 | GY9: -3.5278775 | GZ9: -2.4941433 | HA9: -2.5224633 | HB9: -2.2888715 | HC9: -2.0179882 | HD9: -0.48377933 | HE9: 2.789002 | HF9: 6.3816607 | HG9: 9.8453044 | HH9: 11.158353 | HI9: 11.968696 | HJ9: 13.70958 | HK9: 13.939732 | HL9: 10.820695 | HM9: 8.752321 | HN9: 7.9217174 | HO9: 9.6826453 | HP9: 8.8977761 | HQ9: 10.127679 | HR9: 8.1589422 | HS9: 7.265369 | HT9: 6.4791316 | HU9: 4.4821612 | HV9: 2.5985324 | HW9: 3.2856144 | HX9: 6.2448149 | HY9: 9.6290002 | HZ9: 9.6961929 | IA9: 7.7364099 | IB9: 10.195453 | IC9: 7.7172875 | ID9: 9.0522707 | IE9: 10.555973 | IF9: 14.273609 | IG9: 21.583075 | IH9: 26.028507 | II9: 31.048562 | IJ9: 33.890238 | IK9: 31.715165 | IL9: 37.055785 | IM9: 41.765351 | IN9: 42.123532 | IO9: 46.097299 | IP9: 49.588942 | IQ9: 45.955882 | IR9: 43.848401 | IS9: 35.861136 | IT9: 28.64077 | IU9: 25.009381 | IV9: 19.607695 | IW9: 20.635165
A10: Brazil | B10: Wholesale price index (WPI) | C10: Index | D10: Monthly | E10: Units | F10: 42.64832 | G10: 42.780036 | H10: 43.213627 | I10: 43.813664 | J10: 43.892737 | K10: 44.754895 | L10: 45.616835 | M10: 46.130154 | N10: 46.350991 | O10: 47.22276 | P10: 47.565701 | Q10: 47.521359 | R10: 47.458887 | S10: 47.524636 | T10: 47.473085 | U10: 47.831317 | V10: 48.437689 | W10: 49.649123 | X10: 51.047972 | Y10: 52.743674 | Z10: 54.768118 | AA10: 58.066686 | AB10: 62.392986 | AC10: 64.350808 | AD10: 65.770845 | AE10: 66.895343 | AF10: 68.186068 | AG10: 68.233249 | AH10: 67.088001 | AI10: 66.308411 | AJ10: 65.915449 | AK10: 66.37831 | AL10: 67.233478 | AM10: 67.567682 | AN10: 67.875892 | AO10: 68.376979 | AP10: 68.892919 | AQ10: 69.872595 | AR10: 70.632963 | AS10: 71.738456 | AT10: 72.961904 | AU10: 74.108463 | AV10: 75.10736 | AW10: 76.297824 | AX10: 76.795198 | AY10: 77.265486 | AZ10: 78.037212 | BA10: 78.411171 | BB10: 78.470148 | BC10: 78.775737 | BD10: 79.673281 | BE10: 79.938897 | BF10: 79.151661 | BG10: 78.533494 | BH10: 77.993089 | BI10: 77.179641 | BJ10: 76.965358 | BK10: 77.571512 | BL10: 77.761112 | BM10: 77.653424 | BN10: 78.279455 | BO10: 78.183781 | BP10: 77.54661 | BQ10: 77.42669 | BR10: 77.78099 | BS10: 78.603393 | BT10: 78.734235 | BU10: 79.15472 | BV10: 79.374027 | BW10: 80.298002 | BX10: 80.901098 | BY10: 80.98716 | BZ10: 81.247534 | CA10: 81.40568 | CB10: 81.493272 | CC10: 81.508125 | CD10: 81.47951 | CE10: 81.555962 | CF10: 81.899995 | CG10: 83.501552 | CH10: 84.868947 | CI10: 85.733945 | CJ10: 86.980109 | CK10: 88.633216 | CL10: 89.591704 | CM10: 90.053254 | CN10: 90.77627 | CO10: 91.953628 | CP10: 93.996639 | CQ10: 96.150833 | CR10: 97.384328 | CS10: 96.607578 | CT10: 97.032432 | CU10: 98.352208 | CV10: 98.184014 | CW10: 97.323604 | CX10: 97.004691 | CY10: 96.704999 | CZ10: 95.296102 | DA10: 95.199117 | DB10: 95.106501 | DC10: 94.497945 | DD10: 93.398567 | DE10: 93.467156 | DF10: 93.734955 | DG10: 93.660906 | DH10: 93.624646 | DI10: 93.357502 | DJ10: 94.252207 | DK10: 95.549485 | DL10: 96.050572 | DM10: 96.705218 | DN10: 98.695805 | DO10: 99.122624 | DP10: 99.461415 | DQ10: 101.1569 | DR10: 102.64705 | DS10: 104.00484 | DT10: 106.06598 | DU10: 106.28791 | DV10: 107.3093 | DW10: 108.62821 | DX10: 109.28285 | DY10: 109.55 | DZ10: 108.86259 | EA10: 108.65223 | EB10: 108.50676 | EC10: 109.33986 | ED10: 110.37087 | EE10: 110.89642 | EF10: 111.2765 | EG10: 110.66183 | EH10: 110.67646 | EI10: 110.64151 | EJ10: 111.24941 | EK10: 112.63647 | EL10: 113.65612 | EM10: 114.67249 | EN10: 117.11545 | EO10: 119.18315 | EP10: 120.5003 | EQ10: 119.68117 | ER10: 119.87798 | ES10: 120.76351 | ET10: 120.7657 | EU10: 120.8688 | EV10: 121.01777 | EW10: 120.54093 | EX10: 120.55163 | EY10: 121.57783 | EZ10: 121.81789 | FA10: 122.53021 | FB10: 124.85871 | FC10: 125.74992 | FD10: 125.90108 | FE10: 126.88709 | FF10: 127.03322 | FG10: 128.30232 | FH10: 130.75467 | FI10: 131.10198 | FJ10: 129.51397 | FK10: 127.95304 | FL10: 126.6562 | FM10: 126.70666 | FN10: 126.47534 | FO10: 127.39888 | FP10: 128.29664 | FQ10: 129.62035 | FR10: 129.91218 | FS10: 130.44166 | FT10: 132.0561 | FU10: 133.52682 | FV10: 133.77605 | FW10: 134.3549 | FX10: 135.17556 | FY10: 135.7686 | FZ10: 138.51169 | GA10: 141.80284 | GB10: 143.80107 | GC10: 144.28119 | GD10: 146.62629 | GE10: 147.85782 | GF10: 148.41024 | GG10: 148.83859 | GH10: 151.05482 | GI10: 154.22691 | GJ10: 152.98184 | GK10: 153.74592 | GL10: 153.70005 | GM10: 153.7634 | GN10: 153.75313 | GO10: 155.43878 | GP10: 155.96608 | GQ10: 155.77299 | GR10: 154.55369 | GS10: 151.5251 | GT10: 149.85518 | GU10: 147.55638 | GV10: 146.5719 | GW10: 146.95241 | GX10: 148.38337 | GY10: 148.33881 | GZ10: 149.91831 | HA10: 151.5179 | HB10: 152.39622 | HC10: 152.62951 | HD10: 153.80599 | HE10: 155.75114 | HF10: 159.41843 | HG10: 162.08376 | HH10: 162.92691 | HI10: 164.5407 | HJ10: 168.72611 | HK10: 169.01684 | HL10: 166.14051 | HM10: 164.77923 | HN10: 164.46862 | HO10: 167.40808 | HP10: 167.4913 | HQ10: 171.52512 | HR10: 172.42528 | HS10: 173.85974 | HT10: 173.48316 | HU10: 171.91568 | HV10: 173.11051 | HW10: 174.57009 | HX10: 176.51568 | HY10: 180.64582 | HZ10: 180.41581 | IA10: 180.35945 | IB10: 184.5678 | IC10: 184.76221 | ID10: 188.03369 | IE10: 192.21233 | IF10: 198.24547 | IG10: 209.02037 | IH10: 218.16859 | II10: 228.77159 | IJ10: 236.33726 | IK10: 237.93794 | IL10: 247.27031 | IM10: 255.68721 | IN10: 262.31428 | IO10: 269.93259 | IP10: 281.2776 | IQ10: 280.5452 | IR10: 285.17293 | IS10: 283.97745 | IT10: 280.65376 | IU10: 285.98594 | IV10: 282.67755 | IW10: 287.03683
A11: Brazil | B11: Producer price index (PPI) | C11: Period-over-preceding period percent change | D11: Monthly | F11: 0.40006582 | G11: 0.30884115 | H11: 1.0135359 | I11: 1.3885379 | J11: 0.18047572 | K11: 1.9642386 | L11: 1.9259115 | M11: 1.1252849 | N11: 0.47872492 | O11: 1.8807994 | P11: 0.72621977 | Q11: -0.093222752 | R11: -0.13146101 | S11: 0.13853794 | T11: -0.10847084 | U11: 0.75459891 | V11: 1.2677304 | W11: 2.5010147 | X11: 2.8174715 | Y11: 3.3217801 | Z11: 3.8382692 | AA11: 6.0227894 | AB11: 7.4505703 | AC11: 3.1378878 | AD11: 2.2067135 | AE11: 1.7097196 | AF11: 1.9294694 | AG11: 0.069195506 | AH11: -1.6784314 | AI11: -1.1620411 | AJ11: -0.59262822 | AK11: 0.70220437 | AL11: 1.2883248 | AM11: 0.49707925 | AN11: 0.45615011 | AO11: 0.73824013 | AP11: 0.75455303 | AQ11: 1.4220263 | AR11: 1.0882206 | AS11: 1.5651238 | AT11: 1.7054278 | AU11: 1.5714487 | AV11: 1.3478861 | AW11: 1.5850165 | AX11: 0.65188451 | AY11: 0.61239234 | AZ11: 0.9987985 | BA11: 0.4792055 | BB11: 0.075215199 | BC11: 0.38943325 | BD11: 1.1393665 | BE11: 0.33338085 | BF11: -0.98479632 | BG11: -0.78099128 | BH11: -0.6881206 | BI11: -1.0429737 | BJ11: -0.27764256 | BK11: 0.78756694 | BL11: 0.24442029 | BM11: -0.13848548 | BN11: 0.8061862 | BO11: -0.12222108 | BP11: -0.8149661 | BQ11: -0.15464266 | BR11: 0.4575936 | BS11: 1.0573318 | BT11: 0.16645825 | BU11: 0.53405614 | BV11: 0.27706182 | BW11: 1.1640771 | BX11: 0.75107179 | BY11: 0.10638039 | BZ11: 0.32149918 | CA11: 0.1946472 | CB11: 0.1075993 | CC11: 0.018226654 | CD11: -0.035106714 | CE11: 0.093829504 | CF11: 0.42183696 | CG11: 1.9555025 | CH11: 1.6375689 | CI11: 1.0192158 | CJ11: 1.4535254 | CK11: 1.9005573 | CL11: 1.0814088 | CM11: 0.51517109 | CN11: 0.8028758 | CO11: 1.2969888 | CP11: 2.2217841 | CQ11: 2.2917775 | CR11: 1.2828755 | CS11: -0.79761344 | CT11: 0.43977263 | CU11: 1.3601399 | CV11: -0.17101192 | CW11: -0.87632455 | CX11: -0.32768341 | CY11: -0.30894499 | CZ11: -1.4569028 | DA11: -0.10177184 | DB11: -0.097286532 | DC11: -0.63986844 | DD11: -1.1633874 | DE11: 0.073436035 | DF11: 0.28651755 | DG11: -0.078998329 | DH11: -0.038714131 | DI11: -0.28533566 | DJ11: 0.95836404 | DK11: 1.3763902 | DL11: 0.52442677 | DM11: 0.68156389 | DN11: 2.058407 | DO11: 0.43245971 | DP11: 0.34178956 | DQ11: 1.704664 | DR11: 1.4731128 | DS11: 1.3227699 | DT11: 1.9817742 | DU11: 0.20923647 | DV11: 0.96097133 | DW11: 1.2290669 | DX11: 0.60264827 | DY11: 0.24445235 | DZ11: -0.62748617 | EA11: -0.19322683 | EB11: -0.13389222 | EC11: 0.76779218 | ED11: 0.94293825 | EE11: 0.4761688 | EF11: 0.34272951 | EG11: -0.55238316 | EH11: 0.013225033 | EI11: -0.031577992 | EJ11: 0.54943319 | EK11: 1.2467971 | EL11: 0.90525642 | EM11: 0.89425222 | EN11: 2.1303831 | EO11: 1.7655178 | EP11: 1.1051526 | EQ11: -0.67977145 | ER11: 0.16444427 | ES11: 0.7386932 | ET11: 0.0018087729 | EU11: 0.085372537 | EV11: 0.12325086 | EW11: -0.39402554 | EX11: 0.0088793531 | EY11: 0.85125505 | EZ11: 0.1974527 | FA11: 0.58473555 | FB11: 1.900351 | FC11: 0.71377463 | FD11: 0.12020379 | FE11: 0.78316253 | FF11: 1.5071789 | FG11: 0.32273767 | FH11: -0.1315823 | FI11: -0.97183042 | FJ11: -0.14027636 | FK11: -0.30177012 | FL11: -0.56821424 | FM11: 0.44071594 | FN11: 0.98458088 | FO11: 0.39638252 | FP11: 0.93497576 | FQ11: 0.18552636 | FR11: -0.39410115 | FS11: 0.71056972 | FT11: 1.8646844 | FU11: 0.22263451 | FV11: 0 | FW11: 0.46896211 | FX11: 0.71244319 | FY11: 0.96353214 | FZ11: 2.9958927 | GA11: 1.7593244 | GB11: -0.41493776 | GC11: -0.3587963 | GD11: 0.68532931 | GE11: -0.63451777 | GF11: -1.1958667 | GG11: -0.34077556 | GH11: 0.9079118 | GI11: 0.49076887 | GJ11: -0.56976744 | GK11: -0.25727985 | GL11: 0.48071286 | GM11: 0.08168028 | GN11: 0.80447709 | GO11: 1.2838307 | GP11: 0.30832477 | GQ11: -0.45537341 | GR11: 0.068618481 | GS11: -0.10285714 | GT11: 0.10296305 | GU11: -0.20571429 | GV11: -1.0077874 | GW11: 0.28921795 | GX11: 1.4880609 | GY11: 1.7958627 | GZ11: 1.4068781 | HA11: 0.41841004 | HB11: 0.48245614 | HC11: 0.38192929 | HD11: 1.0653332 | HE11: 1.5919114 | HF11: 2.5516146 | HG11: 2.2609953 | HH11: 1.130742 | HI11: 0.85854048 | HJ11: 2.9100267 | HK11: -0.68288929 | HL11: -1.6269611 | HM11: -1.5554243 | HN11: 20.83 | HO11: 1.7876355 | HP11: 1.3497032 | HQ11: 1.091055 | HR11: 0.51583208 | HS11: 0.83688615 | HT11: -0.22705919 | HU11: -0.8946088 | HV11: 0.68889065 | HW11: 0.84145958 | HX11: 1.1073852 | HY11: 2.3370613 | HZ11: -0.12812783 | IA11: -0.030186401 | IB11: 2.3326036 | IC11: 0.11065211 | ID11: 1.7684769 | IE11: 2.2228658 | IF11: 3.1378382 | IG11: 5.4391869 | IH11: 4.3769947 | II11: 4.8611544 | IJ11: 3.314687 | IK11: 0.67968435 | IL11: 3.9189885 | IM11: 3.4023343 | IN11: 2.5875839 | IO11: 2.9011833 | IP11: 4.2013416 | IQ11: -0.26137464 | IR11: 1.6500049 | IS11: -0.42012795 | IT11: -1.1698149 | IU11: 1.9016203 | IV11: -1.1615729 | IW11: 1.5412773 | IX11: 2.5709136 | IY11: 1.9422863 | IZ11: 2.7989476 | JA11: 0.18092758 | JB11: 0.54620738 | JC11: 0.43371594 | JD11: -0.32279171 | JE11: -0.63892171 | JF11: -1.6824488 | JG11: -1.0482462 | JH11: -0.43007832 | JI11: 0.31826862 | JJ11: -0.19035533 | JK11: -0.040868223 | JL11: -0.70867215 | JM11: -1.5601409 | JN11: -3.3695854 | JO11: -2.1307296 | JP11: -0.6093965 | JQ11: 0.098892405 | JR11: 1.0225252 | JS11: 0.57209916 | JT11: 0.62718786 | JU11: 0.79238537 | JV11: -0.58961699 | JW11: -0.76188639 | JX11: -0.50048591 | JY11: 0.83996679 | JZ11: 0.96856991 | KA11: 0.55158521 | KB11: 0.930166 | KC11: 0.10870079 | KD11: 1.1991313 | KE11: 2.0106363 | KF11: 1.6600357 | KG11: 1.0796221
A12: Brazil | B12: Producer price index (PPI) | C12: Year-over-year (YOY) percent change | D12: Monthly | F12: 11.368679 | G12: 11.5237 | H12: 12.715008 | I12: 14.300937 | J12: 13.71729 | K12: 14.291292 | L12: 13.33337 | M12: 11.743354 | N12: 11.070574 | O12: 12.53403 | P12: 12.926278 | Q12: 11.871876 | R12: 11.279616 | S12: 11.090687 | T12: 9.8567486 | U12: 9.1698616 | V12: 10.354678 | W12: 10.935624 | X12: 11.905993 | Y12: 14.336651 | Z12: 18.15954 | AA12: 22.963347 | AB12: 31.172219 | AC12: 35.414493 | AD12: 38.584888 | AE12: 40.759296 | AF12: 43.631001 | AG12: 42.653922 | AH12: 38.50372 | AI12: 33.554044 | AJ12: 29.124519 | AK12: 25.850751 | AL12: 22.760249 | AM12: 16.362214 | AN12: 8.7876963 | AO12: 6.2565979 | AP12: 4.7468964 | AQ12: 4.4506122 | AR12: 3.5885558 | AS12: 5.1370948 | AT12: 8.7555188 | AU12: 11.763291 | AV12: 13.945003 | AW12: 14.943909 | AX12: 14.221665 | AY12: 14.352726 | AZ12: 14.970441 | BA12: 14.674811 | BB12: 13.901615 | BC12: 12.741966 | BD12: 12.799008 | BE12: 11.431025 | BF12: 8.4835475 | BG12: 5.9710203 | BH12: 3.8421382 | BI12: 1.1557566 | BJ12: 0.22157623 | BK12: 0.39607039 | BL12: -0.35380593 | BM12: -0.96637602 | BN12: -0.24301303 | BO12: -0.75144396 | BP12: -2.6692401 | BQ12: -3.1426588 | BR12: -1.7317033 | BS12: 0.08900509 | BT12: 0.95027111 | BU12: 2.5590663 | BV12: 3.1295498 | BW12: 3.5148088 | BX12: 4.0379894 | BY12: 4.2930962 | BZ12: 3.7916438 | CA12: 4.120929 | CB12: 5.0894054 | CC12: 5.2713541 | CD12: 4.7550444 | CE12: 3.7562873 | CF12: 4.0208185 | CG12: 5.491564 | CH12: 6.9228187 | CI12: 6.7697112 | CJ12: 7.5141278 | CK12: 9.4410715 | CL12: 10.27006 | CM12: 10.622815 | CN12: 11.391123 | CO12: 12.81529 | CP12: 15.362303 | CQ12: 17.895529 | CR12: 18.906391 | CS12: 15.695548 | CT12: 14.332079 | CU12: 14.717932 | CV12: 12.880997 | CW12: 9.804888 | CX12: 8.274189 | CY12: 7.3864574 | CZ12: 4.9790894 | DA12: 3.5294844 | DB12: 1.1807465 | DC12: -1.7190578 | DD12: -4.0928156 | DE12: -3.2506998 | DF12: -3.3983238 | DG12: -4.7699001 | DH12: -4.643697 | DI12: -4.0751697 | DJ12: -2.8374751 | DK12: -1.1948862 | DL12: 0.79171155 | DM12: 1.5820534 | DN12: 3.7739836 | DO12: 4.8939475 | DP12: 6.4913713 | DQ12: 8.2272136 | DR12: 9.5077635 | DS12: 11.044022 | DT12: 13.288523 | DU12: 13.850419 | DV12: 13.85336 | DW12: 13.687904 | DX12: 13.776369 | DY12: 13.282406 | DZ12: 10.301128 | EA12: 9.6139607 | EB12: 9.0943231 | EC12: 8.0893801 | ED12: 7.524637 | EE12: 6.6262163 | EF12: 4.9125264 | EG12: 4.1151604 | EH12: 3.1378049 | EI12: 1.8533898 | EJ12: 1.7995131 | EK12: 2.8174069 | EL12: 4.4032843 | EM12: 5.5408462 | EN12: 7.9337855 | EO12: 9.0024632 | EP12: 9.1776292 | EQ12: 7.9215819 | ER12: 7.7298308 | ES12: 9.1284309 | ET12: 9.1159741 | EU12: 9.2436261 | EV12: 8.7805932 | EW12: 7.0176765 | EX12: 6.0670007 | EY12: 6.0217991 | EZ12: 4.0152193 | FA12: 2.8083339 | FB12: 3.6169279 | FC12: 5.0707603 | FD12: 5.0243528 | FE12: 5.070714 | FF12: 6.6523886 | FG12: 6.9053282 | FH12: 6.6332333 | FI12: 6.014664 | FJ12: 5.8565511 | FK12: 4.6463007 | FL12: 3.8466376 | FM12: 3.6979475 | FN12: 2.7660225 | FO12: 2.4421629 | FP12: 3.2758308 | FQ12: 2.6634133 | FR12: 0.74047638 | FS12: 1.1299233 | FT12: 3.1514062 | FU12: 4.3956051 | FV12: 4.5422532 | FW12: 5.3504329 | FX12: 6.707321 | FY12: 7.2627563 | FZ12: 9.3991107 | GA12: 10.88427 | GB12: 9.4012938 | GC12: 8.8069005 | GD12: 9.9860424 | GE12: 8.5170719 | GF12: 5.2566481 | GG12: 4.6649389 | GH12: 5.6152042 | GI12: 5.638128 | GJ12: 4.2932065 | GK12: 3.0321334 | GL12: 0.5160685 | GM12: -1.1410788 | GN12: 0.069444444 | GO12: 1.7191311 | GP12: 1.3382557 | GQ12: 1.5209567 | GR12: 2.8202115 | GS12: 3.0656762 | GT12: 2.2435148 | GU12: 1.5348837 | GV12: 1.0875921 | GW12: 1.6414586 | GX12: 2.6604434 | GY12: 4.4187945 | GZ12: 5.0427944 | HA12: 4.1452552 | HB12: 4.3260474 | HC12: 5.2035682 | HD12: 6.2514286 | HE12: 8.0539984 | HF12: 10.697143 | HG12: 13.433349 | HH12: 15.88385 | HI12: 16.5417 | HJ12: 18.174585 | HK12: 15.297008 | HL12: 11.847611 | HM12: 9.6491228 | HN12: 31.852903 | HO12: 33.699315 | HP12: 34.075508 | HQ12: 33.414505 | HR12: 30.766054 | HS12: 28.944977 | HT12: 27.213737 | HU12: 25.002475 | HV12: 22.304511 | HW12: 24.181677 | HX12: 27.633392 | HY12: 32.68 | HZ12: 9.6664736 | IA12: 7.7079437 | IB12: 8.752507 | IC12: 7.6978018 | ID12: 9.0399495 | IE12: 10.538678 | IF12: 14.266656 | IG12: 21.569404 | IH12: 26.022334 | II12: 31.045777 | IJ12: 33.906672 | IK12: 31.738016 | IL12: 37.076447 | IM12: 41.783045 | IN12: 42.136323 | IO12: 46.098298 | IP12: 49.590906 | IQ12: 45.955518 | IR12: 43.85001 | IS12: 35.856184 | IT12: 28.636505 | IU12: 25.005951 | IV12: 19.589885 | IW12: 20.613307 | IX12: 19.048668 | IY12: 17.367692 | IZ12: 17.609508 | JA12: 14.500429 | JB12: 10.484027 | JC12: 11.254004 | JD12: 9.0948152 | JE12: 8.8551155 | JF12: 8.2904822 | JG12: 5.1556698 | JH12: 5.9339177 | JI12: 4.6580021 | JJ12: 1.8405475 | JK12: -0.14062784 | JL12: -3.5479458 | JM12: -5.2242093 | JN12: -8.9152721 | JO12: -11.241003 | JP12: -11.496215 | JQ12: -10.839022 | JR12: -8.3859696 | JS12: -6.8857803 | JT12: -5.8970628 | JU12: -5.4523205 | JV12: -5.8305331 | JW12: -6.5097897 | JX12: -6.3137668 | JY12: -4.0295594 | JZ12: 0.27896686 | KA12: 3.0273246 | KB12: 4.6232199 | KC12: 4.6334716 | KD12: 4.8163904 | KE12: 6.3156359 | KF12: 7.4068706 | KG12: 7.7129572
A13: Brazil | B13: Producer price index (PPI) | C13: Index | D13: Monthly | E13: Units | F13: 42.64832 | G13: 42.780036 | H13: 43.213627 | I13: 43.813664 | J13: 43.892737 | K13: 44.754895 | L13: 45.616835 | M13: 46.130154 | N13: 46.350991 | O13: 47.22276 | P13: 47.565701 | Q13: 47.521359 | R13: 47.458887 | S13: 47.524636 | T13: 47.473085 | U13: 47.831317 | V13: 48.437689 | W13: 49.649123 | X13: 51.047972 | Y13: 52.743674 | Z13: 54.768118 | AA13: 58.066686 | AB13: 62.392986 | AC13: 64.350808 | AD13: 65.770845 | AE13: 66.895343 | AF13: 68.186068 | AG13: 68.233249 | AH13: 67.088001 | AI13: 66.308411 | AJ13: 65.915449 | AK13: 66.37831 | AL13: 67.233478 | AM13: 67.567682 | AN13: 67.875892 | AO13: 68.376979 | AP13: 68.892919 | AQ13: 69.872595 | AR13: 70.632963 | AS13: 71.738456 | AT13: 72.961904 | AU13: 74.108463 | AV13: 75.10736 | AW13: 76.297824 | AX13: 76.795198 | AY13: 77.265486 | AZ13: 78.037212 | BA13: 78.411171 | BB13: 78.470148 | BC13: 78.775737 | BD13: 79.673281 | BE13: 79.938897 | BF13: 79.151661 | BG13: 78.533494 | BH13: 77.993089 | BI13: 77.179641 | BJ13: 76.965358 | BK13: 77.571512 | BL13: 77.761112 | BM13: 77.653424 | BN13: 78.279455 | BO13: 78.183781 | BP13: 77.54661 | BQ13: 77.42669 | BR13: 77.78099 | BS13: 78.603393 | BT13: 78.734235 | BU13: 79.15472 | BV13: 79.374027 | BW13: 80.298002 | BX13: 80.901098 | BY13: 80.98716 | BZ13: 81.247534 | CA13: 81.40568 | CB13: 81.493272 | CC13: 81.508125 | CD13: 81.47951 | CE13: 81.555962 | CF13: 81.899995 | CG13: 83.501552 | CH13: 84.868947 | CI13: 85.733945 | CJ13: 86.980109 | CK13: 88.633216 | CL13: 89.591704 | CM13: 90.053254 | CN13: 90.77627 | CO13: 91.953628 | CP13: 93.996639 | CQ13: 96.150833 | CR13: 97.384328 | CS13: 96.607578 | CT13: 97.032432 | CU13: 98.352208 | CV13: 98.184014 | CW13: 97.323604 | CX13: 97.004691 | CY13: 96.704999 | CZ13: 95.296102 | DA13: 95.199117 | DB13: 95.106501 | DC13: 94.497945 | DD13: 93.398567 | DE13: 93.467156 | DF13: 93.734955 | DG13: 93.660906 | DH13: 93.624646 | DI13: 93.357502 | DJ13: 94.252207 | DK13: 95.549485 | DL13: 96.050572 | DM13: 96.705218 | DN13: 98.695805 | DO13: 99.122624 | DP13: 99.461415 | DQ13: 101.1569 | DR13: 102.64705 | DS13: 104.00484 | DT13: 106.06598 | DU13: 106.28791 | DV13: 107.3093 | DW13: 108.62821 | DX13: 109.28285 | DY13: 109.55 | DZ13: 108.86259 | EA13: 108.65223 | EB13: 108.50676 | EC13: 109.33986 | ED13: 110.37087 | EE13: 110.89642 | EF13: 111.2765 | EG13: 110.66183 | EH13: 110.67646 | EI13: 110.64151 | EJ13: 111.24941 | EK13: 112.63647 | EL13: 113.65612 | EM13: 114.67249 | EN13: 117.11545 | EO13: 119.18315 | EP13: 120.5003 | EQ13: 119.68117 | ER13: 119.87798 | ES13: 120.76351 | ET13: 120.7657 | EU13: 120.8688 | EV13: 121.01777 | EW13: 120.54093 | EX13: 120.55163 | EY13: 121.57783 | EZ13: 121.81789 | FA13: 122.53021 | FB13: 124.85871 | FC13: 125.74992 | FD13: 125.90108 | FE13: 126.88709 | FF13: 128.7995 | FG13: 129.21519 | FH13: 129.04516 | FI13: 127.79106 | FJ13: 127.6118 | FK13: 127.22671 | FL13: 126.50379 | FM13: 127.06131 | FN13: 128.31233 | FO13: 128.82094 | FP13: 130.02538 | FQ13: 130.26661 | FR13: 129.75323 | FS13: 130.67522 | FT13: 133.1119 | FU13: 133.40825 | FV13: 133.40825 | FW13: 134.03389 | FX13: 134.9888 | FY13: 136.28946 | FZ13: 140.37255 | GA13: 142.84216 | GB13: 142.24945 | GC13: 141.73906 | GD13: 142.71044 | GE13: 141.80492 | GF13: 140.10912 | GG13: 139.63167 | GH13: 140.8994 | GI13: 141.59089 | GJ13: 140.78415 | GK13: 140.42194 | GL13: 141.09697 | GM13: 141.21221 | GN13: 142.34823 | GO13: 144.17574 | GP13: 144.62027 | GQ13: 143.96171 | GR13: 144.0605 | GS13: 143.91232 | GT13: 144.0605 | GU13: 143.76414 | GV13: 142.31531 | GW13: 142.72691 | GX13: 144.85077 | GY13: 147.45209 | GZ13: 149.52656 | HA13: 150.1522 | HB13: 150.87662 | HC13: 151.45286 | HD13: 153.06634 | HE13: 155.50302 | HF13: 159.47085 | HG13: 163.07648 | HH13: 164.92046 | HI13: 166.33637 | HJ13: 171.1768 | HK13: 170.00785 | HL13: 167.24189 | HM13: 164.64057 | HN13: 198.9352 | HO13: 202.49143 | HP13: 205.22447 | HQ13: 207.46358 | HR13: 208.53374 | HS13: 210.27893 | HT13: 209.80147 | HU13: 207.92457 | HV13: 209.35695 | HW13: 211.1186 | HX13: 213.4565 | HY13: 218.4451 | HZ13: 218.16522 | IA13: 218.09936 | IB13: 223.18675 | IC13: 223.43371 | ID13: 227.38509 | IE13: 232.43955 | IF13: 239.73313 | IG13: 252.77266 | IH13: 263.83651 | II13: 276.66201 | IJ13: 285.83249 | IK13: 287.77525 | IL13: 299.05313 | IM13: 309.22791 | IN13: 317.22945 | IO13: 326.43285 | IP13: 340.14741 | IQ13: 339.25835 | IR13: 344.85613 | IS13: 343.4073 | IT13: 339.39007 | IU13: 345.84398 | IV13: 341.82675 | IW13: 347.09524 | IX13: 356.01876 | IY13: 362.93367 | IZ13: 373.09199 | JA13: 373.76702 | JB13: 375.80856 | JC13: 377.4385 | JD13: 376.22016 | JE13: 373.81641 | JF13: 367.52714 | JG13: 363.67455 | JH13: 362.11046 | JI13: 363.26295 | JJ13: 362.57146 | JK13: 362.42328 | JL13: 359.85489 | JM13: 354.24064 | JN13: 342.3042 | JO13: 335.01063 | JP13: 332.96908 | JQ13: 333.29836 | JR13: 336.70642 | JS13: 338.63272 | JT13: 340.75658 | JU13: 343.45669 | JV13: 341.43161 | JW13: 338.83029 | JX13: 337.13449 | JY13: 339.96631 | JZ13: 343.25912 | KA13: 345.15249 | KB13: 348.36298 | KC13: 348.74165 | KD13: 352.92352 | KE13: 360.01953 | KF13: 365.99598 | KG13: 369.94735
A14: Chile | B14: Producer price index (PPI) | C14: Year-over-year (YOY) percent change | D14: Monthly | DJ14: 38.900585 | DK14: 34.972421 | DL14: 36.808222 | DM14: 34.192163 | DN14: 25.287479 | DO14: 16.835906 | DP14: 17.296322 | DQ14: 12.96846 | DR14: 13.715688 | DS14: 17.220817 | DT14: 17.580458 | DU14: 20.210912 | DV14: 20.629842 | DW14: 26.875924 | DX14: 18.525551 | DY14: 15.008 | DZ14: 17.965497 | EA14: 21.918999 | EB14: 23.895771 | EC14: 14.977829 | ED14: 7.3455359 | EE14: -2.9597657 | EF14: -3.5484116 | EG14: -7.4458058 | EH14: -8.6486109 | EI14: -8.3675987 | EJ14: -6.637877 | EK14: -8.6254869 | EL14: -6.4692745 | EM14: -10.799829 | EN14: -13.205075 | EO14: -11.384088 | EP14: -4.1548771 | EQ14: 2.6370135 | ER14: -1.1712916 | ES14: 0.67366442 | ET14: -1.0544815 | EU14: -2.8270137 | EV14: -5.8490003 | EW14: -7.7040195 | EX14: -6.3313564 | EY14: -3.2126588 | EZ14: -4.5443712 | FA14: -0.87846551 | FB14: -4.6302051 | FC14: -4.7748027 | FD14: -2.2589882 | FE14: -2.7544351 | FF14: -2.7260792 | FG14: -1.9439004 | FH14: -1.0712961 | FI14: 2.2801523 | FJ14: 3.629559 | FK14: 3.5824844 | FL14: 7.0270111 | FM14: 6.3742471 | FN14: 7.156599 | FO14: 5.4498617 | FP14: 5.491733 | FQ14: 3.7703218 | FR14: -0.69000507 | FS14: -2.0164526 | FT14: 2.1805897 | FU14: 2.1026592 | FV14: 1.9979716 | FW14: 1.3041263 | FX14: -2.2363582 | FY14: -3.3509183 | FZ14: -2.5845317 | GA14: -1.9306541 | GB14: -3.5397358 | GC14: -5.4695969 | GD14: -1.7778686 | GE14: -1.2695812 | GF14: -1.6932171 | GG14: -1.9079346 | GH14: -3.0426569 | GI14: -2.4539877 | GJ14: -1.1793412 | GK14: -1.9003336 | GL14: -3.3512867 | GM14: -2.7922861 | GN14: 4.8042523 | GO14: 8.6321935 | GP14: 9.4247373 | GQ14: 8.7317225 | GR14: 7.6131268 | GS14: 7.4714418 | GT14: 7.8453492 | GU14: 8.4132385 | GV14: 9.9794239 | GW14: 12.550232 | GX14: 12.063983 | GY14: 14.982434 | GZ14: 9.6849703 | HA14: 8.3685221 | HB14: 6.6641316 | HC14: 6.1611826 | HD14: 4.8110617 | HE14: 6.2051135 | HF14: 8.1399772 | HG14: 10.147408 | HH14: 5.2853134 | HI14: 1.565504 | HJ14: 4.6597293 | HK14: 3.0104242 | HL14: 1.6894896 | HM14: 0.9475735 | HN14: -0.18716578 | HO14: 1.3356197 | HP14: 4.0875263 | HQ14: 3.7895569 | HR14: 1.1742681 | HS14: -1.8840195 | HT14: 0.80279429 | HU14: 2.4734311 | HV14: 0.59777136 | HW14: 0.32082157 | HX14: 5.5860632 | HY14: 6.929639 | HZ14: 8.654044 | IA14: 6.3853698 | IB14: 2.9311725 | IC14: 2.7229953 | ID14: 1.8229167 | IE14: 5.1414664 | IF14: 9.5784662 | IG14: 10.694374 | IH14: 11.077512 | II14: 12.135485 | IJ14: 7.6445887 | IK14: 9.5773849 | IL14: 11.146889 | IM14: 16.633055 | IN14: 23.403635 | IO14: 25.026801 | IP14: 33.730081 | IQ14: 30.092593 | IR14: 27.474972 | IS14: 29.441392 | IT14: 28.647913 | IU14: 33.485255 | IV14: 32.919585 | IW14: 32.588438 | IX14: 31.152011 | IY14: 29.419514 | IZ14: 25.155549 | JA14: 26.946761 | JB14: 20.411916 | JC14: 22.308719 | JD14: 21.218732 | JE14: 17.170145 | JF14: 16.872399 | JG14: 13.824731 | JH14: 13.820704 | JI14: 4.3404698 | JJ14: 3.8136694 | JK14: -0.54078127 | JL14: -1.2711598 | JM14: -4.0095788 | JN14: -8.6866219 | JO14: -9.0440686 | JP14: -8.9442112 | JQ14: -6.2190557 | JR14: -4.4661718 | JS14: -5.9640042 | JT14: -7.2902016 | JU14: -0.68604216 | JV14: 0.48814068 | JW14: 5.7122753 | JX14: 8.4454076 | JY14: 12.140984 | JZ14: 18.089377 | KA14: 15.774742 | KB14: 14.625469 | KC14: 8.968581 | KD14: 8.1622339 | KE14: 10.557918 | KF14: 11.694058 | KG14: 11.152977
A15: Chile | B15: Producer price index (PPI) | C15: Period-over-preceding period percent change | D15: Monthly | CY15: -0.33918129 | CZ15: 3.907992 | DA15: 5.2066862 | DB15: 0.82662373 | DC15: 4.8551959 | DD15: 1.3302193 | DE15: 8.0268564 | DF15: 2.0593692 | DG15: 0.59989093 | DH15: 1.3462233 | DI15: 2.2911652 | DJ15: 3.5035733 | DK15: -3.1576288 | DL15: 5.3212764 | DM15: 3.1949146 | DN15: -5.864 | DO15: -2.2180675 | DP15: 1.7295324 | DQ15: 4.0410081 | DR15: 2.7344392 | DS15: 3.7007433 | DT15: 1.6571605 | DU15: 4.5795739 | DV15: 3.864279 | DW15: 1.8567639 | DX15: -1.6104715 | DY15: 0.13233963 | DZ15: -3.4432387 | EA15: 1.0590015 | EB15: 3.3789564 | EC15: -3.4478003 | ED15: -4.0851307 | EE15: -6.2546538 | EF15: 1.0405083 | EG15: 0.35374577 | EH15: 2.5144916 | EI15: 2.1700925 | EJ15: 0.24680278 | EK15: -1.9994032 | EL15: -1.1647381 | EM15: -3.6201186 | EN15: 0.59138496 | EO15: -1.4221022 | EP15: 3.7395229 | EQ15: 0.38844002 | ER15: -2.708559 | ES15: 2.2271715 | ET15: 0.75474634 | EU15: 0.33979458 | EV15: -2.8707766 | EW15: -3.9302694 | EX15: 0.30517981 | EY15: -0.4111504 | EZ15: -0.79266782 | FA15: 2.363712 | FB15: -0.18700707 | FC15: 0.2362333 | FD15: -0.13815522 | FE15: 1.7089844 | FF15: 0.78412546 | FG15: 1.1466261 | FH15: -2.0064205 | FI15: -0.67567568 | FJ15: 1.6285302 | FK15: -0.45638945 | FL15: 2.5063678 | FM15: 1.7393897 | FN15: 0.54708871 | FO15: -1.3602798 | FP15: -0.098502758 | FQ15: 0.049299941 | FR15: -3.5478467 | FS15: -0.20435271 | FT15: 2.1910515 | FU15: -0.75142771 | FV15: 1.5243287 | FW15: -1.1335388 | FX15: -1.076134 | FY15: 0.57950386 | FZ15: 1.3443849 | GA15: -0.69818472 | GB15: -1.7376456 | GC15: -1.9523663 | GD15: 0.21893244 | GE15: 0.3120774 | GF15: 1.7525666 | GG15: -0.9682022 | GH15: 0.34990223 | GI15: -0.53327864 | GJ15: 0.21651717 | GK15: -0.15432099 | GL15: -0.15455951 | GM15: -0.12383901 | GN15: 5.9413102 | GO15: 1.6287916 | GP15: 0.95009597 | GQ15: -0.32322464 | GR15: 0.70577015 | GS15: -1.0985889 | GT15: 0.69903284 | GU15: -0.0095093191 | GV15: 1.6642891 | GW15: 2.1796071 | GX15: -0.58591962 | GY15: 2.4772078 | GZ15: 1.0603882 | HA15: 0.40903432 | HB15: -0.63761955 | HC15: -0.79322638 | HD15: -0.5749708 | HE15: 0.21686094 | HF15: 2.5335858 | HG15: 1.8466409 | HH15: -2.8233466 | HI15: -1.4304753 | HJ15: 2.4427619 | HK15: 0.86229652 | HL15: -0.23554043 | HM15: -0.3235397 | HN15: -1.7545399 | HO15: 0.72031282 | HP15: 2.1250511 | HQ15: -0.070028011 | HR15: -0.050055061 | HS15: -1.2319712 | HT15: -0.16225535 | HU15: 0.20314881 | HV15: 0.56766346 | HW15: 0.58461849 | HX15: 5.0005011 | HY15: 0.9448368 | HZ15: -0.17018058 | IA15: -1.3827067 | IB15: -1.1908192 | IC15: -0.27213529 | ID15: -0.92583569 | IE15: 1.9870155 | IF15: 4.0509259 | IG15: 1.2235818 | IH15: 0.91575092 | II15: 1.5426497 | IJ15: 0.79535299 | IK15: 2.7573366 | IL15: 1.2597066 | IM15: 3.4850034 | IN15: 4.5450803 | IO15: 1.0396157 | IP15: 5.9708473 | IQ15: -0.78705406 | IR15: 1.9572954 | IS15: 2.7850494 | IT15: 0.29713477 | IU15: 5.3607957 | IV15: 0.36821316 | IW15: 2.501334 | IX15: 0.16268628 | IY15: 2.1179834 | IZ15: 1.1006489 | JA15: 2.4856837 | JB15: 0.51578042 | JC15: 0.77580941 | JD15: 1.0486755 | JE15: -0.64787043 | JF15: 0.042265427 | JG15: 2.613314 | JH15: 0.36466298 | JI15: -6.0360994 | JJ15: -0.34302108 | JK15: -2.165342 | JL15: 0.35821659 | JM15: -0.35693798 | JN15: -4.3817565 | JO15: 0.38132192 | JP15: 1.1596135 | JQ15: 2.3255814 | JR15: 1.9121813 | JS15: 1.0044854 | JT15: -1.0507881 | JU15: 0.6573957 | JV15: 0.83521728 | JW15: 2.9208445 | JX15: 2.9529227 | JY15: 3.038674 | JZ15: 0.69020592 | KA15: -1.5862225 | KB15: 0.15542252 | KC15: -2.7242945 | KD15: 1.1580502 | KE15: 3.2416331 | KF15: -0.033944331 | KG15: 0.16977929
A16: Chile | B16: Producer price index (PPI) | C16: Index | D16: Monthly | E16: Units | CX16: 69.506073 | CY16: 69.270322 | CZ16: 71.9774 | DA16: 75.725038 | DB16: 76.350999 | DC16: 80.057989 | DD16: 81.122936 | DE16: 87.634558 | DF16: 89.439277 | DG16: 89.975815 | DH16: 91.187091 | DI16: 93.276337 | DJ16: 96.544342 | DK16: 93.49583 | DL16: 98.471002 | DM16: 101.61707 | DN16: 95.658241 | DO16: 93.536477 | DP16: 95.154221 | DQ16: 98.999411 | DR16: 101.70649 | DS16: 105.47039 | DT16: 107.2182 | DU16: 112.12834 | DV16: 116.46129 | DW16: 118.6237 | DX16: 116.7133 | DY16: 116.86776 | DZ16: 112.84372 | EA16: 114.03874 | EB16: 117.89206 | EC16: 113.82737 | ED16: 109.17738 | EE16: 102.34871 | EF16: 103.41366 | EG16: 103.77948 | EH16: 106.389 | EI16: 108.69774 | EJ16: 108.96601 | EK16: 106.78734 | EL16: 105.54355 | EM16: 101.72275 | EN16: 102.32432 | EO16: 100.86916 | EP16: 104.64119 | EQ16: 105.04766 | ER16: 102.20238 | ES16: 104.4786 | ET16: 105.26715 | EU16: 105.62484 | EV16: 102.59259 | EW16: 98.560425 | EX16: 98.861211 | EY16: 98.454743 | EZ16: 97.674324 | FA16: 99.983064 | FB16: 99.796088 | FC16: 100.03184 | FD16: 99.893641 | FE16: 101.60081 | FF16: 102.39749 | FG16: 103.5716 | FH16: 101.49352 | FI16: 100.80775 | FJ16: 102.44944 | FK16: 101.98187 | FL16: 104.53791 | FM16: 106.35623 | FN16: 106.93809 | FO16: 105.48344 | FP16: 105.37953 | FQ16: 105.43148 | FR16: 101.69094 | FS16: 101.48313 | FT16: 103.70668 | FU16: 102.9274 | FV16: 104.49635 | FW16: 103.31184 | FX16: 102.20007 | FY16: 102.79232 | FZ16: 104.17425 | GA16: 103.44692 | GB16: 101.64938 | GC16: 99.664808 | GD16: 99.883006 | GE16: 100.19472 | GF16: 101.9507 | GG16: 100.96361 | GH16: 101.31688 | GI16: 100.77658 | GJ16: 100.99478 | GK16: 100.83892 | GL16: 100.68307 | GM16: 100.55838 | GN16: 106.53287 | GO16: 108.26807 | GP16: 109.29672 | GQ16: 108.94344 | GR16: 109.71233 | GS16: 108.50705 | GT16: 109.26555 | GU16: 109.25516 | GV16: 111.07348 | GW16: 113.49444 | GX16: 112.82946 | GY16: 115.62448 | GZ16: 116.85054 | HA16: 117.3285 | HB16: 116.58039 | HC16: 115.65565 | HD16: 114.99066 | HE16: 115.24003 | HF16: 118.15974 | HG16: 120.34172 | HH16: 116.94406 | HI16: 115.2712 | HJ16: 118.087 | HK16: 119.10526 | HL16: 118.82472 | HM16: 118.44028 | HN16: 116.3622 | HO16: 117.20037 | HP16: 119.69094 | HQ16: 119.60712 | HR16: 119.54725 | HS16: 118.07446 | HT16: 117.88288 | HU16: 118.12236 | HV16: 118.79289 | HW16: 119.48738 | HX16: 125.46235 | HY16: 126.64776 | HZ16: 126.43223 | IA16: 124.68404 | IB16: 123.19928 | IC16: 122.86401 | ID16: 121.7265 | IE16: 124.14522 | IF16: 129.17425 | IG16: 130.7548 | IH16: 131.95219 | II16: 133.98775 | IJ16: 135.05343 | IK16: 138.7773 | IL16: 140.52549 | IM16: 145.42281 | IN16: 152.03239 | IO16: 153.61295 | IP16: 162.78494 | IQ16: 161.50373 | IR16: 164.66484 | IS16: 169.25084 | IT16: 169.75374 | IU16: 178.85389 | IV16: 179.51245 | IW16: 184.00266 | IX16: 184.30201 | IY16: 188.20549 | IZ16: 190.27698 | JA16: 195.00666 | JB16: 196.01247 | JC16: 197.53315 | JD16: 199.60463 | JE16: 198.31145 | JF16: 198.39527 | JG16: 203.57996 | JH16: 204.32234 | JI16: 191.98924 | JJ16: 191.33068 | JK16: 187.18771 | JL16: 187.85825 | JM16: 187.18771 | JN16: 178.9856 | JO16: 179.66812 | JP16: 181.75157 | JQ16: 185.97835 | JR16: 189.5346 | JS16: 191.43844 | JT16: 189.42683 | JU16: 190.67211 | JV16: 192.26464 | JW16: 197.88039 | JX16: 203.72365 | JY16: 209.91414 | JZ16: 211.36298 | KA16: 208.0103 | KB16: 208.33359 | KC16: 202.65797 | KD16: 205.00485 | KE16: 211.65036 | KF16: 211.57851 | KG16: 211.93773
A17: China, People's Republic of | B17: Producer price index (PPI) | C17: Year-over-year (YOY) percent change | D17: Monthly | DV17: 7.0663812 | DW17: 7.7586207 | DX17: 7.8748652 | DY17: 7.2961373 | DZ17: 7.2961373 | EA17: 7.6426265 | EB17: 8.1081081 | EC17: 7.8748652 | ED17: 6.9518717 | EE17: 5.2631579 | EF17: 2.7749229 | EG17: 1.7293998 | EH17: 0.67114094 | EI17: 0 | EJ17: -0.28355388 | EK17: -0.7518797 | EL17: -1.31209 | EM17: -2.0618557 | EN17: -2.8116214 | EO17: -3.554724 | EP17: -3.554724 | EQ17: -2.7306968 | ER17: -2.2748815 | ES17: -1.9029496 | ET17: -1.6190476 | EU17: -1.6159696 | EV17: -1.9905213 | EW17: -2.5568182 | EX17: -2.9439696 | EY17: -2.6794258 | EZ17: -2.3143684 | FA17: -1.5518914 | FB17: -1.3579049 | FC17: -1.5488867 | FD17: -1.3579049 | FE17: -1.3579049 | FF17: -1.6456922 | FG17: -2.0289855 | FH17: -2.2243714 | FI17: -2.0408163 | FJ17: -1.369863 | FK17: -1.179941 | FL17: -0.88845015 | FM17: -1.182266 | FN17: -1.7699115 | FO17: -2.2615536 | FP17: -2.7531957 | FQ17: -3.3431662 | FR17: -4.3307087 | FS17: -4.8323471 | FT17: -4.5499505 | FU17: -4.5634921 | FV17: -4.6626984 | FW17: -4.7761194 | FX17: -5.2788845 | FY17: -5.9820538 | FZ17: -6.006006 | GA17: -5.8350101 | GB17: -5.8645096 | GC17: -5.9003052 | GD17: -0.20576132 | GE17: 0.10362694 | GF17: 0.7253886 | GG17: 1.7671518 | GH17: 2.289282 | GI17: 2.507837 | GJ17: 3.4700315 | GK17: 4.4538706 | GL17: 5.4313099 | GM17: 6.517094 | GN17: 8.7003222 | GO17: 11.135135 | GP17: 6.8041237 | GQ17: 7.8674948 | GR17: 7.6131687 | GS17: 6.3329928 | GT17: 5.595117 | GU17: 5.606524 | GV17: 5.3861789 | GW17: 6.2944162 | GX17: 6.8686869 | GY17: 6.8204614 | GZ17: 5.7312253 | HA17: 4.8638132 | HB17: 4.3436293 | HC17: 3.646833 | HD17: 3.0592734 | HE17: 3.3621518 | HF17: 4.1425819 | HG17: 4.6332046 | HH17: 4.6287367 | HI17: 4.1069723 | HJ17: 3.5916824 | HK17: 3.3802817 | HL17: 2.6168224 | HM17: 0.92764378 | HN17: 0.092506938 | HO17: 0.092592593 | HP17: 0.37105751 | HQ17: 0.92936803 | HR17: 0.64754857 | HS17: 0 | HT17: -0.2764977 | HU17: -0.82568807 | HV17: -1.1861314 | HW17: -1.6348774 | HX17: -1.3661202 | HY17: -0.55147059 | HZ17: 0 | IA17: -0.37002775 | IB17: -1.4787431 | IC17: -3.1307551 | ID17: -3.6764706 | IE17: -2.9520295 | IF17: -2.4029575 | IG17: -2.0351526 | IH17: -2.1237304 | II17: -2.1237304 | IJ17: -1.5697138 | IK17: -0.36968577 | IL17: -5.4528651 | IM17: -4.2711235 | IN17: -1.782364 | IO17: 0.47528517 | IP17: 2.480916 | IQ17: 2.3764259 | IR17: 2.5568182 | IS17: 3.0217186 | IT17: 4.0566038 | IU17: 6.6981132 | IV17: 6.097561 | IW17: 3.7105751 | IX17: 9.0909091 | IY17: 8.8263822 | IZ17: 8.3094556 | JA17: 7.9091769 | JB17: 6.3035382 | JC17: 6.007428 | JD17: 4.0535549 | JE17: 2.0531622 | JF17: 0.84315503 | JG17: -1.4588859 | JH17: -1.3616269 | JI17: -0.71556351
A18: China, People's Republic of | B18: Producer price index (PPI) | C18: Period-over-preceding period percent change | D18: Monthly | DK18: 0.21495398 | DL18: 0.46196899 | DM18: 1.1095409 | DN18: 0.28195489 | DO18: -0.32188841 | DP18: -0.43057051 | DQ18: 0.40406292 | DR18: 0.86299892 | DS18: 0.93895539 | DT18: 1.7459609 | DU18: 0.64470563 | DV18: 0.95505613 | DW18: 0.86289549 | DX18: 0.57034221 | DY18: 0.56710775 | DZ18: 0.28195489 | EA18: 0 | EB18: 0 | EC18: 0.18744142 | ED18: 0 | EE18: -0.65481759 | EF18: -0.65913371 | EG18: -0.37914692 | EH18: -0.095147479 | EI18: 0.19047619 | EJ18: 0.2851711 | EK18: 0.09478673 | EL18: -0.28409091 | EM18: -0.75973409 | EN18: -0.76555024 | EO18: -0.57859209 | EP18: 0 | EQ18: 0.19398642 | ER18: -0.19361084 | ES18: 0 | ET18: 0.19398642 | EU18: 0.19361084 | EV18: -0.096618357 | EW18: -0.48355899 | EX18: -0.68027211 | EY18: -0.48923679 | EZ18: -0.39331367 | FA18: 0.19743337 | FB18: 0.19704433 | FC18: 0 | FD18: 0 | FE18: 0 | FF18: -0.098328417 | FG18: -0.19685039 | FH18: -0.29585799 | FI18: -0.29673591 | FJ18: 0 | FK18: -0.29761905 | FL18: -0.099502488 | FM18: -0.099601594 | FN18: -0.39880359 | FO18: -0.5005005 | FP18: -0.50301811 | FQ18: -0.60667341 | FR18: -1.1190234 | FS18: -0.72016461 | FT18: 0 | FU18: -0.31088083 | FV18: -0.1039501 | FW18: -0.41623309 | FX18: -0.62695925 | FY18: -0.84121977 | FZ18: -0.42417815 | GA18: -0.31948882 | GB18: -0.53418803 | GC18: -0.64446831 | GD18: 4.8648649 | GE18: -0.41237113 | GF18: 0.62111801 | GG18: 0.72016461 | GH18: 0.40858018 | GI18: -0.2034588 | GJ18: 0.3058104 | GK18: 0.10162602 | GL18: 0.50761421 | GM18: 0.70707071 | GN18: 1.5045135 | GO18: 1.5810277 | GP18: 0.77821012 | GQ18: 0.57915058 | GR18: 0.38387716 | GS18: -0.47801147 | GT18: -0.28818444 | GU18: -0.19267823 | GV18: 0.096525097 | GW18: 0.96432015 | GX18: 1.0506208 | GY18: 0.66162571 | GZ18: 0.46948357 | HA18: 0.74766355 | HB18: 0.27829314 | HC18: -0.092506938 | HD18: -0.18518519 | HE18: -0.18552876 | HF18: 0.46468401 | HG18: 0.27752081 | HH18: 0.092250923 | HI18: 0.46082949 | HJ18: 0.55045872 | HK18: 0.45620438 | HL18: -0.27247956 | HM18: -0.91074681 | HN18: -0.55147059 | HO18: -0.092421442 | HP18: 0.092506938 | HQ18: 0.36968577 | HR18: 0.18416206 | HS18: -0.36764706 | HT18: -0.18450185 | HU18: -0.092421442 | HV18: 0.18501388 | HW18: 0 | HX18: 0 | HY18: -0.092336103 | HZ18: 0 | IA18: -0.46210721 | IB18: -1.0213556 | IC18: -1.3133208 | ID18: -0.38022814 | IE18: 0.38167939 | IF18: 0.38022814 | IG18: 0.28409091 | IH18: 0.094428706 | II18: 0 | IJ18: 0.56603774 | IK18: 1.1257036 | IL18: -5.1020408 | IM18: 0.78201369 | IN18: 1.5518914 | IO18: 0.95510984 | IP18: 1.6083254 | IQ18: 0.27932961 | IR18: 0.55710306 | IS18: 0.73868883 | IT18: 1.0999083 | IU18: 2.5385313 | IV18: 0 | IW18: -1.1494253 | IX18: -0.17889088 | IY18: 0.53763441 | IZ18: 1.0695187 | JA18: 0.58201058 | JB18: 0.09644047 | JC18: 0 | JD18: -1.2963125 | JE18: -1.1979768 | JF18: -0.098796479 | JG18: 0.19778837 | JH18: 0.098698968 | JI18: -0.50197203
A19: China, People's Republic of | B19: Producer price index (PPI) | C19: Index | D19: Monthly | E19: Units | DJ19: 97.786812 | DK19: 97.997009 | DL19: 98.449724 | DM19: 99.542064 | DN19: 99.822728 | DO19: 99.50141 | DP19: 99.072987 | DQ19: 99.473304 | DR19: 100.33176 | DS19: 101.27383 | DT19: 103.04203 | DU19: 103.70635 | DV19: 104.6968 | DW19: 105.60022 | DX19: 106.20251 | DY19: 106.80479 | DZ19: 107.10593 | EA19: 107.10593 | EB19: 107.10593 | EC19: 107.30669 | ED19: 107.30669 | EE19: 106.60403 | EF19: 105.90137 | EG19: 105.49984 | EH19: 105.39946 | EI19: 105.60022 | EJ19: 105.90137 | EK19: 106.00175 | EL19: 105.70061 | EM19: 104.89756 | EN19: 104.09452 | EO19: 103.49224 | EP19: 103.49224 | EQ19: 103.693 | ER19: 103.49224 | ES19: 103.49224 | ET19: 103.693 | EU19: 103.89376 | EV19: 103.79338 | EW19: 103.29147 | EX19: 102.58881 | EY19: 102.08691 | EZ19: 101.68539 | FA19: 101.88615 | FB19: 102.08691 | FC19: 102.08691 | FD19: 102.08691 | FE19: 102.08691 | FF19: 101.98653 | FG19: 101.78577 | FH19: 101.48463 | FI19: 101.18349 | FJ19: 101.18349 | FK19: 100.88234 | FL19: 100.78196 | FM19: 100.68158 | FN19: 100.28006 | FO19: 99.778159 | FP19: 99.276257 | FQ19: 98.673974 | FR19: 97.56979 | FS19: 96.867126 | FT19: 96.867126 | FU19: 96.565985 | FV19: 96.465605 | FW19: 96.064083 | FX19: 95.4618 | FY19: 94.658757 | FZ19: 94.257235 | GA19: 93.956094 | GB19: 93.454191 | GC19: 92.851909 | GD19: 97.369029 | GE19: 96.967507 | GF19: 97.56979 | GG19: 98.272453 | GH19: 98.673974 | GI19: 98.473213 | GJ19: 98.774355 | GK19: 98.874735 | GL19: 99.376637 | GM19: 100.0793 | GN19: 101.58501 | GO19: 103.19109 | GP19: 103.99414 | GQ19: 104.59642 | GR19: 104.99794 | GS19: 104.49604 | GT19: 104.1949 | GU19: 103.99414 | GV19: 104.09452 | GW19: 105.09832 | GX19: 106.20251 | GY19: 106.90517 | GZ19: 107.40707 | HA19: 108.21012 | HB19: 108.51126 | HC19: 108.41088 | HD19: 108.21012 | HE19: 108.00936 | HF19: 108.51126 | HG19: 108.8124 | HH19: 108.91278 | HI19: 109.41468 | HJ19: 110.01696 | HK19: 110.51887 | HL19: 110.21773 | HM19: 109.21392 | HN19: 108.61164 | HO19: 108.51126 | HP19: 108.61164 | HQ19: 109.01316 | HR19: 109.21392 | HS19: 108.8124 | HT19: 108.61164 | HU19: 108.51126 | HV19: 108.71202 | HW19: 108.71202 | HX19: 108.71202 | HY19: 108.61164 | HZ19: 108.61164 | IA19: 108.10974 | IB19: 107.00555 | IC19: 105.60022 | ID19: 105.1987 | IE19: 105.60022 | IF19: 106.00175 | IG19: 106.30289 | IH19: 106.40327 | II19: 106.40327 | IJ19: 107.00555 | IK19: 108.21012 | IL19: 102.68919 | IM19: 103.49224 | IN19: 105.09832 | IO19: 106.10213 | IP19: 107.80859 | IQ19: 108.10974 | IR19: 108.71202 | IS19: 109.51506 | IT19: 110.71963 | IU19: 113.53028 | IV19: 113.53028 | IW19: 112.22533 | IX19: 112.02457 | IY19: 112.62686 | IZ19: 113.83142 | JA19: 114.49393 | JB19: 114.60435 | JC19: 114.60435 | JD19: 113.11872 | JE19: 111.76358 | JF19: 111.65317 | JG19: 111.874 | JH19: 111.98442 | JI19: 111.42229
A20: Colombia | B20: Producer price index (PPI) | C20: Period-over-preceding period percent change | D20: Monthly | F20: 1.7851071 | G20: 1.7705028 | H20: 0.95191203 | I20: 1.4469192 | J20: 0.81730769 | K20: -0.23843586 | L20: 0.063734863 | M20: 0.30254777 | N20: 0.079377679 | O20: -0.3965736 | P20: -0.12740882 | Q20: 0.28703556 | R20: 0.42932104 | S20: 0.30082331 | T20: 0.55248619 | U20: 0.37676609 | V20: 0.68814514 | W20: 0.35725381 | X20: 0.92864882 | Y20: 1.2114706 | Z20: 1.969697 | AA20: 1.6344725 | AB20: -0.058479532 | AC20: 0.54125219 | AD20: 1.1203259 | AE20: 1.2517986 | AF20: 0.90947847 | AG20: 1.0843543 | AH20: 0.055725829 | AI20: -0.19493177 | AJ20: 0.20926339 | AK20: 0.16706112 | AL20: -0.041695622 | AM20: 0.16685206 | AN20: 0.51360355 | AO20: 0.34525618 | AP20: 0.68813653 | AQ20: 0.956807 | AR20: 0.54156512 | AS20: 0.64637759 | AT20: 1.177415 | AU20: 0.3570484 | AV20: -0.395309 | AW20: 0.092604842 | AX20: 0.30399154 | AY20: 0.4348399 | AZ20: 0.20991866 | BA20: -0.45823514 | BB20: 0.48665001 | BC20: 0.83769634 | BD20: 1.1422638 | BE20: -0.1026694 | BF20: 0.064234327 | BG20: 0.10270895 | BH20: -0.10260357 | BI20: -0.025677237 | BJ20: -0.3980994 | BK20: 0.45126354 | BL20: -0.20536516 | BM20: -0.18006431 | BN20: 0.73444144 | BO20: 0.16628294 | BP20: 0.94496233 | BQ20: 1.7330803 | BR20: 0.73364835 | BS20: 0.83940254 | BT20: 0.37948341 | BU20: 0 | BV20: 0.23170732 | BW20: -0.20683781 | BX20: -0.24384297 | BY20: 0.10999756 | BZ20: 0.19533634 | CA20: 0.13403192 | CB20: 0.27987345 | CC20: -0.15774785 | CD20: -0.91152163 | CE20: -0.80951797 | CF20: -0.48225547 | CG20: 0.22365805 | CH20: 0.96702207 | CI20: 0.11051081 | CJ20: 0.74819085 | CK20: 0.98612126 | CL20: 1.1573237 | CM20: 1.751877 | CN20: -0.2342469 | CO20: 0.2347969 | CP20: 0.64417896 | CQ20: 1.6059583 | CR20: 1.0308098 | CS20: -0.32876091 | CT20: 1.6947225 | CU20: 1.9572755 | CV20: -0.021939447 | CW20: -0.80096555 | CX20: -1.4600155 | CY20: 1.7959367 | CZ20: 0.30874407 | DA20: 0.010992635 | DB20: -0.54957133 | DC20: -0.86206897 | DD20: -0.30100334 | DE20: -0.69327966 | DF20: -0.8332395 | DG20: -0.71534007 | DH20: 0.19441903 | DI20: 0.93596621 | DJ20: -0.33925139 | DK20: -0.090774991 | DL20: 0.26121522 | DM20: 0.74762121 | DN20: 1.1468406 | DO20: -1.3561583 | DP20: -0.76628352 | DQ20: -0.48830343 | DR20: -0.71893187 | DS20: 0.011494253 | DT20: 2.3100793 | DU20: 2.5724556 | DV20: 1.2594458 | DW20: 1.6006922 | DX20: 1.6925697 | DY20: 0.72228619 | DZ20: 1.5069632 | EA20: -1.3617283 | EB20: -0.94457131 | EC20: 0.32484544 | ED20: 0.66847713 | EE20: 1.8676074 | EF20: 0.6620493 | EG20: 0.38449863 | EH20: -1.5522629 | EI20: 0.14333982 | EJ20: -0.15335855 | EK20: 0.4505427 | EL20: -0.42813456 | EM20: -2.6208026 | EN20: -1.6505467 | EO20: 1.4323891 | EP20: 1.5807777 | EQ20: -0.13486876 | ER20: -0.78952836 | ES20: -1.1623037 | ET20: -0.15891514 | EU20: 0.56239389 | EV20: 0.97077134 | EW20: -0.70017766 | EX20: -0.2631025 | EY20: 0.77028596 | EZ20: -0.30366492 | FA20: 0.28358366 | FB20: 0.47130289 | FC20: -1.2509121 | FD20: -0.21112636 | FE20: -0.2221517 | FF20: 0.91178965 | FG20: 1.4603908 | FH20: 1.6464741 | FI20: -0.12224939 | FJ20: -0.18359853 | FK20: -0.47005927 | FL20: -0.32854209 | FM20: 0.76225793 | FN20: 0.64404007 | FO20: 0.26409345 | FP20: -0.65849458 | FQ20: 1.9783806 | FR20: -1.28 | FS20: -1.9752836 | FT20: 3.7924977 | FU20: -1.3540422 | FV20: -0.030278563 | FW20: 2.0393741 | FX20: 1.2466607 | FY20: 2.0130949 | FZ20: -0.0095794616 | GA20: -0.96761832 | GB20: 0.50304731 | GC20: 1.5304649 | GD20: -0.15168752 | GE20: 0.39878466 | GF20: 0.42557216 | GG20: -0.40493455 | GH20: 1.2859304 | GI20: 0.91486184 | GJ20: 0.25901943 | GK20: -1.1348957 | GL20: -0.23331778 | GM20: 0.27128157 | GN20: 1.9124918 | GO20: -1.3548151 | GP20: 0.33407572 | GQ20: -0.59193489 | GR20: -0.15816896 | GS20: -0.41002702 | GT20: -0.44914382 | GU20: -0.49816712 | GV20: 1.1713584 | GW20: 0.56022409 | GX20: 0.4363974 | GY20: 0.80428954 | GZ20: 1.5774028 | HA20: 0.4785121 | HB20: 0.1886962 | HC20: -0.13452915 | HD20: -0.18859452 | HE20: 0.24293684 | HF20: 2.1990845 | HG20: -0.12295802 | HH20: -0.23742526 | HI20: -0.16747466 | HJ20: 2.3927247 | HK20: 1.3365526 | HL20: -1.5742001 | HM20: -1.5647964 | HN20: 0.58844195 | HO20: 0.93425303 | HP20: 0.66608997 | HQ20: 1.4264845 | HR20: 1.5928154 | HS20: -1.6012009 | HT20: 0.58479532 | HU20: 0.19379845 | HV20: 1.2109999 | HW20: -0.0083090985 | HX20: -0.024929367 | HY20: 0.39896933 | HZ20: -0.72853713 | IA20: -1.0174297 | IB20: -2.1316033 | IC20: -3.2971763 | ID20: 1.2463278 | IE20: 1.758551 | IF20: 1.5207811 | IG20: 1.549068 | IH20: -0.44422094 | II20: 0.62300051 | IJ20: 0.016733601 | IK20: 0.16730801 | IL20: 2.7476198 | IM20: 2.5684792 | IN20: 2.4090657 | IO20: 1.2767933 | IP20: 3.1555623 | IQ20: 1.2962003 | IR20: 1.6598421 | IS20: 0.9278573 | IT20: 1.2970353 | IU20: 2.8352329 | IV20: 2.8870493 | IW20: 0.75802912 | IX20: 5.0947007 | IY20: 3.8618524 | IZ20: 4.5102781 | JA20: 1.7181534 | JB20: 3.3441392 | JC20: -0.92455011 | JD20: 2.7051047 | JE20: -2.00649 | JF20: -0.16005298 | JG20: 2.0895522 | JH20: 1.4024258 | JI20: -1.4417686 | JJ20: 0.26006393 | JK20: 1.1348284 | JL20: -1.0900347 | JM20: -1.5342229 | JN20: -2.1890602 | JO20: -2.7036123
A21: Colombia | B21: Producer price index (PPI) | C21: Year-over-year (YOY) percent change | D21: Monthly | F21: 11.469 | G21: 11.369037 | H21: 10.928765 | I21: 10.736469 | J21: 11.069915 | K21: 10.105263 | L21: 9.0277778 | M21: 8.8098117 | N21: 8.0191912 | O21: 7.5723831 | P21: 7.3066393 | Q21: 6.9194152 | R21: 5.4952397 | S21: 3.9717709 | T21: 3.5603967 | U21: 2.4679487 | V21: 2.3366714 | W21: 2.9477374 | X21: 3.8375796 | Y21: 4.7785363 | Z21: 6.7576142 | AA21: 8.9345437 | AB21: 9.0097273 | AC21: 9.286055 | AD21: 10.037999 | AE21: 11.081294 | AF21: 11.475667 | AG21: 12.261495 | AH21: 11.556384 | AI21: 10.942579 | AJ21: 10.151817 | AK21: 9.0151515 | AL21: 6.8647845 | AM21: 5.3216374 | AN21: 5.9245173 | AO21: 5.7180271 | AP21: 5.2661871 | AQ21: 4.9594998 | AR21: 4.5768202 | AS21: 4.1237113 | AT21: 5.2910053 | AU21: 5.8733259 | AV21: 5.2345817 | AW21: 5.1563586 | AX21: 5.5200222 | AY21: 5.802332 | AZ21: 5.4826681 | BA21: 4.6380402 | BB21: 4.4286495 | BC21: 4.3054427 | BD21: 4.9286291 | BE21: 4.1477121 | BF21: 3.0018514 | BG21: 2.7408091 | BH21: 3.0427305 | BI21: 2.9209622 | BJ21: 2.2005534 | BK21: 2.2172658 | BL21: 1.7936633 | BM21: 2.0781271 | BN21: 2.3298429 | BO21: 1.6484943 | BP21: 1.4502053 | BQ21: 3.3144913 | BR21: 4.005649 | BS21: 4.7710658 | BT21: 5.2766722 | BU21: 5.3037113 | BV21: 5.9695719 | BW21: 5.2753177 | BX21: 5.2347267 | BY21: 5.5405231 | BZ21: 4.9756971 | CA21: 4.9418976 | CB21: 4.2504744 | CC21: 2.3128575 | CD21: 0.64189606 | CE21: -1.0037948 | CF21: -1.8536585 | CG21: -1.6341463 | CH21: -0.91251977 | CI21: -0.59741526 | CJ21: 0.39110242 | CK21: 1.2696862 | CL21: 2.2419885 | CM21: 3.8938915 | CN21: 3.3612426 | CO21: 3.7676228 | CP21: 5.3967865 | CQ21: 7.963398 | CR21: 9.6048708 | CS21: 9.0007439 | CT21: 9.7863458 | CU21: 11.811603 | CV21: 10.956903 | CW21: 8.9933695 | CX21: 6.1732809 | CY21: 6.2192551 | CZ21: 6.7973703 | DA21: 6.5589131 | DB21: 5.2950076 | DC21: 2.7373726 | DD21: 1.3830631 | DE21: 1.0122839 | DF21: -1.4987138 | DG21: -4.0807372 | DH21: -3.8731622 | DI21: -2.1900232 | DJ21: -1.077562 | DK21: -2.9110155 | DL21: -2.9570188 | DM21: -2.242251 | DN21: -0.57471264 | DO21: -1.0702341 | DP21: -1.5319244 | DQ21: -1.3286792 | DR21: -1.2149427 | DS21: -0.49176578 | DT21: 1.6094053 | DU21: 3.2568133 | DV21: 4.9131964 | DW21: 6.689381 | DX21: 8.2125057 | DY21: 8.1852935 | DZ21: 8.5704758 | EA21: 8.5643453 | EB21: 8.3692937 | EC21: 9.2548214 | ED21: 10.781609 | EE21: 12.837605 | EF21: 11.019996 | EG21: 8.6518454 | EH21: 5.6348691 | EI21: 4.1196508 | EJ21: 2.2296661 | EK21: 1.9538557 | EL21: 0.010238558 | EM21: -1.2663483 | EN21: -1.9700304 | EO21: -0.88782118 | EP21: 0.010375597 | EQ21: -1.9555918 | ER21: -3.3694222 | ES21: -4.8583812 | ET21: -3.5118255 | EU21: -3.1080667 | EV21: -2.0172025 | EW21: -3.1396534 | EX21: -2.9791155 | EY21: 0.39949537 | EZ21: 1.7744522 | FA21: 0.62177258 | FB21: -0.47722793 | FC21: -1.5894453 | FD21: -1.0157068 | FE21: -0.074160398 | FF21: 0.99745331 | FG21: 1.8993352 | FH21: 2.581252 | FI21: 3.1782783 | FJ21: 3.2605255 | FK21: 1.9895288 | FL21: 1.9640794 | FM21: 2.450775 | FN21: 2.6269155 | FO21: 4.2014145 | FP21: 3.7342643 | FQ21: 6.0220526 | FR21: 3.7192688 | FS21: 0.20710366 | FT21: 2.3227384 | FU21: 1.0607915 | FV21: 1.2160229 | FW21: 3.7679671 | FX21: 5.407911 | FY21: 6.7164179 | FZ21: 6.0233621 | GA21: 4.7208996 | GB21: 5.9453396 | GC21: 5.48 | GD21: 6.6855754 | GE21: 9.2694017 | GF21: 5.7248108 | GG21: 6.7420266 | GH21: 8.1474003 | GI21: 6.9555753 | GJ21: 5.9122447 | GK21: 2.6439314 | GL21: 2.4142556 | GM21: 3.6954629 | GN21: 5.1496775 | GO21: 2.1615472 | GP21: 2.6585644 | GQ21: 1.6455457 | GR21: 1.0547132 | GS21: 1.0495461 | GT21: -0.68147872 | GU21: -2.0721554 | GV21: -1.1810297 | GW21: 0.51329911 | GX21: 1.1880262 | GY21: 1.7259073 | GZ21: 1.3914317 | HA21: 3.2757981 | HB21: 3.1261561 | HC21: 3.6006699 | HD21: 3.5690989 | HE21: 4.248152 | HF21: 7.0213366 | HG21: 7.4249008 | HH21: 5.9290383 | HI21: 5.1624884 | HJ21: 7.2108718 | HK21: 7.7769626 | HL21: 4.4330083 | HM21: 2.3092821 | HN21: 2.7174888 | HO21: 3.8167939 | HP21: 4.7057765 | HQ21: 5.942016 | HR21: 5.3135429 | HS21: 3.7548364 | HT21: 4.6099603 | HU21: 4.988522 | HV21: 3.7768388 | HW21: 2.3995916 | HX21: 4.0114118 | HY21: 6.0864219 | HZ21: 4.6974592 | IA21: 2.6730104 | IB21: -0.18045888 | IC21: -4.8292807 | ID21: -5.1538654 | IE21: -1.9154166 | IF21: -1.0026963 | IG21: 0.33638887 | IH21: -1.3045285 | II21: -0.68140269 | IJ21: -0.6400133 | IK21: -0.86927726 | IL21: 2.6019515 | IM21: 6.3189822 | IN21: 11.251722 | IO21: 16.513843 | IP21: 18.710982 | IQ21: 18.171606 | IR21: 18.333475 | IS21: 17.609588 | IT21: 19.666611 | IU21: 22.297523 | IV21: 25.807261 | IW21: 26.54919 | IX21: 29.439974 | IY21: 31.072193 | IZ21: 33.76151 | JA21: 34.344438 | JB21: 34.59003 | JC21: 31.639368 | JD21: 32.992879 | JE21: 29.126283 | JF21: 27.26889 | JG21: 26.346035 | JH21: 24.522907 | JI21: 21.804263 | JJ21: 16.200942 | JK21: 13.14994 | JL21: 7.0866597 | JM21: 3.6626287 | JN21: -1.8876231 | JO21: -3.6493918
A22: Colombia | B22: Producer price index (PPI) | C22: Index | D22: Monthly | E22: Units | F22: 67.641437 | G22: 68.839031 | H22: 69.494318 | I22: 70.499845 | J22: 71.076045 | K22: 70.906575 | L22: 70.951767 | M22: 71.16643 | N22: 71.22292 | O22: 70.940469 | P22: 70.850084 | Q22: 71.053449 | R22: 71.358497 | S22: 71.57316 | T22: 71.968591 | U22: 72.239745 | V22: 72.736859 | W22: 72.996714 | X22: 73.674597 | Y22: 74.567143 | Z22: 76.03589 | AA22: 77.278676 | AB22: 77.233484 | AC22: 77.651512 | AD22: 78.521462 | AE22: 79.504392 | AF22: 80.227467 | AG22: 81.097417 | AH22: 81.14261 | AI22: 80.984437 | AJ22: 81.153908 | AK22: 81.289484 | AL22: 81.25559 | AM22: 81.391167 | AN22: 81.809195 | AO22: 82.091646 | AP22: 82.656549 | AQ22: 83.447412 | AR22: 83.899334 | AS22: 84.441641 | AT22: 85.435869 | AU22: 85.740917 | AV22: 85.401975 | AW22: 85.481062 | AX22: 85.740917 | AY22: 86.113753 | AZ22: 86.294521 | BA22: 85.89909 | BB22: 86.317117 | BC22: 87.040193 | BD22: 88.034421 | BE22: 87.944037 | BF22: 88.000527 | BG22: 88.090912 | BH22: 88.000527 | BI22: 87.977931 | BJ22: 87.627692 | BK22: 88.023123 | BL22: 87.842355 | BM22: 87.684182 | BN22: 88.328171 | BO22: 88.475045 | BP22: 89.311101 | BQ22: 90.858934 | BR22: 91.525519 | BS22: 92.293787 | BT22: 92.644027 | BU22: 92.644027 | BV22: 92.85869 | BW22: 92.666623 | BX22: 92.440662 | BY22: 92.542344 | BZ22: 92.723113 | CA22: 92.847392 | CB22: 93.107247 | CC22: 92.960372 | CD22: 92.113018 | CE22: 91.367347 | CF22: 90.926723 | CG22: 91.130088 | CH22: 92.011336 | CI22: 92.113018 | CJ22: 92.802199 | CK22: 93.717342 | CL22: 94.801955 | CM22: 96.462768 | CN22: 96.236807 | CO22: 96.462768 | CP22: 97.084161 | CQ22: 98.643292 | CR22: 99.660117 | CS22: 99.332473 | CT22: 101.01588 | CU22: 102.99304 | CV22: 102.97045 | CW22: 102.14569 | CX22: 100.65435 | CY22: 102.46203 | CZ22: 102.77838 | DA22: 102.78968 | DB22: 102.22477 | DC22: 101.34353 | DD22: 101.03848 | DE22: 100.338 | DF22: 99.501944 | DG22: 98.790167 | DH22: 98.982234 | DI22: 99.908674 | DJ22: 99.569733 | DK22: 99.479348 | DL22: 99.739203 | DM22: 100.48487 | DN22: 101.63728 | DO22: 100.25891 | DP22: 99.490646 | DQ22: 99.00483 | DR22: 98.293053 | DS22: 98.304351 | DT22: 100.57526 | DU22: 103.16251 | DV22: 104.46179 | DW22: 106.1339 | DX22: 107.93029 | DY22: 108.70986 | DZ22: 110.34807 | EA22: 108.84543 | EB22: 107.81731 | EC22: 108.16755 | ED22: 108.89063 | EE22: 110.92427 | EF22: 111.65865 | EG22: 112.08797 | EH22: 110.34807 | EI22: 110.50625 | EJ22: 110.33678 | EK22: 110.83389 | EL22: 110.35937 | EM22: 107.46707 | EN22: 105.69328 | EO22: 107.20722 | EP22: 108.90192 | EQ22: 108.75505 | ER22: 107.8964 | ES22: 106.64231 | ET22: 106.47284 | EU22: 107.07164 | EV22: 108.11106 | EW22: 107.35409 | EX22: 107.07164 | EY22: 107.8964 | EZ22: 107.56875 | FA22: 107.8738 | FB22: 108.38221 | FC22: 107.02645 | FD22: 106.80049 | FE22: 106.56323 | FF22: 107.53486 | FG22: 109.10529 | FH22: 110.90168 | FI22: 110.7661 | FJ22: 110.56274 | FK22: 110.04303 | FL22: 109.68149 | FM22: 110.51754 | FN22: 111.22932 | FO22: 111.52307 | FP22: 110.7887 | FQ22: 112.98052 | FR22: 111.53437 | FS22: 109.33125 | FT22: 113.47763 | FU22: 111.9411 | FV22: 111.90721 | FW22: 114.18941 | FX22: 115.61297 | FY22: 117.94037 | FZ22: 117.92907 | GA22: 116.78796 | GB22: 117.37546 | GC22: 119.17185 | GD22: 118.99108 | GE22: 119.4656 | GF22: 119.97401 | GG22: 119.4882 | GH22: 121.02473 | GI22: 122.13194 | GJ22: 122.44829 | GK22: 121.05863 | GL22: 120.77618 | GM22: 121.10382 | GN22: 123.41992 | GO22: 121.74781 | GP22: 122.15454 | GQ22: 121.43146 | GR22: 121.2394 | GS22: 120.74228 | GT22: 120.19998 | GU22: 119.60118 | GV22: 121.00214 | GW22: 121.68002 | GX22: 122.21103 | GY22: 123.19396 | GZ22: 125.13722 | HA22: 125.73602 | HB22: 125.97328 | HC22: 125.80381 | HD22: 125.56655 | HE22: 125.8716 | HF22: 128.63962 | HG22: 128.48145 | HH22: 128.1764 | HI22: 127.96174 | HJ22: 131.02351 | HK22: 132.77471 | HL22: 130.68457 | HM22: 128.63962 | HN22: 129.39659 | HO22: 130.60548 | HP22: 131.47543 | HQ22: 133.35091 | HR22: 135.47494 | HS22: 133.30572 | HT22: 134.08528 | HU22: 134.34514 | HV22: 135.97206 | HW22: 135.96076 | HX22: 135.92686 | HY22: 136.46917 | HZ22: 135.47494 | IA22: 134.09658 | IB22: 131.23817 | IC22: 126.91102 | ID22: 128.49275 | IE22: 130.75236 | IF22: 132.74081 | IG22: 134.79706 | IH22: 134.19826 | II22: 135.03432 | IJ22: 135.05691 | IK22: 135.28287 | IL22: 138.99993 | IM22: 142.57012 | IN22: 146.00473 | IO22: 147.8689 | IP22: 152.535 | IQ22: 154.51216 | IR22: 157.07682 | IS22: 158.53427 | IT22: 160.59051 | IU22: 165.14363 | IV22: 169.9114 | IW22: 171.19938 | IX22: 179.92148 | IY22: 186.86978 | IZ22: 195.29813 | JA22: 198.65365 | JB22: 205.2969 | JC22: 203.39883 | JD22: 208.90098 | JE22: 204.7094 | JF22: 204.38176 | JG22: 208.65242 | JH22: 211.57862 | JI22: 208.52815 | JJ22: 209.07045 | JK22: 211.44304 | JL22: 209.13824 | JM22: 205.92959 | JN22: 201.42167 | JO22: 195.97601
A23: Denmark | B23: Producer price index (PPI) | C23: Year-over-year (YOY) percent change | D23: Monthly | F23: 5 | G23: 4.5855379 | H23: 5.1146384 | I23: 5.9964727 | J23: 4.6793761 | K23: 4.9913941 | L23: 4.467354 | M23: 3.4013605 | N23: 2.529511 | O23: 1.5100671 | P23: 1.0050251 | Q23: 3.2478632 | R23: 3.4013605 | S23: 3.8785835 | T23: 3.3557047 | U23: 2.4958403 | V23: 1.6556291 | W23: 0.98360656 | X23: 0.16447368 | Y23: 0.82236842 | Z23: 1.8092105 | AA23: 2.8099174 | AB23: 0.49751244 | AC23: 1.1589404 | AD23: 2.1381579 | AE23: 1.2987013 | AF23: 0.81168831 | AG23: -1.1363636 | AH23: -0.9771987 | AI23: -1.461039 | AJ23: -0.16420361 | AK23: -0.32626427 | AL23: -2.4232633 | AM23: -1.9292605 | AN23: 0.330033 | AO23: -0.98199673 | AP23: -2.0933977 | AQ23: -2.2435897 | AR23: -0.80515298 | AS23: 1.3136289 | AT23: 2.6315789 | AU23: 2.9654036 | AV23: 2.9605263 | AW23: 3.7643208 | AX23: 5.4635762 | AY23: 5.7377049 | AZ23: 4.6052632 | BA23: 4.4628099 | BB23: 4.6052632 | BC23: 5.5737705 | BD23: 7.1428571 | BE23: 7.7795786 | BF23: 6.5705128 | BG23: 7.2 | BH23: 9.2651757 | BI23: 8.9905363 | BJ23: 10.047096 | BK23: 8.5271318 | BL23: 9.9056604 | BM23: 9.0189873 | BN23: 10.534591 | BO23: 11.335404 | BP23: 8.7878788 | BQ23: 8.7218045 | BR23: 9.0225564 | BS23: 8.9552239 | BT23: 8.625731 | BU23: 9.6960926 | BV23: 5.4208274 | BW23: 3 | BX23: 2.1459227 | BY23: 3.628447 | BZ23: -0.56899004 | CA23: -2.2315202 | CB23: -1.810585 | CC23: -0.55325035 | CD23: -0.27586207 | CE23: 0.4109589 | CF23: -0.1345895 | CG23: -1.8469657 | CH23: 1.35318 | CI23: 6.7961165 | CJ23: 11.204482 | CK23: 11.484594 | CL23: 15.307582 | CM23: 14.407989 | CN23: 15.460993 | CO23: 15.438108 | CP23: 18.672199 | CQ23: 22.237381 | CR23: 23.045822 | CS23: 18.817204 | CT23: 16.82243 | CU23: 7.6623377 | CV23: -3.5264484 | CW23: -8.040201 | CX23: -10.173697 | CY23: -8.9775561 | CZ23: -10.31941 | DA23: -11.445783 | DB23: -13.986014 | DC23: -15.401786 | DD23: -17.086528 | DE23: -13.914027 | DF23: -13.257143 | DG23: -9.0470446 | DH23: 0.52219321 | DI23: 2.7322404 | DJ23: 8.5635359 | DK23: 7.6712329 | DL23: 7.9452055 | DM23: 8.707483 | DN23: 8.8075881 | DO23: 4.8812665 | DP23: 5.8124174 | DQ23: 5.3876478 | DR23: 5.9288538 | DS23: 7.5596817 | DT23: 6.2337662 | DU23: 10.904255 | DV23: 6.6157761 | DW23: 8.0152672 | DX23: 10.532995 | DY23: 10.387985 | DZ23: 10.585305 | EA23: 10.943396 | EB23: 9.3632959 | EC23: 9.4763092 | ED23: 9.3283582 | EE23: 7.6448829 | EF23: 6.8459658 | EG23: 3.9568345 | EH23: 4.0572792 | EI23: 4.9469965 | EJ23: 3.3295063 | EK23: 2.7210884 | EL23: 0.45045045 | EM23: -0.68027211 | EN23: -1.2557078 | EO23: 1.4806378 | EP23: 2.7303754 | EQ23: 3.207331 | ER23: 3.4324943 | ES23: 3.3448674 | ET23: 2.7522936 | EU23: 1.3468013 | EV23: 0.22222222 | EW23: -0.22075055 | EX23: 1.0089686 | EY23: 3.4246575 | EZ23: 5.2023121 | FA23: 2.8058361 | FB23: 1.6611296 | FC23: 0.88790233 | FD23: -0.11061947 | FE23: 0.89285714 | FF23: 0.89285714 | FG23: 0.99667774 | FH23: 0 | FI23: 0 | FJ23: 1.2208657 | FK23: -0.33112583 | FL23: -0.65934066 | FM23: -2.1834061 | FN23: -1.9607843 | FO23: -2.860286 | FP23: -2.6578073 | FQ23: -4.3141593 | FR23: -4.9778761 | FS23: -4.7149123 | FT23: -2.3281596 | FU23: -4.3141593 | FV23: -4.1666667 | FW23: -4.7619048 | FX23: -5.0884956 | FY23: -3.5714286 | FZ23: -4 | GA23: -1.8120045 | GB23: -2.9579067 | GC23: -1.3872832 | GD23: -2.0954598 | GE23: -2.9919448 | GF23: -5.3348468 | GG23: -2.5433526 | GH23: -3.8901602 | GI23: -0.11627907 | GJ23: -0.58275058 | GK23: -1.9675926 | GL23: -1.9675926 | GM23: -0.80738178 | GN23: 2.4618992 | GO23: 3.0480657 | GP23: 4.0428062 | GQ23: 4.1518387 | GR23: 4.3165468 | GS23: 3.5587189 | GT23: 4.047619 | GU23: 0.46565774 | GV23: 1.4067995 | GW23: 2.2432113 | GX23: 2.9515939 | GY23: 1.8604651 | GZ23: 1.2585812 | HA23: 0.22753129 | HB23: 1.3714286 | HC23: 1.0250569 | HD23: 1.7241379 | HE23: 2.7491409 | HF23: 3.8901602 | HG23: 6.7207416 | HH23: 6.7052023 | HI23: 7.1593533 | HJ23: 5.8486239 | HK23: 6.1643836 | HL23: 4.9717514 | HM23: 3.291714 | HN23: 3.2694476 | HO23: 3.0439684 | HP23: 1.920904 | HQ23: 1.2263099 | HR23: -0.44052863 | HS23: -2.6058632 | HT23: -2.2751896 | HU23: -3.125 | HV23: -2.6002167 | HW23: -2.9032258 | HX23: -2.583423 | HY23: -0.21978022 | HZ23: -0.98253275 | IA23: -3.3916849 | IB23: -3.9911308 | IC23: -5.3964758 | ID23: -5.6415929 | IE23: -1.5607581 | IF23: -2.1064302 | IG23: -0.88987764 | IH23: -1.3348165 | II23: -2.8792913 | IJ23: -2.5414365 | IK23: -1.9823789 | IL23: -1.1025358 | IM23: 3.0577576 | IN23: 5.7736721 | IO23: 7.4505239 | IP23: 9.96483 | IQ23: 10.079275 | IR23: 11.778029 | IS23: 12.794613 | IT23: 19.052988 | IU23: 22.348917 | IV23: 29.024943 | IW23: 32.921348 | IX23: 30.657748 | IY23: 31.098901 | IZ23: 35.152838 | JA23: 37.486457 | JB23: 37.313433 | JC23: 35.185185 | JD23: 35.055724 | JE23: 37.512438 | JF23: 28.409091 | JG23: 22.273998 | JH23: 14.235501 | JI23: 10.650888 | JJ23: 10.580205 | JK23: 8.2984074 | JL23: 3.7964459 | JM23: 1.4972419 | JN23: -0.38819876 | JO23: -2.283105 | JP23: -4.276069 | JQ23: -7.5253256 | JR23: -4.0560472 | JS23: -0.76219512 | JT23: -2.0769231 | JU23: -3.5905271 | JV23: -0.23148148 | JW23: -1.0835913 | JX23: -1.4785992 | JY23: -0.93167702 | JZ23: -1.0132502 | KA23: -0.54517134 | KB23: 0.31347962 | KC23: 5.8685446 | KD23: 5.9953882 | KE23: 6.2980031 | KF23: 12.490181 | KG23: 14.896989
A24: Denmark | B24: Producer price index (PPI) | C24: Period-over-preceding period percent change | D24: Monthly | F24: 0.51282051 | G24: 0.85034014 | H24: 0.50590219 | I24: 0.83892617 | J24: 0.49916805 | K24: 0.99337748 | L24: -0.32786885 | M24: 0 | N24: 0 | O24: -0.49342105 | P24: -0.33057851 | Q24: 0.16583748 | R24: 0.66225166 | S24: 1.3157895 | T24: 0 | U24: 0 | V24: -0.32467532 | W24: 0.3257329 | X24: -1.1363636 | Y24: 0.65681445 | Z24: 0.97879282 | AA24: 0.48465267 | AB24: -2.5723473 | AC24: 0.82508251 | AD24: 1.6366612 | AE24: 0.48309179 | AF24: -0.48076923 | AG24: -1.9323671 | AH24: -0.16420361 | AI24: -0.16447368 | AJ24: 0.16474465 | AK24: 0.49342105 | AL24: -1.1456628 | AM24: 0.99337748 | AN24: -0.32786885 | AO24: -0.49342105 | AP24: 0.49586777 | AQ24: 0.32894737 | AR24: 0.98360656 | AS24: 0.16233766 | AT24: 1.1345219 | AU24: 0.16025641 | AV24: 0.16 | AW24: 1.2779553 | AX24: 0.47318612 | AY24: 1.255887 | AZ24: -1.3953488 | BA24: -0.62893082 | BB24: 0.63291139 | BC24: 1.2578616 | BD24: 2.484472 | BE24: 0.75757576 | BF24: 0 | BG24: 0.7518797 | BH24: 2.0895522 | BI24: 1.0233918 | BJ24: 1.447178 | BK24: -0.14265335 | BL24: -0.14285714 | BM24: -1.4306152 | BN24: 2.0319303 | BO24: 1.9914651 | BP24: 0.13947001 | BQ24: 0.69637883 | BR24: 0.27662517 | BS24: 0.68965517 | BT24: 1.7808219 | BU24: 2.0188425 | BV24: -2.5065963 | BW24: -2.435724 | BX24: -0.97087379 | BY24: 0 | BZ24: -2.1008403 | CA24: 0.28612303 | CB24: 0.57061341 | CC24: 1.9858156 | CD24: 0.55632823 | CE24: 1.3831259 | CF24: 1.2278308 | CG24: 0.26954178 | CH24: 0.67204301 | CI24: 2.8037383 | CJ24: 3.1168831 | CK24: 0.25188917 | CL24: 1.2562814 | CM24: -0.49627792 | CN24: 1.4962594 | CO24: 1.965602 | CP24: 3.373494 | CQ24: 4.4289044 | CR24: 1.8973214 | CS24: -3.1763417 | CT24: -1.0180995 | CU24: -5.2571429 | CV24: -7.5995175 | CW24: -4.4386423 | CX24: -1.0928962 | CY24: 0.82872928 | CZ24: 0 | DA24: 0.68493151 | DB24: 0.40816327 | DC24: 2.7100271 | DD24: -0.13192612 | DE24: 0.52840159 | DF24: -0.26281209 | DG24: -0.65876153 | DH24: 2.1220159 | DI24: -2.3376623 | DJ24: 4.5212766 | DK24: 0 | DL24: 0.25445293 | DM24: 1.3959391 | DN24: 0.50062578 | DO24: -0.99626401 | DP24: 0.75471698 | DQ24: 0.12484395 | DR24: 0.24937656 | DS24: 0.87064677 | DT24: 0.86313194 | DU24: 1.9559902 | DV24: 0.47961631 | DW24: 1.3126492 | DX24: 2.5912839 | DY24: 1.2629162 | DZ24: 0.68027211 | EA24: -0.67567568 | EB24: -0.68027211 | EC24: 0.2283105 | ED24: 0.11389522 | EE24: -0.68259386 | EF24: 0.11454754 | EG24: -0.80091533 | EH24: 0.57670127 | EI24: 2.1788991 | EJ24: 1.010101 | EK24: 0.66666667 | EL24: -1.5452539 | EM24: -1.793722 | EN24: -1.2557078 | EO24: 3.0057803 | EP24: 1.3468013 | EQ24: -0.22148394 | ER24: 0.33296337 | ES24: -0.88495575 | ET24: 0 | EU24: 0.78125 | EV24: -0.11074197 | EW24: 0.22172949 | EX24: -0.33185841 | EY24: 0.55493896 | EZ24: 0.4415011 | FA24: 0.65934066 | FB24: 0.21834061 | FC24: -0.98039216 | FD24: -0.66006601 | FE24: 0.11074197 | FF24: 0 | FG24: 0.88495575 | FH24: -1.0964912 | FI24: 0.22172949 | FJ24: 0.88495575 | FK24: -0.98684211 | FL24: 0.11074197 | FM24: -0.88495575 | FN24: 0.44642857 | FO24: -1.8888889 | FP24: -0.45300113 | FQ24: -1.592719 | FR24: -0.69364162 | FS24: 1.1641444 | FT24: 1.3808976 | FU24: -1.816118 | FV24: 1.0404624 | FW24: -1.6018307 | FX24: -0.23255814 | FY24: 0.6993007 | FZ24: 0 | GA24: 0.34722222 | GB24: -1.6147636 | GC24: 0 | GD24: -1.4067995 | GE24: 0.23781213 | GF24: -1.0676157 | GG24: 1.0791367 | GH24: -0.35587189 | GI24: 2.2619048 | GJ24: -0.69848661 | GK24: -0.70339977 | GL24: 0 | GM24: 1.5348288 | GN24: 1.627907 | GO24: 0.57208238 | GP24: -0.45506257 | GQ24: 0.34285714 | GR24: -0.91116173 | GS24: 0.34482759 | GT24: 0.11454754 | GU24: -1.2585812 | GV24: 0.23174971 | GW24: 0.11560694 | GX24: 0.69284065 | GY24: 0.4587156 | GZ24: 1.0273973 | HA24: -0.4519774 | HB24: 0.68104427 | HC24: 0 | HD24: -0.22547914 | HE24: 1.3559322 | HF24: 1.2263099 | HG24: 1.4317181 | HH24: 0.21715527 | HI24: 0.54171181 | HJ24: -0.5387931 | HK24: 0.75839653 | HL24: -0.10752688 | HM24: -2.0452099 | HN24: 0.65934066 | HO24: -0.21834061 | HP24: -1.3129103 | HQ24: 0.66518847 | HR24: -0.44052863 | HS24: -0.77433628 | HT24: 0.5574136 | HU24: -0.33259424 | HV24: 0 | HW24: 0.44493882 | HX24: 0.22148394 | HY24: 0.33149171 | HZ24: -0.11013216 | IA24: -2.646086 | IB24: -1.9252548 | IC24: -0.80831409 | ID24: -0.69848661 | IE24: 3.5169988 | IF24: 0 | IG24: 0.90600227 | IH24: -0.44893378 | II24: -1.1273957 | IJ24: 0.57012543 | IK24: 0.90702948 | IL24: 0.78651685 | IM24: 1.4492754 | IN24: 0.65934066 | IO24: 0.76419214 | IP24: 1.6251354 | IQ24: 3.6247335 | IR24: 1.5432099 | IS24: 1.8237082 | IT24: 5.0746269 | IU24: 1.6098485 | IV24: 6.0577819 | IW24: 3.9543058 | IX24: -0.92983939 | IY24: 1.7918089 | IZ24: 3.7720034 | JA24: 2.5040388 | JB24: 1.4972419 | JC24: 2.0186335 | JD24: 1.4459665 | JE24: 3.675919 | JF24: -1.8813314 | JG24: -3.2448378 | JH24: -0.91463415 | JI24: 0.69230769 | JJ24: -0.99312452 | JK24: -0.30864198 | JL24: -0.54179567 | JM24: 0.23346304 | JN24: -0.38819876 | JO24: 0.077942323 | JP24: -0.62305296 | JQ24: 0.15673981 | JR24: 1.799687 | JS24: 0.076863951 | JT24: -2.2273425 | JU24: -0.86410055 | JV24: 2.4564184 | JW24: -1.1600928 | JX24: -0.93896714 | JY24: 0.78988942 | JZ24: -0.47021944 | KA24: 0.5511811 | KB24: 0.23492561 | KC24: 5.703125 | KD24: 1.9216556 | KE24: 0.36258158 | KF24: 3.4682081 | KG24: 1.2569832
A25: Denmark | B25: Producer price index (PPI) | C25: Index | D25: Monthly | E25: Units | F25: 73.293861 | G25: 73.917108 | H25: 74.291056 | I25: 74.914304 | J25: 75.288252 | K25: 76.036148 | L25: 75.786849 | M25: 75.786849 | N25: 75.786849 | O25: 75.412901 | P25: 75.163602 | Q25: 75.288252 | R25: 75.786849 | S25: 76.784045 | T25: 76.784045 | U25: 76.784045 | V25: 76.534746 | W25: 76.784045 | X25: 75.911499 | Y25: 76.410097 | Z25: 77.157993 | AA25: 77.531941 | AB25: 75.537551 | AC25: 76.160798 | AD25: 77.407292 | AE25: 77.78124 | AF25: 77.407292 | AG25: 75.911499 | AH25: 75.786849 | AI25: 75.6622 | AJ25: 75.786849 | AK25: 76.160798 | AL25: 75.288252 | AM25: 76.036148 | AN25: 75.786849 | AO25: 75.412901 | AP25: 75.786849 | AQ25: 76.036148 | AR25: 76.784045 | AS25: 76.908694 | AT25: 77.78124 | AU25: 77.90589 | AV25: 78.030539 | AW25: 79.027734 | AX25: 79.401683 | AY25: 80.398878 | AZ25: 79.277033 | BA25: 78.778436 | BB25: 79.277033 | BC25: 80.274229 | BD25: 82.26862 | BE25: 82.891867 | BF25: 82.891867 | BG25: 83.515114 | BH25: 85.260206 | BI25: 86.132752 | BJ25: 87.379246 | BK25: 87.254596 | BL25: 87.129947 | BM25: 85.883453 | BN25: 87.628545 | BO25: 89.373637 | BP25: 89.498286 | BQ25: 90.121533 | BR25: 90.370832 | BS25: 90.994079 | BT25: 92.614522 | BU25: 94.484263 | BV25: 92.115924 | BW25: 89.872234 | BX25: 88.999688 | BY25: 88.999688 | BZ25: 87.129947 | CA25: 87.379246 | CB25: 87.877844 | CC25: 89.622935 | CD25: 90.121533 | CE25: 91.368027 | CF25: 92.489872 | CG25: 92.739171 | CH25: 93.362418 | CI25: 95.980056 | CJ25: 98.971642 | CK25: 99.220941 | CL25: 100.46744 | CM25: 99.968838 | CN25: 101.46463 | CO25: 103.45902 | CP25: 106.94921 | CQ25: 111.68588 | CR25: 113.80492 | CS25: 110.19009 | CT25: 109.06825 | CU25: 103.33437 | CV25: 95.481458 | CW25: 91.243378 | CX25: 90.246183 | CY25: 90.994079 | CZ25: 90.994079 | DA25: 91.617326 | DB25: 91.991275 | DC25: 94.484263 | DD25: 94.359614 | DE25: 94.858211 | DF25: 94.608912 | DG25: 93.985665 | DH25: 95.980056 | DI25: 93.736366 | DJ25: 97.974447 | DK25: 97.974447 | DL25: 98.223746 | DM25: 99.594889 | DN25: 100.09349 | DO25: 99.096292 | DP25: 99.844188 | DQ25: 99.968838 | DR25: 100.21814 | DS25: 101.09068 | DT25: 101.96323 | DU25: 103.95762 | DV25: 104.45622 | DW25: 105.82736 | DX25: 108.56965 | DY25: 109.94079 | DZ25: 110.68869 | EA25: 109.94079 | EB25: 109.19289 | EC25: 109.44219 | ED25: 109.56684 | EE25: 108.81895 | EF25: 108.9436 | EG25: 108.07105 | EH25: 108.6943 | EI25: 111.06264 | EJ25: 112.18448 | EK25: 112.93238 | EL25: 111.18729 | EM25: 109.19289 | EN25: 107.82175 | EO25: 111.06264 | EP25: 112.55843 | EQ25: 112.30913 | ER25: 112.68308 | ES25: 111.68588 | ET25: 111.68588 | EU25: 112.55843 | EV25: 112.43378 | EW25: 112.68308 | EX25: 112.30913 | EY25: 112.93238 | EZ25: 113.43098 | FA25: 114.17887 | FB25: 114.42817 | FC25: 113.30633 | FD25: 112.55843 | FE25: 112.68308 | FF25: 112.68308 | FG25: 113.68027 | FH25: 112.43378 | FI25: 112.68308 | FJ25: 113.68027 | FK25: 112.55843 | FL25: 112.68308 | FM25: 111.68588 | FN25: 112.18448 | FO25: 110.06544 | FP25: 109.56684 | FQ25: 107.82175 | FR25: 107.07385 | FS25: 108.32035 | FT25: 109.81614 | FU25: 107.82175 | FV25: 108.9436 | FW25: 107.1985 | FX25: 106.94921 | FY25: 107.6971 | FZ25: 107.6971 | GA25: 108.07105 | GB25: 106.32596 | GC25: 106.32596 | GD25: 104.83017 | GE25: 105.07946 | GF25: 103.95762 | GG25: 105.07946 | GH25: 104.70552 | GI25: 107.07385 | GJ25: 106.32596 | GK25: 105.57806 | GL25: 105.57806 | GM25: 107.1985 | GN25: 108.9436 | GO25: 109.56684 | GP25: 109.06825 | GQ25: 109.44219 | GR25: 108.445 | GS25: 108.81895 | GT25: 108.9436 | GU25: 107.57245 | GV25: 107.82175 | GW25: 107.9464 | GX25: 108.6943 | GY25: 109.19289 | GZ25: 110.31474 | HA25: 109.81614 | HB25: 110.56404 | HC25: 110.56404 | HD25: 110.31474 | HE25: 111.81053 | HF25: 113.18168 | HG25: 114.80212 | HH25: 115.05142 | HI25: 115.67467 | HJ25: 115.05142 | HK25: 115.92396 | HL25: 115.79931 | HM25: 113.43098 | HN25: 114.17887 | HO25: 113.92957 | HP25: 112.43378 | HQ25: 113.18168 | HR25: 112.68308 | HS25: 111.81053 | HT25: 112.43378 | HU25: 112.05983 | HV25: 112.05983 | HW25: 112.55843 | HX25: 112.80773 | HY25: 113.18168 | HZ25: 113.05703 | IA25: 110.06544 | IB25: 107.9464 | IC25: 107.07385 | ID25: 106.32596 | IE25: 110.06544 | IF25: 110.06544 | IG25: 111.06264 | IH25: 110.56404 | II25: 109.31754 | IJ25: 109.94079 | IK25: 110.93799 | IL25: 111.81053 | IM25: 113.43098 | IN25: 114.17887 | IO25: 115.05142 | IP25: 116.92116 | IQ25: 121.15924 | IR25: 123.02898 | IS25: 125.27267 | IT25: 131.62979 | IU25: 133.74883 | IV25: 141.85104 | IW25: 147.46027 | IX25: 146.08912 | IY25: 148.70676 | IZ25: 154.31599 | JA25: 158.18012 | JB25: 160.54846 | JC25: 163.78934 | JD25: 166.15768 | JE25: 172.2655 | JF25: 169.02462 | JG25: 163.54004 | JH25: 162.04425 | JI25: 163.1661 | JJ25: 161.54565 | JK25: 161.04706 | JL25: 160.17451 | JM25: 160.54846 | JN25: 159.92521 | JO25: 160.04986 | JP25: 159.05266 | JQ25: 159.30196 | JR25: 162.1689 | JS25: 162.29355 | JT25: 158.67872 | JU25: 157.30757 | JV25: 161.1717 | JW25: 159.30196 | JX25: 157.80617 | JY25: 159.05266 | JZ25: 158.30477 | KA25: 159.17731 | KB25: 159.55126 | KC25: 168.65067 | KD25: 171.89156 | KE25: 172.5148 | KF25: 178.49797 | KG25: 180.74166
A26: Ecuador | B26: Producer price index (PPI) | C26: Year-over-year (YOY) percent change | D26: Monthly | F26: 94.897129 | G26: 74.003392 | H26: 69.138187 | I26: 66.261918 | J26: 65.099216 | K26: 42.418162 | L26: 40.040985 | M26: 38.833882 | N26: 37.29771 | O26: 33.272052 | P26: 31.474291 | Q26: 29.655739 | R26: -3.1550069 | S26: -3.2921811 | T26: -2.6027397 | U26: -1.2295082 | V26: -1.3623978 | W26: -1.6371078 | X26: -0.27662517 | Y26: 0.69541029 | Z26: 1.7955801 | AA26: 4.3417367 | AB26: 4.1076487 | AC26: 5.7142857 | AD26: 1.4164306 | AE26: 2.8368794 | AF26: 2.2503516 | AG26: -0.69156293 | AH26: -2.3480663 | AI26: -1.9417476 | AJ26: -1.8030513 | AK26: -1.7955801 | AL26: -3.1207598 | AM26: -3.8926174 | AN26: -2.1768707 | AO26: -3.1081081 | AP26: 1.396648 | AQ26: 0.13793103 | AR26: 1.2379642 | AS26: 3.8997214 | AT26: 7.9207921 | AU26: 8.6280057 | AV26: 8.8983051 | AW26: 10.548523 | AX26: 11.204482 | AY26: 13.407821 | AZ26: 12.378303 | BA26: 12.552301 | BB26: 9.3663912 | BC26: 9.5041322 | BD26: 9.6467391 | BE26: 8.310992 | BF26: 5.3735256 | BG26: 5.46875 | BH26: 5.9662776 | BI26: 4.3256997 | BJ26: 5.163728 | BK26: 3.6945813 | BL26: 2.970297 | BM26: 3.7174721 | BN26: 7.6826196 | BO26: 7.672956 | BP26: 6.6914498 | BQ26: 7.549505 | BR26: 8.3333333 | BS26: 8.0246914 | BT26: 7.7111383 | BU26: 6.8292683 | BV26: 4.3113772 | BW26: 2.6128266 | BX26: 3.7259615 | BY26: 2.9868578 | BZ26: 1.0526316 | CA26: 1.0514019 | CB26: 1.2775842 | CC26: 0.69044879 | CD26: 1.1481056 | CE26: 0.8 | CF26: 0.56818182 | CG26: 1.2557078 | CH26: 2.4110218 | CI26: 4.2824074 | CJ26: 6.1413673 | CK26: 6.8445476 | CL26: 7.8703704 | CM26: 8.7861272 | CN26: 8.7155963 | CO26: 9.2571429 | CP26: 9.307605 | CQ26: 10.884354 | CR26: 12.20339 | CS26: 11.273957 | CT26: 10.538117 | CU26: 7.8801332 | CV26: 2.7292576 | CW26: -1.8458198 | CX26: -3.3261803 | CY26: -4.9946865 | CZ26: -6.9620253 | DA26: -7.0083682 | DB26: -6.2305296 | DC26: -6.6462168 | DD26: -8.7613293 | DE26: -7.0921986 | DF26: -7.505071 | DG26: -6.3786008 | DH26: -2.1253985 | DI26: 1.880531 | DJ26: 3.7735849 | DK26: 5.1454139 | DL26: 7.8231293 | DM26: 8.2114736 | DN26: 7.4197121 | DO26: 6.5717415 | DP26: 7.2847682 | DQ26: 6.5430752 | DR26: 7.7850877 | DS26: 8.1318681 | DT26: 7.2747014 | DU26: 8.9033659 | DV26: 9.5187166 | DW26: 10.851064 | DX26: 11.146162 | DY26: 11.330561 | DZ26: 9.7938144 | EA26: 9.2497431 | EB26: 9.3621399 | EC26: 7.9836233 | ED26: 7.9348932 | EE26: 7.5203252 | EF26: 6.9838057 | EG26: 5.5832502 | EH26: 4.6875 | EI26: 4.4145873 | EJ26: 3.8789026 | EK26: 2.8944911 | EL26: 3.0985915 | EM26: 2.3518344 | EN26: 2.3518344 | EO26: 3.9810427 | EP26: 4.0527804 | EQ26: 4.3478261 | ER26: 4.3519395 | ES26: 4.3437205 | ET26: 3.1716418 | EU26: 1.9301471 | EV26: 0.91074681 | EW26: -0.81669691 | EX26: -0.81967213 | EY26: 0 | EZ26: 0.36764706 | FA26: -1.0938924 | FB26: -1.9021739 | FC26: -2.5362319 | FD26: -2.5385313 | FE26: -2.5339367 | FF26: -3.074141 | FG26: -3.4265104 | FH26: -3.8808664 | FI26: -3.2936871 | FJ26: -2.9384757 | FK26: -2.5735294 | FL26: -3.3882784 | FM26: -3.1336406 | FN26: -3.0470914 | FO26: -2.5092937 | FP26: -3.627907 | FQ26: -6.7780873 | FR26: -8.2089552 | FS26: -6.9094304 | FT26: -4.7887324 | FU26: -3.7842952 | FV26: -2.9328288 | FW26: -3.6792453 | FX26: -4.1706161 | FY26: -5.4234063 | FZ26: -5.2380952 | GA26: -5.4337464 | GB26: -4.7297297 | GC26: -3.8844622 | GD26: -4.2682927 | GE26: -6.218656 | GF26: -6.6074951 | GG26: -6.8829892 | GH26: -5.3606238 | GI26: -3.4280118 | GJ26: -2.1760633 | GK26: -0.60362173 | GL26: 0.8040201 | GM26: 3.5282258 | GN26: 5.3698075 | GO26: 9.4300518 | GP26: 13.800425 | GQ26: 15.080214 | GR26: 12.671595 | GS26: 12.671595 | GT26: 8.9598352 | GU26: 6.1866126 | GV26: 5.7633974 | GW26: 6.7813765 | GX26: 6.2811565 | GY26: 5.5501461 | GZ26: 5.6730769 | HA26: 4.0719697 | HB26: 2.891791 | HC26: 1.9516729 | HD26: 2.5304592 | HE26: 2.8116214 | HF26: 4.9149338 | HG26: 7.0678128 | HH26: 7.8393881 | HI26: 7.4881517 | HJ26: 6.84803 | HK26: 7.4723247 | HL26: 6.3694268 | HM26: 4.4585987 | HN26: 3.1731641 | HO26: 4.1932543 | HP26: 4.9360146 | HQ26: 4.0109389 | HR26: 2.7027027 | HS26: 1.0704728 | HT26: -0.17730496 | HU26: -1.2345679 | HV26: -1.1413521 | HW26: -2.1459227 | HX26: -2.3952096 | HY26: -0.17421603 | HZ26: 0.26362039 | IA26: -1.1373578 | IB26: -4.1811847 | IC26: -5.8720421 | ID26: -8.8596491
A27: Ecuador | B27: Producer price index (PPI) | C27: Period-over-preceding period percent change | D27: Monthly | F27: 35.027191 | G27: 0 | H27: 0.13717421 | I27: 0.2739726 | J27: 0.27322404 | K27: -0.13623978 | L27: -1.3642565 | M27: -0.55325035 | N27: 0.69541029 | O27: -1.3812155 | P27: -1.1204482 | Q27: -0.84985836 | R27: 0.85714286 | S27: -0.14164306 | T27: 0.85106383 | U27: 1.6877637 | V27: 0.13831259 | W27: -0.41436464 | X27: 0 | Y27: 0.41608877 | Z27: 1.7955801 | AA27: 1.0854817 | AB27: -1.3422819 | AC27: 0.68027211 | AD27: -3.2432432 | AE27: 1.2569832 | AF27: 0.27586207 | AG27: -1.2379642 | AH27: -1.5320334 | AI27: 0 | AJ27: 0.14144272 | AK27: 0.42372881 | AL27: 0.42194093 | AM27: 0.28011204 | AN27: 0.41899441 | AO27: -0.27816412 | AP27: 1.2552301 | AQ27: 0 | AR27: 1.3774105 | AS27: 1.3586957 | AT27: 2.2788204 | AU27: 0.65530799 | AV27: 0.390625 | AW27: 1.9455253 | AX27: 1.0178117 | AY27: 2.2670025 | AZ27: -0.49261084 | BA27: -0.12376238 | BB27: -1.6109046 | BC27: 0.12594458 | BD27: 1.509434 | BE27: 0.12391574 | BF27: -0.4950495 | BG27: 0.74626866 | BH27: 0.86419753 | BI27: 0.36719706 | BJ27: 1.8292683 | BK27: 0.83832335 | BL27: -1.1876485 | BM27: 0.60096154 | BN27: 2.1505376 | BO27: 0.11695906 | BP27: 0.58411215 | BQ27: 0.92915215 | BR27: 0.2301496 | BS27: 0.45924225 | BT27: 0.57142857 | BU27: -0.45454545 | BV27: -0.57077626 | BW27: -0.80367394 | BX27: -0.11574074 | BY27: -0.11587486 | BZ27: 0.23201856 | CA27: 0.11574074 | CB27: 0.80924855 | CC27: 0.3440367 | CD27: 0.68571429 | CE27: 0.11350738 | CF27: 0.34013605 | CG27: 0.2259887 | CH27: 0.56369786 | CI27: 1.0089686 | CJ27: 1.6648169 | CK27: 0.54585153 | CL27: 1.194354 | CM27: 0.96566524 | CN27: 0.74388948 | CO27: 0.84388186 | CP27: 0.73221757 | CQ27: 1.5576324 | CR27: 1.5337423 | CS27: -0.60422961 | CT27: -0.10131712 | CU27: -1.4198783 | CV27: -3.1893004 | CW27: -3.9319872 | CX27: -0.33185841 | CY27: -0.77691454 | CZ27: -1.3422819 | DA27: 0.79365079 | DB27: 1.5748031 | DC27: 1.1074197 | DD27: -0.76670318 | DE27: 1.214128 | DF27: -0.54525627 | DG27: -0.21929825 | DH27: 1.2087912 | DI27: 0 | DJ27: 1.5200869 | DK27: 0.53475936 | DL27: 1.1702128 | DM27: 1.1566772 | DN27: 0.83160083 | DO27: 0.30927835 | DP27: -0.10277492 | DQ27: 0.51440329 | DR27: 0.61412487 | DS27: 0.1017294 | DT27: 0.40650407 | DU27: 1.5182186 | DV27: 2.0937188 | DW27: 1.7578125 | DX27: 1.4395393 | DY27: 1.3245033 | DZ27: -0.56022409 | EA27: -0.18779343 | EB27: 0 | EC27: -0.75258702 | ED27: 0.56872038 | EE27: -0.28275212 | EF27: -0.094517958 | EG27: 0.18921476 | EH27: 1.2275732 | EI27: 1.4925373 | EJ27: 0.91911765 | EK27: 0.36429872 | EL27: -0.36297641 | EM27: -0.91074681 | EN27: 0 | EO27: 0.82720588 | EP27: 0.63810392 | EQ27: 0 | ER27: -0.09057971 | ES27: 0.18132366 | ET27: 0.090497738 | EU27: 0.27124774 | EV27: -0.090171326 | EW27: -1.3537906 | EX27: -0.36596523 | EY27: -0.091827365 | EZ27: 0.36764706 | FA27: -0.64102564 | FB27: -0.1843318 | FC27: -0.64635272 | FD27: -0.092936803 | FE27: 0.18604651 | FF27: -0.46425255 | FG27: -0.093283582 | FH27: -0.56022409 | FI27: -0.75117371 | FJ27: 0 | FK27: 0.28382214 | FL27: -0.47169811 | FM27: -0.37914692 | FN27: -0.095147479 | FO27: -0.095238095 | FP27: -1.2392755 | FQ27: -3.0888031 | FR27: -1.9920319 | FS27: 1.3211382 | FT27: 1.7051153 | FU27: 0.29585799 | FV27: 0.88495575 | FW27: -0.48732943 | FX27: -0.97943193 | FY27: -1.6815035 | FZ27: 0.10060362 | GA27: -0.30150754 | GB27: -0.50403226 | GC27: -2.2289767 | GD27: -2.3834197 | GE27: -0.74309979 | GF27: 1.2834225 | GG27: 0 | GH27: 2.5343189 | GI27: 1.5447992 | GJ27: 0.30425963 | GK27: -0.10111223 | GL27: 1.5182186 | GM27: 2.3928215 | GN27: 1.2658228 | GO27: 1.5384615 | GP27: 1.5151515 | GQ27: 0.37313433 | GR27: -0.83643123 | GS27: 0 | GT27: -0.84348641 | GU27: -1.0396975 | GV27: -0.095510984 | GW27: 0.86042065 | GX27: 1.042654 | GY27: 1.6885553 | GZ27: 1.3837638 | HA27: 0 | HB27: 0.36396724 | HC27: -0.54397099 | HD27: -0.27347311 | HE27: 0.27422303 | HF27: 1.1850501 | HG27: 0.99099099 | HH27: 0.62444246 | HI27: 0.53191489 | HJ27: 0.44091711 | HK27: 2.2827041 | HL27: 0.34334764 | HM27: -1.7964072 | HN27: -0.87108014 | HO27: 0.43936731 | HP27: 0.43744532 | HQ27: -0.6097561 | HR27: -0.087642419 | HS27: -0.61403509 | HT27: -0.61782877 | HU27: -0.53285968 | HV27: 0.53571429 | HW27: 1.2433393 | HX27: 0.087719298 | HY27: 0.43821209 | HZ27: -0.43630017 | IA27: -0.96406661 | IB27: -2.6548673 | IC27: -2.3636364 | ID27: -3.2588454
A28: Ecuador | B28: Producer price index (PPI) | C28: Index | D28: Monthly | E28: Units | F28: 75.167555 | G28: 75.167555 | H28: 75.270665 | I28: 75.476886 | J28: 75.683107 | K28: 75.579997 | L28: 74.548892 | M28: 74.13645 | N28: 74.652002 | O28: 73.620897 | P28: 72.796013 | Q28: 72.17735 | R28: 72.796013 | S28: 72.692903 | T28: 73.311566 | U28: 74.548892 | V28: 74.652002 | W28: 74.342671 | X28: 74.342671 | Y28: 74.652002 | Z28: 75.992439 | AA28: 76.817323 | AB28: 75.786218 | AC28: 76.30177 | AD28: 73.827118 | AE28: 74.755113 | AF28: 74.961334 | AG28: 74.033339 | AH28: 72.899124 | AI28: 72.899124 | AJ28: 73.002234 | AK28: 73.311566 | AL28: 73.620897 | AM28: 73.827118 | AN28: 74.13645 | AO28: 73.930229 | AP28: 74.858223 | AQ28: 74.858223 | AR28: 75.889328 | AS28: 76.920433 | AT28: 78.673312 | AU28: 79.188864 | AV28: 79.498196 | AW28: 81.044853 | AX28: 81.869737 | AY28: 83.725726 | AZ28: 83.313284 | BA28: 83.210174 | BB28: 81.869737 | BC28: 81.972848 | BD28: 83.210174 | BE28: 83.313284 | BF28: 82.900842 | BG28: 83.519505 | BH28: 84.241279 | BI28: 84.55061 | BJ28: 86.097268 | BK28: 86.819041 | BL28: 85.787936 | BM28: 86.303489 | BN28: 88.159478 | BO28: 88.262588 | BP28: 88.778141 | BQ28: 89.603025 | BR28: 89.809246 | BS28: 90.221688 | BT28: 90.73724 | BU28: 90.324798 | BV28: 89.809246 | BW28: 89.087472 | BX28: 88.984362 | BY28: 88.881251 | BZ28: 89.087472 | CA28: 89.190583 | CB28: 89.912356 | CC28: 90.221688 | CD28: 90.840351 | CE28: 90.943461 | CF28: 91.252793 | CG28: 91.459014 | CH28: 91.974566 | CI28: 92.902561 | CJ28: 94.449218 | CK28: 94.964771 | CL28: 96.098986 | CM28: 97.026981 | CN28: 97.748754 | CO28: 98.573638 | CP28: 99.295412 | CQ28: 100.84207 | CR28: 102.38873 | CS28: 101.77006 | CT28: 101.66695 | CU28: 100.22341 | CV28: 97.026981 | CW28: 93.211892 | CX28: 92.902561 | CY28: 92.180787 | CZ28: 90.943461 | DA28: 91.665235 | DB28: 93.108782 | DC28: 94.139887 | DD28: 93.418113 | DE28: 94.552329 | DF28: 94.036776 | DG28: 93.830555 | DH28: 94.964771 | DI28: 94.964771 | DJ28: 96.408318 | DK28: 96.92387 | DL28: 98.058086 | DM28: 99.192301 | DN28: 100.01719 | DO28: 100.32652 | DP28: 100.22341 | DQ28: 100.73896 | DR28: 101.35762 | DS28: 101.46073 | DT28: 101.87317 | DU28: 103.41983 | DV28: 105.58515 | DW28: 107.44114 | DX28: 108.9878 | DY28: 110.43135 | DZ28: 109.81268 | EA28: 109.60646 | EB28: 109.60646 | EC28: 108.78158 | ED28: 109.40024 | EE28: 109.09091 | EF28: 108.9878 | EG28: 109.19402 | EH28: 110.53446 | EI28: 112.18422 | EJ28: 113.21533 | EK28: 113.62777 | EL28: 113.21533 | EM28: 112.18422 | EN28: 112.18422 | EO28: 113.11222 | EP28: 113.83399 | EQ28: 113.83399 | ER28: 113.73088 | ES28: 113.9371 | ET28: 114.04021 | EU28: 114.34954 | EV28: 114.24643 | EW28: 112.69978 | EX28: 112.28733 | EY28: 112.18422 | EZ28: 112.59667 | FA28: 111.87489 | FB28: 111.66867 | FC28: 110.9469 | FD28: 110.84379 | FE28: 111.05001 | FF28: 110.53446 | FG28: 110.43135 | FH28: 109.81268 | FI28: 108.9878 | FJ28: 108.9878 | FK28: 109.29713 | FL28: 108.78158 | FM28: 108.36914 | FN28: 108.26603 | FO28: 108.16291 | FP28: 106.82248 | FQ28: 103.52294 | FR28: 101.46073 | FS28: 102.80117 | FT28: 104.55405 | FU28: 104.86338 | FV28: 105.79137 | FW28: 105.27582 | FX28: 104.24472 | FY28: 102.49184 | FZ28: 102.59495 | GA28: 102.28562 | GB28: 101.77006 | GC28: 99.501633 | GD28: 97.130091 | GE28: 96.408318 | GF28: 97.645644 | GG28: 97.645644 | GH28: 100.1203 | GI28: 101.66695 | GJ28: 101.97628 | GK28: 101.87317 | GL28: 103.41983 | GM28: 105.89448 | GN28: 107.23492 | GO28: 108.88469 | GP28: 110.53446 | GQ28: 110.9469 | GR28: 110.0189 | GS28: 110.0189 | GT28: 109.09091 | GU28: 107.95669 | GV28: 107.85358 | GW28: 108.78158 | GX28: 109.91579 | GY28: 111.77178 | GZ28: 113.31844 | HA28: 113.31844 | HB28: 113.73088 | HC28: 113.11222 | HD28: 112.80289 | HE28: 113.11222 | HF28: 114.45266 | HG28: 115.58687 | HH28: 116.30864 | HI28: 116.92731 | HJ28: 117.44286 | HK28: 120.12373 | HL28: 120.53617 | HM28: 118.37085 | HN28: 117.33975 | HO28: 117.8553 | HP28: 118.37085 | HQ28: 117.64908 | HR28: 117.54597 | HS28: 116.8242 | HT28: 116.10242 | HU28: 115.48376 | HV28: 116.10242 | HW28: 117.54597 | HX28: 117.64908 | HY28: 118.16463 | HZ28: 117.64908 | IA28: 116.51487 | IB28: 113.42155 | IC28: 110.74068 | ID28: 107.13181
A29: Euro Area (EA) | B29: Producer price index (PPI) | C29: Year-over-year (YOY) percent change | D29: Monthly | F29: 6.7096774 | G29: 6.5552699 | H29: 6.2659847 | I29: 6.505102 | J29: 5.8154235 | K29: 5.1507538 | L29: 3.9950062 | M29: 2.853598 | N29: 1.7156863 | O29: -0.24301337 | P29: -0.96969697 | Q29: -0.73081608 | R29: -1.2091898 | S29: -1.4475271 | T29: -1.2033694 | U29: -1.6766467 | V29: -2.0310633 | W29: -2.2700119 | X29: -1.9207683 | Y29: -1.4475271 | Z29: -1.2048193 | AA29: 0.12180268 | AB29: 0.12239902 | AC29: 0.73619632 | AD29: 1.7135863 | AE29: 2.2031824 | AF29: 1.8270402 | AG29: 1.0962241 | AH29: 0.48780488 | AI29: 0.73349633 | AJ29: 1.1015912 | AK29: 1.4687882 | AL29: 0.97560976 | AM29: 0.72992701 | AN29: 1.2224939 | AO29: 0.73081608 | AP29: -0.60168472 | AQ29: -0.95808383 | AR29: -0.59808612 | AS29: 0.60240964 | AT29: 2.184466 | AU29: 2.0631068 | AV29: 2.3002421 | AW29: 2.4125452 | AX29: 2.7777778 | AY29: 3.8647343 | AZ29: 3.1400966 | BA29: 2.7811366 | BB29: 3.7530266 | BC29: 3.8694075 | BD29: 3.9711191 | BE29: 3.9520958 | BF29: 2.8503563 | BG29: 3.686088 | BH29: 3.5502959 | BI29: 3.5335689 | BJ29: 3.760282 | BK29: 3.255814 | BL29: 3.7470726 | BM29: 4.3529412 | BN29: 4.6674446 | BO29: 4.8894063 | BP29: 4.6296296 | BQ29: 4.9539171 | BR29: 5.4272517 | BS29: 4.9311927 | BT29: 5.3714286 | BU29: 5.0056883 | BV29: 3.9637599 | BW29: 3.3783784 | BX29: 3.4988713 | BY29: 3.2694476 | BZ29: 2.3411371 | CA29: 2.108768 | CB29: 2.1017699 | CC29: 1.6465423 | CD29: 1.7524644 | CE29: 1.6393443 | CF29: 1.0845987 | CG29: 1.191766 | CH29: 1.8518519 | CI29: 2.5054466 | CJ29: 3.2715376 | CK29: 3.4934498 | CL29: 4.0305011 | CM29: 4.3478261 | CN29: 4.4420368 | CO29: 4.7516199 | CP29: 5.489774 | CQ29: 6.5591398 | CR29: 7.6180258 | CS29: 7.0663812 | CT29: 6.9518717 | CU29: 5.5260361 | CV29: 2.9567054 | CW29: 1.0548523 | CX29: -0.62827225 | CY29: -1.4583333 | CZ29: -2.593361 | DA29: -3.9175258 | DB29: -4.8979592 | DC29: -5.6508577 | DD29: -7.4775673 | DE29: -6.7 | DF29: -7 | DG29: -6.2437059 | DH29: -4.3076923 | DI29: -2.6096033 | DJ29: -0.84299262 | DK29: -0.31712474 | DL29: 0.95846645 | DM29: 2.6824034 | DN29: 3.111588 | DO29: 3.2085561 | DP29: 4.2025862 | DQ29: 3.7513398 | DR29: 4.3010753 | DS29: 4.189044 | DT29: 4.3944266 | DU29: 5.1446945 | DV29: 5.4197662 | DW29: 5.8324496 | DX29: 6.0126582 | DY29: 5.7471264 | DZ29: 5.4110302 | EA29: 4.8704663 | EB29: 5.0672182 | EC29: 4.9586777 | ED29: 4.9484536 | EE29: 4.9484536 | EF29: 4.7227926 | EG29: 3.8735984 | EH29: 3.4274194 | EI29: 3.3066132 | EJ29: 2.9850746 | EK29: 2.3715415 | EL29: 2.0730503 | EM29: 1.8774704 | EN29: 1.7716535 | EO29: 2.4606299 | EP29: 2.3575639 | EQ29: 2.1611002 | ER29: 1.7647059 | ES29: 1.5701668 | ET29: 1.0721248 | EU29: 0.67895247 | EV29: 0.19323671 | EW29: -0.48262548 | EX29: -0.48355899 | EY29: -0.38797284 | EZ29: -0.48355899 | FA29: -1.1527378 | FB29: -1.1516315 | FC29: -1.4423077 | FD29: -1.3487476 | FE29: -0.96618357 | FF29: -1.3500482 | FG29: -1.6377649 | FH29: -1.8322083 | FI29: -1.3579049 | FJ29: -1.1661808 | FK29: -0.77896787 | FL29: -1.068999 | FM29: -1.2633625 | FN29: -1.1650485 | FO29: -0.87804878 | FP29: -1.0742188 | FQ29: -2.1463415 | FR29: -2.6392962 | FS29: -1.7629775 | FT29: -1.0805501 | FU29: -0.78662734 | FV29: -0.78662734 | FW29: -0.98135427 | FX29: -1.0805501 | FY29: -1.6732283 | FZ29: -2.259332 | GA29: -2.4606299 | GB29: -2.0730503 | GC29: -1.7946162 | GD29: -2.1084337 | GE29: -3.3898305 | GF29: -3.5749752 | GG29: -3.9643211 | GH29: -3.3696729 | GI29: -2.8741328 | GJ29: -2.3833168 | GK29: -1.7017017 | GL29: -1.2060302 | GM29: -0.20181635 | GN29: 0.2016129 | GO29: 1.6243655 | GP29: 3.4871795 | GQ29: 4.2311662 | GR29: 3.8105046 | GS29: 4.2311662 | GT29: 3.1794872 | GU29: 2.244898 | GV29: 1.9328586 | GW29: 2.1384929 | GX29: 2.4415056 | GY29: 1.9211325 | GZ29: 2.1126761 | HA29: 1.7982018 | HB29: 1.2884044 | HC29: 1.1881188 | HD29: 1.3888889 | HE29: 1.2871287
A30: Euro Area (EA) | B30: Producer price index (PPI) | C30: Period-over-preceding period percent change | D30: Monthly | F30: 0.73081608 | G30: 0.24183797 | H30: 0.24125452 | I30: 0.48134777 | J30: 0.23952096 | K30: 0 | L30: -0.47789725 | M30: -0.48019208 | N30: 0.12062726 | O30: -1.0843373 | P30: -0.48721072 | Q30: -0.24479804 | R30: 0.24539877 | S30: 0 | T30: 0.48959608 | U30: 0 | V30: -0.12180268 | W30: -0.24390244 | X30: -0.12224939 | Y30: 0 | Z30: 0.36719706 | AA30: 0.24390244 | AB30: -0.486618 | AC30: 0.36674817 | AD30: 1.2180268 | AE30: 0.48134777 | AF30: 0.11976048 | AG30: -0.71770335 | AH30: -0.72289157 | AI30: 0 | AJ30: 0.24271845 | AK30: 0.36319613 | AL30: -0.12062726 | AM30: 0 | AN30: 0 | AO30: -0.12077295 | AP30: -0.12091898 | AQ30: 0.12106538 | AR30: 0.48367594 | AS30: 0.48134777 | AT30: 0.83832335 | AU30: -0.11876485 | AV30: 0.47562426 | AW30: 0.47337278 | AX30: 0.23557126 | AY30: 1.0575793 | AZ30: -0.69767442 | BA30: -0.46838407 | BB30: 0.82352941 | BC30: 0.23337223 | BD30: 0.58207218 | BE30: 0.46296296 | BF30: -0.23041475 | BG30: 0.69284065 | BH30: 0.3440367 | BI30: 0.45714286 | BJ30: 0.45506257 | BK30: 0.56625142 | BL30: -0.22522523 | BM30: 0.11286682 | BN30: 1.1273957 | BO30: 0.44593088 | BP30: 0.33296337 | BQ30: 0.77433628 | BR30: 0.21953897 | BS30: 0.21905805 | BT30: 0.76502732 | BU30: 0.10845987 | BV30: -0.54171181 | BW30: 0 | BX30: -0.10893246 | BY30: -0.10905125 | BZ30: 0.21834061 | CA30: 0.21786492 | CB30: 0.32608696 | CC30: 0.32502709 | CD30: 0.32397408 | CE30: 0.10764263 | CF30: 0.21505376 | CG30: 0.21459227 | CH30: 0.10706638 | CI30: 0.64171123 | CJ30: 0.63761955 | CK30: 0.10559662 | CL30: 0.73839662 | CM30: 0.52356021 | CN30: 0.41666667 | CO30: 0.62240664 | CP30: 1.0309278 | CQ30: 1.122449 | CR30: 1.2108981 | CS30: -0.29910269 | CT30: 0 | CU30: -0.7 | CV30: -1.8126888 | CW30: -1.7435897 | CX30: -0.9394572 | CY30: -0.31612223 | CZ30: -0.73995772 | DA30: -0.74547391 | DB30: 0 | DC30: 0.32188841 | DD30: -0.7486631 | DE30: 0.5387931 | DF30: -0.32154341 | DG30: 0.10752688 | DH30: 0.21482277 | DI30: 0 | DJ30: 0.85744909 | DK30: 0.21253985 | DL30: 0.53022269 | DM30: 0.94936709 | DN30: 0.41797283 | DO30: 0.41623309 | DP30: 0.20725389 | DQ30: 0.10341262 | DR30: 0.20661157 | DS30: 0 | DT30: 0.41237113 | DU30: 0.71868583 | DV30: 1.1213048 | DW30: 0.60483871 | DX30: 0.70140281 | DY30: 0.69651741 | DZ30: 0.098814229 | EA30: -0.098716683 | EB30: 0.39525692 | EC30: 0 | ED30: 0.19685039 | EE30: 0 | EF30: 0.19646365 | EG30: -0.098039216 | EH30: 0.68694799 | EI30: 0.48732943 | EJ30: 0.38797284 | EK30: 0.096618357 | EL30: -0.19305019 | EM30: -0.2901354 | EN30: 0.29097963 | EO30: 0.67698259 | EP30: 0.096061479 | EQ30: -0.19193858 | ER30: -0.19230769 | ES30: -0.28901734 | ET30: 0.19323671 | EU30: 0.096432015 | EV30: -0.096339114 | EW30: -0.57859209 | EX30: -0.19398642 | EY30: -0.19436346 | EZ30: 0.19474197 | FA30: 0 | FB30: 0.09718173 | FC30: -0.48543689 | FD30: -0.097560976 | FE30: 0.09765625 | FF30: -0.19512195 | FG30: -0.19550342 | FH30: -0.29382958 | FI30: -0.098231827 | FJ30: 0 | FK30: 0.19665683 | FL30: -0.098135427 | FM30: -0.19646365 | FN30: 0.19685039 | FO30: -0.19646365 | FP30: -0.29527559 | FQ30: -0.98716683 | FR30: -0.69790628 | FS30: 0.70281124 | FT30: 0.39880359 | FU30: 0.19860973 | FV30: 0 | FW30: 0 | FX30: -0.19821606 | FY30: -0.79443893 | FZ30: -0.4004004 | GA30: -0.40201005 | GB30: 0.10090817 | GC30: -0.70564516 | GD30: -1.0152284 | GE30: -0.61538462 | GF30: 0.20639835 | GG30: -0.20597322 | GH30: 0.61919505 | GI30: 0.51282051 | GJ30: 0.30612245 | GK30: -0.1017294 | GL30: 0.10183299 | GM30: 0.6103764 | GN30: 0.50556117 | GO30: 0.70422535 | GP30: 0.7992008 | GQ30: 0.099108028 | GR30: -0.1980198 | GS30: 0.1984127 | GT30: -0.3960396 | GU30: -0.39761431 | GV30: 0 | GW30: 0.099800399 | GX30: 0.39880359 | GY30: 0.099304866 | GZ30: 0.69444444 | HA30: 0.39408867 | HB30: 0.29440628 | HC30: 0 | HD30: 0 | HE30: 0.097847358
A31: Euro Area (EA) | B31: Producer price index (PPI) | C31: Index | D31: Monthly | E31: Units | F31: 85.95929 | G31: 86.167172 | H31: 86.375054 | I31: 86.790819 | J31: 86.998701 | K31: 86.998701 | L31: 86.582936 | M31: 86.167172 | N31: 86.271113 | O31: 85.335643 | P31: 84.919879 | Q31: 84.711997 | R31: 84.919879 | S31: 84.919879 | T31: 85.335643 | U31: 85.335643 | V31: 85.231702 | W31: 85.02382 | X31: 84.919879 | Y31: 84.919879 | Z31: 85.231702 | AA31: 85.439584 | AB31: 85.02382 | AC31: 85.335643 | AD31: 86.375054 | AE31: 86.790819 | AF31: 86.89476 | AG31: 86.271113 | AH31: 85.647466 | AI31: 85.647466 | AJ31: 85.855349 | AK31: 86.167172 | AL31: 86.063231 | AM31: 86.063231 | AN31: 86.063231 | AO31: 85.95929 | AP31: 85.855349 | AQ31: 85.95929 | AR31: 86.375054 | AS31: 86.790819 | AT31: 87.518406 | AU31: 87.414465 | AV31: 87.83023 | AW31: 88.245994 | AX31: 88.453876 | AY31: 89.389346 | AZ31: 88.765699 | BA31: 88.349935 | BB31: 89.077523 | BC31: 89.285405 | BD31: 89.80511 | BE31: 90.220875 | BF31: 90.012993 | BG31: 90.636639 | BH31: 90.948463 | BI31: 91.364227 | BJ31: 91.779991 | BK31: 92.299697 | BL31: 92.091815 | BM31: 92.195756 | BN31: 93.235167 | BO31: 93.650931 | BP31: 93.962754 | BQ31: 94.690342 | BR31: 94.898224 | BS31: 95.106107 | BT31: 95.833694 | BU31: 95.937635 | BV31: 95.41793 | BW31: 95.41793 | BX31: 95.313989 | BY31: 95.210048 | BZ31: 95.41793 | CA31: 95.625812 | CB31: 95.937635 | CC31: 96.249459 | CD31: 96.561282 | CE31: 96.665223 | CF31: 96.873105 | CG31: 97.080987 | CH31: 97.184929 | CI31: 97.808575 | CJ31: 98.432222 | CK31: 98.536163 | CL31: 99.263751 | CM31: 99.783456 | CN31: 100.19922 | CO31: 100.82287 | CP31: 101.86228 | CQ31: 103.00563 | CR31: 104.25292 | CS31: 103.9411 | CT31: 103.9411 | CU31: 103.21351 | CV31: 101.34257 | CW31: 99.575574 | CX31: 98.640104 | CY31: 98.328281 | CZ31: 97.600693 | DA31: 96.873105 | DB31: 96.873105 | DC31: 97.184929 | DD31: 96.457341 | DE31: 96.977046 | DF31: 96.665223 | DG31: 96.769164 | DH31: 96.977046 | DI31: 96.977046 | DJ31: 97.808575 | DK31: 98.016457 | DL31: 98.536163 | DM31: 99.471633 | DN31: 99.887397 | DO31: 100.30316 | DP31: 100.51104 | DQ31: 100.61498 | DR31: 100.82287 | DS31: 100.82287 | DT31: 101.23863 | DU31: 101.96622 | DV31: 103.10957 | DW31: 103.73322 | DX31: 104.46081 | DY31: 105.18839 | DZ31: 105.29233 | EA31: 105.18839 | EB31: 105.60416 | EC31: 105.60416 | ED31: 105.81204 | EE31: 105.81204 | EF31: 106.01992 | EG31: 105.91598 | EH31: 106.64357 | EI31: 107.16327 | EJ31: 107.57904 | EK31: 107.68298 | EL31: 107.4751 | EM31: 107.16327 | EN31: 107.4751 | EO31: 108.20269 | EP31: 108.30663 | EQ31: 108.09874 | ER31: 107.89086 | ES31: 107.57904 | ET31: 107.78692 | EU31: 107.89086 | EV31: 107.78692 | EW31: 107.16327 | EX31: 106.95539 | EY31: 106.74751 | EZ31: 106.95539 | FA31: 106.95539 | FB31: 107.05933 | FC31: 106.53963 | FD31: 106.43569 | FE31: 106.53963 | FF31: 106.33175 | FG31: 106.12386 | FH31: 105.81204 | FI31: 105.7081 | FJ31: 105.7081 | FK31: 105.91598 | FL31: 105.81204 | FM31: 105.60416 | FN31: 105.81204 | FO31: 105.60416 | FP31: 105.29233 | FQ31: 104.25292 | FR31: 103.52534 | FS31: 104.25292 | FT31: 104.66869 | FU31: 104.87657 | FV31: 104.87657 | FW31: 104.87657 | FX31: 104.66869 | FY31: 103.83716 | FZ31: 103.42139 | GA31: 103.00563 | GB31: 103.10957 | GC31: 102.38198 | GD31: 101.34257 | GE31: 100.71893 | GF31: 100.92681 | GG31: 100.71893 | GH31: 101.34257 | GI31: 101.86228 | GJ31: 102.1741 | GK31: 102.07016 | GL31: 102.1741 | GM31: 102.79775 | GN31: 103.31745 | GO31: 104.04504 | GP31: 104.87657 | GQ31: 104.98051 | GR31: 104.77263 | GS31: 104.98051 | GT31: 104.56475 | GU31: 104.14898 | GV31: 104.14898 | GW31: 104.25292 | GX31: 104.66869 | GY31: 104.77263 | GZ31: 105.50022 | HA31: 105.91598 | HB31: 106.2278 | HC31: 106.2278 | HD31: 106.2278 | HE31: 106.33175
A32: France | B32: Producer price index (PPI) | C32: Year-over-year (YOY) percent change | D32: Monthly | F32: 4.732254 | G32: 4.2079208 | H32: 3.6945813 | I32: 3.5582822 | J32: 3.2926829 | K32: 2.9126214 | L32: 2.4183797 | M32: 1.9300362 | N32: 0.9569378 | O32: -0.11876485 | P32: -0.71005917 | Q32: -0.11890606 | R32: 0 | S32: 0 | T32: 0.35629454 | U32: 0.47393365 | V32: 0.11806375 | W32: -0.11792453 | X32: 0.23612751 | Y32: 0.47337278 | Z32: 0.71090047 | AA32: 1.1890606 | AB32: 1.0727056 | AC32: 1.1904762 | AD32: 1.4268728 | AE32: 1.6627078 | AF32: 1.5384615 | AG32: 0.58962264 | AH32: 0 | AI32: 0.11806375 | AJ32: 0.23557126 | AK32: 0.47114252 | AL32: 0.35294118 | AM32: 0.23501763 | AN32: 0.70754717 | AO32: 0.23529412 | AP32: 0.11723329 | AQ32: -0.23364486 | AR32: 0 | AS32: 1.0550996 | AT32: 2.240566 | AU32: 2.3584906 | AV32: 2.4676851 | AW32: 2.6963658 | AX32: 2.6963658 | AY32: 3.1652989 | AZ32: 3.0444965 | BA32: 2.8169014 | BB32: 3.0444965 | BC32: 2.9274005 | BD32: 3.4965035 | BE32: 3.1322506 | BF32: 2.1914648 | BG32: 2.9953917 | BH32: 2.7522936 | BI32: 3.3105023 | BJ32: 3.196347 | BK32: 2.7272727 | BL32: 2.6136364 | BM32: 3.4246575 | BN32: 3.4090909 | BO32: 3.7542662 | BP32: 3.0405405 | BQ32: 3.5995501 | BR32: 4.2889391 | BS32: 4.0268456 | BT32: 4.0178571 | BU32: 2.9834254 | BV32: 2.3230088 | BW32: 2.3230088 | BX32: 2.3255814 | BY32: 2.0971302 | BZ32: 1.6483516 | CA32: 1.9736842 | CB32: 1.8579235 | CC32: 1.5200869 | CD32: 1.5151515 | CE32: 0.96774194 | CF32: 1.1802575 | CG32: 1.2875536 | CH32: 2.5945946 | CI32: 3.027027 | CJ32: 3.8961039 | CK32: 4 | CL32: 4.5405405 | CM32: 4.4086022 | CN32: 4.72103 | CO32: 5.026738 | CP32: 5.7569296 | CQ32: 6.3897764 | CR32: 6.6808059 | CS32: 6.25 | CT32: 5.4794521 | CU32: 4.3022036 | CV32: 1.875 | CW32: 0.31185031 | CX32: -2.0682523 | CY32: -2.7806385 | CZ32: -3.7909836 | DA32: -4.9898167 | DB32: -6.0483871 | DC32: -6.3063063 | DD32: -7.0576541 | DE32: -6.2811565 | DF32: -6.3936064 | DG32: -5.0301811 | DH32: -3.4764826 | DI32: -2.2797927 | DJ32: 0.21119324 | DK32: 0.74152542 | DL32: 1.4909478 | DM32: 2.7867095 | DN32: 2.8969957 | DO32: 2.7777778 | DP32: 3.1016043 | DQ32: 2.5531915 | DR32: 3.3084312 | DS32: 2.9661017 | DT32: 3.4957627 | DU32: 4.135737 | DV32: 4.2149631 | DW32: 4.5215563 | DX32: 5.0367261 | DY32: 5.2137643 | DZ32: 5.0052138 | EA32: 4.5738046 | EB32: 4.7717842 | EC32: 4.7717842 | ED32: 4.5454545 | EE32: 4.4238683 | EF32: 4.19652 | EG32: 3.4623218 | EH32: 3.437816 | EI32: 3.5211268 | EJ32: 2.997003 | EK32: 2.1803766 | EL32: 1.8867925 | EM32: 1.4910537 | EN32: 1.4851485 | EO32: 2.4752475 | EP32: 2.4703557 | EQ32: 2.2660099 | ER32: 1.8664047 | ES32: 1.6732283 | ET32: 1.4662757 | EU32: 1.2633625 | EV32: 1.1639185 | EW32: 0.19398642 | EX32: -0.38986355 | EY32: -0.19588639 | EZ32: 0.097560976 | FA32: -0.86956522 | FB32: -0.77145612 | FC32: -1.2524085 | FD32: -0.67502411 | FE32: -0.19361084 | FF32: -1.0597303 | FG32: -1.5355086 | FH32: -1.9175455 | FI32: -1.4520813 | FJ32: -0.78277886 | FK32: -0.29440628 | FL32: -1.1695906 | FM32: -1.4619883 | FN32: -1.2633625 | FO32: -0.97560976 | FP32: -1.5533981 | FQ32: -2.3278371 | FR32: -2.8237585 | FS32: -1.754386 | FT32: -1.2707722 | FU32: -0.88408644 | FV32: -0.98619329 | FW32: -0.98425197 | FX32: -0.88757396 | FY32: -1.6815035 | FZ32: -2.2637795 | GA32: -2.0689655 | GB32: -1.8737673 | GC32: -2.1847071 | GD32: -2.3046092 | GE32: -3.8690476 | GF32: -3.7623762 | GG32: -4.1625372 | GH32: -3.2868526 | GI32: -3.0815109 | GJ32: -2.8855721 | GK32: -1.9114688 | GL32: -1.510574 | GM32: -0.9054326 | GN32: -0.40201005 | GO32: 1.4213198 | GP32: 3.4871795 | GQ32: 3.8183695 | GR32: 2.9835391 | GS32: 3.2057911 | GT32: 2.2657055 | GU32: 1.5384615 | GV32: 1.3319672 | GW32: 1.8461538 | GX32: 1.9427403 | GY32: 1.6243655 | GZ32: 2.4217962 | HA32: 1.8018018 | HB32: 0.59464817 | HC32: 1.0934394 | HD32: 1.6983017 | HE32: 1.4028056 | HF32: 2.5176234 | HG32: 3.1313131 | HH32: 3.7411527 | HI32: 3.6253776 | HJ32: 3.6108325 | HK32: 3.5964036 | HL32: 2.364532 | HM32: 1.2782694 | HN32: 1.8719212 | HO32: 1.7699115 | HP32: 1.6699411 | HQ32: 1.8774704 | HR32: 0.78585462 | HS32: -0.097943193 | HT32: -0.19493177 | HU32: -0.48590865 | HV32: -0.58083253 | HW32: -1.1571842 | HX32: -0.28873917 | HY32: 0.67961165 | HZ32: 0.1934236 | IA32: -0.48309179 | IB32: -1.9323671 | IC32: -3.685742 | ID32: -3.3138402 | IE32: -2.1568627 | IF32: -2.1484375 | IG32: -2.2460938 | IH32: -2.1421616 | II32: -2.0487805 | IJ32: -1.9305019 | IK32: -1.0607522 | IL32: 0.19305019 | IM32: 1.6504854 | IN32: 4.2364532 | IO32: 6.143001 | IP32: 6.6532258 | IQ32: 7.4148297 | IR32: 8.4830339 | IS32: 9.7902098 | IT32: 11.243781 | IU32: 14.342629 | IV32: 16.732283 | IW32: 17.348928 | IX32: 20.520231 | IY32: 20.248329 | IZ32: 24.763705 | JA32: 25.237192 | JB32: 24.952741 | JC32: 25.279851 | JD32: 26.218951 | JE32: 27.934486 | JF32: 26.118068 | JG32: 21.341463 | JH32: 18.043845 | JI32: 17.524917 | JJ32: 14.948042 | JK32: 13.423352 | JL32: 9.3939394 | JM32: 5 | JN32: 3.3282905 | JO32: 1.0424423 | JP32: -1.4577259 | JQ32: -2.9871977 | JR32: -2.6241135 | JS32: -1.5075377 | JT32: -0.5 | JU32: -1.7667845
A33: France | B33: Producer price index (PPI) | C33: Period-over-preceding period percent change | D33: Monthly | F33: 0 | G33: 0.11890606 | H33: 0 | I33: 0.23752969 | J33: 0.35545024 | K33: 0.11806375 | L33: -0.11792453 | M33: -0.23612751 | N33: -0.1183432 | O33: -0.35545024 | P33: -0.23781213 | Q33: 0.11918951 | R33: 0.11904762 | S33: 0.11890606 | T33: 0.35629454 | U33: 0.35502959 | V33: 0 | W33: -0.11792453 | X33: 0.23612751 | Y33: 0 | Z33: 0.11778563 | AA33: 0.11764706 | AB33: -0.35252644 | AC33: 0.23584906 | AD33: 0.35294118 | AE33: 0.35169988 | AF33: 0.23364486 | AG33: -0.58275058 | AH33: -0.58616647 | AI33: 0 | AJ33: 0.35377358 | AK33: 0.23501763 | AL33: 0 | AM33: 0 | AN33: 0.11723329 | AO33: -0.23419204 | AP33: 0.23474178 | AQ33: 0 | AR33: 0.46838407 | AS33: 0.46620047 | AT33: 0.5800464 | AU33: 0.11534025 | AV33: 0.46082949 | AW33: 0.4587156 | AX33: 0 | AY33: 0.456621 | AZ33: 0 | BA33: -0.45454545 | BB33: 0.456621 | BC33: -0.11363636 | BD33: 1.0238908 | BE33: 0.11261261 | BF33: -0.33745782 | BG33: 0.90293454 | BH33: 0.22371365 | BI33: 1.0044643 | BJ33: -0.11049724 | BK33: 0 | BL33: -0.11061947 | BM33: 0.33222591 | BN33: 0.4415011 | BO33: 0.21978022 | BP33: 0.32894737 | BQ33: 0.6557377 | BR33: 0.3257329 | BS33: 0.64935065 | BT33: 0.21505376 | BU33: 0 | BV33: -0.75107296 | BW33: 0 | BX33: -0.10810811 | BY33: 0.10822511 | BZ33: 0 | CA33: 0.54054054 | CB33: 0.21505376 | CC33: 0.32188841 | CD33: 0.32085561 | CE33: 0.10660981 | CF33: 0.42598509 | CG33: 0.10604454 | CH33: 0.52966102 | CI33: 0.42149631 | CJ33: 0.73452256 | CK33: 0.20833333 | CL33: 0.51975052 | CM33: 0.41365047 | CN33: 0.51493306 | CO33: 0.6147541 | CP33: 1.0183299 | CQ33: 0.70564516 | CR33: 0.7007007 | CS33: -0.29821074 | CT33: -0.19940179 | CU33: -0.6993007 | CV33: -1.6096579 | CW33: -1.3292434 | CX33: -1.865285 | CY33: -0.31678986 | CZ33: -0.52966102 | DA33: -0.63897764 | DB33: -0.10718114 | DC33: 0.42918455 | DD33: -0.10683761 | DE33: 0.53475936 | DF33: -0.31914894 | DG33: 0.7470651 | DH33: 0 | DI33: -0.1059322 | DJ33: 0.63626723 | DK33: 0.21074816 | DL33: 0.21030494 | DM33: 0.62959077 | DN33: 0 | DO33: 0.31282586 | DP33: 0.20790021 | DQ33: 0 | DR33: 0.41493776 | DS33: 0.41322314 | DT33: 0.51440329 | DU33: 0.51177073 | DV33: 0.71283096 | DW33: 0.50556117 | DX33: 0.70422535 | DY33: 0.7992008 | DZ33: -0.19821606 | EA33: -0.099304866 | EB33: 0.39761431 | EC33: 0 | ED33: 0.1980198 | EE33: 0.29644269 | EF33: 0.2955665 | EG33: -0.19646365 | EH33: 0.68897638 | EI33: 0.58651026 | EJ33: 0.19436346 | EK33: 0 | EL33: -0.48496605 | EM33: -0.48732943 | EN33: 0.39177277 | EO33: 0.97560976 | EP33: 0.19323671 | EQ33: 0.096432015 | ER33: -0.096339114 | ES33: -0.38572806 | ET33: 0.48402711 | EU33: 0.38535645 | EV33: 0.09596929 | EW33: -0.95877277 | EX33: -1.0648596 | EY33: -0.29354207 | EZ33: 0.68694799 | FA33: 0 | FB33: 0.29239766 | FC33: -0.38872692 | FD33: 0.48780488 | FE33: 0.097087379 | FF33: -0.38797284 | FG33: -0.097370983 | FH33: -0.29239766 | FI33: -0.48875855 | FJ33: -0.39292731 | FK33: 0.19723866 | FL33: -0.19685039 | FM33: -0.29585799 | FN33: 0.49455984 | FO33: -0.098425197 | FP33: -0.098522167 | FQ33: -0.69033531 | FR33: -0.89374379 | FS33: 1.002004 | FT33: 0.1984127 | FU33: -0.099009901 | FV33: -0.49554014 | FW33: 0.19920319 | FX33: -0.099403579 | FY33: -1.0945274 | FZ33: -0.10060362 | GA33: 0.10070493 | GB33: 0.10060362 | GC33: -1.0050251 | GD33: -1.0152284 | GE33: -0.61538462 | GF33: 0.30959752 | GG33: -0.51440329 | GH33: 0.41365047 | GI33: 0.41194645 | GJ33: 0.1025641 | GK33: -0.10245902 | GL33: 0.30769231 | GM33: 0.71574642 | GN33: 0.60913706 | GO33: 0.80726539 | GP33: 1.001001 | GQ33: -0.29732408 | GR33: -0.49701789 | GS33: -0.2997003 | GT33: -0.501002 | GU33: -0.3021148 | GV33: -0.1010101 | GW33: 0.40444894 | GX33: 0.40281974 | GY33: 0.40120361 | GZ33: 1.3986014 | HA33: 0.19704433 | HB33: -0.19665683 | HC33: 0.19704433 | HD33: 0.098328417 | HE33: -0.58939096 | HF33: 0.59288538 | HG33: 0.29469548 | HH33: 0.48971596 | HI33: 0.29239766 | HJ33: 0.38872692 | HK33: 0.38722168 | HL33: 0.19286403 | HM33: -0.86621752 | HN33: 0.38834951 | HO33: 0.096711799 | HP33: 0 | HQ33: -0.38647343 | HR33: -0.48496605 | HS33: -0.58479532 | HT33: 0.39215686 | HU33: 0 | HV33: 0.29296875 | HW33: -0.19474197 | HX33: 1.0731707 | HY33: 0.096525097 | HZ33: -0.096432015 | IA33: -0.57915058 | IB33: -1.4563107 | IC33: -2.1674877 | ID33: -0.10070493 | IE33: 0.60483871 | IF33: 0.4008016 | IG33: -0.099800399 | IH33: 0.3996004 | II33: -0.099502488 | IJ33: 1.1952191 | IK33: 0.98425197 | IL33: 1.1695906 | IM33: 0.86705202 | IN33: 1.0506208 | IO33: -0.37807183 | IP33: 0.37950664 | IQ33: 1.3232514 | IR33: 1.3992537 | IS33: 1.1039558 | IT33: 1.7288444 | IU33: 2.6833631 | IV33: 3.3101045 | IW33: 1.5177066 | IX33: 3.9036545 | IY33: 0.63948841 | IZ33: 4.8451152 | JA33: 0 | JB33: 0.15151515 | JC33: 1.5885023 | JD33: 2.1593448 | JE33: 2.4781341 | JF33: 0.28449502 | JG33: -1.2056738 | JH33: 0.50251256 | JI33: 1.0714286 | JJ33: 1.6254417 | JK33: -0.69541029 | JL33: 1.1204482 | JM33: -4.0166205 | JN33: -1.4430014 | JO33: -0.65885798 | JP33: -0.36845984 | JQ33: 0.88757396 | JR33: 0.65982405 | JS33: -0.072833212 | JT33: 1.5306122 | JU33: -0.21536253
A34: France | B34: Producer price index (PPI) | C34: Index | D34: Monthly | E34: Units | F34: 87.301038 | G34: 87.404844 | H34: 87.404844 | I34: 87.612457 | J34: 87.923875 | K34: 88.027682 | L34: 87.923875 | M34: 87.716263 | N34: 87.612457 | O34: 87.301038 | P34: 87.093426 | Q34: 87.197232 | R34: 87.301038 | S34: 87.404844 | T34: 87.716263 | U34: 88.027682 | V34: 88.027682 | W34: 87.923875 | X34: 88.131488 | Y34: 88.131488 | Z34: 88.235294 | AA34: 88.3391 | AB34: 88.027682 | AC34: 88.235294 | AD34: 88.546713 | AE34: 88.858131 | AF34: 89.065744 | AG34: 88.546713 | AH34: 88.027682 | AI34: 88.027682 | AJ34: 88.3391 | AK34: 88.546713 | AL34: 88.546713 | AM34: 88.546713 | AN34: 88.650519 | AO34: 88.442907 | AP34: 88.650519 | AQ34: 88.650519 | AR34: 89.065744 | AS34: 89.480969 | AT34: 90 | AU34: 90.103806 | AV34: 90.519031 | AW34: 90.934256 | AX34: 90.934256 | AY34: 91.349481 | AZ34: 91.349481 | BA34: 90.934256 | BB34: 91.349481 | BC34: 91.245675 | BD34: 92.179931 | BE34: 92.283737 | BF34: 91.972318 | BG34: 92.802768 | BH34: 93.010381 | BI34: 93.944637 | BJ34: 93.84083 | BK34: 93.84083 | BL34: 93.737024 | BM34: 94.048443 | BN34: 94.463668 | BO34: 94.67128 | BP34: 94.982699 | BQ34: 95.605536 | BR34: 95.916955 | BS34: 96.539792 | BT34: 96.747405 | BU34: 96.747405 | BV34: 96.020761 | BW34: 96.020761 | BX34: 95.916955 | BY34: 96.020761 | BZ34: 96.020761 | CA34: 96.539792 | CB34: 96.747405 | CC34: 97.058824 | CD34: 97.370242 | CE34: 97.474048 | CF34: 97.889273 | CG34: 97.99308 | CH34: 98.512111 | CI34: 98.927336 | CJ34: 99.653979 | CK34: 99.861592 | CL34: 100.38062 | CM34: 100.79585 | CN34: 101.31488 | CO34: 101.93772 | CP34: 102.97578 | CQ34: 103.70242 | CR34: 104.42907 | CS34: 104.11765 | CT34: 103.91003 | CU34: 103.18339 | CV34: 101.52249 | CW34: 100.17301 | CX34: 98.304498 | CY34: 97.99308 | CZ34: 97.474048 | DA34: 96.851211 | DB34: 96.747405 | DC34: 97.16263 | DD34: 97.058824 | DE34: 97.577855 | DF34: 97.266436 | DG34: 97.99308 | DH34: 97.99308 | DI34: 97.889273 | DJ34: 98.512111 | DK34: 98.719723 | DL34: 98.927336 | DM34: 99.550173 | DN34: 99.550173 | DO34: 99.861592 | DP34: 100.0692 | DQ34: 100.0692 | DR34: 100.48443 | DS34: 100.89965 | DT34: 101.41869 | DU34: 101.93772 | DV34: 102.66436 | DW34: 103.18339 | DX34: 103.91003 | DY34: 104.74048 | DZ34: 104.53287 | EA34: 104.42907 | EB34: 104.84429 | EC34: 104.84429 | ED34: 105.0519 | EE34: 105.36332 | EF34: 105.67474 | EG34: 105.46713 | EH34: 106.19377 | EI34: 106.81661 | EJ34: 107.02422 | EK34: 107.02422 | EL34: 106.50519 | EM34: 105.98616 | EN34: 106.40138 | EO34: 107.43945 | EP34: 107.64706 | EQ34: 107.75087 | ER34: 107.64706 | ES34: 107.23183 | ET34: 107.75087 | EU34: 108.16609 | EV34: 108.2699 | EW34: 107.23183 | EX34: 106.08997 | EY34: 105.77855 | EZ34: 106.50519 | FA34: 106.50519 | FB34: 106.81661 | FC34: 106.40138 | FD34: 106.92042 | FE34: 107.02422 | FF34: 106.609 | FG34: 106.50519 | FH34: 106.19377 | FI34: 105.67474 | FJ34: 105.25952 | FK34: 105.46713 | FL34: 105.25952 | FM34: 104.9481 | FN34: 105.46713 | FO34: 105.36332 | FP34: 105.25952 | FQ34: 104.53287 | FR34: 103.59862 | FS34: 104.63668 | FT34: 104.84429 | FU34: 104.74048 | FV34: 104.22145 | FW34: 104.42907 | FX34: 104.32526 | FY34: 103.18339 | FZ34: 103.07958 | GA34: 103.18339 | GB34: 103.2872 | GC34: 102.24913 | GD34: 101.21107 | GE34: 100.58824 | GF34: 100.89965 | GG34: 100.38062 | GH34: 100.79585 | GI34: 101.21107 | GJ34: 101.31488 | GK34: 101.21107 | GL34: 101.52249 | GM34: 102.24913 | GN34: 102.87197 | GO34: 103.70242 | GP34: 104.74048 | GQ34: 104.42907 | GR34: 103.91003 | GS34: 103.59862 | GT34: 103.07958 | GU34: 102.76817 | GV34: 102.66436 | GW34: 103.07958 | GX34: 103.49481 | GY34: 103.91003 | GZ34: 105.36332 | HA34: 105.57093 | HB34: 105.36332 | HC34: 105.57093 | HD34: 105.67474 | HE34: 105.0519 | HF34: 105.67474 | HG34: 105.98616 | HH34: 106.50519 | HI34: 106.81661 | HJ34: 107.23183 | HK34: 107.64706 | HL34: 107.85467 | HM34: 106.92042 | HN34: 107.33564 | HO34: 107.43945 | HP34: 107.43945 | HQ34: 107.02422 | HR34: 106.50519 | HS34: 105.88235 | HT34: 106.29758 | HU34: 106.29758 | HV34: 106.609 | HW34: 106.40138 | HX34: 107.54325 | HY34: 107.64706 | HZ34: 107.54325 | IA34: 106.92042 | IB34: 105.36332 | IC34: 103.07958 | ID34: 102.97578 | IE34: 103.59862 | IF34: 104.01384 | IG34: 103.91003 | IH34: 104.32526 | II34: 104.22145 | IJ34: 105.46713 | IK34: 106.50519 | IL34: 107.75087 | IM34: 108.68512 | IN34: 109.82699 | IO34: 109.41176 | IP34: 109.82699 | IQ34: 111.28028 | IR34: 112.83737 | IS34: 114.08304 | IT34: 116.05536 | IU34: 119.16955 | IV34: 123.11419 | IW34: 124.9827 | IX34: 129.86159 | IY34: 130.69204 | IZ34: 137.02422 | JA34: 137.02422 | JB34: 137.23183 | JC34: 139.41176 | JD34: 142.42215 | JE34: 145.95156 | JF34: 146.36678 | JG34: 144.60208 | JH34: 145.32872 | JI34: 146.88581 | JJ34: 149.27336 | JK34: 148.23529 | JL34: 149.89619 | JM34: 143.87543 | JN34: 141.79931 | JO34: 140.86505 | JP34: 140.34602 | JQ34: 141.5917 | JR34: 142.52595 | JS34: 142.42215 | JT34: 144.60208 | JU34: 144.29066
A35: Germany | B35: Producer price index (PPI) | C35: Period-over-preceding period percent change | D35: Monthly | F35: 1.6194332 | G35: 0.39840637 | H35: 0.3968254 | I35: 1.0540184 | J35: 0.52151239 | K35: 0 | L35: -0.77821012 | M35: -0.39215686 | N35: 0.39370079 | O35: -1.9607843 | P35: -0.66666667 | Q35: -0.26845638 | R35: 0.40376851 | S35: 0.13404826 | T35: 0.66934404 | U35: -0.66489362 | V35: -0.13386881 | W35: -0.13404826 | X35: -0.40268456 | Y35: -0.40431267 | Z35: 0.40595399 | AA35: 0.40431267 | AB35: -0.26845638 | AC35: 0.269179 | AD35: 2.5503356 | AE35: 0.78534031 | AF35: 0.38961039 | AG35: -0.90556274 | AH35: -0.52219321 | AI35: 0.1312336 | AJ35: 0.5242464 | AK35: 0.26075619 | AL35: 0.13003901 | AM35: 0 | AN35: -0.25974026 | AO35: 0 | AP35: -0.390625 | AQ35: 0.13071895 | AR35: 0.1305483 | AS35: 0.52151239 | AT35: 0.77821012 | AU35: -0.25740026 | AV35: 0.51612903 | AW35: 0.25673941 | AX35: 0.12804097 | AY35: 1.4066496 | AZ35: -1.1349306 | BA35: -0.51020408 | BB35: 1.2820513 | BC35: 0.25316456 | BD35: 0.37878788 | BE35: 0.37735849 | BF35: -0.12531328 | BG35: 0.37641154 | BH35: 0.375 | BI35: 0.249066 | BJ35: 0.37267081 | BK35: 0.37128713 | BL35: 0 | BM35: 0.12330456 | BN35: 0.98522167 | BO35: 0.48780488 | BP35: 0.48543689 | BQ35: 0.60386473 | BR35: 0.24009604 | BS35: 0 | BT35: 0.47904192 | BU35: 0.11918951 | BV35: -0.23809524 | BW35: 0.23866348 | BX35: -0.11904762 | BY35: -0.11918951 | BZ35: 0.11933174 | CA35: 0.11918951 | CB35: 0 | CC35: 0.11904762 | CD35: 0.23781213 | CE35: 0.11862396 | CF35: 0 | CG35: 0 | CH35: 0 | CI35: 0.47393365 | CJ35: 0.47169811 | CK35: -0.11737089 | CL35: 0.70505288 | CM35: 0.46674446 | CN35: 0.46457607 | CO35: 0.69364162 | CP35: 0.57405281 | CQ35: 0.91324201 | CR35: 1.4705882 | CS35: -0.33444816 | CT35: 0.11185682 | CU35: -0.11173184 | CV35: -1.3422819 | CW35: -0.90702948 | CX35: -0.68649886 | CY35: -0.34562212 | CZ35: -0.69364162 | DA35: -0.93131548 | DB35: 0 | DC35: -0.11750881 | DD35: -0.94117647 | DE35: 0.23752969 | DF35: -0.23696682 | DG35: 0 | DH35: 0.11876485 | DI35: 0 | DJ35: 0.71174377 | DK35: 0.11778563 | DL35: 0.47058824 | DM35: 0.58548009 | DN35: 0.58207218 | DO35: 0.5787037 | DP35: 0.2301496 | DQ35: 0 | DR35: 0.22962113 | DS35: 0.11454754 | DT35: 0.11441648 | DU35: 0.68571429 | DV35: 0.79455165 | DW35: 0.45045045 | DX35: 0.44843049 | DY35: 0.55803571 | DZ35: 0.11098779 | EA35: 0 | EB35: 0.44345898 | EC35: -0.11037528 | ED35: 0.22099448 | EE35: 0 | EF35: 0.11025358 | EG35: -0.11013216 | EH35: 0.55126792 | EI35: 0.21929825 | EJ35: 0.32822757 | EK35: 0.21810251 | EL35: -0.21762786 | EM35: -0.21810251 | EN35: 0.10928962 | EO35: 0.32751092 | EP35: 0.10881393 | EQ35: 0 | ER35: 0 | ES35: -0.32608696 | ET35: 0.32715376 | EU35: -0.10869565 | EV35: -0.10881393 | EW35: -0.10893246 | EX35: -0.10905125 | EY35: -0.21834061 | EZ35: 0 | FA35: 0 | FB35: 0.10940919 | FC35: -0.10928962 | FD35: -0.10940919 | FE35: 0 | FF35: 0.10952903 | FG35: -0.10940919 | FH35: -0.21905805 | FI35: 0 | FJ35: -0.10976948 | FK35: 0.10989011 | FL35: 0 | FM35: -0.10976948 | FN35: 0.10989011 | FO35: -0.10976948 | FP35: -0.10989011 | FQ35: -0.440044 | FR35: -0.11049724 | FS35: 0.33185841 | FT35: 0.22050717 | FU35: 0.220022 | FV35: -0.10976948 | FW35: -0.10989011 | FX35: 0 | FY35: -0.330033 | FZ35: -0.33112583 | GA35: -0.22148394 | GB35: 0 | GC35: -0.33296337 | GD35: -0.55679287 | GE35: -0.44792833 | GF35: 0 | GG35: 0 | GH35: 0.22497188 | GI35: 0.33670034 | GJ35: 0.11185682 | GK35: 0 | GL35: 0 | GM35: 0.33519553 | GN35: 0.22271715 | GO35: 0.55555556 | GP35: 0.44198895 | GQ35: 0.220022 | GR35: -0.10976948 | GS35: 0.32967033 | GT35: -0.21905805 | GU35: -0.10976948 | GV35: 0 | GW35: 0 | GX35: 0.21978022 | GY35: 0.10964912 | GZ35: 0.32858708 | HA35: 0 | HB35: 0.32751092 | HC35: -0.10881393 | HD35: 0.10893246 | HE35: 0.32644178 | HF35: 0.43383948 | HG35: 0.32397408 | HH35: 0.21528525 | HI35: 0.21482277 | HJ35: 0.32154341 | HK35: 0.21367521 | HL35: 0 | HM35: -0.31982942 | HN35: 0.21390374 | HO35: 0 | HP35: 0 | HQ35: 0.32017076 | HR35: -0.10638298 | HS35: -0.21299255 | HT35: 0.10672359 | HU35: -0.21321962 | HV35: 0.10683761 | HW35: -0.10672359 | HX35: 0 | HY35: 0.10683761 | HZ35: 0.42689434 | IA35: -0.21253985 | IB35: -0.63897764 | IC35: -0.53590568 | ID35: -0.32327586 | IE35: 0 | IF35: 0.10810811 | IG35: 0 | IH35: 0.21598272 | II35: 0 | IJ35: 0.32327586 | IK35: 0.32223416 | IL35: 1.4989293 | IM35: 0.52742616 | IN35: 0.83945435 | IO35: 0.72840791 | IP35: 0.82644628 | IQ35: 0.92213115 | IR35: 1.4213198 | IS35: 1.001001 | IT35: 1.2884044 | IU35: 2.2504892 | IV35: 0.9569378 | IW35: 2.3696682 | IX35: 2.962963 | IY35: 1.1690647 | IZ35: 3.9111111 | JA35: 2.13858 | JB35: 1.2562814 | JC35: 1.0752688 | JD35: 2.8641571 | JE35: 3.9777247 | JF35: 1.0711553 | JG35: -1.665405 | JH35: -1.9245574 | JI35: -0.47095761 | JJ35: -0.15772871 | JK35: -0.55292259 | JL35: -0.63542494 | JM35: 0.1598721 | JN35: -0.7980846 | JO35: -0.16090105 | JP35: -0.48348106 | JQ35: 0.16194332 | JR35: 0.16168149 | JS35: -0.24213075 | JT35: -0.40453074 | JU35: -0.56864338 | JV35: 0.32679739 | JW35: -0.24429967 | JX35: 0.16326531 | JY35: 0.24449878 | JZ35: 0 | KA35: 0.081300813 | KB35: 0.16246954 | KC35: 0.081103001 | KD35: -0.24311183 | KE35: 0.16246954 | KF35: 0.56772101 | KG35: 0
A36: Germany | B36: Producer price index (PPI) | C36: Index | D36: Monthly | E36: Units | F36: 86.968239 | G36: 87.314726 | H36: 87.661213 | I36: 88.585178 | J36: 89.047161 | K36: 89.047161 | L36: 88.354187 | M36: 88.0077 | N36: 88.354187 | O36: 86.621752 | P36: 86.044273 | Q36: 85.813282 | R36: 86.159769 | S36: 86.275265 | T36: 86.852743 | U36: 86.275265 | V36: 86.159769 | W36: 86.044273 | X36: 85.697786 | Y36: 85.351299 | Z36: 85.697786 | AA36: 86.044273 | AB36: 85.813282 | AC36: 86.044273 | AD36: 88.238691 | AE36: 88.931665 | AF36: 89.278152 | AG36: 88.469682 | AH36: 88.0077 | AI36: 88.123195 | AJ36: 88.585178 | AK36: 88.816169 | AL36: 88.931665 | AM36: 88.931665 | AN36: 88.700674 | AO36: 88.700674 | AP36: 88.354187 | AQ36: 88.469682 | AR36: 88.585178 | AS36: 89.047161 | AT36: 89.740135 | AU36: 89.509143 | AV36: 89.971126 | AW36: 90.202117 | AX36: 90.317613 | AY36: 91.588065 | AZ36: 90.548604 | BA36: 90.086622 | BB36: 91.241578 | BC36: 91.47257 | BD36: 91.819057 | BE36: 92.165544 | BF36: 92.050048 | BG36: 92.396535 | BH36: 92.743022 | BI36: 92.974013 | BJ36: 93.3205 | BK36: 93.666987 | BL36: 93.666987 | BM36: 93.782483 | BN36: 94.706449 | BO36: 95.168431 | BP36: 95.630414 | BQ36: 96.207892 | BR36: 96.438884 | BS36: 96.438884 | BT36: 96.900866 | BU36: 97.016362 | BV36: 96.785371 | BW36: 97.016362 | BX36: 96.900866 | BY36: 96.785371 | BZ36: 96.900866 | CA36: 97.016362 | CB36: 97.016362 | CC36: 97.131858 | CD36: 97.362849 | CE36: 97.478345 | CF36: 97.478345 | CG36: 97.478345 | CH36: 97.478345 | CI36: 97.940327 | CJ36: 98.40231 | CK36: 98.286814 | CL36: 98.979788 | CM36: 99.441771 | CN36: 99.903754 | CO36: 100.59673 | CP36: 101.17421 | CQ36: 102.09817 | CR36: 103.59962 | CS36: 103.25313 | CT36: 103.36862 | CU36: 103.25313 | CV36: 101.86718 | CW36: 100.94321 | CX36: 100.25024 | CY36: 99.903754 | CZ36: 99.21078 | DA36: 98.286814 | DB36: 98.286814 | DC36: 98.171319 | DD36: 97.247353 | DE36: 97.478345 | DF36: 97.247353 | DG36: 97.247353 | DH36: 97.362849 | DI36: 97.362849 | DJ36: 98.055823 | DK36: 98.171319 | DL36: 98.633301 | DM36: 99.21078 | DN36: 99.788258 | DO36: 100.36574 | DP36: 100.59673 | DQ36: 100.59673 | DR36: 100.82772 | DS36: 100.94321 | DT36: 101.05871 | DU36: 101.75168 | DV36: 102.56015 | DW36: 103.02214 | DX36: 103.48412 | DY36: 104.0616 | DZ36: 104.17709 | EA36: 104.17709 | EB36: 104.63908 | EC36: 104.52358 | ED36: 104.75457 | EE36: 104.75457 | EF36: 104.87007 | EG36: 104.75457 | EH36: 105.33205 | EI36: 105.56304 | EJ36: 105.90953 | EK36: 106.14052 | EL36: 105.90953 | EM36: 105.67854 | EN36: 105.79403 | EO36: 106.14052 | EP36: 106.25602 | EQ36: 106.25602 | ER36: 106.25602 | ES36: 105.90953 | ET36: 106.25602 | EU36: 106.14052 | EV36: 106.02502 | EW36: 105.90953 | EX36: 105.79403 | EY36: 105.56304 | EZ36: 105.56304 | FA36: 105.56304 | FB36: 105.67854 | FC36: 105.56304 | FD36: 105.44755 | FE36: 105.44755 | FF36: 105.56304 | FG36: 105.44755 | FH36: 105.21655 | FI36: 105.21655 | FJ36: 105.10106 | FK36: 105.21655 | FL36: 105.21655 | FM36: 105.10106 | FN36: 105.21655 | FO36: 105.10106 | FP36: 104.98556 | FQ36: 104.52358 | FR36: 104.40808 | FS36: 104.75457 | FT36: 104.98556 | FU36: 105.21655 | FV36: 105.10106 | FW36: 104.98556 | FX36: 104.98556 | FY36: 104.63908 | FZ36: 104.29259 | GA36: 104.0616 | GB36: 104.0616 | GC36: 103.71511 | GD36: 103.13763 | GE36: 102.67565 | GF36: 102.67565 | GG36: 102.67565 | GH36: 102.90664 | GI36: 103.25313 | GJ36: 103.36862 | GK36: 103.36862 | GL36: 103.36862 | GM36: 103.71511 | GN36: 103.9461 | GO36: 104.52358 | GP36: 104.98556 | GQ36: 105.21655 | GR36: 105.10106 | GS36: 105.44755 | GT36: 105.21655 | GU36: 105.10106 | GV36: 105.10106 | GW36: 105.10106 | GX36: 105.33205 | GY36: 105.44755 | GZ36: 105.79403 | HA36: 105.79403 | HB36: 106.14052 | HC36: 106.02502 | HD36: 106.14052 | HE36: 106.48701 | HF36: 106.94899 | HG36: 107.29548 | HH36: 107.52647 | HI36: 107.75746 | HJ36: 108.10395 | HK36: 108.33494 | HL36: 108.33494 | HM36: 107.98845 | HN36: 108.21944 | HO36: 108.21944 | HP36: 108.21944 | HQ36: 108.56593 | HR36: 108.45043 | HS36: 108.21944 | HT36: 108.33494 | HU36: 108.10395 | HV36: 108.21944 | HW36: 108.10395 | HX36: 108.10395 | HY36: 108.21944 | HZ36: 108.68142 | IA36: 108.45043 | IB36: 107.75746 | IC36: 107.17998 | ID36: 106.83349 | IE36: 106.83349 | IF36: 106.94899 | IG36: 106.94899 | IH36: 107.17998 | II36: 107.17998 | IJ36: 107.52647 | IK36: 107.87295 | IL36: 109.48989 | IM36: 110.06737 | IN36: 110.99134 | IO36: 111.79981 | IP36: 112.72377 | IQ36: 113.76323 | IR36: 115.38017 | IS36: 116.53513 | IT36: 118.03657 | IU36: 120.69297 | IV36: 121.84793 | IW36: 124.73532 | IX36: 128.43118 | IY36: 129.93263 | IZ36: 135.01444 | JA36: 137.90183 | JB36: 139.63426 | JC36: 141.13571 | JD36: 145.17806 | JE36: 150.95284 | JF36: 152.56978 | JG36: 150.02887 | JH36: 147.14148 | JI36: 146.44851 | JJ36: 146.21752 | JK36: 145.40905 | JL36: 144.48508 | JM36: 144.71607 | JN36: 143.56112 | JO36: 143.33013 | JP36: 142.63715 | JQ36: 142.86814 | JR36: 143.09913 | JS36: 142.75265 | JT36: 142.17517 | JU36: 141.3667 | JV36: 141.82868 | JW36: 141.48219 | JX36: 141.71319 | JY36: 142.05967 | JZ36: 142.05967 | KA36: 142.17517 | KB36: 142.40616 | KC36: 142.52166 | KD36: 142.17517 | KE36: 142.40616 | KF36: 143.21463 | KG36: 143.21463
A37: Germany | B37: Producer price index (PPI) | C37: Year-over-year (YOY) percent change | D37: Monthly | F37: 8.0344333 | G37: 8.6206897 | H37: 8.8952654 | I37: 9.5714286 | J37: 9.2067989 | K37: 8.2865169 | L37: 6.545961 | M37: 5.2486188 | N37: 3.9402174 | O37: 0.80645161 | P37: -0.13404826 | Q37: 0.26990553 | R37: -0.92961487 | S37: -1.1904762 | T37: -0.92226614 | U37: -2.6075619 | V37: -3.2425422 | W37: -3.3722438 | X37: -3.0065359 | Y37: -3.0183727 | Z37: -3.0065359 | AA37: -0.66666667 | AB37: -0.26845638 | AC37: 0.269179 | AD37: 2.4128686 | AE37: 3.0789826 | AF37: 2.7925532 | AG37: 2.5435074 | AH37: 2.1447721 | AI37: 2.4161074 | AJ37: 3.3692722 | AK37: 4.0595399 | AL37: 3.7735849 | AM37: 3.3557047 | AN37: 3.3647376 | AO37: 3.0872483 | AP37: 0.13089005 | AQ37: -0.51948052 | AR37: -0.77619664 | AS37: 0.65274151 | AT37: 1.9685039 | AU37: 1.5727392 | AV37: 1.5645372 | AW37: 1.5604681 | AX37: 1.5584416 | AY37: 2.987013 | AZ37: 2.0833333 | BA37: 1.5625 | BB37: 3.2679739 | BC37: 3.3942559 | BD37: 3.6505867 | BE37: 3.5019455 | BF37: 2.5740026 | BG37: 3.2258065 | BH37: 3.0808729 | BI37: 3.0729834 | BJ37: 3.3248082 | BK37: 2.2698613 | BL37: 3.4438776 | BM37: 4.1025641 | BN37: 3.7974684 | BO37: 4.040404 | BP37: 4.1509434 | BQ37: 4.3859649 | BR37: 4.7678795 | BS37: 4.375 | BT37: 4.483188 | BU37: 4.3478261 | BV37: 3.7128713 | BW37: 3.5758323 | BX37: 3.4525277 | BY37: 3.2019704 | BZ37: 2.3170732 | CA37: 1.9417476 | CB37: 1.4492754 | CC37: 0.96038415 | CD37: 0.95808383 | CE37: 1.0778443 | CF37: 0.59594756 | CG37: 0.47619048 | CH37: 0.71599045 | CI37: 0.95238095 | CJ37: 1.5494636 | CK37: 1.5513126 | CL37: 2.1454112 | CM37: 2.5 | CN37: 2.9761905 | CO37: 3.5671819 | CP37: 3.9145907 | CQ37: 4.7393365 | CR37: 6.2796209 | CS37: 5.9241706 | CT37: 6.042654 | CU37: 5.4245283 | CV37: 3.5211268 | CW37: 2.7027027 | CX37: 1.2835473 | CY37: 0.46457607 | CZ37: -0.69364162 | DA37: -2.2962113 | DB37: -2.8538813 | DC37: -3.8461538 | DD37: -6.1315496 | DE37: -5.5928412 | DF37: -5.9217877 | DG37: -5.8165548 | DH37: -4.4217687 | DI37: -3.5469108 | DJ37: -2.1889401 | DK37: -1.734104 | DL37: -0.58207218 | DM37: 0.94007051 | DN37: 1.5276146 | DO37: 2.2352941 | DP37: 3.4441805 | DQ37: 3.1990521 | DR37: 3.6817102 | DS37: 3.8004751 | DT37: 3.7959668 | DU37: 4.5077106 | DV37: 4.5936396 | DW37: 4.9411765 | DX37: 4.9180328 | DY37: 4.8894063 | DZ37: 4.3981481 | EA37: 3.7974684 | EB37: 4.0183697 | EC37: 3.9035591 | ED37: 3.8946163 | EE37: 3.7757437 | EF37: 3.7714286 | EG37: 2.9511918 | EH37: 2.7027027 | EI37: 2.4663677 | EJ37: 2.34375 | EK37: 1.9977802 | EL37: 1.6629712 | EM37: 1.4412417 | EN37: 1.1037528 | EO37: 1.5469613 | EP37: 1.4332966 | EQ37: 1.4332966 | ER37: 1.3215859 | ES37: 1.1025358 | ET37: 0.87719298 | EU37: 0.54704595 | EV37: 0.10905125 | EW37: -0.21762786 | EX37: -0.10905125 | EY37: -0.10928962 | EZ37: -0.21834061 | FA37: -0.54406964 | FB37: -0.54347826 | FC37: -0.65217391 | FD37: -0.76086957 | FE37: -0.43620502 | FF37: -0.65217391 | FG37: -0.65288357 | FH37: -0.76252723 | FI37: -0.65430752 | FJ37: -0.65502183 | FK37: -0.32822757 | FL37: -0.32822757 | FM37: -0.43763676 | FN37: -0.43715847 | FO37: -0.43763676 | FP37: -0.4381161 | FQ37: -0.8762322 | FR37: -1.0940919 | FS37: -0.65717415 | FT37: -0.21953897 | FU37: 0 | FV37: 0 | FW37: -0.21953897 | FX37: -0.21953897 | FY37: -0.43956044 | FZ37: -0.87815587 | GA37: -0.98901099 | GB37: -0.88008801 | GC37: -0.77348066 | GD37: -1.2168142 | GE37: -1.9845645 | GF37: -2.20022 | GG37: -2.4149286 | GH37: -2.0879121 | GI37: -1.650165 | GJ37: -1.540154 | GK37: -1.214128 | GL37: -0.88593577 | GM37: -0.33296337 | GN37: -0.11098779 | GO37: 0.77951002 | GP37: 1.7917133 | GQ37: 2.4746907 | GR37: 2.3622047 | GS37: 2.6996625 | GT37: 2.2446689 | GU37: 1.7897092 | GV37: 1.6759777 | GW37: 1.6759777 | GX37: 1.8994413 | GY37: 1.6703786 | GZ37: 1.7777778 | HA37: 1.2154696 | HB37: 1.10011 | HC37: 0.76838639 | HD37: 0.98901099 | HE37: 0.98576123 | HF37: 1.6465423 | HG37: 2.0879121 | HH37: 2.3076923 | HI37: 2.5274725 | HJ37: 2.6315789 | HK37: 2.7382256 | HL37: 2.4017467 | HM37: 2.0742358 | HN37: 1.9586507 | HO37: 2.0697168 | HP37: 1.9586507 | HQ37: 1.9522777 | HR37: 1.4038877 | HS37: 0.86114101 | HT37: 0.7518797 | HU37: 0.32154341 | HV37: 0.10683761 | HW37: -0.21321962 | HX37: -0.21321962 | HY37: 0.21390374 | HZ37: 0.42689434 | IA37: 0.21344717 | IB37: -0.42689434 | IC37: -1.2765957 | ID37: -1.4909478 | IE37: -1.280683 | IF37: -1.2793177 | IG37: -1.0683761 | IH37: -0.96051227 | II37: -0.85470085 | IJ37: -0.53418803 | IK37: -0.32017076 | IL37: 0.74388948 | IM37: 1.4909478 | IN37: 3.0010718 | IO37: 4.3103448 | IP37: 5.5135135 | IQ37: 6.4864865 | IR37: 7.8833693 | IS37: 8.9632829 | IT37: 10.12931 | IU37: 12.607759 | IV37: 13.319012 | IW37: 15.631692 | IX37: 17.299578 | IY37: 18.048269 | IZ37: 21.644121 | JA37: 23.347107 | JB37: 23.872951 | JC37: 24.060914 | JD37: 25.825826 | JE37: 29.534192 | JF37: 29.25636 | JG37: 24.30622 | JH37: 20.758294 | JI37: 17.407407 | JJ37: 13.848921 | JK37: 11.911111 | JL37: 7.0145423 | JM37: 4.9413735 | JN37: 2.8122415 | JO37: 1.5548282 | JP37: -1.7501989 | JQ37: -5.3557766 | JR37: -6.2074186 | JS37: -4.8498845 | JT37: -3.3751962 | JU37: -3.4700315 | JV37: -3.0015798 | JW37: -2.700556 | JX37: -1.9184652 | JY37: -1.8355946 | JZ37: -1.0458568 | KA37: -0.80580177 | KB37: -0.16194332 | KC37: -0.24252223 | KD37: -0.645682 | KE37: -0.24271845 | KF37: 0.73111292 | KG37: 1.3071895
A38: Greece | B38: Producer price index (PPI) | C38: Year-over-year (YOY) percent change | D38: Monthly | F38: 5.6478405 | G38: 5.0736498 | H38: 4.0518639 | I38: 5.203252 | J38: 4.5016077 | K38: 4 | L38: 3.6741214 | M38: 3.0206677 | N38: 1.0869565 | O38: -0.9202454 | P38: -1.2288786 | Q38: 0.46728972 | R38: 2.2012579 | S38: 1.2461059 | T38: 2.1806854 | U38: 2.0092736 | V38: 1.2307692 | W38: 0.76923077 | X38: 1.0785824 | Y38: 1.8518519 | Z38: 2.3041475 | AA38: 3.0959752 | AB38: 2.7993779 | AC38: 2.7906977 | AD38: 2.6153846 | AE38: 3.3846154 | AF38: 2.2865854 | AG38: 0.45454545 | AH38: 0.30395137 | AI38: 1.221374 | AJ38: 1.6768293 | AK38: 1.5151515 | AL38: 0.75075075 | AM38: 1.2012012 | AN38: 2.4205749 | AO38: 1.6591252 | AP38: 1.4992504 | AQ38: 0.74404762 | AR38: 2.0864382 | AS38: 4.5248869 | AT38: 5.9090909 | AU38: 4.6757164 | AV38: 4.7976012 | AW38: 4.7761194 | AX38: 4.9180328 | AY38: 5.3412463 | AZ38: 3.9881832 | BA38: 2.9673591 | BB38: 3.3973412 | BC38: 4.1358936 | BD38: 4.6715328 | BE38: 4.3290043 | BF38: 3.1473534 | BG38: 5.0432277 | BH38: 5.0071531 | BI38: 5.5555556 | BJ38: 6.6761364 | BK38: 6.3380282 | BL38: 6.5340909 | BM38: 8.3573487 | BN38: 9.2857143 | BO38: 9.0780142 | BP38: 7.9497908 | BQ38: 8.2987552 | BR38: 8.8765603 | BS38: 7.81893 | BT38: 7.9019074 | BU38: 7.4224022 | BV38: 4.3941411 | BW38: 3.1788079 | BX38: 3.6 | BY38: 3.3244681 | BZ38: 1.0457516 | CA38: 1.3003901 | CB38: 1.8087855 | CC38: 2.4265645 | CD38: 2.5477707 | CE38: 2.7989822 | CF38: 2.6515152 | CG38: 2.2613065 | CH38: 5.1020408 | CI38: 7.0603338 | CJ38: 9.2664093 | CK38: 9.3951094 | CL38: 10.478655 | CM38: 11.039795 | CN38: 11.040609 | CO38: 10.598504 | CP38: 13.043478 | CQ38: 14.727723 | CR38: 15.498155 | CS38: 13.267813 | CT38: 10.92233 | CU38: 5.7553957 | CV38: -0.35335689 | CW38: -4 | CX38: -4.0983607 | CY38: -5.8959538 | CZ38: -7.3142857 | DA38: -8.2299887 | DB38: -9.4505495 | DC38: -9.1693635 | DD38: -11.075612 | DE38: -7.8091106 | DF38: -7.7680525 | DG38: -3.5147392 | DH38: 0.94562648 | DI38: 5.0245098 | DJ38: 5.7387057 | DK38: 6.7567568 | DL38: 8.6313194 | DM38: 9.8280098 | DN38: 7.8883495 | DO38: 6.4133017 | DP38: 6.1077844 | DQ38: 4.5882353 | DR38: 5.8125741 | DS38: 4.9353702 | DT38: 5.971897 | DU38: 7.4679113 | DV38: 7.3903002 | DW38: 8.5155351 | DX38: 8.7400681 | DY38: 8.1655481 | DZ38: 7.424072 | EA38: 6.6964286 | EB38: 9.1422122 | EC38: 7.7615298 | ED38: 8.2959641 | EE38: 8.06271 | EF38: 7.4033149 | EG38: 5.6460369 | EH38: 7.4193548 | EI38: 6.7868505 | EJ38: 6.3674322 | EK38: 5.1706308 | EL38: 4.921466 | EM38: 2.8242678 | EN38: 3.7228542 | EO38: 6.4718163 | EP38: 4.9689441 | EQ38: 4.0414508 | ER38: 2.3662551 | ES38: 1.9527235 | ET38: 0 | EU38: 0.79443893 | EV38: -1.5701668 | EW38: -2.6548673 | EX38: -1.0978044 | EY38: 0.7121058 | EZ38: -0.49850449 | FA38: -1.9607843 | FB38: -1.6765286 | FC38: -1.5936255 | FD38: -0.70351759 | FE38: -0.2016129 | FF38: -0.9009009 | FG38: -3.4482759 | FH38: -1.9940179 | FI38: 0.4040404 | FJ38: 0.60544904 | FK38: 1.1111111 | FL38: -0.3006012 | FM38: -0.7 | FN38: -0.30090271 | FO38: -0.91093117 | FP38: -2.2267206 | FQ38: -6.0606061 | FR38: -9.5959596 | FS38: -4.7959184 | FT38: -4.3743642 | FU38: -5.0301811 | FV38: -4.6138415 | FW38: -5.6943057 | FX38: -6.6331658 | FY38: -9.8690836 | FZ38: -10.462777 | GA38: -9.6016343 | GB38: -8.4886128 | GC38: -7.7419355 | GD38: -7.2625698 | GE38: -11.3612 | GF38: -10.212766 | GG38: -10.275424 | GH38: -9.2534175 | GI38: -7.7330508 | GJ38: -7.3196986 | GK38: -4.0223464 | GL38: -2.9213483 | GM38: -0.56497175 | GN38: -1.2443439 | GO38: 5.1282051 | GP38: 9.7590361 | GQ38: 11.245466 | GR38: 7.7014218 | GS38: 7.9102715 | GT38: 3.9397451 | GU38: 1.3777268 | GV38: 2.9036005 | GW38: 4.0745052 | GX38: 4.7453704 | GY38: 3.1818182 | GZ38: 5.4982818 | HA38: 2.1064302 | HB38: 1.8660812 | HC38: -0.43478261 | HD38: 0.66006601 | HE38: 2.0787746 | HF38: 6.9119287 | HG38: 8.1540204 | HH38: 8.2392777 | HI38: 7.3825503 | HJ38: 6.8508287 | HK38: 7.7092511 | HL38: 2.8230185 | HM38: -0.10857763 | HN38: 0.10775862 | HO38: 3.0567686 | HP38: 4.3715847 | HQ38: 3.5369775 | HR38: 0.10427529 | HS38: -1.7801047 | HT38: -0.93847758 | HU38: -2.6041667 | HV38: -1.9648397 | HW38: -4.601227 | HX38: 1.1615628 | HY38: 4.673913 | HZ38: 3.1216362 | IA38: -0.74152542 | IB38: -9.2146597 | IC38: -13.871636 | ID38: -11.875 | IE38: -7.4626866 | IF38: -7.8947368 | IG38: -6.631016 | IH38: -8.649789 | II38: -6.8595927 | IJ38: -9.0814196 | IK38: -7.9958463 | IL38: -5.4279749 | IM38: -0.10672359 | IN38: 9.11188 | IO38: 14.543269 | IP38: 13.829787 | IQ38: 12.557604 | IR38: 12.914286 | IS38: 13.058419 | IT38: 19.976905 | IU38: 23.475259 | IV38: 24.56946 | IW38: 29.458239 | IX38: 31.677704 | IY38: 33.653846 | IZ38: 46.194503 | JA38: 48.793284 | JB38: 42.886812 | JC38: 40.020471 | JD38: 35.62753 | JE38: 39.513678 | JF38: 29.355149 | JG38: 35.414725 | JH38: 26.175115 | JI38: 16.477768 | JJ38: 13.49539 | JK38: 4.636291 | JL38: -10.845987 | JM38: -13.25811 | JN38: -12.936047 | JO38: -11.695906 | JP38: -8.5820896 | JQ38: -8.3514887 | JR38: -4.2410714 | JS38: -13.420509 | JT38: -8.9116143 | JU38: -6.5868263 | JV38: -7.0162482 | JW38: -4.2780749 | JX38: -0.162206 | JY38: -1.0569106 | JZ38: -1.4190317 | KA38: -0.74503311 | KB38: 0.081632653 | KC38: -2.3771791 | KD38: -4.5066045 | KE38: -2.3052464 | KF38: -1.2028869 | KG38: -0.80128205
A39: Greece | B39: Producer price index (PPI) | C39: Period-over-preceding period percent change | D39: Monthly | F39: -0.93457944 | G39: 0.94339623 | H39: 0 | I39: 0.7788162 | J39: 0.46367852 | K39: 0 | L39: -0.15384615 | M39: -0.1540832 | N39: 0.46296296 | O39: -0.76804916 | P39: -0.46439628 | Q39: 0.31104199 | R39: 0.7751938 | S39: 0 | T39: 0.92307692 | U39: 0.6097561 | V39: -0.3030303 | W39: -0.45592705 | X39: 0.15267176 | Y39: 0.6097561 | Z39: 0.90909091 | AA39: 0 | AB39: -0.75075075 | AC39: 0.30257186 | AD39: 0.60331825 | AE39: 0.74962519 | AF39: -0.14880952 | AG39: -1.1922504 | AH39: -0.45248869 | AI39: 0.45454545 | AJ39: 0.60331825 | AK39: 0.44977511 | AL39: 0.14925373 | AM39: 0.44709389 | AN39: 0.44510386 | AO39: -0.44313146 | AP39: 0.44510386 | AQ39: 0 | AR39: 1.1816839 | AS39: 1.1678832 | AT39: 0.86580087 | AU39: -0.71530758 | AV39: 0.7204611 | AW39: 0.42918455 | AX39: 0.28490028 | AY39: 0.85227273 | AZ39: -0.84507042 | BA39: -1.4204545 | BB39: 0.86455331 | BC39: 0.71428571 | BD39: 1.7021277 | BE39: 0.83682008 | BF39: -0.27662517 | BG39: 1.10957 | BH39: 0.68587106 | BI39: 0.95367847 | BJ39: 1.3495277 | BK39: 0.53262317 | BL39: -0.66225166 | BM39: 0.26666667 | BN39: 1.7287234 | BO39: 0.52287582 | BP39: 0.65019506 | BQ39: 1.1627907 | BR39: 0.25542784 | BS39: 0.12738854 | BT39: 0.76335878 | BU39: 0.50505051 | BV39: -1.5075377 | BW39: -0.6377551 | BX39: -0.25673941 | BY39: 0 | BZ39: -0.51480051 | CA39: 0.77619664 | CB39: 1.1553273 | CC39: 1.7766497 | CD39: 0.37406484 | CE39: 0.37267081 | CF39: 0.61881188 | CG39: 0.12300123 | CH39: 1.2285012 | CI39: 1.2135922 | CJ39: 1.7985612 | CK39: 0.11778563 | CL39: 0.47058824 | CM39: 1.2880562 | CN39: 1.1560694 | CO39: 1.3714286 | CP39: 2.5930101 | CQ39: 1.8681319 | CR39: 1.2944984 | CS39: -1.8104366 | CT39: -0.86767896 | CU39: -3.5010941 | CV39: -4.0816327 | CW39: -3.5460993 | CX39: 0.36764706 | CY39: -0.61050061 | CZ39: -0.36855037 | DA39: 0.36991369 | DB39: 1.2285012 | DC39: 2.184466 | DD39: -0.83135392 | DE39: 1.7964072 | DF39: -0.82352941 | DG39: 0.9489917 | DH39: 0.35252644 | DI39: 0.35128806 | DJ39: 1.050175 | DK39: 0.34642032 | DL39: 1.3808976 | DM39: 1.4755959 | DN39: -0.55928412 | DO39: 0.78740157 | DP39: -1.1160714 | DQ39: 0.33860045 | DR39: 0.33745782 | DS39: 0.11210762 | DT39: 1.343785 | DU39: 1.7679558 | DV39: 0.9771987 | DW39: 1.3978495 | DX39: 1.5906681 | DY39: 0.9394572 | DZ39: -1.2409514 | EA39: 0.10471204 | EB39: 1.1506276 | EC39: -0.93071355 | ED39: 0.83507307 | EE39: -0.10351967 | EF39: 0.7253886 | EG39: 0.10288066 | EH39: 2.672148 | EI39: 0.8008008 | EJ39: 1.1916584 | EK39: -0.19627085 | EL39: -1.4749263 | EM39: -1.8962076 | EN39: 2.034588 | EO39: 1.6949153 | EP39: -0.58823529 | EQ39: -0.98619329 | ER39: -0.89641434 | ES39: -0.30150754 | ET39: 0.70564516 | EU39: 1.6016016 | EV39: -1.182266 | EW39: -1.2961117 | EX39: 0.1010101 | EY39: -0.10090817 | EZ39: 0.80808081 | FA39: 0.2004008 | FB39: -0.3 | FC39: -0.90270812 | FD39: 0 | FE39: 0.20242915 | FF39: 0 | FG39: -1.010101 | FH39: 0.30612245 | FI39: 1.1190234 | FJ39: 0.30181087 | FK39: 0.40120361 | FL39: -0.5994006 | FM39: -0.20100503 | FN39: 0.10070493 | FO39: -1.5090543 | FP39: -1.3278856 | FQ39: -3.7267081 | FR39: -3.7634409 | FS39: 4.2458101 | FT39: 0.75026795 | FU39: 0.42553191 | FV39: 0.74152542 | FW39: -0.7360673 | FX39: -1.5889831 | FY39: -3.6598493 | FZ39: -0.55865922 | GA39: -0.56179775 | GB39: -0.11299435 | GC39: -2.9411765 | GD39: -3.2634033 | GE39: -0.36144578 | GF39: 2.0556227 | GG39: 0.35545024 | GH39: 1.8890201 | GI39: 0.92699884 | GJ39: -1.1481056 | GK39: -0.23228804 | GL39: 0.58207218 | GM39: 1.8518519 | GN39: -0.79545455 | GO39: 3.3218786 | GP39: 0.99778271 | GQ39: 0.98792536 | GR39: -1.1956522 | GS39: 0.55005501 | GT39: -1.8599562 | GU39: -1.5607581 | GV39: 0.33975085 | GW39: 0.90293454 | GX39: 1.2304251 | GY39: 0.33149171 | GZ39: 1.4317181 | HA39: 0 | HB39: 0.76004343 | HC39: -1.2931034 | HD39: -0.10917031 | HE39: 1.9672131 | HF39: 2.7867095 | HG39: -0.41710115 | HH39: 0.41884817 | HI39: 0.10427529 | HJ39: 0.72916667 | HK39: 1.1375388 | HL39: -3.1697342 | HM39: -2.8511088 | HN39: 0.97826087 | HO39: 1.6146394 | HP39: 1.1652542 | HQ39: 1.1518325 | HR39: -0.62111801 | HS39: -2.2916667 | HT39: 1.2793177 | HU39: -1.5789474 | HV39: 1.3903743 | HW39: -1.5822785 | HX39: 2.6795284 | HY39: 0.52192067 | HZ39: -0.5192108 | IA39: -2.1920668 | IB39: -7.470651 | IC39: -4.0369089 | ID39: 1.6826923 | IE39: 2.6004728 | IF39: 0.80645161 | IG39: -0.22857143 | IH39: -0.80183276 | II39: 0.34642032 | IJ39: 0.2301496 | IK39: 1.7221584 | IL39: 2.2573363 | IM39: 3.3112583 | IN39: 1.0683761 | IO39: 0.73995772 | IP39: 1.0493179 | IQ39: 1.4537902 | IR39: 1.1258956 | IS39: -0.10121457 | IT39: 5.2684904 | IU39: 3.2723773 | IV39: 1.1183597 | IW39: 5.7142857 | IX39: 4.0104621 | IY39: 4.8616932 | IZ39: 10.551559 | JA39: 2.5307303 | JB39: -2.9619182 | JC39: -0.58139535 | JD39: -2.0467836 | JE39: 2.761194 | JF39: -2.3965142 | JG39: 8.110119 | JH39: -5.7811425 | JI39: -2.4105186 | JJ39: 1.3473054 | JK39: -3.323486 | JL39: -5.8059587 | JM39: -0.243309 | JN39: -2.601626 | JO39: 0.83472454 | JP39: 1.4072848 | JQ39: 3.0204082 | JR39: 1.9809826 | JS39: -2.2533023 | JT39: -0.87440382 | JU39: 0.080192462 | JV39: 0.88141026 | JW39: -0.47656871 | JX39: -1.7557861 | JY39: -1.1372868 | JZ39: -2.9580937 | KA39: 1.5241321 | KB39: 2.2518766 | KC39: 0.48939641 | KD39: -0.24350649 | KE39: 0 | KF39: 0.2441009 | KG39: 0.48701299
A40: Greece | B40: Producer price index (PPI) | C40: Index | D40: Monthly | E40: Units | F40: 71.453984 | G40: 72.128078 | H40: 72.128078 | I40: 72.689823 | J40: 73.02687 | K40: 73.02687 | L40: 72.914521 | M40: 72.802172 | N40: 73.139219 | O40: 72.577474 | P40: 72.240427 | Q40: 72.465125 | R40: 73.02687 | S40: 73.02687 | T40: 73.700964 | U40: 74.15036 | V40: 73.925662 | W40: 73.588615 | X40: 73.700964 | Y40: 74.15036 | Z40: 74.824455 | AA40: 74.824455 | AB40: 74.262709 | AC40: 74.487408 | AD40: 74.936804 | AE40: 75.498549 | AF40: 75.3862 | AG40: 74.487408 | AH40: 74.15036 | AI40: 74.487408 | AJ40: 74.936804 | AK40: 75.273851 | AL40: 75.3862 | AM40: 75.723247 | AN40: 76.060294 | AO40: 75.723247 | AP40: 76.060294 | AQ40: 76.060294 | AR40: 76.959086 | AS40: 77.857878 | AT40: 78.531973 | AU40: 77.970228 | AV40: 78.531973 | AW40: 78.86902 | AX40: 79.093718 | AY40: 79.767812 | AZ40: 79.093718 | BA40: 77.970228 | BB40: 78.644322 | BC40: 79.206067 | BD40: 80.554255 | BE40: 81.228349 | BF40: 81.003651 | BG40: 81.902444 | BH40: 82.464189 | BI40: 83.250632 | BJ40: 84.374122 | BK40: 84.823518 | BL40: 84.261773 | BM40: 84.486471 | BN40: 85.947009 | BO40: 86.396405 | BP40: 86.95815 | BQ40: 87.969291 | BR40: 88.193989 | BS40: 88.306338 | BT40: 88.980433 | BU40: 89.429829 | BV40: 88.08164 | BW40: 87.519895 | BX40: 87.295197 | BY40: 87.295197 | BZ40: 86.845801 | CA40: 87.519895 | CB40: 88.531036 | CC40: 90.103923 | CD40: 90.44097 | CE40: 90.778017 | CF40: 91.339762 | CG40: 91.452111 | CH40: 92.575602 | CI40: 93.699092 | CJ40: 95.384327 | CK40: 95.496676 | CL40: 95.946072 | CM40: 97.181912 | CN40: 98.305402 | CO40: 99.65359 | CP40: 102.23762 | CQ40: 104.14755 | CR40: 105.49574 | CS40: 103.58581 | CT40: 102.68701 | CU40: 99.091845 | CV40: 95.04728 | CW40: 91.676809 | CX40: 92.013856 | CY40: 91.452111 | CZ40: 91.115064 | DA40: 91.452111 | DB40: 92.575602 | DC40: 94.597884 | DD40: 93.811441 | DE40: 95.496676 | DF40: 94.710233 | DG40: 95.609025 | DH40: 95.946072 | DI40: 96.28312 | DJ40: 97.294261 | DK40: 97.631308 | DL40: 98.979496 | DM40: 100.44003 | DN40: 99.878289 | DO40: 100.66473 | DP40: 99.541241 | DQ40: 99.878289 | DR40: 100.21534 | DS40: 100.32768 | DT40: 101.67587 | DU40: 103.47346 | DV40: 104.4846 | DW40: 105.94514 | DX40: 107.63037 | DY40: 108.64151 | DZ40: 107.29332 | EA40: 107.40567 | EB40: 108.64151 | EC40: 107.63037 | ED40: 108.52916 | EE40: 108.41681 | EF40: 109.20326 | EG40: 109.31561 | EH40: 112.23668 | EI40: 113.13547 | EJ40: 114.48366 | EK40: 114.25896 | EL40: 112.57373 | EM40: 110.4391 | EN40: 112.68608 | EO40: 114.59601 | EP40: 113.92192 | EQ40: 112.79843 | ER40: 111.78729 | ES40: 111.45024 | ET40: 112.23668 | EU40: 114.03427 | EV40: 112.68608 | EW40: 111.22554 | EX40: 111.33789 | EY40: 111.22554 | EZ40: 112.12433 | FA40: 112.34903 | FB40: 112.01198 | FC40: 111.00084 | FD40: 111.00084 | FE40: 111.22554 | FF40: 111.22554 | FG40: 110.10205 | FH40: 110.4391 | FI40: 111.67494 | FJ40: 112.01198 | FK40: 112.46138 | FL40: 111.78729 | FM40: 111.56259 | FN40: 111.67494 | FO40: 109.9897 | FP40: 108.52916 | FQ40: 104.4846 | FR40: 100.55238 | FS40: 104.82165 | FT40: 105.60809 | FU40: 106.05749 | FV40: 106.84393 | FW40: 106.05749 | FX40: 104.37225 | FY40: 100.55238 | FZ40: 99.990638 | GA40: 99.428892 | GB40: 99.316543 | GC40: 96.395469 | GD40: 93.249696 | GE40: 92.912649 | GF40: 94.822582 | GG40: 95.159629 | GH40: 96.957214 | GI40: 97.856006 | GJ40: 96.732516 | GK40: 96.507818 | GL40: 97.069563 | GM40: 98.867147 | GN40: 98.080704 | GO40: 101.33883 | GP40: 102.34997 | GQ40: 103.36111 | GR40: 102.12527 | GS40: 102.68701 | GT40: 100.77708 | GU40: 99.204194 | GV40: 99.541241 | GW40: 100.44003 | GX40: 101.67587 | GY40: 102.01292 | GZ40: 103.47346 | HA40: 103.47346 | HB40: 104.2599 | HC40: 102.91171 | HD40: 102.79936 | HE40: 104.82165 | HF40: 107.74272 | HG40: 107.29332 | HH40: 107.74272 | HI40: 107.85507 | HJ40: 108.64151 | HK40: 109.87735 | HL40: 106.39453 | HM40: 103.36111 | HN40: 104.37225 | HO40: 106.05749 | HP40: 107.29332 | HQ40: 108.52916 | HR40: 107.85507 | HS40: 105.38339 | HT40: 106.73158 | HU40: 105.04634 | HV40: 106.50688 | HW40: 104.82165 | HX40: 107.63037 | HY40: 108.19212 | HZ40: 107.63037 | IA40: 105.27104 | IB40: 97.40661 | IC40: 93.474394 | ID40: 95.04728 | IE40: 97.518959 | IF40: 98.305402 | IG40: 98.080704 | IH40: 97.294261 | II40: 97.631308 | IJ40: 97.856006 | IK40: 99.541241 | IL40: 101.78822 | IM40: 105.15869 | IN40: 106.28218 | IO40: 107.06863 | IP40: 108.19212 | IQ40: 109.765 | IR40: 111.00084 | IS40: 110.88849 | IT40: 116.73064 | IU40: 120.55051 | IV40: 121.8987 | IW40: 128.86434 | IX40: 134.03239 | IY40: 140.54864 | IZ40: 155.37871 | JA40: 159.31093 | JB40: 154.59227 | JC40: 153.69347 | JD40: 150.5477 | JE40: 154.70462 | JF40: 150.9971 | JG40: 163.24314 | JH40: 153.80582 | JI40: 150.09831 | JJ40: 152.12059 | JK40: 147.06488 | JL40: 138.52636 | JM40: 138.18931 | JN40: 134.59414 | JO40: 135.71763 | JP40: 137.62756 | JQ40: 141.78448 | JR40: 144.5932 | JS40: 141.33508 | JT40: 140.09924 | JU40: 140.21159 | JV40: 141.44743 | JW40: 140.77334 | JX40: 138.30166 | JY40: 136.72877 | JZ40: 132.68421 | KA40: 134.70649 | KB40: 137.73991 | KC40: 138.41401 | KD40: 138.07696 | KE40: 138.07696 | KF40: 138.41401 | KG40: 139.0881
A41: India | B41: Producer price index (PPI) | C41: Year-over-year (YOY) percent change | D41: Monthly | R41: -3.1550069 | S41: -3.2921811 | T41: -2.6027397 | U41: -1.2295082 | V41: -1.3623978 | W41: -1.6371078 | X41: -0.27662517 | Y41: 0.69541029 | Z41: 1.7955801 | AA41: 4.3417367 | AB41: 4.1076487 | AC41: 5.7142857 | AD41: 1.4164306 | AE41: 2.8368794 | AF41: 2.2503516 | AG41: -0.69156293 | AH41: -2.3480663 | AI41: -1.9417476 | AJ41: -1.8030513 | AK41: -1.7955801 | AL41: -3.1207598 | AM41: -3.8926174 | AN41: -2.1768707 | AO41: -3.1081081 | AP41: 1.396648 | AQ41: 0.13793103 | AR41: 1.2379642 | AS41: 3.8997214 | AT41: 7.9207921 | AU41: 8.6280057 | AV41: 8.8983051 | AW41: 10.548523 | AX41: 11.204482 | AY41: 13.407821 | AZ41: 12.378303 | BA41: 12.552301 | BB41: 9.3663912 | BC41: 9.5041322 | BD41: 9.6467391 | BE41: 8.310992 | BF41: 5.3735256 | BG41: 5.46875 | BH41: 5.9662776 | BI41: 4.3256997 | BJ41: 5.163728 | BK41: 3.6945813 | BL41: 2.970297 | BM41: 3.7174721 | BN41: 7.6826196 | BO41: 7.672956 | BP41: 6.6914498 | BQ41: 7.549505 | BR41: 8.3333333 | BS41: 8.0246914 | BT41: 7.7111383 | BU41: 6.8292683 | BV41: 4.3113772 | BW41: 2.6128266 | BX41: 3.7259615 | BY41: 2.9868578 | BZ41: 1.0526316 | CA41: 1.0514019 | CB41: 1.2775842 | CC41: 0.69044879 | CD41: 1.1481056 | CE41: 0.8 | CF41: 0.56818182 | CG41: 1.2557078 | CH41: 2.4110218 | CI41: 4.2824074 | CJ41: 6.1413673 | CK41: 6.8445476 | CL41: 7.8703704 | CM41: 8.7861272 | CN41: 8.7155963 | CO41: 9.2571429 | CP41: 9.307605 | CQ41: 10.884354 | CR41: 12.20339 | CS41: 11.273957 | CT41: 10.538117 | CU41: 7.8801332 | CV41: 2.7292576 | CW41: -1.8458198 | CX41: -3.3261803 | CY41: -4.9946865 | CZ41: -6.9620253 | DA41: -7.0083682 | DB41: -6.2305296 | DC41: -6.6462168 | DD41: -8.7613293 | DE41: -7.0921986 | DF41: -7.505071 | DG41: -6.3786008 | DH41: -2.1253985 | DI41: 1.880531 | DJ41: 3.7735849 | DK41: 5.1454139 | DL41: 7.8231293 | DM41: 8.2114736 | DN41: 7.4197121 | DO41: 6.5717415 | DP41: 7.2847682 | DQ41: 6.5430752 | DR41: 7.7850877 | DS41: 8.1318681 | DT41: 7.2747014 | DU41: 8.9033659 | DV41: 9.5187166 | DW41: 10.851064 | DX41: 11.146162 | DY41: 11.330561 | DZ41: 9.7938144 | EA41: 9.2497431 | EB41: 9.3621399 | EC41: 7.9836233 | ED41: 7.9348932 | EE41: 7.5203252 | EF41: 6.9838057 | EG41: 5.5832502 | EH41: 4.6875 | EI41: 4.4145873 | EJ41: 3.8789026 | EK41: 2.8944911 | EL41: 3.0985915 | EM41: 2.3518344 | EN41: 2.3518344 | EO41: 3.9810427 | EP41: 4.0527804 | EQ41: 4.3478261 | ER41: 4.3519395 | ES41: 4.3437205 | ET41: 3.1716418 | EU41: 1.9301471 | EV41: 0.91074681 | EW41: -0.81669691 | EX41: -0.81967213 | EY41: 0 | EZ41: 0.36764706 | FA41: -1.0938924 | FB41: -1.9021739 | FC41: -2.5362319 | FD41: -2.5385313 | FE41: -2.5339367 | FF41: -3.074141 | FG41: -3.4265104 | FH41: -3.8808664 | FI41: -3.2936871 | FJ41: -2.9384757 | FK41: -2.5735294 | FL41: -3.3882784 | FM41: -3.1336406 | FN41: -3.0470914 | FO41: -2.5092937 | FP41: -3.627907 | FQ41: -6.7780873 | FR41: -8.2089552 | FS41: -6.9094304 | FT41: -4.7887324 | FU41: -3.7842952 | FV41: -2.9328288 | FW41: -3.6792453 | FX41: -4.1706161 | FY41: -5.4234063 | FZ41: -5.2380952 | GA41: -5.4337464 | GB41: -4.7297297 | GC41: -3.8844622 | GD41: -4.2682927 | GE41: -6.218656 | GF41: -6.6074951 | GG41: -6.8829892 | GH41: -5.3606238 | GI41: -3.4280118 | GJ41: -2.1760633 | GK41: -0.60362173 | GL41: 0.8040201 | GM41: 3.5282258 | GN41: 5.3698075 | GO41: 9.4300518 | GP41: 13.800425 | GQ41: 15.080214 | GR41: 12.671595 | GS41: 12.671595 | GT41: 8.9598352 | GU41: 6.1866126 | GV41: 5.7633974 | GW41: 6.7813765 | GX41: 6.2811565 | GY41: 5.5501461 | GZ41: 5.6730769 | HA41: 4.0719697 | HB41: 2.891791 | HC41: 1.9516729 | HD41: 2.5304592 | HE41: 2.8116214 | HF41: 4.9149338 | HG41: 7.0678128 | HH41: 7.8393881 | HI41: 7.4881517 | HJ41: 6.84803 | HK41: 7.4723247 | HL41: 6.3694268 | HM41: 4.4585987 | HN41: 3.1731641 | HO41: 4.1932543 | HP41: 4.9360146 | HQ41: 4.0109389 | HR41: 2.7027027 | HS41: 1.0704728 | HT41: -0.17730496 | HU41: -1.2345679 | HV41: -1.1413521 | HW41: -2.1459227 | HX41: -2.3952096 | HY41: -0.17421603 | HZ41: 0.26362039 | IA41: -1.1373578 | IB41: -4.1811847 | IC41: -5.8720421 | ID41: -8.8596491
A42: India | B42: Producer price index (PPI) | C42: Period-over-preceding period percent change | D42: Monthly | G42: 0 | H42: 0.13717421 | I42: 0.2739726 | J42: 0.27322404 | K42: -0.13623978 | L42: -1.3642565 | M42: -0.55325035 | N42: 0.69541029 | O42: -1.3812155 | P42: -1.1204482 | Q42: -0.84985836 | R42: 0.85714286 | S42: -0.14164306 | T42: 0.85106383 | U42: 1.6877637 | V42: 0.13831259 | W42: -0.41436464 | X42: 0 | Y42: 0.41608877 | Z42: 1.7955801 | AA42: 1.0854817 | AB42: -1.3422819 | AC42: 0.68027211 | AD42: -3.2432432 | AE42: 1.2569832 | AF42: 0.27586207 | AG42: -1.2379642 | AH42: -1.5320334 | AI42: 0 | AJ42: 0.14144272 | AK42: 0.42372881 | AL42: 0.42194093 | AM42: 0.28011204 | AN42: 0.41899441 | AO42: -0.27816412 | AP42: 1.2552301 | AQ42: 0 | AR42: 1.3774105 | AS42: 1.3586957 | AT42: 2.2788204 | AU42: 0.65530799 | AV42: 0.390625 | AW42: 1.9455253 | AX42: 1.0178117 | AY42: 2.2670025 | AZ42: -0.49261084 | BA42: -0.12376238 | BB42: -1.6109046 | BC42: 0.12594458 | BD42: 1.509434 | BE42: 0.12391574 | BF42: -0.4950495 | BG42: 0.74626866 | BH42: 0.86419753 | BI42: 0.36719706 | BJ42: 1.8292683 | BK42: 0.83832335 | BL42: -1.1876485 | BM42: 0.60096154 | BN42: 2.1505376 | BO42: 0.11695906 | BP42: 0.58411215 | BQ42: 0.92915215 | BR42: 0.2301496 | BS42: 0.45924225 | BT42: 0.57142857 | BU42: -0.45454545 | BV42: -0.57077626 | BW42: -0.80367394 | BX42: -0.11574074 | BY42: -0.11587486 | BZ42: 0.23201856 | CA42: 0.11574074 | CB42: 0.80924855 | CC42: 0.3440367 | CD42: 0.68571429 | CE42: 0.11350738 | CF42: 0.34013605 | CG42: 0.2259887 | CH42: 0.56369786 | CI42: 1.0089686 | CJ42: 1.6648169 | CK42: 0.54585153 | CL42: 1.194354 | CM42: 0.96566524 | CN42: 0.74388948 | CO42: 0.84388186 | CP42: 0.73221757 | CQ42: 1.5576324 | CR42: 1.5337423 | CS42: -0.60422961 | CT42: -0.10131712 | CU42: -1.4198783 | CV42: -3.1893004 | CW42: -3.9319872 | CX42: -0.33185841 | CY42: -0.77691454 | CZ42: -1.3422819 | DA42: 0.79365079 | DB42: 1.5748031 | DC42: 1.1074197 | DD42: -0.76670318 | DE42: 1.214128 | DF42: -0.54525627 | DG42: -0.21929825 | DH42: 1.2087912 | DI42: 0 | DJ42: 1.5200869 | DK42: 0.53475936 | DL42: 1.1702128 | DM42: 1.1566772 | DN42: 0.83160083 | DO42: 0.30927835 | DP42: -0.10277492 | DQ42: 0.51440329 | DR42: 0.61412487 | DS42: 0.1017294 | DT42: 0.40650407 | DU42: 1.5182186 | DV42: 2.0937188 | DW42: 1.7578125 | DX42: 1.4395393 | DY42: 1.3245033 | DZ42: -0.56022409 | EA42: -0.18779343 | EB42: 0 | EC42: -0.75258702 | ED42: 0.56872038 | EE42: -0.28275212 | EF42: -0.094517958 | EG42: 0.18921476 | EH42: 1.2275732 | EI42: 1.4925373 | EJ42: 0.91911765 | EK42: 0.36429872 | EL42: -0.36297641 | EM42: -0.91074681 | EN42: 0 | EO42: 0.82720588 | EP42: 0.63810392 | EQ42: 0 | ER42: -0.09057971 | ES42: 0.18132366 | ET42: 0.090497738 | EU42: 0.27124774 | EV42: -0.090171326 | EW42: -1.3537906 | EX42: -0.36596523 | EY42: -0.091827365 | EZ42: 0.36764706 | FA42: -0.64102564 | FB42: -0.1843318 | FC42: -0.64635272 | FD42: -0.092936803 | FE42: 0.18604651 | FF42: -0.46425255 | FG42: -0.093283582 | FH42: -0.56022409 | FI42: -0.75117371 | FJ42: 0 | FK42: 0.28382214 | FL42: -0.47169811 | FM42: -0.37914692 | FN42: -0.095147479 | FO42: -0.095238095 | FP42: -1.2392755 | FQ42: -3.0888031 | FR42: -1.9920319 | FS42: 1.3211382 | FT42: 1.7051153 | FU42: 0.29585799 | FV42: 0.88495575 | FW42: -0.48732943 | FX42: -0.97943193 | FY42: -1.6815035 | FZ42: 0.10060362 | GA42: -0.30150754 | GB42: -0.50403226 | GC42: -2.2289767 | GD42: -2.3834197 | GE42: -0.74309979 | GF42: 1.2834225 | GG42: 0 | GH42: 2.5343189 | GI42: 1.5447992 | GJ42: 0.30425963 | GK42: -0.10111223 | GL42: 1.5182186 | GM42: 2.3928215 | GN42: 1.2658228 | GO42: 1.5384615 | GP42: 1.5151515 | GQ42: 0.37313433 | GR42: -0.83643123 | GS42: 0 | GT42: -0.84348641 | GU42: -1.0396975 | GV42: -0.095510984 | GW42: 0.86042065 | GX42: 1.042654 | GY42: 1.6885553 | GZ42: 1.3837638 | HA42: 0 | HB42: 0.36396724 | HC42: -0.54397099 | HD42: -0.27347311 | HE42: 0.27422303 | HF42: 1.1850501 | HG42: 0.99099099 | HH42: 0.62444246 | HI42: 0.53191489 | HJ42: 0.44091711 | HK42: 2.2827041 | HL42: 0.34334764 | HM42: -1.7964072 | HN42: -0.87108014 | HO42: 0.43936731 | HP42: 0.43744532 | HQ42: -0.6097561 | HR42: -0.087642419 | HS42: -0.61403509 | HT42: -0.61782877 | HU42: -0.53285968 | HV42: 0.53571429 | HW42: 1.2433393 | HX42: 0.087719298 | HY42: 0.43821209 | HZ42: -0.43630017 | IA42: -0.96406661 | IB42: -2.6548673 | IC42: -2.3636364 | ID42: -3.2588454
A43: India | B43: Producer price index (PPI) | C43: Index | D43: Monthly | E43: Units | F43: 75.167555 | G43: 75.167555 | H43: 75.270665 | I43: 75.476886 | J43: 75.683107 | K43: 75.579997 | L43: 74.548892 | M43: 74.13645 | N43: 74.652002 | O43: 73.620897 | P43: 72.796013 | Q43: 72.17735 | R43: 72.796013 | S43: 72.692903 | T43: 73.311566 | U43: 74.548892 | V43: 74.652002 | W43: 74.342671 | X43: 74.342671 | Y43: 74.652002 | Z43: 75.992439 | AA43: 76.817323 | AB43: 75.786218 | AC43: 76.30177 | AD43: 73.827118 | AE43: 74.755113 | AF43: 74.961334 | AG43: 74.033339 | AH43: 72.899124 | AI43: 72.899124 | AJ43: 73.002234 | AK43: 73.311566 | AL43: 73.620897 | AM43: 73.827118 | AN43: 74.13645 | AO43: 73.930229 | AP43: 74.858223 | AQ43: 74.858223 | AR43: 75.889328 | AS43: 76.920433 | AT43: 78.673312 | AU43: 79.188864 | AV43: 79.498196 | AW43: 81.044853 | AX43: 81.869737 | AY43: 83.725726 | AZ43: 83.313284 | BA43: 83.210174 | BB43: 81.869737 | BC43: 81.972848 | BD43: 83.210174 | BE43: 83.313284 | BF43: 82.900842 | BG43: 83.519505 | BH43: 84.241279 | BI43: 84.55061 | BJ43: 86.097268 | BK43: 86.819041 | BL43: 85.787936 | BM43: 86.303489 | BN43: 88.159478 | BO43: 88.262588 | BP43: 88.778141 | BQ43: 89.603025 | BR43: 89.809246 | BS43: 90.221688 | BT43: 90.73724 | BU43: 90.324798 | BV43: 89.809246 | BW43: 89.087472 | BX43: 88.984362 | BY43: 88.881251 | BZ43: 89.087472 | CA43: 89.190583 | CB43: 89.912356 | CC43: 90.221688 | CD43: 90.840351 | CE43: 90.943461 | CF43: 91.252793 | CG43: 91.459014 | CH43: 91.974566 | CI43: 92.902561 | CJ43: 94.449218 | CK43: 94.964771 | CL43: 96.098986 | CM43: 97.026981 | CN43: 97.748754 | CO43: 98.573638 | CP43: 99.295412 | CQ43: 100.84207 | CR43: 102.38873 | CS43: 101.77006 | CT43: 101.66695 | CU43: 100.22341 | CV43: 97.026981 | CW43: 93.211892 | CX43: 92.902561 | CY43: 92.180787 | CZ43: 90.943461 | DA43: 91.665235 | DB43: 93.108782 | DC43: 94.139887 | DD43: 93.418113 | DE43: 94.552329 | DF43: 94.036776 | DG43: 93.830555 | DH43: 94.964771 | DI43: 94.964771 | DJ43: 96.408318 | DK43: 96.92387 | DL43: 98.058086 | DM43: 99.192301 | DN43: 100.01719 | DO43: 100.32652 | DP43: 100.22341 | DQ43: 100.73896 | DR43: 101.35762 | DS43: 101.46073 | DT43: 101.87317 | DU43: 103.41983 | DV43: 105.58515 | DW43: 107.44114 | DX43: 108.9878 | DY43: 110.43135 | DZ43: 109.81268 | EA43: 109.60646 | EB43: 109.60646 | EC43: 108.78158 | ED43: 109.40024 | EE43: 109.09091 | EF43: 108.9878 | EG43: 109.19402 | EH43: 110.53446 | EI43: 112.18422 | EJ43: 113.21533 | EK43: 113.62777 | EL43: 113.21533 | EM43: 112.18422 | EN43: 112.18422 | EO43: 113.11222 | EP43: 113.83399 | EQ43: 113.83399 | ER43: 113.73088 | ES43: 113.9371 | ET43: 114.04021 | EU43: 114.34954 | EV43: 114.24643 | EW43: 112.69978 | EX43: 112.28733 | EY43: 112.18422 | EZ43: 112.59667 | FA43: 111.87489 | FB43: 111.66867 | FC43: 110.9469 | FD43: 110.84379 | FE43: 111.05001 | FF43: 110.53446 | FG43: 110.43135 | FH43: 109.81268 | FI43: 108.9878 | FJ43: 108.9878 | FK43: 109.29713 | FL43: 108.78158 | FM43: 108.36914 | FN43: 108.26603 | FO43: 108.16291 | FP43: 106.82248 | FQ43: 103.52294 | FR43: 101.46073 | FS43: 102.80117 | FT43: 104.55405 | FU43: 104.86338 | FV43: 105.79137 | FW43: 105.27582 | FX43: 104.24472 | FY43: 102.49184 | FZ43: 102.59495 | GA43: 102.28562 | GB43: 101.77006 | GC43: 99.501633 | GD43: 97.130091 | GE43: 96.408318 | GF43: 97.645644 | GG43: 97.645644 | GH43: 100.1203 | GI43: 101.66695 | GJ43: 101.97628 | GK43: 101.87317 | GL43: 103.41983 | GM43: 105.89448 | GN43: 107.23492 | GO43: 108.88469 | GP43: 110.53446 | GQ43: 110.9469 | GR43: 110.0189 | GS43: 110.0189 | GT43: 109.09091 | GU43: 107.95669 | GV43: 107.85358 | GW43: 108.78158 | GX43: 109.91579 | GY43: 111.77178 | GZ43: 113.31844 | HA43: 113.31844 | HB43: 113.73088 | HC43: 113.11222 | HD43: 112.80289 | HE43: 113.11222 | HF43: 114.45266 | HG43: 115.58687 | HH43: 116.30864 | HI43: 116.92731 | HJ43: 117.44286 | HK43: 120.12373 | HL43: 120.53617 | HM43: 118.37085 | HN43: 117.33975 | HO43: 117.8553 | HP43: 118.37085 | HQ43: 117.64908 | HR43: 117.54597 | HS43: 116.8242 | HT43: 116.10242 | HU43: 115.48376 | HV43: 116.10242 | HW43: 117.54597 | HX43: 117.64908 | HY43: 118.16463 | HZ43: 117.64908 | IA43: 116.51487 | IB43: 113.42155 | IC43: 110.74068 | ID43: 107.13181
