Workbook

Sheet CPI_socios_expo
A1: DATASET | B1: SERIES_CODE | C1: OBS_MEASURE | D1: COUNTRY | E1: INDEX_TYPE | F1: COICOP_1999 | G1: TYPE_OF_TRANSFORMATION | H1: FREQUENCY | I1: SCALE | J1: X2001.M01 | K1: X2001.M02 | L1: X2001.M03 | M1: X2001.M04 | N1: X2001.M05 | O1: X2001.M06 | P1: X2001.M07 | Q1: X2001.M08 | R1: X2001.M09 | S1: X2001.M10 | T1: X2001.M11 | U1: X2001.M12 | V1: X2002.M01 | W1: X2002.M02 | X1: X2002.M03 | Y1: X2002.M04 | Z1: X2002.M05 | AA1: X2002.M06 | AB1: X2002.M07 | AC1: X2002.M08 | AD1: X2002.M09 | AE1: X2002.M10 | AF1: X2002.M11 | AG1: X2002.M12 | AH1: X2003.M01 | AI1: X2003.M02 | AJ1: X2003.M03 | AK1: X2003.M04 | AL1: X2003.M05 | AM1: X2003.M06 | AN1: X2003.M07 | AO1: X2003.M08 | AP1: X2003.M09 | AQ1: X2003.M10 | AR1: X2003.M11 | AS1: X2003.M12 | AT1: X2004.M01 | AU1: X2004.M02 | AV1: X2004.M03 | AW1: X2004.M04 | AX1: X2004.M05 | AY1: X2004.M06 | AZ1: X2004.M07 | BA1: X2004.M08 | BB1: X2004.M09 | BC1: X2004.M10 | BD1: X2004.M11 | BE1: X2004.M12 | BF1: X2005.M01 | BG1: X2005.M02 | BH1: X2005.M03 | BI1: X2005.M04 | BJ1: X2005.M05 | BK1: X2005.M06 | BL1: X2005.M07 | BM1: X2005.M08 | BN1: X2005.M09 | BO1: X2005.M10 | BP1: X2005.M11 | BQ1: X2005.M12 | BR1: X2006.M01 | BS1: X2006.M02 | BT1: X2006.M03 | BU1: X2006.M04 | BV1: X2006.M05 | BW1: X2006.M06 | BX1: X2006.M07 | BY1: X2006.M08 | BZ1: X2006.M09 | CA1: X2006.M10 | CB1: X2006.M11 | CC1: X2006.M12 | CD1: X2007.M01 | CE1: X2007.M02 | CF1: X2007.M03 | CG1: X2007.M04 | CH1: X2007.M05 | CI1: X2007.M06 | CJ1: X2007.M07 | CK1: X2007.M08 | CL1: X2007.M09 | CM1: X2007.M10 | CN1: X2007.M11 | CO1: X2007.M12 | CP1: X2008.M01 | CQ1: X2008.M02 | CR1: X2008.M03 | CS1: X2008.M04 | CT1: X2008.M05 | CU1: X2008.M06 | CV1: X2008.M07 | CW1: X2008.M08 | CX1: X2008.M09 | CY1: X2008.M10 | CZ1: X2008.M11 | DA1: X2008.M12 | DB1: X2009.M01 | DC1: X2009.M02 | DD1: X2009.M03 | DE1: X2009.M04 | DF1: X2009.M05 | DG1: X2009.M06 | DH1: X2009.M07 | DI1: X2009.M08 | DJ1: X2009.M09 | DK1: X2009.M10 | DL1: X2009.M11 | DM1: X2009.M12 | DN1: X2010.M01 | DO1: X2010.M02 | DP1: X2010.M03 | DQ1: X2010.M04 | DR1: X2010.M05 | DS1: X2010.M06 | DT1: X2010.M07 | DU1: X2010.M08 | DV1: X2010.M09 | DW1: X2010.M10 | DX1: X2010.M11 | DY1: X2010.M12 | DZ1: X2011.M01 | EA1: X2011.M02 | EB1: X2011.M03 | EC1: X2011.M04 | ED1: X2011.M05 | EE1: X2011.M06 | EF1: X2011.M07 | EG1: X2011.M08 | EH1: X2011.M09 | EI1: X2011.M10 | EJ1: X2011.M11 | EK1: X2011.M12 | EL1: X2012.M01 | EM1: X2012.M02 | EN1: X2012.M03 | EO1: X2012.M04 | EP1: X2012.M05 | EQ1: X2012.M06 | ER1: X2012.M07 | ES1: X2012.M08 | ET1: X2012.M09 | EU1: X2012.M10 | EV1: X2012.M11 | EW1: X2012.M12 | EX1: X2013.M01 | EY1: X2013.M02 | EZ1: X2013.M03 | FA1: X2013.M04 | FB1: X2013.M05 | FC1: X2013.M06 | FD1: X2013.M07 | FE1: X2013.M08 | FF1: X2013.M09 | FG1: X2013.M10 | FH1: X2013.M11 | FI1: X2013.M12 | FJ1: X2014.M01 | FK1: X2014.M02 | FL1: X2014.M03 | FM1: X2014.M04 | FN1: X2014.M05 | FO1: X2014.M06 | FP1: X2014.M07 | FQ1: X2014.M08 | FR1: X2014.M09 | FS1: X2014.M10 | FT1: X2014.M11 | FU1: X2014.M12 | FV1: X2015.M01 | FW1: X2015.M02 | FX1: X2015.M03 | FY1: X2015.M04 | FZ1: X2015.M05 | GA1: X2015.M06 | GB1: X2015.M07 | GC1: X2015.M08 | GD1: X2015.M09 | GE1: X2015.M10 | GF1: X2015.M11 | GG1: X2015.M12 | GH1: X2016.M01 | GI1: X2016.M02 | GJ1: X2016.M03 | GK1: X2016.M04 | GL1: X2016.M05 | GM1: X2016.M06 | GN1: X2016.M07 | GO1: X2016.M08 | GP1: X2016.M09 | GQ1: X2016.M10 | GR1: X2016.M11 | GS1: X2016.M12 | GT1: X2017.M01 | GU1: X2017.M02 | GV1: X2017.M03 | GW1: X2017.M04 | GX1: X2017.M05 | GY1: X2017.M06 | GZ1: X2017.M07 | HA1: X2017.M08 | HB1: X2017.M09 | HC1: X2017.M10 | HD1: X2017.M11 | HE1: X2017.M12 | HF1: X2018.M01 | HG1: X2018.M02 | HH1: X2018.M03 | HI1: X2018.M04 | HJ1: X2018.M05 | HK1: X2018.M06 | HL1: X2018.M07 | HM1: X2018.M08 | HN1: X2018.M09 | HO1: X2018.M10 | HP1: X2018.M11 | HQ1: X2018.M12 | HR1: X2019.M01 | HS1: X2019.M02 | HT1: X2019.M03 | HU1: X2019.M04 | HV1: X2019.M05 | HW1: X2019.M06 | HX1: X2019.M07 | HY1: X2019.M08 | HZ1: X2019.M09 | IA1: X2019.M10 | IB1: X2019.M11 | IC1: X2019.M12 | ID1: X2020.M01 | IE1: X2020.M02 | IF1: X2020.M03 | IG1: X2020.M04 | IH1: X2020.M05 | II1: X2020.M06 | IJ1: X2020.M07 | IK1: X2020.M08 | IL1: X2020.M09 | IM1: X2020.M10 | IN1: X2020.M11 | IO1: X2020.M12 | IP1: X2021.M01 | IQ1: X2021.M02 | IR1: X2021.M03 | IS1: X2021.M04 | IT1: X2021.M05 | IU1: X2021.M06 | IV1: X2021.M07 | IW1: X2021.M08 | IX1: X2021.M09 | IY1: X2021.M10 | IZ1: X2021.M11 | JA1: X2021.M12 | JB1: X2022.M01 | JC1: X2022.M02 | JD1: X2022.M03 | JE1: X2022.M04 | JF1: X2022.M05 | JG1: X2022.M06 | JH1: X2022.M07 | JI1: X2022.M08 | JJ1: X2022.M09 | JK1: X2022.M10 | JL1: X2022.M11 | JM1: X2022.M12 | JN1: X2023.M01 | JO1: X2023.M02 | JP1: X2023.M03 | JQ1: X2023.M04 | JR1: X2023.M05 | JS1: X2023.M06 | JT1: X2023.M07 | JU1: X2023.M08 | JV1: X2023.M09 | JW1: X2023.M10 | JX1: X2023.M11 | JY1: X2023.M12 | JZ1: X2024.M01 | KA1: X2024.M02 | KB1: X2024.M03 | KC1: X2024.M04 | KD1: X2024.M05 | KE1: X2024.M06 | KF1: X2024.M07 | KG1: X2024.M08 | KH1: X2024.M09 | KI1: X2024.M10 | KJ1: X2024.M11 | KK1: X2024.M12
A2: IMF.STA:CPI(5.0.0) | B2: DZA.CPI._T.IX.M | C2: OBS_VALUE | D2: Algeria | E2: Consumer price index (CPI) | F2: All Items | G2: Index | H2: Monthly | I2: Units | BF2: 111.8 | BG2: 112.42 | BH2: 112.94 | BI2: 113.31 | BJ2: 111.77 | BK2: 111.42 | BL2: 110.67 | BM2: 110.29 | BN2: 110.19 | BO2: 110.72 | BP2: 110.64 | BQ2: 111.49 | BR2: 112.5 | BS2: 112.15 | BT2: 113.26 | BU2: 114.41 | BV2: 114.19 | BW2: 113.73 | BX2: 112.89 | BY2: 113.9 | BZ2: 114.75 | CA2: 115.86 | CB2: 115.17 | CC2: 115.77 | CD2: 115.17 | CE2: 115.86 | CF2: 116.73 | CG2: 116.24 | CH2: 115.71 | CI2: 117.46 | CJ2: 118.31 | CK2: 118.88 | CL2: 120.95 | CM2: 121.57 | CN2: 120.72 | CO2: 121.33 | CP2: 120.39 | CQ2: 121.42 | CR2: 123.58 | CS2: 123.61 | CT2: 123.42 | CU2: 122.29 | CV2: 121.39 | CW2: 124.32 | CX2: 126.6 | CY2: 126.61 | CZ2: 127.01 | DA2: 127.23 | DB2: 126.98 | DC2: 128.91 | DD2: 130.5 | DE2: 130.81 | DF2: 127.84 | DG2: 128.25 | DH2: 130.24 | DI2: 132.4 | DJ2: 133.96 | DK2: 134.23 | DL2: 134.56 | DM2: 134.55 | DN2: 133.52 | DO2: 134.26 | DP2: 135.29 | DQ2: 134.03 | DR2: 135.86 | DS2: 136.08 | DT2: 135.4 | DU2: 137.64 | DV2: 137.28 | DW2: 138.01 | DX2: 139.17 | DY2: 138.22 | DZ2: 138.29 | EA2: 138.93 | EB2: 139.94 | EC2: 140.11 | ED2: 141.13 | EE2: 141.1 | EF2: 142.47 | EG2: 145.51 | EH2: 144.32 | EI2: 145.55 | EJ2: 146.02 | EK2: 145.35 | EL2: 148.71 | EM2: 151.91 | EN2: 154.11 | EO2: 155.49 | EP2: 153.8 | EQ2: 153.34 | ER2: 154.16 | ES2: 155.97 | ET2: 156.9 | EU2: 159.95 | EV2: 157.83 | EW2: 158.48 | EX2: 160.33 | EY2: 160.09 | EZ2: 160.91 | FA2: 160.25 | FB2: 159.11 | FC2: 160.22 | FD2: 159.58 | FE2: 161.08 | FF2: 160.31 | FG2: 160.15 | FH2: 158.87 | FI2: 160.3 | FJ2: 161.4 | FK2: 160.99 | FL2: 162.3 | FM2: 161.34 | FN2: 161.83 | FO2: 164.7 | FP2: 164.88 | FQ2: 165.47 | FR2: 166.63 | FS2: 169.96 | FT2: 169.02 | FU2: 168.72 | FV2: 168.91 | FW2: 170 | FX2: 171.21 | FY2: 170.64 | FZ2: 171.36 | GA2: 172.14 | GB2: 170.98 | GC2: 172.85 | GD2: 176.8 | GE2: 176.07 | GF2: 174.8 | GG2: 176.08 | GH2: 177.42 | GI2: 177.06 | GJ2: 180.36 | GK2: 182.07 | GL2: 183.31 | GM2: 185.79 | GN2: 184.9 | GO2: 185.67 | GP2: 186.37 | GQ2: 185.14 | GR2: 187.97 | GS2: 188.33 | GT2: 191.74 | GU2: 190.63 | GV2: 192.84 | GW2: 193.54 | GX2: 192.82 | GY2: 193.37 | GZ2: 190.62 | HA2: 194.03 | HB2: 196.14 | HC2: 197.18 | HD2: 197.11 | HE2: 197.62 | HF2: 198.59 | HG2: 197.44 | HH2: 198.92 | HI2: 200.07 | HJ2: 203.71 | HK2: 205.92 | HL2: 201.97 | HM2: 202.89 | HN2: 203.54 | HO2: 205.97 | HP2: 205.05 | HQ2: 202.96 | HR2: 203.74 | HS2: 202.75 | HT2: 204.65 | HU2: 204.68 | HV2: 206.7 | HW2: 206.12 | HX2: 204.68 | HY2: 206.83 | HZ2: 209.36 | IA2: 209.14 | IB2: 207.85 | IC2: 207.9 | ID2: 207.66 | IE2: 206.45 | IF2: 209.01 | IG2: 209.6 | IH2: 211.63 | II2: 211.97 | IJ2: 209.65 | IK2: 209.89 | IL2: 212.27 | IM2: 215.83 | IN2: 214.99 | IO2: 215.21 | IP2: 216.45 | IQ2: 217.36 | IR2: 221.28 | IS2: 224.64 | IT2: 224.39 | IU2: 223.35 | IV2: 224.94 | IW2: 228.14 | IX2: 232.69 | IY2: 235.59 | IZ2: 234.98 | JA2: 233.47 | JB2: 236 | JC2: 237.36 | JD2: 241.87 | JE2: 247.09 | JF2: 245.78 | JG2: 247.52 | JH2: 246.04 | JI2: 250.6 | JJ2: 252.81 | JK2: 254.63 | JL2: 254.18 | JM2: 255.17 | JN2: 257.98 | JO2: 260.79 | JP2: 266.28 | JQ2: 271.55 | JR2: 270.69 | JS2: 270.13 | JT2: 269.1 | JU2: 274.96 | JV2: 276.84 | JW2: 275.47 | JX2: 276.87 | JY2: 275.17 | JZ2: 274.32 | KA2: 272.73 | KB2: 277.1 | KC2: 277.86 | KD2: 278.26 | KE2: 281.96 | KF2: 284.3 | KG2: 287.21 | KH2: 287.43 | KI2: 287.16 | KJ2: 285.45 | KK2: 283.38
A3: IMF.STA:CPI(5.0.0) | B3: BGD.CPI._T.IX.M | C3: OBS_VALUE | D3: Bangladesh | E3: Consumer price index (CPI) | F3: All Items | G3: Index | H3: Monthly | I3: Units | DN3: 46.346617 | DO3: 46.371626 | DP3: 46.394551 | DQ3: 46.369542 | DR3: 46.598795 | DS3: 47.123993 | DT3: 47.842222 | DU3: 48.753034 | DV3: 49.323498 | DW3: 50.143056 | DX3: 50.466265 | DY3: 51.427056 | DZ3: 51.754874 | EA3: 52.079406 | EB3: 52.291101 | EC3: 52.265909 | ED3: 51.938721 | EE3: 52.451929 | EF3: 53.509195 | EG3: 54.62395 | EH3: 55.567655 | EI3: 55.653419 | EJ3: 55.449708 | EK3: 55.342751 | EL3: 56.195182 | EM3: 55.693458 | EN3: 55.825972 | EO3: 55.525942 | EP3: 55.058456 | EQ3: 55.361278 | ER3: 56.294375 | ES3: 57.337583 | ET3: 58.323465 | EU3: 58.914742 | EV3: 59.080507 | EW3: 59.291775 | EX3: 59.912581 | EY3: 60.062094 | EZ3: 60.1336 | FA3: 60.172604 | FB3: 59.451039 | FC3: 59.818322 | FD3: 60.712152 | FE3: 61.573478 | FF3: 62.483559 | FG3: 63.05886 | FH3: 63.302632 | FI3: 63.647163 | FJ3: 64.40448 | FK3: 64.531241 | FL3: 64.62875 | FM3: 64.658003 | FN3: 63.900685 | FO3: 63.985193 | FP3: 64.986282 | FQ3: 65.828107 | FR3: 66.75769 | FS3: 67.219231 | FT3: 67.235482 | FU3: 67.534509 | FV3: 68.295076 | FW3: 68.496594 | FX3: 68.681861 | FY3: 68.746867 | FZ3: 67.856287 | GA3: 67.986299 | GB3: 69.1174 | GC3: 69.890968 | GD3: 70.92456 | GE3: 71.382851 | GF3: 71.304844 | GG3: 71.652625 | GH3: 72.439195 | GI3: 72.344937 | GJ3: 72.562706 | GK3: 72.60171 | GL3: 71.555116 | GM3: 71.746883 | GN3: 72.848732 | GO3: 73.641802 | GP3: 74.844409 | GQ3: 75.357955 | GR3: 75.140185 | GS3: 75.253946 | GT3: 76.167277 | GU3: 76.186778 | GV3: 76.476054 | GW3: 76.570313 | GX3: 75.676483 | GY3: 76.011263 | GZ3: 76.905092 | HA3: 77.980938 | HB3: 79.424067 | HC3: 79.91161 | HD3: 79.583331 | HE3: 79.641836 | HF3: 80.649426 | HG3: 80.545416 | HH3: 80.818441 | HI3: 80.883446 | HJ3: 79.892108 | HK3: 80.223638 | HL3: 81.14347 | HM3: 82.255068 | HN3: 83.727449 | HO3: 84.224744 | HP3: 83.857461 | HQ3: 83.899715 | HR3: 85.021065 | HS3: 84.949558 | HT3: 85.30384 | HU3: 85.394848 | HV3: 84.387258 | HW3: 84.650532 | HX3: 85.706876 | HY3: 86.76972 | HZ3: 88.375363 | IA3: 88.830403 | IB3: 88.927912 | IC3: 88.723144 | ID3: 89.759986 | IE3: 89.587721 | IF3: 89.977756 | IG3: 90.484801 | IH3: 88.90516 | II3: 89.746985 | IJ3: 90.445797 | IK3: 91.693908 | IL3: 93.647332 | IM3: 94.554163 | IN3: 93.839099 | IO3: 93.416561 | IP3: 94.268137 | IQ3: 94.355895 | IR3: 94.895443 | IS3: 95.519499 | IT3: 93.582326 | IU3: 94.810936 | IV3: 95.295229 | IW3: 96.77086 | IX3: 98.880298 | IY3: 99.943142 | IZ3: 99.449098 | JA3: 99.072065 | JB3: 99.790379 | JC3: 100.17716 | JD3: 100.79797 | JE3: 101.53253 | JF3: 100.52494 | JG3: 101.98107 | JH3: 102.42636 | JI3: 105.97893 | JJ3: 107.8706 | JK3: 108.84893 | JL3: 108.25738 | JM3: 107.69833 | JN3: 108.34514 | JO3: 108.97895 | JP3: 110.20756 | JQ3: 111.45 | JR3: 111.06 | JS3: 112.46 | JT3: 112.89 | JU3: 117.06 | JV3: 118.83 | JW3: 120.24 | JX3: 119.1 | JY3: 118.4 | JZ3: 119.6 | KA3: 120.09 | KB3: 121.6 | KC3: 122.3 | KD3: 122.04 | KE3: 123.38 | KF3: 126.06 | KG3: 129.34 | KH3: 130.61 | KI3: 133.32 | KJ3: 132.66 | KK3: 131.3
A4: IMF.STA:CPI(5.0.0) | B4: BEL.HICP._T.IX.M | C4: OBS_VALUE | D4: Belgium | E4: Harmonised index of consumer prices (HICP) | F4: All Items | G4: Index | H4: Monthly | I4: Units | J4: 74.64 | K4: 75.98 | L4: 76.12 | M4: 76.8 | N4: 77.2 | O4: 77.34 | P4: 76.37 | Q4: 77.38 | R4: 77.49 | S4: 77.4 | T4: 77.4 | U4: 77.29 | V4: 76.61 | W4: 77.86 | X4: 78.04 | Y4: 78.09 | Z4: 78.2 | AA4: 77.99 | AB4: 77.25 | AC4: 78.33 | AD4: 78.41 | AE4: 78.34 | AF4: 78.23 | AG4: 78.32 | AH4: 77.51 | AI4: 79.16 | AJ4: 79.38 | AK4: 79.24 | AL4: 78.93 | AM4: 79.18 | AN4: 78.32 | AO4: 79.64 | AP4: 79.75 | AQ4: 79.51 | AR4: 79.64 | AS4: 79.6 | AT4: 78.59 | AU4: 80.05 | AV4: 80.11 | AW4: 80.57 | AX4: 80.82 | AY4: 80.75 | AZ4: 79.92 | BA4: 81.27 | BB4: 81.19 | BC4: 81.58 | BD4: 81.45 | BE4: 81.2 | BF4: 80.14 | BG4: 81.86 | BH4: 82.39 | BI4: 82.55 | BJ4: 82.65 | BK4: 82.93 | BL4: 82.1 | BM4: 83.59 | BN4: 83.56 | BO4: 83.44 | BP4: 83.4 | BQ4: 83.44 | BR4: 82.33 | BS4: 84.22 | BT4: 84.16 | BU4: 84.63 | BV4: 84.93 | BW4: 85 | BX4: 84.09 | BY4: 85.54 | BZ4: 85.13 | CA4: 84.88 | CB4: 85.06 | CC4: 85.17 | CD4: 83.73 | CE4: 85.71 | CF4: 85.71 | CG4: 86.14 | CH4: 86.04 | CI4: 86.1 | CJ4: 85.19 | CK4: 86.52 | CL4: 86.36 | CM4: 86.76 | CN4: 87.5 | CO4: 87.82 | CP4: 86.68 | CQ4: 88.82 | CR4: 89.47 | CS4: 89.65 | CT4: 90.43 | CU4: 91.06 | CV4: 90.21 | CW4: 91.16 | CX4: 91.07 | CY4: 90.92 | CZ4: 90.32 | DA4: 90.19 | DB4: 88.5 | DC4: 90.54 | DD4: 90.04 | DE4: 90.31 | DF4: 90.21 | DG4: 90.1 | DH4: 88.65 | DI4: 90.51 | DJ4: 90.14 | DK4: 90.12 | DL4: 90.3 | DM4: 90.49 | DN4: 89.2 | DO4: 91.28 | DP4: 91.75 | DQ4: 92.16 | DR4: 92.48 | DS4: 92.5 | DT4: 90.81 | DU4: 92.67 | DV4: 92.78 | DW4: 92.91 | DX4: 93.02 | DY4: 93.55 | DZ4: 92.31 | EA4: 94.48 | EB4: 94.8 | EC4: 95.05 | ED4: 95.2 | EE4: 95.52 | EF4: 94.46 | EG4: 95.86 | EH4: 95.77 | EI4: 95.9 | EJ4: 96.28 | EK4: 96.53 | EL4: 95.34 | EM4: 97.65 | EN4: 97.75 | EO4: 97.8 | EP4: 97.71 | EQ4: 97.59 | ER4: 96.33 | ES4: 98.35 | ET4: 98.27 | EU4: 98.45 | EV4: 98.37 | EW4: 98.54 | EX4: 96.74 | EY4: 99.14 | EZ4: 99.14 | FA4: 98.98 | FB4: 98.9 | FC4: 99.19 | FD4: 97.91 | FE4: 99.43 | FF4: 99.26 | FG4: 99.15 | FH4: 99.25 | FI4: 99.69 | FJ4: 97.82 | FK4: 99.97 | FL4: 99.94 | FM4: 99.74 | FN4: 99.59 | FO4: 99.74 | FP4: 98.43 | FQ4: 99.83 | FR4: 99.46 | FS4: 99.47 | FT4: 99.31 | FU4: 99.3 | FV4: 97.2 | FW4: 99.56 | FX4: 99.82 | FY4: 100.11 | FZ4: 100.43 | GA4: 100.6 | GB4: 99.27 | GC4: 100.58 | GD4: 100.36 | GE4: 100.62 | GF4: 100.7 | GG4: 100.74 | GH4: 98.99 | GI4: 100.67 | GJ4: 101.46 | GK4: 101.65 | GL4: 102.04 | GM4: 102.4 | GN4: 101.3 | GO4: 102.59 | GP4: 102.15 | GQ4: 102.56 | GR4: 102.46 | GS4: 102.96 | GT4: 102.03 | GU4: 104 | GV4: 103.99 | GW4: 104.35 | GX4: 104.02 | GY4: 103.95 | GZ4: 103.13 | HA4: 104.64 | HB4: 104.15 | HC4: 104.44 | HD4: 104.61 | HE4: 105.08 | HF4: 103.82 | HG4: 105.53 | HH4: 105.56 | HI4: 106.01 | HJ4: 106.38 | HK4: 106.68 | HL4: 105.93 | HM4: 107.41 | HN4: 107.1 | HO4: 107.8 | HP4: 107.63 | HQ4: 107.39 | HR4: 105.69 | HS4: 107.62 | HT4: 107.86 | HU4: 108.11 | HV4: 108.16 | HW4: 108.09 | HX4: 107.21 | HY4: 108.34 | HZ4: 107.7 | IA4: 108.01 | IB4: 108.02 | IC4: 108.38 | ID4: 107.17 | IE4: 108.74 | IF4: 108.32 | IG4: 108.1 | IH4: 107.92 | II4: 108.33 | IJ4: 109.05 | IK4: 107.38 | IL4: 108.21 | IM4: 108.47 | IN4: 108.27 | IO4: 108.76 | IP4: 107.82 | IQ4: 109.08 | IR4: 110.07 | IS4: 110.32 | IT4: 110.62 | IU4: 111.11 | IV4: 110.58 | IW4: 112.41 | IX4: 112.35 | IY4: 114.33 | IZ4: 115.95 | JA4: 115.93 | JB4: 116.99 | JC4: 119.49 | JD4: 120.28 | JE4: 120.61 | JF4: 121.61 | JG4: 122.82 | JH4: 122.03 | JI4: 124.24 | JJ4: 125.9 | JK4: 129.3 | JL4: 128.07 | JM4: 127.77 | JN4: 125.66 | JO4: 125.99 | JP4: 126.23 | JQ4: 124.65 | JR4: 124.91 | JS4: 124.79 | JT4: 124.05 | JU4: 127.2 | JV4: 126.73 | JW4: 127.15 | JX4: 127.05 | JY4: 128.45 | JZ4: 127.51 | KA4: 130.54 | KB4: 131.05 | KC4: 130.72 | KD4: 130.98 | KE4: 131.56 | KF4: 130.76 | KG4: 132.73 | KH4: 132.21 | KI4: 132.9 | KJ4: 133.13 | KK4: 134.12
A5: IMF.STA:CPI(5.0.0) | B5: BEL.CPI._T.IX.M | C5: OBS_VALUE | D5: Belgium | E5: Consumer price index (CPI) | F5: All Items | G5: Index | H5: Monthly | I5: Units | J5: 76.14 | K5: 76.47 | L5: 76.64 | M5: 77.3 | N5: 77.79 | O5: 77.93 | P5: 77.87 | Q5: 77.86 | R5: 78.08 | S5: 77.96 | T5: 78.05 | U5: 77.88 | V5: 78.35 | W5: 78.48 | X5: 78.69 | Y5: 78.71 | Z5: 78.83 | AA5: 78.61 | AB5: 78.87 | AC5: 78.84 | AD5: 79.06 | AE5: 78.97 | AF5: 78.91 | AG5: 78.95 | AH5: 79.3 | AI5: 79.85 | AJ5: 80.07 | AK5: 79.87 | AL5: 79.65 | AM5: 79.88 | AN5: 80.03 | AO5: 80.25 | AP5: 80.48 | AQ5: 80.22 | AR5: 80.37 | AS5: 80.32 | AT5: 80.56 | AU5: 80.86 | AV5: 80.97 | AW5: 81.41 | AX5: 81.72 | AY5: 81.68 | AZ5: 81.96 | BA5: 82.06 | BB5: 82.12 | BC5: 82.52 | BD5: 82.42 | BE5: 82.15 | BF5: 82.38 | BG5: 82.93 | BH5: 83.46 | BI5: 83.65 | BJ5: 83.78 | BK5: 84.03 | BL5: 84.53 | BM5: 84.62 | BN5: 84.71 | BO5: 84.56 | BP5: 84.53 | BQ5: 84.52 | BR5: 84.54 | BS5: 84.91 | BT5: 84.88 | BU5: 85.29 | BV5: 85.61 | BW5: 85.6 | BX5: 85.89 | BY5: 86 | BZ5: 85.75 | CA5: 85.58 | CB5: 85.79 | CC5: 85.91 | CD5: 85.95 | CE5: 86.41 | CF5: 86.42 | CG5: 86.81 | CH5: 86.71 | CI5: 86.7 | CJ5: 87.07 | CK5: 86.96 | CL5: 87.04 | CM5: 87.5 | CN5: 88.32 | CO5: 88.56 | CP5: 88.92 | CQ5: 89.56 | CR5: 90.21 | CS5: 90.42 | CT5: 91.23 | CU5: 91.73 | CV5: 92.21 | CW5: 91.65 | CX5: 91.8 | CY5: 91.63 | CZ5: 91.09 | DA5: 90.89 | DB5: 90.98 | DC5: 91.29 | DD5: 90.77 | DE5: 90.96 | DF5: 90.89 | DG5: 90.72 | DH5: 90.66 | DI5: 90.94 | DJ5: 90.7 | DK5: 90.74 | DL5: 90.98 | DM5: 91.13 | DN5: 91.54 | DO5: 91.93 | DP5: 92.27 | DQ5: 92.59 | DR5: 92.96 | DS5: 92.95 | DT5: 92.99 | DU5: 93.05 | DV5: 93.34 | DW5: 93.47 | DX5: 93.59 | DY5: 93.96 | DZ5: 94.49 | EA5: 95.04 | EB5: 95.52 | EC5: 95.75 | ED5: 96.07 | EE5: 96.37 | EF5: 96.48 | EG5: 96.4 | EH5: 96.66 | EI5: 96.81 | EJ5: 97.19 | EK5: 97.23 | EL5: 97.94 | EM5: 98.52 | EN5: 98.73 | EO5: 98.8 | EP5: 98.77 | EQ5: 98.54 | ER5: 98.72 | ES5: 99.15 | ET5: 99.32 | EU5: 99.5 | EV5: 99.39 | EW5: 99.4 | EX5: 99.37 | EY5: 99.69 | EZ5: 99.83 | FA5: 99.79 | FB5: 99.94 | FC5: 100.11 | FD5: 100.21 | FE5: 100.15 | FF5: 100.21 | FG5: 100.13 | FH5: 100.2 | FI5: 100.36 | FJ5: 100.5 | FK5: 100.66 | FL5: 100.72 | FM5: 100.41 | FN5: 100.3 | FO5: 100.38 | FP5: 100.55 | FQ5: 100.17 | FR5: 100.09 | FS5: 100.22 | FT5: 100.09 | FU5: 99.98 | FV5: 99.85 | FW5: 100.26 | FX5: 100.32 | FY5: 100.7 | FZ5: 100.86 | GA5: 101.01 | GB5: 101.01 | GC5: 101.08 | GD5: 101.15 | GE5: 101.5 | GF5: 101.61 | GG5: 101.48 | GH5: 101.59 | GI5: 101.65 | GJ5: 102.57 | GK5: 102.75 | GL5: 103.08 | GM5: 103.19 | GN5: 103.31 | GO5: 103.26 | GP5: 103.04 | GQ5: 103.34 | GR5: 103.41 | GS5: 103.54 | GT5: 104.28 | GU5: 104.67 | GV5: 104.91 | GW5: 105.09 | GX5: 105 | GY5: 104.84 | GZ5: 105.15 | HA5: 105.22 | HB5: 105.11 | HC5: 105.41 | HD5: 105.55 | HE5: 105.75 | HF5: 106.06 | HG5: 106.22 | HH5: 106.37 | HI5: 106.69 | HJ5: 106.91 | HK5: 107.02 | HL5: 107.43 | HM5: 107.58 | HN5: 107.58 | HO5: 108.31 | HP5: 108.48 | HQ5: 108.22 | HR5: 108.17 | HS5: 108.52 | HT5: 108.85 | HU5: 108.91 | HV5: 108.93 | HW5: 108.87 | HX5: 108.96 | HY5: 108.94 | HZ5: 108.44 | IA5: 108.83 | IB5: 108.9 | IC5: 109.04 | ID5: 109.69 | IE5: 109.71 | IF5: 109.53 | IG5: 109.53 | IH5: 109.45 | II5: 109.52 | IJ5: 109.76 | IK5: 109.83 | IL5: 109.42 | IM5: 109.64 | IN5: 109.46 | IO5: 109.49 | IP5: 109.97 | IQ5: 110.21 | IR5: 110.51 | IS5: 110.88 | IT5: 111.05 | IU5: 111.3 | IV5: 112.25 | IW5: 112.83 | IX5: 112.55 | IY5: 114.2 | IZ5: 115.63 | JA5: 115.74 | JB5: 118.32 | JC5: 119.07 | JD5: 119.69 | JE5: 120.09 | JF5: 121.01 | JG5: 122.04 | JH5: 123.05 | JI5: 124.05 | JJ5: 125.24 | JK5: 128.21 | JL5: 127.92 | JM5: 127.72 | JN5: 127.84 | JO5: 126.95 | JP5: 127.67 | JQ5: 126.82 | JR5: 127.3 | JS5: 127.11 | JT5: 128.14 | JU5: 129.12 | JV5: 128.23 | JW5: 128.67 | JX5: 128.89 | JY5: 129.45 | JZ5: 130.08 | KA5: 131.01 | KB5: 131.73 | KC5: 131.1 | KD5: 131.58 | KE5: 131.87 | KF5: 132.81 | KG5: 132.81 | KH5: 132.15 | KI5: 132.79 | KJ5: 133.01 | KK5: 133.54
A6: IMF.STA:CPI(5.0.0) | B6: BRA.CPI._T.IX.M | C6: OBS_VALUE | D6: Brazil | E6: Consumer price index (CPI) | F6: All Items | G6: Index | H6: Monthly | I6: Units | J6: 1693.07 | K6: 1700.86 | L6: 1707.32 | M6: 1717.22 | N6: 1724.26 | O6: 1733.23 | P6: 1756.28 | Q6: 1768.57 | R6: 1773.52 | S6: 1788.24 | T6: 1800.94 | U6: 1812.65 | V6: 1822.08 | W6: 1828.64 | X6: 1839.61 | Y6: 1854.33 | Z6: 1858.22 | AA6: 1866.02 | AB6: 1888.23 | AC6: 1900.5 | AD6: 1914.18 | AE6: 1939.26 | AF6: 1997.83 | AG6: 2039.78 | AH6: 2085.68 | AI6: 2118.43 | AJ6: 2144.49 | AK6: 2165.29 | AL6: 2178.5 | AM6: 2175.23 | AN6: 2179.58 | AO6: 2186.99 | AP6: 2204.05 | AQ6: 2210.44 | AR6: 2217.96 | AS6: 2229.49 | AT6: 2246.43 | AU6: 2260.13 | AV6: 2270.75 | AW6: 2279.15 | AX6: 2290.77 | AY6: 2307.03 | AZ6: 2328.02 | BA6: 2344.08 | BB6: 2351.82 | BC6: 2362.17 | BD6: 2378.47 | BE6: 2398.92 | BF6: 2412.83 | BG6: 2427.07 | BH6: 2441.87 | BI6: 2463.11 | BJ6: 2475.18 | BK6: 2474.68 | BL6: 2480.87 | BM6: 2485.09 | BN6: 2493.79 | BO6: 2512.49 | BP6: 2526.31 | BQ6: 2535.4 | BR6: 2550.36 | BS6: 2560.82 | BT6: 2571.83 | BU6: 2577.23 | BV6: 2579.81 | BW6: 2574.39 | BX6: 2579.28 | BY6: 2580.57 | BZ6: 2585.99 | CA6: 2594.52 | CB6: 2602.56 | CC6: 2615.05 | CD6: 2626.56 | CE6: 2638.12 | CF6: 2647.88 | CG6: 2654.5 | CH6: 2661.93 | CI6: 2669.38 | CJ6: 2675.79 | CK6: 2688.37 | CL6: 2693.21 | CM6: 2701.29 | CN6: 2711.55 | CO6: 2731.62 | CP6: 2746.37 | CQ6: 2759.83 | CR6: 2773.08 | CS6: 2788.33 | CT6: 2810.36 | CU6: 2831.16 | CV6: 2846.16 | CW6: 2854.13 | CX6: 2861.55 | CY6: 2874.43 | CZ6: 2884.78 | DA6: 2892.86 | DB6: 2906.74 | DC6: 2922.73 | DD6: 2928.57 | DE6: 2942.63 | DF6: 2956.46 | DG6: 2967.1 | DH6: 2974.22 | DI6: 2978.68 | DJ6: 2985.83 | DK6: 2994.19 | DL6: 3006.47 | DM6: 3017.59 | DN6: 3040.22 | DO6: 3063.93 | DP6: 3079.86 | DQ6: 3097.42 | DR6: 3110.74 | DS6: 3110.74 | DT6: 3111.05 | DU6: 3112.29 | DV6: 3126.29 | DW6: 3149.74 | DX6: 3175.88 | DY6: 3195.89 | DZ6: 3222.42 | EA6: 3248.2 | EB6: 3273.86 | EC6: 3299.07 | ED6: 3314.58 | EE6: 3319.55 | EF6: 3324.86 | EG6: 3337.16 | EH6: 3354.85 | EI6: 3369.28 | EJ6: 3386.8 | EK6: 3403.73 | EL6: 3422.79 | EM6: 3438.19 | EN6: 3445.41 | EO6: 3467.46 | EP6: 3479.94 | EQ6: 3482.72 | ER6: 3497.7 | ES6: 3512.04 | ET6: 3532.06 | EU6: 3552.9 | EV6: 3574.22 | EW6: 3602.46 | EX6: 3633.44 | EY6: 3655.24 | EZ6: 3672.42 | FA6: 3692.62 | FB6: 3706.28 | FC6: 3715.92 | FD6: 3717.03 | FE6: 3725.95 | FF6: 3738.99 | FG6: 3760.3 | FH6: 3780.61 | FI6: 3815.39 | FJ6: 3836.37 | FK6: 3862.84 | FL6: 3898.38 | FM6: 3924.5 | FN6: 3942.55 | FO6: 3958.32 | FP6: 3958.72 | FQ6: 3968.62 | FR6: 3991.24 | FS6: 4008 | FT6: 4028.44 | FU6: 4059.86 | FV6: 4110.2 | FW6: 4160.34 | FX6: 4215.26 | FY6: 4245.19 | FZ6: 4276.6 | GA6: 4310.39 | GB6: 4337.11 | GC6: 4346.65 | GD6: 4370.12 | GE6: 4405.95 | GF6: 4450.45 | GG6: 4493.17 | GH6: 4550.23 | GI6: 4591.18 | GJ6: 4610.92 | GK6: 4639.05 | GL6: 4675.23 | GM6: 4691.59 | GN6: 4715.99 | GO6: 4736.74 | GP6: 4740.53 | GQ6: 4752.86 | GR6: 4761.42 | GS6: 4775.7 | GT6: 4793.85 | GU6: 4809.67 | GV6: 4821.69 | GW6: 4828.44 | GX6: 4843.41 | GY6: 4832.27 | GZ6: 4843.87 | HA6: 4853.07 | HB6: 4860.83 | HC6: 4881.25 | HD6: 4894.92 | HE6: 4916.46 | HF6: 4930.72 | HG6: 4946.5 | HH6: 4950.95 | HI6: 4961.84 | HJ6: 4981.69 | HK6: 5044.46 | HL6: 5061.11 | HM6: 5056.56 | HN6: 5080.83 | HO6: 5103.69 | HP6: 5092.97 | HQ6: 5100.61 | HR6: 5116.93 | HS6: 5138.93 | HT6: 5177.47 | HU6: 5206.98 | HV6: 5213.75 | HW6: 5214.27 | HX6: 5224.18 | HY6: 5229.93 | HZ6: 5227.84 | IA6: 5233.07 | IB6: 5259.76 | IC6: 5320.25 | ID6: 5331.42 | IE6: 5344.75 | IF6: 5348.49 | IG6: 5331.91 | IH6: 5311.65 | II6: 5325.46 | IJ6: 5344.63 | IK6: 5357.46 | IL6: 5391.75 | IM6: 5438.12 | IN6: 5486.52 | IO6: 5560.59 | IP6: 5574.49 | IQ6: 5622.43 | IR6: 5674.72 | IS6: 5692.31 | IT6: 5739.56 | IU6: 5769.98 | IV6: 5825.37 | IW6: 5876.05 | IX6: 5944.21 | IY6: 6018.51 | IZ6: 6075.69 | JA6: 6120.04 | JB6: 6153.09 | JC6: 6215.24 | JD6: 6315.93 | JE6: 6382.88 | JF6: 6412.88 | JG6: 6455.85 | JH6: 6411.95 | JI6: 6388.87 | JJ6: 6370.34 | JK6: 6407.93 | JL6: 6434.2 | JM6: 6474.09 | JN6: 6508.4 | JO6: 6563.07 | JP6: 6609.67 | JQ6: 6649.99 | JR6: 6665.28 | JS6: 6659.95 | JT6: 6667.94 | JU6: 6683.28 | JV6: 6700.66 | JW6: 6716.74 | JX6: 6735.55 | JY6: 6773.27 | JZ6: 6801.72 | KA6: 6858.17 | KB6: 6869.14 | KC6: 6895.24 | KD6: 6926.96 | KE6: 6941.51 | KF6: 6967.89 | KG6: 6966.5 | KH6: 6997.15 | KI6: 7036.33 | KJ6: 7063.77 | KK6: 7100.5
A7: IMF.STA:CPI(5.0.0) | B7: CHL.CPI._T.IX.M | C7: OBS_VALUE | D7: Chile | E7: Consumer price index (CPI) | F7: All Items | G7: Index | H7: Monthly | I7: Units | J7: 43.991852 | K7: 43.856581 | L7: 44.06537 | M7: 44.266505 | N7: 44.458819 | O7: 44.483526 | P7: 44.397654 | Q7: 44.754066 | R7: 45.082238 | S7: 45.143403 | T7: 45.139282 | U7: 44.9999 | V7: 44.963434 | W7: 44.967555 | X7: 45.205155 | Y7: 45.373357 | Z7: 45.414531 | AA7: 45.356891 | AB7: 45.558034 | AC7: 45.729762 | AD7: 46.115573 | AE7: 46.517263 | AF7: 46.476097 | AG7: 46.270842 | AH7: 46.316128 | AI7: 46.689586 | AJ7: 47.234779 | AK7: 47.189493 | AL7: 47.008937 | AM7: 47.008937 | AN7: 46.968359 | AO7: 47.04599 | AP7: 47.135974 | AQ7: 47.062464 | AR7: 46.918961 | AS7: 46.767217 | AT7: 46.681353 | AU7: 46.685466 | AV7: 46.881908 | AW7: 47.054223 | AX7: 47.300064 | AY7: 47.505319 | AZ7: 47.61589 | BA7: 47.796439 | BB7: 47.821138 | BC7: 47.960529 | BD7: 48.083445 | BE7: 47.902889 | BF7: 47.751153 | BG7: 47.705867 | BH7: 48.009347 | BI7: 48.439849 | BJ7: 48.571007 | BK7: 48.772142 | BL7: 49.071502 | BM7: 49.215005 | BN7: 49.702559 | BO7: 49.944867 | BP7: 49.825476 | BQ7: 49.657861 | BR7: 49.698439 | BS7: 49.653748 | BT7: 49.944867 | BU7: 50.264218 | BV7: 50.387135 | BW7: 50.682375 | BX7: 50.957035 | BY7: 51.092298 | BZ7: 51.100531 | CA7: 50.969381 | CB7: 50.883517 | CC7: 50.932923 | CD7: 51.088773 | CE7: 51.002321 | CF7: 51.21993 | CG7: 51.514574 | CH7: 51.834521 | CI7: 52.318542 | CJ7: 52.909021 | CK7: 53.483034 | CL7: 54.089392 | CM7: 54.257595 | CN7: 54.667525 | CO7: 54.917472 | CP7: 54.89748 | CQ7: 55.118614 | CR7: 55.577943 | CS7: 55.790844 | CT7: 56.434843 | CU7: 57.275275 | CV7: 57.922799 | CW7: 58.459759 | CX7: 59.083178 | CY7: 59.603665 | CZ7: 59.526034 | DA7: 58.81263 | DB7: 58.365655 | DC7: 57.605647 | DD7: 57.628674 | DE7: 57.542306 | DF7: 57.415645 | DG7: 57.611402 | DH7: 57.363821 | DI7: 57.098968 | DJ7: 57.749587 | DK7: 57.743832 | DL7: 57.513524 | DM7: 57.294732 | DN7: 57.59413 | DO7: 57.752314 | DP7: 57.805042 | DQ7: 58.068682 | DR7: 58.279595 | DS7: 58.279595 | DT7: 58.656224 | DU7: 58.595963 | DV7: 58.829473 | DW7: 58.889734 | DX7: 58.927397 | DY7: 59.002723 | DZ7: 59.160907 | EA7: 59.296493 | EB7: 59.748448 | EC7: 59.936763 | ED7: 60.177806 | EE7: 60.283262 | EF7: 60.358588 | EG7: 60.456511 | EH7: 60.757815 | EI7: 61.051585 | EJ7: 61.247432 | EK7: 61.616529 | EL7: 61.669257 | EM7: 61.9103 | EN7: 62.015756 | EO7: 62.045886 | EP7: 62.060951 | EQ7: 61.880169 | ER7: 61.872637 | ES7: 62.008223 | ET7: 62.482776 | EU7: 62.836808 | EV7: 62.550569 | EW7: 62.535504 | EX7: 62.648493 | EY7: 62.716286 | EZ7: 62.957329 | FA7: 62.656026 | FB7: 62.648493 | FC7: 63.04772 | FD7: 63.213437 | FE7: 63.364088 | FF7: 63.710587 | FG7: 63.800978 | FH7: 64.034488 | FI7: 64.41865 | FJ7: 64.531639 | FK7: 64.848007 | FL7: 65.390353 | FM7: 65.797113 | FN7: 66.02309 | FO7: 66.05322 | FP7: 66.211405 | FQ7: 66.422317 | FR7: 66.979728 | FS7: 67.672726 | FT7: 67.695324 | FU7: 67.416618 | FV7: 67.461813 | FW7: 67.702856 | FX7: 68.124681 | FY7: 68.523908 | FZ7: 68.644429 | GA7: 68.975863 | GB7: 69.262101 | GC7: 69.736654 | GD7: 70.090685 | GE7: 70.376923 | GF7: 70.354325 | GG7: 70.361858 | GH7: 70.693292 | GI7: 70.889139 | GJ7: 71.160312 | GK7: 71.393822 | GL7: 71.552006 | GM7: 71.875907 | GN7: 72.049157 | GO7: 72.086819 | GP7: 72.260069 | GQ7: 72.38059 | GR7: 72.418253 | GS7: 72.267601 | GT7: 72.659296 | GU7: 72.832545 | GV7: 73.111251 | GW7: 73.292033 | GX7: 73.382424 | GY7: 73.096186 | GZ7: 73.269435 | HA7: 73.420087 | HB7: 73.307098 | HC7: 73.736455 | HD7: 73.804248 | HE7: 73.909705 | HF7: 74.248671 | HG7: 74.286334 | HH7: 74.436985 | HI7: 74.670495 | HJ7: 74.881408 | HK7: 74.956734 | HL7: 75.220374 | HM7: 75.35596 | HN7: 75.612068 | HO7: 75.883241 | HP7: 75.883241 | HQ7: 75.807915 | HR7: 75.890774 | HS7: 75.920904 | HT7: 76.282468 | HU7: 76.485848 | HV7: 76.945335 | HW7: 76.982998 | HX7: 77.156248 | HY7: 77.299367 | HZ7: 77.306899 | IA7: 77.939636 | IB7: 77.999897 | IC7: 78.082756 | ID7: 78.519645 | IE7: 78.873677 | IF7: 79.137317 | IG7: 79.099654 | IH7: 79.061991 | II7: 79.009263 | IJ7: 79.084589 | IK7: 79.190045 | IL7: 79.694728 | IM7: 80.237074 | IN7: 80.131618 | IO7: 80.402791 | IP7: 80.967735 | IQ7: 81.118386 | IR7: 81.41969 | IS7: 81.728526 | IT7: 81.946971 | IU7: 82.014764 | IV7: 82.677631 | IW7: 82.971402 | IX7: 83.950638 | IY7: 85.072993 | IZ7: 85.50235 | JA7: 86.165217 | JB7: 87.204714 | JC7: 87.453289 | JD7: 89.080327 | JE7: 90.323203 | JF7: 91.407895 | JG7: 92.259077 | JH7: 93.524551 | JI7: 94.661971 | JJ7: 95.47549 | JK7: 95.97264 | JL7: 96.90668 | JM7: 97.185386 | JN7: 97.961242 | JO7: 97.900981 | JP7: 98.963076 | JQ7: 99.271912 | JR7: 99.3849 | JS7: 99.234249 | JT7: 99.580747 | JU7: 99.693736 | JV7: 100.36414 | JW7: 100.80103 | JX7: 101.55428 | JY7: 101.01194 | JZ7: 101.72002 | KA7: 102.32004 | KB7: 102.7 | KC7: 103.24 | KD7: 103.52 | KE7: 103.42 | KF7: 104.19 | KG7: 104.45 | KH7: 104.54 | KI7: 105.56 | KJ7: 105.83 | KK7: 105.62
A8: IMF.STA:CPI(5.0.0) | B8: CHN.CPI._T.IX.M | C8: OBS_VALUE | D8: China, People's Republic of | E8: Consumer price index (CPI) | F8: All Items | G8: Index | H8: Monthly | I8: Units | J8: 64.357 | K8: 64.42136 | L8: 64.03484 | M8: 64.1629 | N8: 63.84209 | O8: 63.07598 | P8: 62.7606 | Q8: 62.82336 | R8: 63.38877 | S8: 63.57894 | T8: 63.45178 | U8: 63.51524 | V8: 63.70578 | W8: 64.40655 | X8: 63.56926 | Y8: 63.37855 | Z8: 63.18842 | AA8: 62.61972 | AB8: 62.18138 | AC8: 62.36793 | AD8: 62.99161 | AE8: 63.11759 | AF8: 63.05447 | AG8: 63.24364 | AH8: 63.93932 | AI8: 64.51477 | AJ8: 64.12768 | AK8: 63.99942 | AL8: 63.55143 | AM8: 62.78881 | AN8: 62.47487 | AO8: 62.91219 | AP8: 63.66714 | AQ8: 64.24014 | AR8: 64.88255 | AS8: 65.27184 | AT8: 65.98983 | AU8: 65.85785 | AV8: 66.05542 | AW8: 66.3857 | AX8: 66.31931 | AY8: 65.85508 | AZ8: 65.72337 | BA8: 66.18343 | BB8: 66.91145 | BC8: 66.91145 | BD8: 66.71072 | BE8: 66.77743 | BF8: 67.17809 | BG8: 68.3873 | BH8: 67.77181 | BI8: 67.5685 | BJ8: 67.43336 | BK8: 66.89389 | BL8: 66.89389 | BM8: 67.02768 | BN8: 67.49687 | BO8: 67.76686 | BP8: 67.56356 | BQ8: 67.83382 | BR8: 68.71565 | BS8: 69.05923 | BT8: 68.4377 | BU8: 68.57458 | BV8: 68.506 | BW8: 68.16347 | BX8: 67.95898 | BY8: 68.16286 | BZ8: 68.50367 | CA8: 68.57217 | CB8: 68.77789 | CC8: 69.74078 | CD8: 70.22897 | CE8: 70.93126 | CF8: 70.71846 | CG8: 70.64774 | CH8: 70.85969 | CI8: 71.14313 | CJ8: 71.78342 | CK8: 72.64481 | CL8: 72.86275 | CM8: 73.08134 | CN8: 73.59291 | CO8: 74.32883 | CP8: 75.22079 | CQ8: 77.17652 | CR8: 76.63628 | CS8: 76.71292 | CT8: 76.40607 | CU8: 76.25326 | CV8: 76.32951 | CW8: 76.25318 | CX8: 76.25318 | CY8: 76.02442 | CZ8: 75.41623 | DA8: 75.2654 | DB8: 75.94279 | DC8: 75.94279 | DD8: 75.71496 | DE8: 75.56353 | DF8: 75.33684 | DG8: 74.96015 | DH8: 74.96015 | DI8: 75.33495 | DJ8: 75.63628 | DK8: 75.56251 | DL8: 75.7899 | DM8: 76.54786 | DN8: 77.00264 | DO8: 77.93114 | DP8: 77.38162 | DQ8: 77.53953 | DR8: 77.46373 | DS8: 76.99632 | DT8: 77.30582 | DU8: 77.76691 | DV8: 78.23433 | DW8: 78.78385 | DX8: 79.64919 | DY8: 80.04712 | DZ8: 80.8493 | EA8: 81.8829 | EB8: 81.71854 | EC8: 81.80072 | ED8: 81.8829 | EE8: 82.12944 | EF8: 82.48972 | EG8: 82.72406 | EH8: 83.11464 | EI8: 83.19276 | EJ8: 83.03652 | EK8: 83.27087 | EL8: 84.52071 | EM8: 84.4426 | EN8: 84.59883 | EO8: 84.52071 | EP8: 84.28637 | EQ8: 83.81767 | ER8: 83.89579 | ES8: 84.44312 | ET8: 84.70231 | EU8: 84.61381 | EV8: 84.75506 | EW8: 85.37871 | EX8: 86.23212 | EY8: 87.18035 | EZ8: 86.39648 | FA8: 86.56728 | FB8: 86.04879 | FC8: 86.04879 | FD8: 86.13388 | FE8: 86.56716 | FF8: 87.2571 | FG8: 87.34471 | FH8: 87.25703 | FI8: 87.51881 | FJ8: 88.39396 | FK8: 88.8422 | FL8: 88.39396 | FM8: 88.03536 | FN8: 88.12501 | FO8: 88.03536 | FP8: 88.03536 | FQ8: 88.21466 | FR8: 88.6629 | FS8: 88.6629 | FT8: 88.39396 | FU8: 88.75256 | FV8: 89.0215 | FW8: 90.09729 | FX8: 89.55939 | FY8: 89.3801 | FZ8: 89.2008 | GA8: 89.2008 | GB8: 89.55939 | GC8: 90.00764 | GD8: 90.09729 | GE8: 89.73869 | GF8: 89.73869 | GG8: 90.18694 | GH8: 90.63519 | GI8: 92.06957 | GJ8: 91.62132 | GK8: 91.44202 | GL8: 91.08343 | GM8: 90.90413 | GN8: 91.08343 | GO8: 91.17308 | GP8: 91.80062 | GQ8: 91.71098 | GR8: 91.80062 | GS8: 91.97992 | GT8: 92.96606 | GU8: 92.78676 | GV8: 92.51781 | GW8: 92.51781 | GX8: 92.60746 | GY8: 92.42816 | GZ8: 92.33852 | HA8: 92.78676 | HB8: 93.32465 | HC8: 93.41431 | HD8: 93.41431 | HE8: 93.68325 | HF8: 94.3108 | HG8: 95.47623 | HH8: 94.40044 | HI8: 94.22115 | HJ8: 94.04185 | HK8: 94.04185 | HL8: 94.3108 | HM8: 94.93834 | HN8: 95.56588 | HO8: 95.74518 | HP8: 95.38658 | HQ8: 95.47623 | HR8: 95.92448 | HS8: 96.91061 | HT8: 96.55202 | HU8: 96.64167 | HV8: 96.64167 | HW8: 96.55202 | HX8: 96.91061 | HY8: 97.62781 | HZ8: 98.43465 | IA8: 99.33114 | IB8: 99.68974 | IC8: 99.68974 | ID8: 101.1241 | IE8: 101.931 | IF8: 100.6759 | IG8: 99.77939 | IH8: 98.97254 | II8: 98.97254 | IJ8: 98.61395 | IK8: 99.95869 | IL8: 100.138 | IM8: 99.86903 | IN8: 99.24149 | IO8: 99.95869 | IP8: 100.9 | IQ8: 101.5 | IR8: 101 | IS8: 100.7 | IT8: 100.6 | IU8: 100.2 | IV8: 100.5 | IW8: 100.6 | IX8: 100.6 | IY8: 101.3 | IZ8: 101.7 | JA8: 101.4 | JB8: 101.9 | JC8: 102.5 | JD8: 102.5 | JE8: 102.9 | JF8: 102.7 | JG8: 102.7 | JH8: 103.2 | JI8: 103.1 | JJ8: 103.4 | JK8: 103.5 | JL8: 103.3 | JM8: 103.2 | JN8: 104 | JO8: 103.5 | JP8: 103.2 | JQ8: 103 | JR8: 102.9 | JS8: 102.7 | JT8: 102.9 | JU8: 103.2 | JV8: 103.4 | JW8: 103.3 | JX8: 102.8 | JY8: 102.9 | JZ8: 103.1 | KA8: 104.2 | KB8: 103.3 | KC8: 103.2 | KD8: 103.2 | KE8: 102.9 | KF8: 103.4 | KG8: 103.8 | KH8: 103.8 | KI8: 103.6 | KJ8: 103 | KK8: 103
A9: IMF.STA:CPI(5.0.0) | B9: COL.CPI._T.IX.M | C9: OBS_VALUE | D9: Colombia | E9: Consumer price index (CPI) | F9: All Items | G9: Index | H9: Monthly | I9: Units | J9: 43.72165 | K9: 44.55224 | L9: 45.20835 | M9: 45.72485 | N9: 45.92029 | O9: 45.94123 | P9: 45.99009 | Q9: 46.10875 | R9: 46.27626 | S9: 46.367 | T9: 46.41586 | U9: 46.57639 | V9: 46.94632 | W9: 47.53961 | X9: 47.87464 | Y9: 48.31437 | Z9: 48.60054 | AA9: 48.80994 | AB9: 48.81692 | AC9: 48.86578 | AD9: 49.04027 | AE9: 49.31947 | AF9: 49.69638 | AG9: 49.83598 | AH9: 50.4153 | AI9: 50.98067 | AJ9: 51.51113 | AK9: 52.10442 | AL9: 52.35569 | AM9: 52.32777 | AN9: 52.251 | AO9: 52.41851 | AP9: 52.53019 | AQ9: 52.56509 | AR9: 52.74656 | AS9: 53.06763 | AT9: 53.53528 | AU9: 54.17743 | AV9: 54.71487 | AW9: 54.95917 | AX9: 55.16856 | AY9: 55.50359 | AZ9: 55.48964 | BA9: 55.50359 | BB9: 55.67111 | BC9: 55.66413 | BD9: 55.81769 | BE9: 55.9852 | BF9: 56.44587 | BG9: 57.0252 | BH9: 57.46493 | BI9: 57.7162 | BJ9: 57.95351 | BK9: 58.18385 | BL9: 58.21177 | BM9: 58.21177 | BN9: 58.46304 | BO9: 58.59566 | BP9: 58.66546 | BQ9: 58.70036 | BR9: 59.02143 | BS9: 59.40532 | BT9: 59.82411 | BU9: 60.09632 | BV9: 60.29176 | BW9: 60.47323 | BX9: 60.72451 | BY9: 60.96182 | BZ9: 61.13631 | CA9: 61.04558 | CB9: 61.19215 | CC9: 61.33175 | CD9: 61.7994 | CE9: 62.5253 | CF9: 63.2861 | CG9: 63.85147 | CH9: 64.04691 | CI9: 64.12368 | CJ9: 64.22838 | CK9: 64.14462 | CL9: 64.19348 | CM9: 64.20046 | CN9: 64.50758 | CO9: 64.82166 | CP9: 65.50569 | CQ9: 66.49683 | CR9: 67.03427 | CS9: 67.5089 | CT9: 68.13708 | CU9: 68.73037 | CV9: 69.05842 | CW9: 69.19104 | CX9: 69.05842 | CY9: 69.29574 | CZ9: 69.49117 | DA9: 69.79829 | DB9: 70.21009 | DC9: 70.7964 | DD9: 71.15237 | DE9: 71.37572 | DF9: 71.38969 | DG9: 71.3478 | DH9: 71.31989 | DI9: 71.35478 | DJ9: 71.27801 | DK9: 71.18029 | DL9: 71.13841 | DM9: 71.19425 | DN9: 71.68284 | DO9: 72.27612 | DP9: 72.4576 | DQ9: 72.79263 | DR9: 72.86941 | DS9: 72.95316 | DT9: 72.91827 | DU9: 73.00202 | DV9: 72.9043 | DW9: 72.84149 | DX9: 72.98109 | DY9: 73.45571 | DZ9: 74.1188 | EA9: 74.56551 | EB9: 74.76792 | EC9: 74.85866 | ED9: 75.06805 | EE9: 75.31235 | EF9: 75.41705 | EG9: 75.38912 | EH9: 75.62644 | EI9: 75.76604 | EJ9: 75.87074 | EK9: 76.1918 | EL9: 76.75019 | EM9: 77.21784 | EN9: 77.30858 | EO9: 77.42026 | EP9: 77.65059 | EQ9: 77.72039 | ER9: 77.69945 | ES9: 77.73434 | ET9: 77.9577 | EU9: 78.08334 | EV9: 77.97865 | EW9: 78.04844 | EX9: 78.27878 | EY9: 78.62777 | EZ9: 78.7883 | FA9: 78.98373 | FB9: 79.20709 | FC9: 79.39555 | FD9: 79.43044 | FE9: 79.49326 | FF9: 79.73058 | FG9: 79.52119 | FH9: 79.34669 | FI9: 79.55608 | FJ9: 79.94695 | FK9: 80.4495 | FL9: 80.7636 | FM9: 81.13352 | FN9: 81.53137 | FO9: 81.60117 | FP9: 81.72681 | FQ9: 81.89433 | FR9: 82.006 | FS9: 82.13862 | FT9: 82.2503 | FU9: 82.46667 | FV9: 82.99714 | FW9: 83.95338 | FX9: 84.44196 | FY9: 84.89565 | FZ9: 85.119 | GA9: 85.20975 | GB9: 85.37028 | GC9: 85.78209 | GD9: 86.39632 | GE9: 86.98262 | GF9: 87.50611 | GG9: 88.05054 | GH9: 89.18825 | GI9: 90.32596 | GJ9: 91.1775 | GK9: 91.63119 | GL9: 92.09883 | GM9: 92.53857 | GN9: 93.02017 | GO9: 92.72702 | GP9: 92.67816 | GQ9: 92.62232 | GR9: 92.72702 | GS9: 93.11091 | GT9: 94.06715 | GU9: 95.00942 | GV9: 95.45613 | GW9: 95.90284 | GX9: 96.11922 | GY9: 96.2309 | GZ9: 96.18204 | HA9: 96.31465 | HB9: 96.35653 | HC9: 96.37049 | HD9: 96.54498 | HE9: 96.91492 | HF9: 97.52216 | HG9: 98.21317 | HH9: 98.45048 | HI9: 98.90417 | HJ9: 99.15544 | HK9: 99.309 | HL9: 99.18336 | HM9: 99.30202 | HN9: 99.46255 | HO9: 99.58121 | HP9: 99.69987 | HQ9: 100 | HR9: 100.5985 | HS9: 101.1768 | HT9: 101.6162 | HU9: 102.1201 | HV9: 102.4414 | HW9: 102.7153 | HX9: 102.9402 | HY9: 103.0274 | HZ9: 103.2627 | IA9: 103.4265 | IB9: 103.5351 | IC9: 103.8043 | ID9: 104.2425 | IE9: 104.9406 | IF9: 105.534 | IG9: 105.6996 | IH9: 105.363 | II9: 104.9666 | IJ9: 104.9681 | IK9: 104.9623 | IL9: 105.2944 | IM9: 105.2346 | IN9: 105.0772 | IO9: 105.476 | IP9: 105.9075 | IQ9: 106.5809 | IR9: 107.1239 | IS9: 107.7584 | IT9: 108.8354 | IU9: 108.7819 | IV9: 109.1354 | IW9: 109.6237 | IX9: 110.0433 | IY9: 110.058 | IZ9: 110.6031 | JA9: 111.4066 | JB9: 113.2623 | JC9: 115.1129 | JD9: 116.2593 | JE9: 117.7089 | JF9: 118.7032 | JG9: 119.3053 | JH9: 120.2736 | JI9: 121.5025 | JJ9: 122.6321 | JK9: 123.509 | JL9: 124.4633 | JM9: 126.0259 | JN9: 128.2718 | JO9: 130.3988 | JP9: 131.7733 | JQ9: 132.8026 | JR9: 133.3753 | JS9: 133.7765 | JT9: 134.4477 | JU9: 135.387 | JV9: 136.1147 | JW9: 136.4511 | JX9: 137.0947 | JY9: 137.7161 | JZ9: 138.9781 | KA9: 140.4882 | KB9: 141.4753 | KC9: 142.3156 | KD9: 142.9208 | KE9: 143.385 | KF9: 143.6709 | KG9: 143.6733 | KH9: 144.0213 | KI9: 143.8278 | KJ9: 144.22 | KK9: 144.8816
A10: IMF.STA:CPI(5.0.0) | B10: DNK.CPI._T.IX.M | C10: OBS_VALUE | D10: Denmark | E10: Consumer price index (CPI) | F10: All Items | G10: Index | H10: Monthly | I10: Units | J10: 76.7 | K10: 77.3 | L10: 77.7 | M10: 78 | N10: 78.4 | O10: 78.3 | P10: 78.1 | Q10: 78.1 | R10: 78.4 | S10: 78.5 | T10: 78.3 | U10: 78.5 | V10: 78.6 | W10: 79.2 | X10: 79.7 | Y10: 80 | Z10: 80 | AA10: 80 | AB10: 79.8 | AC10: 79.9 | AD10: 80.3 | AE10: 80.5 | AF10: 80.5 | AG10: 80.5 | AH10: 80.6 | AI10: 81.4 | AJ10: 82 | AK10: 81.9 | AL10: 81.8 | AM10: 81.8 | AN10: 81.3 | AO10: 81.3 | AP10: 81.8 | AQ10: 81.6 | AR10: 81.8 | AS10: 81.6 | AT10: 81.6 | AU10: 82.2 | AV10: 82.5 | AW10: 82.6 | AX10: 82.9 | AY10: 82.7 | AZ10: 82.4 | BA10: 82.2 | BB10: 82.7 | BC10: 83 | BD10: 82.8 | BE10: 82.6 | BF10: 82.4 | BG10: 83.2 | BH10: 83.7 | BI10: 84.1 | BJ10: 84.1 | BK10: 84.2 | BL10: 84.1 | BM10: 84.1 | BN10: 84.7 | BO10: 84.7 | BP10: 84.4 | BQ10: 84.5 | BR10: 84.2 | BS10: 85 | BT10: 85.3 | BU10: 85.7 | BV10: 85.8 | BW10: 86 | BX10: 85.8 | BY10: 85.8 | BZ10: 86.1 | CA10: 86 | CB10: 85.9 | CC10: 86 | CD10: 85.7 | CE10: 86.6 | CF10: 87 | CG10: 87.1 | CH10: 87.3 | CI10: 87.2 | CJ10: 86.8 | CK10: 86.6 | CL10: 87.2 | CM10: 87.5 | CN10: 88 | CO10: 88 | CP10: 88.2 | CQ10: 89.3 | CR10: 89.7 | CS10: 90 | CT10: 90.3 | CU10: 90.5 | CV10: 90.3 | CW10: 90.4 | CX10: 90.8 | CY10: 90.7 | CZ10: 90.4 | DA10: 90.1 | DB10: 89.8 | DC10: 90.9 | DD10: 91.2 | DE10: 91.1 | DF10: 91.4 | DG10: 91.6 | DH10: 91.2 | DI10: 91.4 | DJ10: 91.6 | DK10: 91.6 | DL10: 91.6 | DM10: 91.4 | DN10: 91.6 | DO10: 92.7 | DP10: 93.3 | DQ10: 93.4 | DR10: 93.4 | DS10: 93.3 | DT10: 93.2 | DU10: 93.6 | DV10: 93.9 | DW10: 93.8 | DX10: 93.9 | DY10: 94 | DZ10: 94.1 | EA10: 95.2 | EB10: 95.8 | EC10: 96.2 | ED10: 96.3 | EE10: 96.1 | EF10: 96 | EG10: 96 | EH10: 96.3 | EI10: 96.4 | EJ10: 96.3 | EK10: 96.3 | EL10: 96.7 | EM10: 97.8 | EN10: 98.3 | EO10: 98.3 | EP10: 98.4 | EQ10: 98.2 | ER10: 98.2 | ES10: 98.5 | ET10: 98.7 | EU10: 98.7 | EV10: 98.5 | EW10: 98.3 | EX10: 97.9 | EY10: 99 | EZ10: 99.3 | FA10: 99.1 | FB10: 99.2 | FC10: 99.1 | FD10: 98.8 | FE10: 98.9 | FF10: 99.2 | FG10: 99.3 | FH10: 99.1 | FI10: 99 | FJ10: 98.9 | FK10: 99.5 | FL10: 99.6 | FM10: 99.8 | FN10: 99.7 | FO10: 99.7 | FP10: 99.5 | FQ10: 99.4 | FR10: 99.7 | FS10: 99.8 | FT10: 99.6 | FU10: 99.4 | FV10: 98.8 | FW10: 99.8 | FX10: 100.2 | FY10: 100.3 | FZ10: 100.4 | GA10: 100.3 | GB10: 100.2 | GC10: 100 | GD10: 100.2 | GE10: 100.1 | GF10: 99.9 | GG10: 99.8 | GH10: 99.4 | GI10: 100.1 | GJ10: 100.2 | GK10: 100.3 | GL10: 100.5 | GM10: 100.6 | GN10: 100.5 | GO10: 100.2 | GP10: 100.2 | GQ10: 100.4 | GR10: 100.3 | GS10: 100.3 | GT10: 100.3 | GU10: 101.1 | GV10: 101.2 | GW10: 101.4 | GX10: 101.3 | GY10: 101.2 | GZ10: 102 | HA10: 101.7 | HB10: 101.8 | HC10: 101.9 | HD10: 101.6 | HE10: 101.3 | HF10: 101 | HG10: 101.7 | HH10: 101.7 | HI10: 102.2 | HJ10: 102.4 | HK10: 102.3 | HL10: 103.1 | HM10: 102.7 | HN10: 102.4 | HO10: 102.7 | HP10: 102.4 | HQ10: 102.1 | HR10: 102.3 | HS10: 102.8 | HT10: 102.9 | HU10: 103.2 | HV10: 103.1 | HW10: 102.9 | HX10: 103.5 | HY10: 103.1 | HZ10: 102.9 | IA10: 103.3 | IB10: 103.1 | IC10: 102.9 | ID10: 103 | IE10: 103.6 | IF10: 103.3 | IG10: 103.2 | IH10: 103.1 | II10: 103.2 | IJ10: 104 | IK10: 103.6 | IL10: 103.5 | IM10: 103.7 | IN10: 103.6 | IO10: 103.4 | IP10: 103.6 | IQ10: 104.2 | IR10: 104.3 | IS10: 104.7 | IT10: 104.9 | IU10: 105 | IV10: 105.7 | IW10: 105.5 | IX10: 105.8 | IY10: 106.8 | IZ10: 107.1 | JA10: 106.6 | JB10: 108.1 | JC10: 109.2 | JD10: 109.9 | JE10: 111.7 | JF10: 112.7 | JG10: 113.6 | JH10: 114.9 | JI10: 114.9 | JJ10: 116.4 | JK10: 117.6 | JL10: 116.6 | JM10: 115.9 | JN10: 116.4 | JO10: 117.5 | JP10: 117.3 | JQ10: 117.6 | JR10: 116 | JS10: 116.4 | JT10: 118.5 | JU10: 117.7 | JV10: 117.4 | JW10: 117.7 | JX10: 117.3 | JY10: 116.7 | JZ10: 117.8 | KA10: 118.4 | KB10: 118.4 | KC10: 118.5 | KD10: 118.5 | KE10: 118.5 | KF10: 119.8 | KG10: 119.3 | KH10: 118.9 | KI10: 119.6 | KJ10: 119.2 | KK10: 118.9
A11: IMF.STA:CPI(5.0.0) | B11: DNK.HICP._T.IX.M | C11: OBS_VALUE | D11: Denmark | E11: Harmonised index of consumer prices (HICP) | F11: All Items | G11: Index | H11: Monthly | I11: Units | J11: 78 | K11: 78.4 | L11: 78.8 | M11: 79.3 | N11: 79.7 | O11: 79.6 | P11: 79.3 | Q11: 79.2 | R11: 79.7 | S11: 79.7 | T11: 79.6 | U11: 79.7 | V11: 79.8 | W11: 80.3 | X11: 80.8 | Y11: 81.2 | Z11: 81.3 | AA11: 81.3 | AB11: 81 | AC11: 81.1 | AD11: 81.6 | AE11: 81.8 | AF11: 81.8 | AG11: 81.8 | AH11: 81.9 | AI11: 82.5 | AJ11: 83.2 | AK11: 83.1 | AL11: 83 | AM11: 82.9 | AN11: 82.4 | AO11: 82.4 | AP11: 83 | AQ11: 82.8 | AR11: 82.9 | AS11: 82.8 | AT11: 82.7 | AU11: 83.1 | AV11: 83.5 | AW11: 83.6 | AX11: 83.9 | AY11: 83.7 | AZ11: 83.4 | BA11: 83.1 | BB11: 83.7 | BC11: 84.1 | BD11: 83.8 | BE11: 83.6 | BF11: 83.4 | BG11: 84 | BH11: 84.6 | BI11: 85 | BJ11: 85 | BK11: 85.1 | BL11: 85 | BM11: 85 | BN11: 85.8 | BO11: 85.7 | BP11: 85.4 | BQ11: 85.5 | BR11: 85.1 | BS11: 85.8 | BT11: 86.1 | BU11: 86.6 | BV11: 86.7 | BW11: 86.9 | BX11: 86.7 | BY11: 86.7 | BZ11: 87 | CA11: 86.9 | CB11: 86.9 | CC11: 86.9 | CD11: 86.6 | CE11: 87.4 | CF11: 87.8 | CG11: 88 | CH11: 88.2 | CI11: 88 | CJ11: 87.6 | CK11: 87.4 | CL11: 88 | CM11: 88.4 | CN11: 89.1 | CO11: 89 | CP11: 89.3 | CQ11: 90.2 | CR11: 90.7 | CS11: 91 | CT11: 91.4 | CU11: 91.7 | CV11: 91.4 | CW11: 91.6 | CX11: 92 | CY11: 91.8 | CZ11: 91.6 | DA11: 91.2 | DB11: 90.8 | DC11: 91.7 | DD11: 92.1 | DE11: 92 | DF11: 92.3 | DG11: 92.5 | DH11: 92 | DI11: 92.3 | DJ11: 92.4 | DK11: 92.5 | DL11: 92.5 | DM11: 92.2 | DN11: 92.5 | DO11: 93.4 | DP11: 94 | DQ11: 94.2 | DR11: 94.2 | DS11: 94 | DT11: 94 | DU11: 94.4 | DV11: 94.8 | DW11: 94.6 | DX11: 94.7 | DY11: 94.8 | DZ11: 94.9 | EA11: 95.8 | EB11: 96.4 | EC11: 96.9 | ED11: 97 | EE11: 96.8 | EF11: 96.7 | EG11: 96.7 | EH11: 97 | EI11: 97.2 | EJ11: 97.1 | EK11: 97.1 | EL11: 97.5 | EM11: 98.4 | EN11: 99 | EO11: 99 | EP11: 99 | EQ11: 98.9 | ER11: 98.8 | ES11: 99.2 | ET11: 99.5 | EU11: 99.4 | EV11: 99.3 | EW11: 98.9 | EX11: 98.4 | EY11: 99.5 | EZ11: 99.7 | FA11: 99.5 | FB11: 99.7 | FC11: 99.5 | FD11: 99.2 | FE11: 99.3 | FF11: 99.6 | FG11: 99.8 | FH11: 99.5 | FI11: 99.4 | FJ11: 99.2 | FK11: 99.8 | FL11: 99.9 | FM11: 100 | FN11: 100 | FO11: 99.9 | FP11: 99.7 | FQ11: 99.6 | FR11: 99.9 | FS11: 100 | FT11: 99.8 | FU11: 99.5 | FV11: 98.9 | FW11: 99.7 | FX11: 100.2 | FY11: 100.4 | FZ11: 100.4 | GA11: 100.3 | GB11: 100.2 | GC11: 99.9 | GD11: 100.2 | GE11: 100.1 | GF11: 99.9 | GG11: 99.8 | GH11: 99.3 | GI11: 99.8 | GJ11: 99.9 | GK11: 100.1 | GL11: 100.3 | GM11: 100.4 | GN11: 100.3 | GO11: 99.9 | GP11: 99.9 | GQ11: 100.2 | GR11: 100 | GS11: 100.1 | GT11: 100 | GU11: 100.7 | GV11: 100.8 | GW11: 101.1 | GX11: 101 | GY11: 100.8 | GZ11: 101.8 | HA11: 101.4 | HB11: 101.5 | HC11: 101.6 | HD11: 101.3 | HE11: 100.9 | HF11: 100.6 | HG11: 101.2 | HH11: 101.2 | HI11: 101.8 | HJ11: 102 | HK11: 101.9 | HL11: 102.7 | HM11: 102.2 | HN11: 102 | HO11: 102.3 | HP11: 102 | HQ11: 101.6 | HR11: 101.8 | HS11: 102.3 | HT11: 102.4 | HU11: 102.7 | HV11: 102.7 | HW11: 102.4 | HX11: 103.1 | HY11: 102.7 | HZ11: 102.4 | IA11: 102.9 | IB11: 102.6 | IC11: 102.4 | ID11: 102.6 | IE11: 103 | IF11: 102.7 | IG11: 102.6 | IH11: 102.5 | II11: 102.6 | IJ11: 103.5 | IK11: 103.1 | IL11: 102.9 | IM11: 103.2 | IN11: 103 | IO11: 102.8 | IP11: 103 | IQ11: 103.5 | IR11: 103.6 | IS11: 104.1 | IT11: 104.4 | IU11: 104.5 | IV11: 105.3 | IW11: 105 | IX11: 105.4 | IY11: 106.5 | IZ11: 106.9 | JA11: 106.3 | JB11: 108 | JC11: 109 | JD11: 109.8 | JE11: 111.8 | JF11: 113 | JG11: 114 | JH11: 115.4 | JI11: 115.4 | JJ11: 117.1 | JK11: 118.6 | JL11: 117.3 | JM11: 116.5 | JN11: 117.1 | JO11: 118 | JP11: 117.8 | JQ11: 118.1 | JR11: 116.3 | JS11: 116.7 | JT11: 119.1 | JU11: 118.1 | JV11: 117.8 | JW11: 118.1 | JX11: 117.6 | JY11: 117 | JZ11: 118.2 | KA11: 118.7 | KB11: 118.7 | KC11: 118.7 | KD11: 118.7 | KE11: 118.8 | KF11: 120.3 | KG11: 119.7 | KH11: 119.2 | KI11: 120 | KJ11: 119.5 | KK11: 119.1
A12: IMF.STA:CPI(5.0.0) | B12: DOM.CPI._T.IX.M | C12: OBS_VALUE | D12: Dominican Republic | E12: Consumer price index (CPI) | F12: All Items | G12: Index | H12: Monthly | I12: Units | J12: 25.307374 | K12: 25.341669 | L12: 25.234498 | M12: 25.390967 | N12: 25.457414 | O12: 25.313804 | P12: 25.253789 | Q12: 25.440266 | R12: 25.671756 | S12: 25.736058 | T12: 25.710337 | U12: 25.772496 | V12: 25.918249 | W12: 25.928966 | X12: 26.224758 | Y12: 26.402662 | Z12: 26.308352 | AA12: 26.33836 | AB12: 26.443387 | AC12: 26.679164 | AD12: 27.054262 | AE12: 27.840898 | AF12: 27.97379 | AG12: 28.481781 | AH12: 29.418456 | AI12: 30.588764 | AJ12: 31.131049 | AK12: 31.221073 | AL12: 31.594028 | AM12: 33.216598 | AN12: 34.431918 | AO12: 35.486481 | AP12: 36.020193 | AQ12: 36.954725 | AR12: 39.177453 | AS12: 40.630692 | AT12: 44.381679 | AU12: 49.375851 | AV12: 50.533298 | AW12: 50.884819 | AX12: 52.222314 | AY12: 53.261873 | AZ12: 53.589817 | BA12: 53.881322 | BB12: 53.270447 | BC12: 53.988493 | BD12: 53.09683 | BE12: 52.308051 | BF12: 52.719588 | BG12: 52.741022 | BH12: 52.70244 | BI12: 52.867484 | BJ12: 52.708871 | BK12: 52.738879 | BL12: 53.053961 | BM12: 53.763434 | BN12: 55.516752 | BO12: 56.134058 | BP12: 55.662505 | BQ12: 56.19836 | BR12: 57.068589 | BS12: 57 | BT12: 57.053585 | BU12: 57.392246 | BV12: 57.720189 | BW12: 58.157447 | BX12: 58.678299 | BY12: 58.789757 | BZ12: 58.142443 | CA12: 58.202459 | CB12: 58.575414 | CC12: 59.008386 | CD12: 59.559245 | CE12: 59.741436 | CF12: 60.212988 | CG12: 60.701688 | CH12: 61.346858 | CI12: 61.593352 | CJ12: 61.751965 | CK12: 61.355432 | CL12: 62.103486 | CM12: 62.399278 | CN12: 63.522431 | CO12: 64.246907 | CP12: 64.947806 | CQ12: 64.926371 | CR12: 66.036664 | CS12: 67.277705 | CT12: 67.502764 | CU12: 69.11033 | CV12: 70.229196 | CW12: 70.293498 | CX12: 71.157297 | CY12: 70.41353 | CZ12: 68.105065 | DA12: 67.149099 | DB12: 67.33772 | DC12: 67.543489 | DD12: 67.648516 | DE12: 67.74497 | DF12: 67.822134 | DG12: 69.288234 | DH12: 69.371827 | DI12: 69.963411 | DJ12: 70.040574 | DK12: 70.201331 | DL12: 70.951528 | DM12: 71.020118 | DN12: 71.952506 | DO12: 72.053247 | DP12: 72.672696 | DQ12: 72.93205 | DR12: 73.180686 | DS12: 73.056368 | DT12: 73.307148 | DU12: 73.467905 | DV12: 74.033768 | DW12: 74.533185 | DX12: 74.764675 | DY12: 75.45057 | DZ12: 74.513841 | EA12: 75.409532 | EB12: 76.280936 | EC12: 76.947736 | ED12: 77.11554 | EE12: 77.903778 | EF12: 78.566192 | EG12: 78.956233 | EH12: 79.124773 | EI12: 79.149281 | EJ12: 79.220451 | EK12: 79.309505 | EL12: 79.655417 | EM12: 79.93509 | EN12: 80.052847 | EO12: 80.060207 | EP12: 79.846772 | EQ12: 80.016048 | ER12: 79.854132 | ES12: 80.663713 | ET12: 81.186261 | EU12: 81.377616 | EV12: 81.892804 | EW12: 82.407992 | EX12: 83.445728 | EY12: 83.718042 | EZ12: 84.034514 | FA12: 83.982995 | FB12: 83.828439 | FC12: 83.857878 | FD12: 84.380426 | FE12: 84.939773 | FF12: 85.351923 | FG12: 85.234166 | FH12: 85.285685 | FI12: 85.602158 | FJ12: 85.800873 | FK12: 86.095266 | FL12: 86.544215 | FM12: 86.912207 | FN12: 86.926927 | FO12: 86.941646 | FP12: 87.258119 | FQ12: 87.596671 | FR12: 87.765947 | FS12: 87.692349 | FT12: 87.567232 | FU12: 86.956366 | FV12: 86.79445 | FW12: 86.971085 | FX12: 87.096203 | FY12: 86.875408 | FZ12: 87.125642 | GA12: 87.478914 | GB12: 87.692349 | GC12: 87.972022 | GD12: 88.111859 | GE12: 88.766883 | GF12: 88.91408 | GG12: 88.995038 | GH12: 88.987678 | GI12: 88.48721 | GJ12: 88.47985 | GK12: 88.398892 | GL12: 88.619687 | GM12: 89.149595 | GN12: 89.318871 | GO12: 89.267352 | GP12: 89.304151 | GQ12: 89.576465 | GR12: 89.694222 | GS12: 90.503803 | GT12: 91.06315 | GU12: 91.445861 | GV12: 91.261865 | GW12: 91.504739 | GX12: 91.372263 | GY12: 91.423781 | GZ12: 91.585698 | HA12: 92.108245 | HB12: 92.697032 | HC12: 92.697032 | HD12: 93.403575 | HE12: 94.308834 | HF12: 94.581147 | HG12: 94.47811 | HH12: 94.831382 | HI12: 95.206733 | HJ12: 95.456967 | HK12: 95.655682 | HL12: 95.640963 | HM12: 95.670402 | HN12: 95.744 | HO12: 95.957435 | HP12: 95.618883 | HQ12: 95.412808 | HR12: 95.250892 | HS12: 95.604164 | HT12: 96.229749 | HU12: 96.737577 | HV12: 96.708138 | HW12: 96.531502 | HX12: 96.980451 | HY12: 97.311644 | HZ12: 97.679635 | IA12: 98.33466 | IB12: 98.702651 | IC12: 98.901366 | ID12: 99.225199 | IE12: 99.100082 | IF12: 98.584894 | IG12: 97.775313 | IH12: 97.664915 | II12: 99.328236 | IJ12: 101.19763 | IK12: 101.98513 | IL12: 102.596 | IM12: 103.276 | IN12: 103.893 | IO12: 104.394 | IP12: 105.404 | IQ12: 106.124 | IR12: 106.764 | IS12: 107.206 | IT12: 107.901 | IU12: 108.585 | IV12: 109.168 | IW12: 110.04 | IX12: 110.535 | IY12: 111.244 | IZ12: 112.446 | JA12: 113.263 | JB12: 114.602 | JC12: 115.658 | JD12: 116.431 | JE12: 117.544 | JF12: 118.122 | JG12: 118.877 | JH12: 119.468 | JI12: 119.718 | JJ12: 120.07 | JK12: 120.405 | JL12: 120.966 | JM12: 122.128 | JN12: 122.903 | JO12: 123.035 | JP12: 123.299 | JQ12: 123.6 | JR12: 123.356 | JS12: 123.627 | JT12: 124.1884 | JU12: 124.8282 | JV12: 125.3654 | JW12: 125.6376 | JX12: 125.8094 | JY12: 126.4866 | JZ12: 126.9796 | KA12: 127.0946 | KB12: 127.4728 | KC12: 127.3478 | KD12: 127.2987 | KE12: 127.9079 | KF12: 128.5831 | KG12: 129.1021 | KH12: 129.4854 | KI12: 129.6056 | KJ12: 129.8098 | KK12: 130.722
A13: IMF.STA:CPI(5.0.0) | B13: ECU.CPI._T.IX.M | C13: OBS_VALUE | D13: Ecuador | E13: Consumer price index (CPI) | F13: All Items | G13: Index | H13: Monthly | I13: Units | J13: 49.468445 | K13: 50.909274 | L13: 52.026321 | M13: 52.922117 | N13: 53.008458 | O13: 53.262087 | P13: 53.3916 | Q13: 53.623644 | R13: 54.719105 | S13: 55.361272 | T13: 56.246275 | U13: 56.624021 | V13: 57.646091 | W13: 58.261277 | X13: 58.915316 | Y13: 59.796541 | Z13: 60.089024 | AA13: 60.31837 | AB13: 60.278437 | AC13: 60.541779 | AD13: 60.890924 | AE13: 61.283779 | AF13: 61.709552 | AG13: 61.921629 | AH13: 63.46121 | AI13: 63.946343 | AJ13: 64.30682 | AK13: 64.932259 | AL13: 65.047201 | AM13: 64.911752 | AN13: 64.933338 | AO13: 64.973271 | AP13: 65.487005 | AQ13: 65.488623 | AR13: 65.707176 | AS13: 65.680194 | AT13: 65.949473 | AU13: 66.401688 | AV13: 66.865775 | AW13: 67.302341 | AX13: 66.982336 | AY13: 66.776195 | AZ13: 66.364993 | BA13: 66.382801 | BB13: 66.534978 | BC13: 66.721692 | BD13: 67.001224 | BE13: 66.958053 | BF13: 67.121918 | BG13: 67.304613 | BH13: 67.481874 | BI13: 68.04696 | BJ13: 68.166119 | BK13: 68.214567 | BL13: 68.108353 | BM13: 68.008712 | BN13: 68.49608 | BO13: 68.735777 | BP13: 68.851363 | BQ13: 69.056665 | BR13: 69.386835 | BS13: 69.87796 | BT13: 70.333289 | BU13: 70.38145 | BV13: 70.284315 | BW13: 70.122692 | BX13: 70.143546 | BY13: 70.294099 | BZ13: 70.696813 | CA13: 70.943382 | CB13: 71.060782 | CC13: 71.038173 | CD13: 71.249075 | CE13: 71.297216 | CF13: 71.365551 | CG13: 71.358784 | CH13: 71.380284 | CI13: 71.656888 | CJ13: 71.956441 | CK13: 72.008932 | CL13: 72.520302 | CM13: 72.617999 | CN13: 72.979256 | CO13: 73.396432 | CP13: 74.234712 | CQ13: 74.935165 | CR13: 76.04391 | CS13: 77.198497 | CT13: 78.008168 | CU13: 78.598522 | CV13: 79.05926 | CW13: 79.225183 | CX13: 79.747573 | CY13: 79.772782 | CZ13: 79.644603 | DA13: 79.877734 | DB13: 80.442804 | DC13: 80.817792 | DD13: 81.699662 | DE13: 82.23477 | DF13: 82.227597 | DG13: 82.165439 | DH13: 82.105065 | DI13: 81.860631 | DJ13: 82.372647 | DK13: 82.567888 | DL13: 82.84512 | DM13: 83.321857 | DN13: 84.01399 | DO13: 84.300315 | DP13: 84.437662 | DQ13: 84.874474 | DR13: 84.888697 | DS13: 84.880883 | DT13: 84.897489 | DU13: 84.987929 | DV13: 85.206307 | DW13: 85.423004 | DX13: 85.65426 | DY13: 86.094838 | DZ13: 86.679584 | EA13: 87.160621 | EB13: 87.454201 | EC13: 88.171396 | ED13: 88.476337 | EE13: 88.511526 | EF13: 88.667149 | EG13: 89.098049 | EH13: 89.802691 | EI13: 90.11894 | EJ13: 90.392332 | EK13: 90.752037 | EL13: 91.266739 | EM13: 91.976326 | EN13: 92.804957 | EO13: 92.951585 | EP13: 92.771207 | EQ13: 92.933645 | ER13: 93.176413 | ES13: 93.445382 | ET13: 94.493759 | EU13: 94.575031 | EV13: 94.706818 | EW13: 94.53087 | EX13: 95.006193 | EY13: 95.181664 | EZ13: 95.598925 | FA13: 95.770053 | FB13: 95.561372 | FC13: 95.423009 | FD13: 95.405203 | FE13: 95.570817 | FF13: 96.113546 | FG13: 96.505951 | FH13: 96.886366 | FI13: 97.083526 | FJ13: 97.784188 | FK13: 97.891656 | FL13: 98.573258 | FM13: 98.864518 | FN13: 98.823861 | FO13: 98.926698 | FP13: 99.325737 | FQ13: 99.53375 | FR13: 100.14362 | FS13: 100.34671 | FT13: 100.52857 | FU13: 100.64393 | FV13: 101.23809 | FW13: 101.85807 | FX13: 102.27995 | FY13: 103.13628 | FZ13: 103.31886 | GA13: 103.73993 | GB13: 103.65746 | GC13: 103.6561 | GD13: 103.93019 | GE13: 103.83616 | GF13: 103.94768 | GG13: 104.04582 | GH13: 104.36644 | GI13: 104.51051 | GJ13: 104.65371 | GK13: 104.97455 | GL13: 105.00793 | GM13: 105.38476 | GN13: 105.29497 | GO13: 105.12332 | GP13: 105.2835 | GQ13: 105.1969 | GR13: 105.04411 | GS13: 105.21091 | GT13: 105.30329 | GU13: 105.51204 | GV13: 105.66 | GW13: 106.12 | GX13: 106.17 | GY13: 105.55 | GZ13: 105.4 | HA13: 105.42 | HB13: 105.25558 | HC13: 105.10349 | HD13: 104.81586 | HE13: 105 | HF13: 105.20405 | HG13: 105.36518 | HH13: 105.4323 | HI13: 105.28586 | HJ13: 105.09361 | HK13: 104.80541 | HL13: 104.8011 | HM13: 105.08353 | HN13: 105.49532 | HO13: 105.44573 | HP13: 105.17914 | HQ13: 105.28345 | HR13: 105.7735 | HS13: 105.53091 | HT13: 105.30776 | HU13: 105.48843 | HV13: 105.48399 | HW13: 105.44625 | HX13: 105.54256 | HY13: 105.43264 | HZ13: 105.42003 | IA13: 105.96898 | IB13: 105.22328 | IC13: 105.21467 | ID13: 105.45352 | IE13: 105.29068 | IF13: 105.49856 | IG13: 106.55632 | IH13: 106.27929 | II13: 105.62055 | IJ13: 104.97347 | IK13: 104.63351 | IL13: 104.4697 | IM13: 104.27197 | IN13: 104.26286 | IO13: 104.23303 | IP13: 104.3541 | IQ13: 104.44211 | IR13: 104.6253 | IS13: 104.99064 | IT13: 105.07814 | IU13: 104.89361 | IV13: 105.44557 | IW13: 105.56735 | IX13: 105.58391 | IY13: 105.80374 | IZ13: 106.18414 | JA13: 106.25585 | JB13: 107.02231 | JC13: 107.27113 | JD13: 107.39174 | JE13: 108.02927 | JF13: 108.63144 | JG13: 109.33561 | JH13: 109.51081 | JI13: 109.54213 | JJ13: 109.93309 | JK13: 110.06144 | JL13: 110.05371 | JM13: 110.22732 | JN13: 110.36024 | JO13: 110.38041 | JP13: 110.45214 | JQ13: 110.66887 | JR13: 110.76759 | JS13: 111.18154 | JT13: 111.78086 | JU13: 112.34308 | JV13: 112.38561 | JW13: 112.18891 | JX13: 111.74 | JY13: 111.72 | JZ13: 111.86 | KA13: 111.96 | KB13: 112.28144 | KC13: 113.71089 | KD13: 113.57536 | KE13: 112.49404 | KF13: 113.54068 | KG13: 113.78626 | KH13: 113.98681 | KI13: 113.7152 | KJ13: 113.42409 | KK13: 112.30626
A14: IMF.STA:CPI(5.0.0) | B14: EGY.CPI._T.IX.M | C14: OBS_VALUE | D14: Egypt, Arab Republic of | E14: Consumer price index (CPI) | F14: All Items | G14: Index | H14: Monthly | I14: Units | DN14: 33.906626 | DO14: 33.97357 | DP14: 34.1983 | DQ14: 34.430134 | DR14: 34.586274 | DS14: 34.732508 | DT14: 35.603202 | DU14: 36.619084 | DV14: 37.237653 | DW14: 37.747847 | DX14: 37.440159 | DY14: 37.185872 | DZ14: 37.565088 | EA14: 37.612018 | EB14: 38.126487 | EC14: 38.588421 | ED14: 38.667134 | EE14: 38.828137 | EF14: 39.293274 | EG14: 39.726421 | EH14: 40.295994 | EI14: 40.429499 | EJ14: 40.835282 | EK14: 40.73726 | EL14: 40.79646 | EM14: 41.06793 | EN14: 41.568056 | EO14: 41.975798 | EP14: 41.87638 | EQ14: 41.645255 | ER14: 41.804999 | ES14: 42.294887 | ET14: 42.802271 | EU14: 43.138865 | EV14: 42.572669 | EW14: 42.636712 | EX14: 43.35601 | EY14: 44.439451 | EZ14: 44.722746 | FA14: 45.380805 | FB14: 45.309475 | FC14: 45.707025 | FD14: 46.102028 | FE14: 46.416369 | FF14: 47.144619 | FG14: 47.644565 | FH14: 48.095372 | FI14: 47.606277 | FJ14: 48.282323 | FK14: 48.778828 | FL14: 49.029254 | FM14: 49.406685 | FN14: 49.044086 | FO14: 49.45511 | FP14: 51.192548 | FQ14: 51.751611 | FR14: 52.386607 | FS14: 53.283804 | FT14: 52.46592 | FU14: 52.427979 | FV14: 52.945633 | FW14: 53.930143 | FX14: 54.763508 | FY14: 54.823465 | FZ14: 55.475092 | GA14: 55.087248 | GB14: 55.480756 | GC14: 55.829699 | GD14: 57.211277 | GE14: 58.45311 | GF14: 58.278863 | GG14: 58.227181 | GH14: 58.291984 | GI14: 58.854637 | GJ14: 59.700461 | GK14: 60.45587 | GL14: 62.298425 | GM14: 62.782282 | GN14: 63.247701 | GO14: 64.466088 | GP14: 65.271415 | GQ14: 66.38134 | GR14: 69.600594 | GS14: 71.776231 | GT14: 74.694163 | GU14: 76.657335 | GV14: 78.155213 | GW14: 79.477538 | GX14: 80.807231 | GY14: 81.468313 | GZ14: 84.089225 | HA14: 85.040838 | HB14: 85.892112 | HC14: 86.8406 | HD14: 87.681388 | HE14: 87.495979 | HF14: 87.443211 | HG14: 87.693331 | HH14: 88.564467 | HI14: 89.908618 | HJ14: 90.057379 | HK14: 93.186968 | HL14: 95.449094 | HM14: 97.150304 | HN14: 99.608877 | HO14: 102.18938 | HP14: 101.40804 | HQ14: 97.969939 | HR14: 98.560348 | HS14: 100.27763 | HT14: 101.10699 | HU14: 101.60992 | HV14: 102.7446 | HW14: 101.92488 | HX14: 103.71428 | HY14: 104.39319 | HZ14: 104.36463 | IA14: 105.40428 | IB14: 105.08715 | IC14: 104.92597 | ID14: 105.62544 | IE14: 105.61168 | IF14: 106.25531 | IG14: 107.58526 | IH14: 107.56986 | II14: 107.6641 | IJ14: 108.07297 | IK14: 107.90713 | IL14: 108.21951 | IM14: 110.16828 | IN14: 111.07311 | IO14: 110.62144 | IP14: 110.1507 | IQ14: 110.31697 | IR14: 111 | IS14: 112 | IT14: 112.8 | IU14: 113 | IV14: 114 | IW14: 114 | IX14: 115.3 | IY14: 117.1 | IZ14: 117.2 | JA14: 117.1 | JB14: 118.1 | JC14: 120 | JD14: 122.7 | JE14: 126.7 | JF14: 128 | JG14: 127.8 | JH14: 129.5 | JI14: 130.6 | JJ14: 132.7 | JK14: 136.1 | JL14: 139.2 | JM14: 142.1 | JN14: 148.7 | JO14: 158.4 | JP14: 162.7 | JQ14: 165.4 | JR14: 169.9 | JS14: 173.5 | JT14: 176.7 | JU14: 179.5 | JV14: 183 | JW14: 184.9 | JX14: 187.3 | JY14: 189.9 | JZ14: 193 | KA14: 214.9 | KB14: 217 | KC14: 219.3 | KD14: 217.8 | KE14: 221.2 | KF14: 222.1 | KG14: 226.6 | KH14: 231.4 | KI14: 233.9 | KJ14: 235.1 | KK14: 235.6
A15: IMF.STA:CPI(5.0.0) | B15: FRA.CPI._T.IX.M | C15: OBS_VALUE | D15: France | E15: Consumer price index (CPI) | F15: All Items | G15: Index | H15: Monthly | I15: Units | J15: 80.13 | K15: 80.35 | L15: 80.71 | M15: 81.1 | N15: 81.6 | O15: 81.65 | P15: 81.48 | Q15: 81.48 | R15: 81.63 | S15: 81.68 | T15: 81.46 | U15: 81.56 | V15: 81.94 | W15: 82.04 | X15: 82.4 | Y15: 82.71 | Z15: 82.81 | AA15: 82.8 | AB15: 82.8 | AC15: 82.99 | AD15: 83.14 | AE15: 83.27 | AF15: 83.27 | AG15: 83.41 | AH15: 83.57 | AI15: 84.15 | AJ15: 84.49 | AK15: 84.37 | AL15: 84.27 | AM15: 84.43 | AN15: 84.34 | AO15: 84.54 | AP15: 84.86 | AQ15: 85.04 | AR15: 85.14 | AS15: 85.23 | AT15: 85.23 | AU15: 85.59 | AV15: 85.93 | AW15: 86.15 | AX15: 86.47 | AY15: 86.5 | AZ15: 86.36 | BA15: 86.55 | BB15: 86.63 | BC15: 86.85 | BD15: 86.9 | BE15: 87 | BF15: 86.52 | BG15: 87.05 | BH15: 87.6 | BI15: 87.77 | BJ15: 87.83 | BK15: 87.93 | BL15: 87.8 | BM15: 88.14 | BN15: 88.48 | BO15: 88.46 | BP15: 88.28 | BQ15: 88.39 | BR15: 88.3 | BS15: 88.64 | BT15: 88.89 | BU15: 89.27 | BV15: 89.65 | BW15: 89.65 | BX15: 89.5 | BY15: 89.8 | BZ15: 89.6 | CA15: 89.4 | CB15: 89.5 | CC15: 89.71 | CD15: 89.4 | CE15: 89.57 | CF15: 89.95 | CG15: 90.39 | CH15: 90.61 | CI15: 90.72 | CJ15: 90.49 | CK15: 90.86 | CL15: 90.96 | CM15: 91.19 | CN15: 91.69 | CO15: 92.03 | CP15: 91.92 | CQ15: 92.12 | CR15: 92.81 | CS15: 93.12 | CT15: 93.62 | CU15: 93.96 | CV15: 93.76 | CW15: 93.73 | CX15: 93.67 | CY15: 93.62 | CZ15: 93.18 | DA15: 92.95 | DB15: 92.57 | DC15: 92.92 | DD15: 93.09 | DE15: 93.24 | DF15: 93.38 | DG15: 93.5 | DH15: 93.08 | DI15: 93.56 | DJ15: 93.33 | DK15: 93.42 | DL15: 93.55 | DM15: 93.8 | DN15: 93.59 | DO15: 94.11 | DP15: 94.57 | DQ15: 94.81 | DR15: 94.92 | DS15: 94.91 | DT15: 94.64 | DU15: 94.86 | DV15: 94.79 | DW15: 94.91 | DX15: 95.02 | DY15: 95.45 | DZ15: 95.22 | EA15: 95.67 | EB15: 96.45 | EC15: 96.78 | ED15: 96.83 | EE15: 96.91 | EF15: 96.48 | EG15: 96.98 | EH15: 96.91 | EI15: 97.14 | EJ15: 97.41 | EK15: 97.8 | EL15: 97.46 | EM15: 97.86 | EN15: 98.67 | EO15: 98.8 | EP15: 98.75 | EQ15: 98.78 | ER15: 98.35 | ES15: 99 | ET15: 98.76 | EU15: 98.94 | EV15: 98.79 | EW15: 99.1 | EX15: 98.6 | EY15: 98.88 | EZ15: 99.63 | FA15: 99.48 | FB15: 99.54 | FC15: 99.7 | FD15: 99.4 | FE15: 99.86 | FF15: 99.63 | FG15: 99.5 | FH15: 99.46 | FI15: 99.8 | FJ15: 99.24 | FK15: 99.79 | FL15: 100.24 | FM15: 100.2 | FN15: 100.22 | FO15: 100.18 | FP15: 99.86 | FQ15: 100.3 | FR15: 99.92 | FS15: 99.95 | FT15: 99.78 | FU15: 99.86 | FV15: 98.86 | FW15: 99.52 | FX15: 100.17 | FY15: 100.28 | FZ15: 100.52 | GA15: 100.44 | GB15: 100.03 | GC15: 100.35 | GD15: 99.95 | GE15: 100.01 | GF15: 99.82 | GG15: 100.04 | GH15: 99.08 | GI15: 99.33 | GJ15: 100.02 | GK15: 100.09 | GL15: 100.5 | GM15: 100.63 | GN15: 100.25 | GO15: 100.58 | GP15: 100.34 | GQ15: 100.37 | GR15: 100.35 | GS15: 100.65 | GT15: 100.41 | GU15: 100.53 | GV15: 101.17 | GW15: 101.26 | GX15: 101.31 | GY15: 101.32 | GZ15: 100.97 | HA15: 101.49 | HB15: 101.33 | HC15: 101.43 | HD15: 101.53 | HE15: 101.85 | HF15: 101.75 | HG15: 101.72 | HH15: 102.75 | HI15: 102.92 | HJ15: 103.36 | HK15: 103.37 | HL15: 103.28 | HM15: 103.78 | HN15: 103.56 | HO15: 103.67 | HP15: 103.45 | HQ15: 103.47 | HR15: 103.01 | HS15: 103.06 | HT15: 103.89 | HU15: 104.22 | HV15: 104.33 | HW15: 104.58 | HX15: 104.38 | HY15: 104.86 | HZ15: 104.5 | IA15: 104.46 | IB15: 104.52 | IC15: 104.98 | ID15: 104.54 | IE15: 104.53 | IF15: 104.59 | IG15: 104.56 | IH15: 104.71 | II15: 104.79 | IJ15: 105.19 | IK15: 105.09 | IL15: 104.55 | IM15: 104.51 | IN15: 104.73 | IO15: 104.96 | IP15: 105.12 | IQ15: 105.12 | IR15: 105.75 | IS15: 105.86 | IT15: 106.2 | IU15: 106.34 | IV15: 106.4 | IW15: 107.05 | IX15: 106.81 | IY15: 107.25 | IZ15: 107.64 | JA15: 107.85 | JB15: 108.12 | JC15: 108.94 | JD15: 110.49 | JE15: 110.97 | JF15: 111.72 | JG15: 112.55 | JH15: 112.87 | JI15: 113.38 | JJ15: 112.74 | JK15: 113.9 | JL15: 114.26 | JM15: 114.16 | JN15: 114.6 | JO15: 115.78 | JP15: 116.79 | JQ15: 117.5 | JR15: 117.44 | JS15: 117.65 | JT15: 117.71 | JU15: 118.89 | JV15: 118.26 | JW15: 118.43 | JX15: 118.23 | JY15: 118.39 | JZ15: 118.19 | KA15: 119.21 | KB15: 119.47 | KC15: 120.07 | KD15: 120.11 | KE15: 120.2 | KF15: 120.42 | KG15: 121.06 | KH15: 119.56 | KI15: 119.89 | KJ15: 119.72 | KK15: 119.95
A16: IMF.STA:CPI(5.0.0) | B16: FRA.HICP._T.IX.M | C16: OBS_VALUE | D16: France | E16: Harmonised index of consumer prices (HICP) | F16: All Items | G16: Index | H16: Monthly | I16: Units | J16: 78.47 | K16: 78.69 | L16: 79.07 | M16: 79.48 | N16: 79.99 | O16: 80.05 | P16: 79.87 | Q16: 79.87 | R16: 80.03 | S16: 80.08 | T16: 79.87 | U16: 79.98 | V16: 80.37 | W16: 80.45 | X16: 80.8 | Y16: 81.13 | Z16: 81.24 | AA16: 81.2 | AB16: 81.13 | AC16: 81.31 | AD16: 81.47 | AE16: 81.61 | AF16: 81.56 | AG16: 81.7 | AH16: 81.87 | AI16: 82.51 | AJ16: 82.85 | AK16: 82.72 | AL16: 82.67 | AM16: 82.83 | AN16: 82.73 | AO16: 82.94 | AP16: 83.3 | AQ16: 83.48 | AR16: 83.56 | AS16: 83.66 | AT16: 83.68 | AU16: 84.06 | AV16: 84.44 | AW16: 84.67 | AX16: 85.01 | AY16: 85.04 | AZ16: 84.87 | BA16: 85.08 | BB16: 85.16 | BC16: 85.39 | BD16: 85.43 | BE16: 85.54 | BF16: 85.06 | BG16: 85.63 | BH16: 86.22 | BI16: 86.37 | BJ16: 86.43 | BK16: 86.54 | BL16: 86.39 | BM16: 86.75 | BN16: 87.13 | BO16: 87.12 | BP16: 86.93 | BQ16: 87.04 | BR16: 86.97 | BS16: 87.31 | BT16: 87.69 | BU16: 88.08 | BV16: 88.46 | BW16: 88.46 | BX16: 88.29 | BY16: 88.58 | BZ16: 88.4 | CA16: 88.19 | CB16: 88.3 | CC16: 88.51 | CD16: 88.17 | CE16: 88.36 | CF16: 88.77 | CG16: 89.25 | CH16: 89.48 | CI16: 89.61 | CJ16: 89.32 | CK16: 89.7 | CL16: 89.83 | CM16: 90.08 | CN16: 90.62 | CO16: 90.99 | CP16: 90.98 | CQ16: 91.18 | CR16: 91.91 | CS16: 92.26 | CT16: 92.79 | CU16: 93.18 | CV16: 92.93 | CW16: 92.87 | CX16: 92.84 | CY16: 92.79 | CZ16: 92.32 | DA16: 92.07 | DB16: 91.67 | DC16: 92.06 | DD16: 92.24 | DE16: 92.39 | DF16: 92.52 | DG16: 92.65 | DH16: 92.19 | DI16: 92.7 | DJ16: 92.49 | DK16: 92.59 | DL16: 92.74 | DM16: 93.01 | DN16: 92.79 | DO16: 93.36 | DP16: 93.85 | DQ16: 94.14 | DR16: 94.27 | DS16: 94.26 | DT16: 93.95 | DU16: 94.19 | DV16: 94.15 | DW16: 94.29 | DX16: 94.41 | DY16: 94.88 | DZ16: 94.6 | EA16: 95.07 | EB16: 95.9 | EC16: 96.24 | ED16: 96.31 | EE16: 96.39 | EF16: 95.91 | EG16: 96.46 | EH16: 96.43 | EI16: 96.69 | EJ16: 96.99 | EK16: 97.41 | EL16: 97.03 | EM16: 97.49 | EN16: 98.39 | EO16: 98.56 | EP16: 98.51 | EQ16: 98.56 | ER16: 98.05 | ES16: 98.76 | ET16: 98.51 | EU16: 98.71 | EV16: 98.54 | EW16: 98.9 | EX16: 98.34 | EY16: 98.65 | EZ16: 99.46 | FA16: 99.35 | FB16: 99.39 | FC16: 99.57 | FD16: 99.22 | FE16: 99.72 | FF16: 99.52 | FG16: 99.39 | FH16: 99.35 | FI16: 99.73 | FJ16: 99.09 | FK16: 99.7 | FL16: 100.21 | FM16: 100.18 | FN16: 100.21 | FO16: 100.16 | FP16: 99.78 | FQ16: 100.26 | FR16: 99.89 | FS16: 99.92 | FT16: 99.75 | FU16: 99.82 | FV16: 98.7 | FW16: 99.42 | FX16: 100.17 | FY16: 100.3 | FZ16: 100.56 | GA16: 100.49 | GB16: 100 | GC16: 100.36 | GD16: 99.99 | GE16: 100.07 | GF16: 99.86 | GG16: 100.09 | GH16: 99.02 | GI16: 99.31 | GJ16: 100.09 | GK16: 100.18 | GL16: 100.65 | GM16: 100.8 | GN16: 100.39 | GO16: 100.74 | GP16: 100.5 | GQ16: 100.54 | GR16: 100.55 | GS16: 100.9 | GT16: 100.57 | GU16: 100.73 | GV16: 101.47 | GW16: 101.57 | GX16: 101.59 | GY16: 101.58 | GZ16: 101.17 | HA16: 101.74 | HB16: 101.58 | HC16: 101.7 | HD16: 101.8 | HE16: 102.16 | HF16: 102.06 | HG16: 102.05 | HH16: 103.22 | HI16: 103.43 | HJ16: 103.92 | HK16: 103.93 | HL16: 103.8 | HM16: 104.35 | HN16: 104.12 | HO16: 104.24 | HP16: 104 | HQ16: 104.1 | HR16: 103.52 | HS16: 103.64 | HT16: 104.55 | HU16: 104.93 | HV16: 105.06 | HW16: 105.35 | HX16: 105.11 | HY16: 105.67 | HZ16: 105.28 | IA16: 105.2 | IB16: 105.27 | IC16: 105.78 | ID16: 105.24 | IE16: 105.27 | IF16: 105.34 | IG16: 105.32 | IH16: 105.49 | II16: 105.58 | IJ16: 106.01 | IK16: 105.89 | IL16: 105.3 | IM16: 105.27 | IN16: 105.5 | IO16: 105.75 | IP16: 106.03 | IQ16: 106.07 | IR16: 106.8 | IS16: 107.02 | IT16: 107.38 | IU16: 107.57 | IV16: 107.64 | IW16: 108.38 | IX16: 108.16 | IY16: 108.64 | IZ16: 109.09 | JA16: 109.34 | JB16: 109.51 | JC16: 110.49 | JD16: 112.26 | JE16: 112.78 | JF16: 113.63 | JG16: 114.6 | JH16: 114.94 | JI16: 115.49 | JJ16: 114.9 | JK16: 116.32 | JL16: 116.81 | JM16: 116.7 | JN16: 117.22 | JO16: 118.55 | JP16: 119.76 | JQ16: 120.55 | JR16: 120.46 | JS16: 120.71 | JT16: 120.77 | JU16: 122.1 | JV16: 121.4 | JW16: 121.61 | JX16: 121.32 | JY16: 121.49 | JZ16: 121.2 | KA16: 122.35 | KB16: 122.65 | KC16: 123.41 | KD16: 123.59 | KE16: 123.78 | KF16: 124.03 | KG16: 124.77 | KH16: 123.15 | KI16: 123.54 | KJ16: 123.36 | KK16: 123.62
A17: IMF.STA:CPI(5.0.0) | B17: DEU.CPI._T.IX.M | C17: OBS_VALUE | D17: Germany | E17: Consumer price index (CPI) | F17: All Items | G17: Index | H17: Monthly | I17: Units | J17: 76.45412 | K17: 76.89655 | L17: 76.89655 | M17: 77.25051 | N17: 77.51598 | O17: 77.60446 | P17: 77.69296 | Q17: 77.51598 | R17: 77.51598 | S17: 77.42749 | T17: 77.25051 | U17: 77.95842 | V17: 78.04691 | W17: 78.31237 | X17: 78.48935 | Y17: 78.40086 | Z17: 78.48935 | AA17: 78.48935 | AB17: 78.57784 | AC17: 78.48935 | AD17: 78.48935 | AE17: 78.40086 | AF17: 78.1354 | AG17: 78.84331 | AH17: 78.84331 | AI17: 79.28574 | AJ17: 79.37424 | AK17: 79.10877 | AL17: 78.93179 | AM17: 79.19726 | AN17: 79.37424 | AO17: 79.37424 | AP17: 79.28574 | AQ17: 79.28574 | AR17: 79.10877 | AS17: 79.72819 | AT17: 79.72819 | AU17: 79.90517 | AV17: 80.17063 | AW17: 80.4361 | AX17: 80.61308 | AY17: 80.61308 | AZ17: 80.79005 | BA17: 80.87854 | BB17: 80.70156 | BC17: 80.79005 | BD17: 80.61308 | BE17: 81.49796 | BF17: 80.87854 | BG17: 81.2325 | BH17: 81.58645 | BI17: 81.40947 | BJ17: 81.58645 | BK17: 81.67494 | BL17: 82.02889 | BM17: 82.11738 | BN17: 82.20587 | BO17: 82.29436 | BP17: 82.02889 | BQ17: 82.64832 | BR17: 82.38284 | BS17: 82.7368 | BT17: 82.7368 | BU17: 83.00227 | BV17: 83.00227 | BW17: 83.17924 | BX17: 83.5332 | BY17: 83.35622 | BZ17: 83.09075 | CA17: 83.17924 | CB17: 83.17924 | CC17: 83.79866 | CD17: 83.79866 | CE17: 84.15262 | CF17: 84.3296 | CG17: 84.77204 | CH17: 84.77204 | CI17: 84.77204 | CJ17: 85.21448 | CK17: 85.12599 | CL17: 85.30297 | CM17: 85.47995 | CN17: 85.92239 | CO17: 86.45332 | CP17: 86.18785 | CQ17: 86.54181 | CR17: 86.98425 | CS17: 86.80727 | CT17: 87.3382 | CU17: 87.51518 | CV17: 88.04611 | CW17: 87.78065 | CX17: 87.69216 | CY17: 87.51518 | CZ17: 87.07274 | DA17: 87.4267 | DB17: 86.98425 | DC17: 87.51518 | DD17: 87.3382 | DE17: 87.4267 | DF17: 87.3382 | DG17: 87.60367 | DH17: 87.60367 | DI17: 87.78065 | DJ17: 87.51518 | DK17: 87.51518 | DL17: 87.4267 | DM17: 88.13461 | DN17: 87.60367 | DO17: 87.95763 | DP17: 88.40007 | DQ17: 88.48856 | DR17: 88.40007 | DS17: 88.40007 | DT17: 88.57705 | DU17: 88.66553 | DV17: 88.57705 | DW17: 88.66553 | DX17: 88.75402 | DY17: 89.28496 | DZ17: 89.10798 | EA17: 89.63891 | EB17: 90.16984 | EC17: 90.16984 | ED17: 90.16984 | EE17: 90.25833 | EF17: 90.4353 | EG17: 90.5238 | EH17: 90.70077 | EI17: 90.70077 | EJ17: 90.87775 | EK17: 91.05473 | EL17: 90.96624 | EM17: 91.58566 | EN17: 92.11658 | EO17: 91.93961 | EP17: 91.93961 | EQ17: 91.76263 | ER17: 92.11658 | ES17: 92.47054 | ET17: 92.55903 | EU17: 92.55903 | EV17: 92.64752 | EW17: 92.91299 | EX17: 92.47054 | EY17: 93.00147 | EZ17: 93.44392 | FA17: 93.00147 | FB17: 93.35543 | FC17: 93.44392 | FD17: 93.88636 | FE17: 93.88636 | FF17: 93.88636 | FG17: 93.70938 | FH17: 93.88636 | FI17: 94.24031 | FJ17: 93.70938 | FK17: 94.15182 | FL17: 94.41729 | FM17: 94.24031 | FN17: 94.15182 | FO17: 94.41729 | FP17: 94.68275 | FQ17: 94.68275 | FR17: 94.68275 | FS17: 94.41729 | FT17: 94.41729 | FU17: 94.41729 | FV17: 93.44392 | FW17: 94.10799 | FX17: 94.58232 | FY17: 95.05666 | FZ17: 95.24639 | GA17: 95.24639 | GB17: 95.43612 | GC17: 95.43612 | GD17: 95.24639 | GE17: 95.24639 | GF17: 94.58232 | GG17: 94.58232 | GH17: 93.91825 | GI17: 94.20285 | GJ17: 94.86692 | GK17: 94.96178 | GL17: 95.43612 | GM17: 95.53099 | GN17: 95.91045 | GO17: 95.81559 | GP17: 95.81559 | GQ17: 96.00533 | GR17: 95.34126 | GS17: 96.00533 | GT17: 95.43612 | GU17: 96.00533 | GV17: 96.19506 | GW17: 96.57452 | GX17: 96.57452 | GY17: 96.85912 | GZ17: 97.23859 | HA17: 97.33346 | HB17: 97.42833 | HC17: 97.23859 | HD17: 96.85912 | HE17: 97.33346 | HF17: 96.76426 | HG17: 97.04886 | HH17: 97.61806 | HI17: 97.80779 | HJ17: 98.56673 | HK17: 98.6616 | HL17: 99.04106 | HM17: 99.13593 | HN17: 99.32567 | HO17: 99.5154 | HP17: 98.85133 | HQ17: 98.85133 | HR17: 98.09239 | HS17: 98.47186 | HT17: 98.85133 | HU17: 99.8 | HV17: 99.98973 | HW17: 100.2743 | HX17: 100.7487 | HY17: 100.5589 | HZ17: 100.5589 | IA17: 100.6538 | IB17: 99.89487 | IC17: 100.3692 | ID17: 99.8 | IE17: 100.1 | IF17: 100.3 | IG17: 100.4 | IH17: 100.4 | II17: 100.5 | IJ17: 99.7 | IK17: 99.7 | IL17: 99.7 | IM17: 99.9 | IN17: 99.7 | IO17: 99.8 | IP17: 101 | IQ17: 101.6 | IR17: 102.1 | IS17: 102.4 | IT17: 102.6 | IU17: 102.9 | IV17: 103.4 | IW17: 103.5 | IX17: 103.8 | IY17: 104.3 | IZ17: 104.5 | JA17: 104.7 | JB17: 105.2 | JC17: 106 | JD17: 108.1 | JE17: 108.8 | JF17: 109.8 | JG17: 109.8 | JH17: 110.3 | JI17: 110.7 | JJ17: 112.7 | JK17: 113.5 | JL17: 113.7 | JM17: 113.2 | JN17: 114.3 | JO17: 115.2 | JP17: 116.1 | JQ17: 116.6 | JR17: 116.5 | JS17: 116.8 | JT17: 117.1 | JU17: 117.5 | JV17: 117.8 | JW17: 117.8 | JX17: 117.3 | JY17: 117.4 | JZ17: 117.6 | KA17: 118.1 | KB17: 118.6 | KC17: 119.2 | KD17: 119.3 | KE17: 119.4 | KF17: 119.8 | KG17: 119.7 | KH17: 119.7 | KI17: 120.2 | KJ17: 119.9 | KK17: 120.5
A18: IMF.STA:CPI(5.0.0) | B18: DEU.HICP._T.IX.M | C18: OBS_VALUE | D18: Germany | E18: Harmonised index of consumer prices (HICP) | F18: All Items | G18: Index | H18: Monthly | I18: Units | J18: 79.5 | K18: 80 | L18: 80 | M18: 80.3 | N18: 80.7 | O18: 80.8 | P18: 80.9 | Q18: 80.7 | R18: 80.6 | S18: 80.4 | T18: 80.2 | U18: 81.1 | V18: 81.1 | W18: 81.4 | X18: 81.5 | Y18: 81.5 | Z18: 81.6 | AA18: 81.5 | AB18: 81.8 | AC18: 81.6 | AD18: 81.5 | AE18: 81.4 | AF18: 81.1 | AG18: 82 | AH18: 82 | AI18: 82.4 | AJ18: 82.5 | AK18: 82.3 | AL18: 82.1 | AM18: 82.3 | AN18: 82.5 | AO18: 82.5 | AP18: 82.4 | AQ18: 82.4 | AR18: 82.2 | AS18: 82.9 | AT18: 82.9 | AU18: 83.1 | AV18: 83.4 | AW18: 83.7 | AX18: 83.9 | AY18: 83.9 | AZ18: 84.1 | BA18: 84.3 | BB18: 84 | BC18: 84.2 | BD18: 83.8 | BE18: 84.8 | BF18: 84.3 | BG18: 84.6 | BH18: 84.9 | BI18: 84.9 | BJ18: 85.2 | BK18: 85.3 | BL18: 85.7 | BM18: 85.9 | BN18: 86.2 | BO18: 86.2 | BP18: 85.7 | BQ18: 86.6 | BR18: 86.1 | BS18: 86.4 | BT18: 86.5 | BU18: 86.8 | BV18: 87 | BW18: 87.1 | BX18: 87.5 | BY18: 87.4 | BZ18: 87 | CA18: 87.1 | CB18: 87 | CC18: 87.8 | CD18: 87.6 | CE18: 88 | CF18: 88.2 | CG18: 88.6 | CH18: 88.7 | CI18: 88.8 | CJ18: 89.3 | CK18: 89.1 | CL18: 89.3 | CM18: 89.4 | CN18: 89.9 | CO18: 90.5 | CP18: 90.2 | CQ18: 90.6 | CR18: 91.1 | CS18: 90.9 | CT18: 91.5 | CU18: 91.8 | CV18: 92.3 | CW18: 92 | CX18: 92 | CY18: 91.7 | CZ18: 91.2 | DA18: 91.5 | DB18: 91.1 | DC18: 91.6 | DD18: 91.4 | DE18: 91.5 | DF18: 91.4 | DG18: 91.8 | DH18: 91.7 | DI18: 92 | DJ18: 91.6 | DK18: 91.6 | DL18: 91.5 | DM18: 92.3 | DN18: 91.7 | DO18: 92 | DP18: 92.5 | DQ18: 92.4 | DR18: 92.5 | DS18: 92.6 | DT18: 92.8 | DU18: 92.9 | DV18: 92.7 | DW18: 92.8 | DX18: 92.9 | DY18: 94 | DZ18: 93.5 | EA18: 94.1 | EB18: 94.7 | EC18: 94.9 | ED18: 94.8 | EE18: 94.8 | EF18: 95.2 | EG18: 95.2 | EH18: 95.3 | EI18: 95.4 | EJ18: 95.4 | EK18: 96.1 | EL18: 95.7 | EM18: 96.5 | EN18: 96.9 | EO18: 97 | EP18: 96.8 | EQ18: 96.6 | ER18: 97 | ES18: 97.4 | ET18: 97.4 | EU18: 97.4 | EV18: 97.2 | EW18: 98.1 | EX18: 97.5 | EY18: 98.2 | EZ18: 98.7 | FA18: 98.1 | FB18: 98.3 | FC18: 98.5 | FD18: 98.9 | FE18: 98.9 | FF18: 98.9 | FG18: 98.6 | FH18: 98.8 | FI18: 99.3 | FJ18: 98.6 | FK18: 99.2 | FL18: 99.4 | FM18: 99.2 | FN18: 99 | FO18: 99.4 | FP18: 99.6 | FQ18: 99.7 | FR18: 99.7 | FS18: 99.3 | FT18: 99.3 | FU18: 99.4 | FV18: 98.1 | FW18: 99 | FX18: 99.7 | FY18: 100.2 | FZ18: 100.6 | GA18: 100.5 | GB18: 100.9 | GC18: 100.8 | GD18: 100.5 | GE18: 100.5 | GF18: 99.5 | GG18: 99.6 | GH18: 98.5 | GI18: 98.9 | GJ18: 99.8 | GK18: 99.9 | GL18: 100.5 | GM18: 100.6 | GN18: 101.2 | GO18: 101.1 | GP18: 101.1 | GQ18: 101.2 | GR18: 100.3 | GS18: 101.2 | GT18: 100.2 | GU18: 101 | GV18: 101.3 | GW18: 101.9 | GX18: 101.8 | GY18: 102.3 | GZ18: 102.9 | HA18: 103 | HB18: 103 | HC18: 102.7 | HD18: 102 | HE18: 102.7 | HF18: 101.7 | HG18: 102.2 | HH18: 103 | HI18: 103.2 | HJ18: 104.3 | HK18: 104.4 | HL18: 105.2 | HM18: 105.2 | HN18: 105.3 | HO18: 105.4 | HP18: 104.2 | HQ18: 104.4 | HR18: 103.4 | HS18: 103.9 | HT18: 104.4 | HU18: 105.4 | HV18: 105.7 | HW18: 106 | HX18: 106.4 | HY18: 106.3 | HZ18: 106.2 | IA18: 106.3 | IB18: 105.4 | IC18: 106 | ID18: 105.1 | IE18: 105.7 | IF18: 105.8 | IG18: 106.2 | IH18: 106.2 | II18: 106.9 | IJ18: 106.4 | IK18: 106.2 | IL18: 105.8 | IM18: 105.8 | IN18: 104.7 | IO18: 105.3 | IP18: 106.8 | IQ18: 107.4 | IR18: 107.9 | IS18: 108.4 | IT18: 108.7 | IU18: 109.1 | IV18: 109.7 | IW18: 109.8 | IX18: 110.1 | IY18: 110.7 | IZ18: 111 | JA18: 111.3 | JB18: 112.3 | JC18: 113.3 | JD18: 116.1 | JE18: 116.9 | JF18: 118.2 | JG18: 118.1 | JH18: 119 | JI18: 119.5 | JJ18: 122.1 | JK18: 123.5 | JL18: 123.5 | JM18: 122 | JN18: 122.6 | JO18: 123.8 | JP18: 125.1 | JQ18: 125.8 | JR18: 125.6 | JS18: 126.1 | JT18: 126.7 | JU18: 127.2 | JV18: 127.4 | JW18: 127.2 | JX18: 126.3 | JY18: 126.6 | JZ18: 126.4 | KA18: 127.2 | KB18: 128 | KC18: 128.8 | KD18: 129.1 | KE18: 129.3 | KF18: 130 | KG18: 129.8 | KH18: 129.7 | KI18: 130.2 | KJ18: 129.3 | KK18: 130.2
A19: IMF.STA:CPI(5.0.0) | B19: GRC.CPI._T.IX.M | C19: OBS_VALUE | D19: Greece | E19: Consumer price index (CPI) | F19: All Items | G19: Index | H19: Monthly | I19: Units | J19: 72.38197 | K19: 72.31022 | L19: 73.72794 | M19: 74.42166 | N19: 74.73617 | O19: 74.65639 | P19: 73.3528 | Q19: 73.37089 | R19: 74.77231 | S19: 75.00918 | T19: 75.08886 | U19: 75.79599 | V19: 75.59269 | W19: 74.79243 | X19: 76.6844 | Y19: 77.27505 | Z19: 77.26619 | AA19: 77.12772 | AB19: 75.80174 | AC19: 75.97141 | AD19: 77.40582 | AE19: 77.80714 | AF19: 77.82386 | AG19: 78.36359 | AH19: 77.96301 | AI19: 78.03804 | AJ19: 79.81042 | AK19: 79.88373 | AL19: 80.21648 | AM19: 80.06911 | AN19: 78.5246 | AO19: 78.49245 | AP19: 79.98777 | AQ19: 80.27527 | AR19: 80.427 | AS19: 80.77365 | AT19: 80.2452 | AU19: 79.99671 | AV19: 81.97674 | AW19: 82.21053 | AX19: 82.57018 | AY19: 82.32673 | AZ19: 80.8301 | BA19: 80.63053 | BB19: 82.24439 | BC19: 82.87289 | BD19: 82.95445 | BE19: 83.27147 | BF19: 83.48018 | BG19: 82.4744 | BH19: 84.34808 | BI19: 84.99237 | BJ19: 85.24082 | BK19: 85.05965 | BL19: 84.01597 | BM19: 83.64017 | BN19: 85.48149 | BO19: 86.05132 | BP19: 85.87555 | BQ19: 86.28714 | BR19: 86.1888 | BS19: 85.14182 | BT19: 87.13394 | BU19: 87.77474 | BV19: 87.9104 | BW19: 87.81107 | BX19: 87.24683 | BY19: 86.59763 | BZ19: 87.98613 | CA19: 88.47159 | CB19: 88.38816 | CC19: 88.79712 | CD19: 88.54203 | CE19: 87.41706 | CF19: 89.42757 | CG19: 89.99376 | CH19: 90.21555 | CI19: 90.12461 | CJ19: 89.44745 | CK19: 88.78673 | CL19: 90.55496 | CM19: 91.21055 | CN19: 91.86436 | CO19: 92.24516 | CP19: 91.992 | CQ19: 91.29514 | CR19: 93.39295 | CS19: 93.98469 | CT19: 94.64483 | CU19: 94.55009 | CV19: 93.81598 | CW19: 92.93456 | CX19: 94.75181 | CY19: 94.7531 | CZ19: 94.49904 | DA19: 94.05874 | DB19: 93.60725 | DC19: 92.75274 | DD19: 94.60283 | DE19: 94.88779 | DF19: 95.1127 | DG19: 95.04819 | DH19: 94.34901 | DI19: 93.65546 | DJ19: 95.42795 | DK19: 95.90862 | DL19: 96.38609 | DM19: 96.54366 | DN19: 95.83238 | DO19: 95.32219 | DP19: 98.32323 | DQ19: 99.48056 | DR19: 100.2748 | DS19: 100.0115 | DT19: 99.53192 | DU19: 98.84103 | DV19: 100.7441 | DW19: 100.9038 | DX19: 101.1257 | DY19: 101.5382 | DZ19: 100.8162 | EA19: 99.50471 | EB19: 102.7477 | EC19: 103.3886 | ED19: 103.5733 | EE19: 103.3506 | EF19: 101.9187 | EG19: 100.4905 | EH19: 103.8204 | EI19: 103.9292 | EJ19: 104.0887 | EK19: 103.9903 | EL19: 103.1551 | EM19: 101.5926 | EN19: 104.4688 | EO19: 105.3561 | EP19: 105.0141 | EQ19: 104.6969 | ER19: 103.2833 | ES19: 102.2403 | ET19: 104.7595 | EU19: 105.617 | EV19: 105.1017 | EW19: 104.8266 | EX19: 103.3681 | EY19: 101.6627 | EZ19: 104.2515 | FA19: 104.7295 | FB19: 104.5447 | FC19: 104.2949 | FD19: 102.5705 | FE19: 100.9336 | FF19: 103.5861 | FG19: 103.5167 | FH19: 102.1027 | FI19: 103.0341 | FJ19: 101.8483 | FK19: 100.494 | FL19: 102.8462 | FM19: 103.3182 | FN19: 102.4958 | FO19: 103.1562 | FP19: 101.8728 | FQ19: 100.6342 | FR19: 102.7161 | FS19: 101.7815 | FT19: 100.8301 | FU19: 100.3481 | FV19: 98.95893 | FW19: 98.32365 | FX19: 100.6435 | FY19: 101.1415 | FZ19: 100.2931 | GA19: 100.9319 | GB19: 99.60091 | GC19: 99.16573 | GD19: 100.9507 | GE19: 100.8479 | GF19: 100.085 | GG19: 100.1802 | GH19: 98.23194 | GI19: 97.81647 | GJ19: 99.13334 | GK19: 99.86896 | GL19: 99.42143 | GM19: 100.2144 | GN19: 98.56171 | GO19: 98.22573 | GP19: 99.97171 | GQ19: 100.361 | GR19: 99.19601 | GS19: 100.2032 | GT19: 99.37193 | GU19: 99.08846 | GV19: 100.8641 | GW19: 101.5086 | GX19: 100.6075 | GY19: 101.2326 | GZ19: 99.54681 | HA19: 99.10225 | HB19: 100.976 | HC19: 101.078 | HD19: 100.3294 | HE19: 100.8567 | HF19: 99.19773 | HG19: 99.14742 | HH19: 100.6283 | HI19: 101.5464 | HJ19: 101.2169 | HK19: 102.2162 | HL19: 100.3949 | HM19: 100.0636 | HN19: 102.0771 | HO19: 102.8657 | HP19: 101.3194 | HQ19: 101.4247 | HR19: 99.63316 | HS19: 99.76237 | HT19: 101.5773 | HU19: 102.5825 | HV19: 101.447 | HW19: 101.9322 | HX19: 100.4417 | HY19: 99.89312 | HZ19: 102.0011 | IA19: 102.1335 | IB19: 101.5452 | IC19: 102.2159 | ID19: 100.4932 | IE19: 99.99115 | IF19: 101.5734 | IG19: 101.11 | IH19: 100.2883 | II19: 100.3326 | IJ19: 98.62508 | IK19: 97.98655 | IL19: 99.97928 | IM19: 100.328 | IN19: 99.44819 | IO19: 99.84424 | IP19: 98.51936 | IQ19: 98.72287 | IR19: 99.91077 | IS19: 100.8194 | IT19: 100.4253 | IU19: 101.3644 | IV19: 99.9576 | IW19: 99.82729 | IX19: 102.1906 | IY19: 103.7527 | IZ19: 104.2444 | JA19: 104.9512 | JB19: 104.6765 | JC19: 105.8447 | JD19: 108.7529 | JE19: 111.0755 | JF19: 111.8028 | JG19: 113.6232 | JH19: 111.5434 | JI19: 111.2114 | JJ19: 114.4781 | JK19: 113.1579 | JL19: 113.1462 | JM19: 112.5329 | JN19: 111.9927 | JO19: 112.3291 | JP19: 113.726 | JQ19: 114.4513 | JR19: 114.9127 | JS19: 115.6235 | JT19: 114.2994 | JU19: 114.2631 | JV19: 116.3428 | JW19: 117.004 | JX19: 116.5737 | JY19: 116.473 | JZ19: 115.501 | KA19: 115.611 | KB19: 117.3945 | KC19: 117.9636 | KD19: 117.6577 | KE19: 118.2392 | KF19: 117.3762 | KG19: 117.6766 | KH19: 119.7621 | KI19: 119.7852 | KJ19: 119.33 | KK19: 119.4717
A20: IMF.STA:CPI(5.0.0) | B20: GRC.HICP._T.IX.M | C20: OBS_VALUE | D20: Greece | E20: Harmonised index of consumer prices (HICP) | F20: All Items | G20: Index | H20: Monthly | I20: Units | J20: 71.61 | K20: 71.46 | L20: 73.13 | M20: 73.94 | N20: 74.31 | O20: 74.24 | P20: 72.75 | Q20: 72.76 | R20: 74.3 | S20: 74.53 | T20: 74.63 | U20: 75.47 | V20: 75.03 | W20: 74.16 | X20: 76.31 | Y20: 76.96 | Z20: 77.13 | AA20: 76.92 | AB20: 75.4 | AC20: 75.55 | AD20: 77.12 | AE20: 77.53 | AF20: 77.54 | AG20: 78.11 | AH20: 77.51 | AI20: 77.32 | AJ20: 79.29 | AK20: 79.47 | AL20: 79.82 | AM20: 79.73 | AN20: 78.03 | AO20: 78.03 | AP20: 79.65 | AQ20: 79.95 | AR20: 80.09 | AS20: 80.53 | AT20: 79.86 | AU20: 79.36 | AV20: 81.62 | AW20: 81.91 | AX20: 82.26 | AY20: 82.09 | AZ20: 80.49 | BA20: 80.25 | BB20: 81.99 | BC20: 82.59 | BD20: 82.62 | BE20: 83.05 | BF20: 83.25 | BG20: 81.85 | BH20: 83.94 | BI20: 84.6 | BJ20: 84.89 | BK20: 84.72 | BL20: 83.6 | BM20: 83.13 | BN20: 85.12 | BO20: 85.66 | BP20: 85.47 | BQ20: 85.96 | BR20: 85.76 | BS20: 84.41 | BT20: 86.73 | BU20: 87.59 | BV20: 87.69 | BW20: 87.64 | BX20: 86.9 | BY20: 86 | BZ20: 87.76 | CA20: 88.34 | CB20: 88.2 | CC20: 88.71 | CD20: 88.36 | CE20: 86.97 | CF20: 89.13 | CG20: 89.83 | CH20: 89.99 | CI20: 89.95 | CJ20: 89.27 | CK20: 88.36 | CL20: 90.35 | CM20: 90.98 | CN20: 91.67 | CO20: 92.13 | CP20: 91.82 | CQ20: 90.93 | CR20: 93.03 | CS20: 93.8 | CT20: 94.44 | CU20: 94.39 | CV20: 93.68 | CW20: 92.63 | CX20: 94.61 | CY20: 94.64 | CZ20: 94.43 | DA20: 94.15 | DB20: 93.64 | DC20: 92.59 | DD20: 94.45 | DE20: 94.87 | DF20: 95.11 | DG20: 95.04 | DH20: 94.34 | DI20: 93.54 | DJ20: 95.31 | DK20: 95.81 | DL20: 96.42 | DM20: 96.55 | DN20: 95.82 | DO20: 95.24 | DP20: 98.16 | DQ20: 99.38 | DR20: 100.15 | DS20: 99.98 | DT20: 99.55 | DU20: 98.81 | DV20: 100.7 | DW20: 100.83 | DX20: 101.04 | DY20: 101.53 | DZ20: 100.53 | EA20: 99.19 | EB20: 102.38 | EC20: 103.05 | ED20: 103.28 | EE20: 103.07 | EF20: 101.65 | EG20: 100.21 | EH20: 103.61 | EI20: 103.71 | EJ20: 103.91 | EK20: 103.74 | EL20: 102.6 | EM20: 100.85 | EN20: 103.76 | EO20: 104.62 | EP20: 104.25 | EQ20: 104.05 | ER20: 102.57 | ES20: 101.36 | ET20: 103.9 | EU20: 104.67 | EV20: 104.34 | EW20: 104.07 | EX20: 102.65 | EY20: 100.99 | EZ20: 103.51 | FA20: 104 | FB20: 103.95 | FC20: 103.79 | FD20: 102.09 | FE20: 100.38 | FF20: 102.85 | FG20: 102.69 | FH20: 101.36 | FI20: 102.18 | FJ20: 101.21 | FK20: 100.12 | FL20: 101.97 | FM20: 102.35 | FN20: 101.73 | FO20: 102.27 | FP20: 101.23 | FQ20: 100.14 | FR20: 101.72 | FS20: 100.84 | FT20: 100.12 | FU20: 99.59 | FV20: 98.42 | FW20: 98.21 | FX20: 100.07 | FY20: 100.5 | FZ20: 100.28 | GA20: 101.15 | GB20: 99.96 | GC20: 99.75 | GD20: 100.94 | GE20: 100.75 | GF20: 100.01 | GG20: 99.98 | GH20: 98.3 | GI20: 98.28 | GJ20: 99.4 | GK20: 100.07 | GL20: 100.08 | GM20: 101.38 | GN20: 100.16 | GO20: 100.18 | GP20: 100.88 | GQ20: 101.33 | GR20: 99.85 | GS20: 100.27 | GT20: 99.79 | GU20: 99.69 | GV20: 101.06 | GW20: 101.72 | GX20: 101.56 | GY20: 102.3 | GZ20: 101.08 | HA20: 100.77 | HB20: 101.93 | HC20: 101.8 | HD20: 100.9 | HE20: 101.24 | HF20: 100 | HG20: 100.09 | HH20: 101.26 | HI20: 102.23 | HJ20: 102.33 | HK20: 103.29 | HL20: 101.87 | HM20: 101.66 | HN20: 103.08 | HO20: 103.59 | HP20: 101.96 | HQ20: 101.88 | HR20: 100.54 | HS20: 100.86 | HT20: 102.32 | HU20: 103.33 | HV20: 102.93 | HW20: 103.54 | HX20: 102.32 | HY20: 101.74 | HZ20: 103.3 | IA20: 103.23 | IB20: 102.51 | IC20: 102.95 | ID20: 101.63 | IE20: 101.27 | IF20: 102.51 | IG20: 102.39 | IH20: 102.23 | II20: 101.56 | IJ20: 100.17 | IK20: 99.45 | IL20: 100.91 | IM20: 101.13 | IN20: 100.31 | IO20: 100.49 | IP20: 99.2 | IQ20: 99.39 | IR20: 100.43 | IS20: 101.29 | IT20: 100.98 | IU20: 102.17 | IV20: 100.83 | IW20: 100.68 | IX20: 102.83 | IY20: 104 | IZ20: 104.35 | JA20: 104.87 | JB20: 104.65 | JC20: 105.63 | JD20: 108.43 | JE20: 110.55 | JF20: 111.59 | JG20: 114.05 | JH20: 112.19 | JI20: 111.98 | JJ20: 115.29 | JK20: 113.85 | JL20: 113.55 | JM20: 112.81 | JN20: 112.29 | JO20: 112.51 | JP20: 114.28 | JQ20: 115.55 | JR20: 116.17 | JS20: 117.23 | JT20: 116.08 | JU20: 115.87 | JV20: 118.04 | JW20: 118.17 | JX20: 116.86 | JY20: 116.97 | JZ20: 115.89 | KA20: 116.04 | KB20: 118.13 | KC20: 119.24 | KD20: 118.9 | KE20: 120.11 | KF20: 119.55 | KG20: 119.57 | KH20: 121.71 | KI20: 121.8 | KJ20: 120.32 | KK20: 120.42
A21: IMF.STA:CPI(5.0.0) | B21: IND.CPI._T.IX.M | C21: OBS_VALUE | D21: India | E21: Consumer price index (CPI) | F21: All Items | G21: Index | H21: Monthly | I21: Units | J21: 45.985098 | K21: 45.778426 | L21: 45.985098 | M21: 46.295113 | N21: 46.605123 | O21: 47.225149 | P21: 47.845155 | Q21: 48.15518 | R21: 48.05187 | S21: 48.361847 | T21: 48.775229 | U21: 48.465205 | V21: 48.258538 | W21: 48.15518 | X21: 48.361847 | Y21: 48.465205 | Z21: 48.775229 | AA21: 49.188564 | AB21: 49.705256 | AC21: 50.015233 | AD21: 50.11859 | AE21: 50.325258 | AF21: 50.531925 | AG21: 50.015233 | AH21: 49.911923 | AI21: 50.015233 | AJ21: 50.325258 | AK21: 50.945307 | AL21: 51.048617 | AM21: 51.358641 | AN21: 51.771976 | AO21: 51.565309 | AP21: 51.565309 | AQ21: 51.978643 | AR21: 52.082 | AS21: 51.875333 | AT21: 52.082 | AU21: 52.082 | AV21: 52.082 | AW21: 52.082 | AX21: 52.495335 | AY21: 52.908717 | AZ21: 53.425409 | BA21: 53.942053 | BB21: 54.045411 | BC21: 54.355435 | BD21: 54.252078 | BE21: 53.838743 | BF21: 54.355435 | BG21: 54.252078 | BH21: 54.252078 | BI21: 54.665412 | BJ21: 54.458745 | BK21: 54.665412 | BL21: 55.595486 | BM21: 55.802154 | BN21: 56.008821 | BO21: 56.628822 | BP21: 57.145514 | BQ21: 56.835537 | BR21: 56.73218 | BS21: 56.73218 | BT21: 56.73218 | BU21: 57.208921 | BV21: 57.685662 | BW21: 58.639144 | BX21: 59.115885 | BY21: 59.115885 | BZ21: 59.592626 | CA21: 60.546108 | CB21: 60.546108 | CC21: 60.546108 | CD21: 60.546108 | CE21: 61.022849 | CF21: 60.546108 | CG21: 61.022849 | CH21: 61.49959 | CI21: 61.976331 | CJ21: 62.929813 | CK21: 63.406554 | CL21: 63.406554 | CM21: 63.883295 | CN21: 63.883295 | CO21: 63.883295 | CP21: 63.883295 | CQ21: 64.360036 | CR21: 65.313518 | CS21: 65.790259 | CT21: 66.267 | CU21: 66.743741 | CV21: 68.173964 | CW21: 69.127446 | CX21: 69.604187 | CY21: 70.557669 | CZ21: 70.557669 | DA21: 70.080928 | DB21: 70.557669 | DC21: 70.557669 | DD21: 70.557669 | DE21: 71.511151 | DF21: 71.987892 | DG21: 72.941374 | DH21: 76.278561 | DI21: 77.232043 | DJ21: 77.708784 | DK21: 78.662266 | DL21: 80.092489 | DM21: 80.56923 | DN21: 81.999453 | DO21: 81.045971 | DP21: 81.045971 | DQ21: 81.045971 | DR21: 81.999453 | DS21: 82.952935 | DT21: 84.859899 | DU21: 84.859899 | DV21: 85.33664 | DW21: 86.290122 | DX21: 86.766863 | DY21: 88.197086 | DZ21: 89.627309 | EA21: 88.197086 | EB21: 88.197086 | EC21: 88.673827 | ED21: 89.150568 | EE21: 90.10405 | EF21: 92.011015 | EG21: 92.487756 | EH21: 93.917979 | EI21: 94.39472 | EJ21: 94.871461 | EK21: 94.455722 | EL21: 94.788313 | EM21: 95.287199 | EN21: 96.035528 | EO21: 97.36589 | EP21: 98.280514 | EQ21: 99.444581 | ER21: 100.94124 | ES21: 102.18845 | ET21: 103.10308 | EU21: 103.85141 | EV21: 104.26714 | EW21: 104.43344 | EX21: 104.6 | EY21: 105.3 | EZ21: 105.3 | FA21: 106.1 | FB21: 106.9 | FC21: 109.3 | FD21: 111 | FE21: 112.4 | FF21: 113.7 | FG21: 114.8 | FH21: 116.3 | FI21: 114.5 | FJ21: 113.6 | FK21: 113.6 | FL21: 114.2 | FM21: 115.1 | FN21: 115.8 | FO21: 116.7 | FP21: 119.2 | FQ21: 120.3 | FR21: 120.1 | FS21: 120.1 | FT21: 120.1 | FU21: 119.4 | FV21: 119.5 | FW21: 119.7 | FX21: 120.2 | FY21: 120.7 | FZ21: 121.6 | GA21: 123 | GB21: 123.6 | GC21: 124.8 | GD21: 125.4 | GE21: 126.1 | GF21: 126.6 | GG21: 126.1 | GH21: 126.3 | GI21: 126 | GJ21: 126 | GK21: 127.3 | GL21: 128.6 | GM21: 130.1 | GN21: 131.1 | GO21: 131.1 | GP21: 130.9 | GQ21: 131.4 | GR21: 131.2 | GS21: 130.4 | GT21: 130.3 | GU21: 130.6 | GV21: 130.8 | GW21: 131.1 | GX21: 131.4 | GY21: 132.1 | GZ21: 134.2 | HA21: 135.4 | HB21: 135.2 | HC21: 136.1 | HD21: 137.6 | HE21: 137.2 | HF21: 136.9 | HG21: 136.4 | HH21: 136.5 | HI21: 137.1 | HJ21: 137.8 | HK21: 138.5 | HL21: 139.8 | HM21: 140.4 | HN21: 140.2 | HO21: 140.6 | HP21: 140.8 | HQ21: 140.1 | HR21: 139.6 | HS21: 139.9 | HT21: 140.4 | HU21: 141.2 | HV21: 142 | HW21: 142.9 | HX21: 144.2 | HY21: 145 | HZ21: 145.8 | IA21: 147.2 | IB21: 148.6 | IC21: 150.4 | ID21: 150.2 | IE21: 149.1 | IF21: 148.6 | IG21: 151.4 | IH21: 150.9 | II21: 151.8 | IJ21: 153.9 | IK21: 154.7 | IL21: 156.4 | IM21: 158.4 | IN21: 158.9 | IO21: 157.3 | IP21: 156.3 | IQ21: 156.6 | IR21: 156.8 | IS21: 157.8 | IT21: 160.4 | IU21: 161.3 | IV21: 162.5 | IW21: 162.9 | IX21: 163.2 | IY21: 165.5 | IZ21: 166.7 | JA21: 166.1 | JB21: 165.7 | JC21: 166.1 | JD21: 167.7 | JE21: 170.1 | JF21: 171.7 | JG21: 172.6 | JH21: 173.4 | JI21: 174.3 | JJ21: 175.3 | JK21: 176.7 | JL21: 176.5 | JM21: 175.7 | JN21: 176.5 | JO21: 176.8 | JP21: 177.2 | JQ21: 178.1 | JR21: 179 | JS21: 181 | JT21: 186.3 | JU21: 186.2 | JV21: 184.1 | JW21: 185.3 | JX21: 186.3 | JY21: 185.7 | JZ21: 185.5 | KA21: 185.8 | KB21: 185.8 | KC21: 186.7 | KD21: 187.7 | KE21: 190.2 | KF21: 193 | KG21: 193 | KH21: 194.2 | KI21: 196.8 | KJ21: 196.5 | KK21: 195.4
A22: IMF.STA:CPI(5.0.0) | B22: IDN.CPI._T.IX.M | C22: OBS_VALUE | D22: Indonesia | E22: Consumer price index (CPI) | F22: All Items | G22: Index | H22: Monthly | I22: Units | J22: 28.55481 | K22: 28.79852 | L22: 29.05746 | M22: 29.19455 | N22: 29.52457 | O22: 30.01707 | P22: 30.65174 | Q22: 30.59081 | R22: 30.78375 | S22: 30.99192 | T22: 31.52503 | U22: 32.03276 | V22: 32.71313 | W22: 33.08377 | X22: 33.18532 | Y22: 33.11931 | Z22: 33.38841 | AA22: 33.48996 | AB22: 33.72351 | AC22: 33.82506 | AD22: 34.02815 | AE22: 34.1957 | AF22: 34.80498 | AG22: 35.21116 | AH22: 35.54627 | AI22: 35.61227 | AJ22: 35.54627 | AK22: 35.64781 | AL22: 35.74936 | AM22: 35.81536 | AN22: 35.81536 | AO22: 36.054 | AP22: 36.18601 | AQ22: 36.3891 | AR22: 36.72928 | AS22: 37.02884 | AT22: 37.26748 | AU22: 37.23193 | AV22: 37.36902 | AW22: 37.73967 | AX22: 38.07477 | AY22: 38.24232 | AZ22: 38.41495 | BA22: 38.44541 | BB22: 38.44541 | BC22: 38.64851 | BD22: 39.01915 | BE22: 39.42533 | BF22: 39.96353 | BG22: 39.89752 | BH22: 40.67435 | BI22: 40.80636 | BJ22: 40.89268 | BK22: 41.09577 | BL22: 41.41564 | BM22: 41.64412 | BN22: 41.92845 | BO22: 45.57904 | BP22: 46.17816 | BQ22: 46.15785 | BR22: 46.78236 | BS22: 47.05653 | BT22: 47.07177 | BU22: 47.09208 | BV22: 47.26978 | BW22: 47.48303 | BX22: 47.69628 | BY22: 47.84859 | BZ22: 48.03138 | CA22: 48.44772 | CB22: 48.61019 | CC22: 49.20424 | CD22: 49.71197 | CE22: 50.02169 | CF22: 50.13846 | CG22: 50.05723 | CH22: 50.108 | CI22: 50.22478 | CJ22: 50.58527 | CK22: 50.96099 | CL22: 51.37225 | CM22: 51.77843 | CN22: 51.8749 | CO22: 52.44356 | CP22: 53.37271 | CQ22: 53.72305 | CR22: 54.23586 | CS22: 54.54557 | CT22: 55.31224 | CU22: 55.89106 | CV22: 56.65773 | CW22: 56.94714 | CX22: 57.50057 | CY22: 57.75951 | CZ22: 57.83059 | DA22: 57.81028 | DB22: 57.76966 | DC22: 57.89152 | DD22: 58.01845 | DE22: 57.84075 | DF22: 57.86613 | DG22: 57.93214 | DH22: 58.19108 | DI22: 58.51603 | DJ22: 59.13038 | DK22: 59.24208 | DL22: 59.22685 | DM22: 59.41979 | DN22: 59.91737 | DO22: 60.10523 | DP22: 60.00876 | DQ22: 60.10015 | DR22: 60.27278 | DS22: 60.85667 | DT22: 61.81121 | DU22: 62.28339 | DV22: 62.55757 | DW22: 62.59819 | DX22: 62.97391 | DY22: 63.55272 | DZ22: 64.12138 | EA22: 64.2077 | EB22: 63.99953 | EC22: 63.80151 | ED22: 63.87767 | EE22: 64.228 | EF22: 64.65958 | EG22: 65.26378 | EH22: 65.44148 | EI22: 65.36533 | EJ22: 65.58873 | EK22: 65.95937 | EL22: 66.46202 | EM22: 66.49249 | EN22: 66.53819 | EO22: 66.67527 | EP22: 66.72097 | EQ22: 67.13731 | ER22: 67.6095 | ES22: 68.25432 | ET22: 68.26447 | EU22: 68.37617 | EV22: 68.42187 | EW22: 68.79251 | EX22: 69.20621 | EY22: 69.69206 | EZ22: 70.02271 | FA22: 70.05644 | FB22: 70.12392 | FC22: 70.8392 | FD22: 72.97827 | FE22: 73.70029 | FF22: 73.5181 | FG22: 73.65306 | FH22: 73.77452 | FI22: 74.10517 | FJ22: 74.89467 | FK22: 75.09036 | FL22: 75.15109 | FM22: 75.1376 | FN22: 75.25906 | FO22: 75.58295 | FP22: 76.28474 | FQ22: 76.64237 | FR22: 76.85155 | FS22: 77.20919 | FT22: 78.36983 | FU22: 80.29972 | FV22: 80.10403 | FW22: 79.81387 | FX22: 79.94883 | FY22: 80.23899 | FZ22: 80.63712 | GA22: 81.06898 | GB22: 81.82474 | GC22: 82.14189 | GD22: 82.1014 | GE22: 82.03392 | GF22: 82.20262 | GG22: 82.99212 | GH22: 83.41724 | GI22: 83.34301 | GJ22: 83.50496 | GK22: 83.12708 | GL22: 83.32277 | GM22: 83.86935 | GN22: 84.44966 | GO22: 84.43616 | GP22: 84.62511 | GQ22: 84.74657 | GR22: 85.14469 | GS22: 85.50233 | GT22: 86.33232 | GU22: 86.53476 | GV22: 86.52126 | GW22: 86.59549 | GX22: 86.93288 | GY22: 87.53344 | GZ22: 87.72238 | HA22: 87.66165 | HB22: 87.77637 | HC22: 87.78311 | HD22: 87.95856 | HE22: 88.58611 | HF22: 89.13943 | HG22: 89.28789 | HH22: 89.46333 | HI22: 89.55106 | HJ22: 89.74 | HK22: 90.26633 | HL22: 90.51601 | HM22: 90.46877 | HN22: 90.30682 | HO22: 90.55649 | HP22: 90.79942 | HQ22: 91.35949 | HR22: 91.65639 | HS22: 91.58217 | HT22: 91.68339 | HU22: 92.08826 | HV22: 92.71581 | HW22: 93.22865 | HX22: 93.51881 | HY22: 93.62677 | HZ22: 93.37035 | IA22: 93.39059 | IB22: 93.52556 | IC22: 93.8427 | ID22: 94.11262 | IE22: 94.37422 | IF22: 94.46442 | IG22: 94.53659 | IH22: 94.59974 | II22: 94.77113 | IJ22: 94.67191 | IK22: 94.6268 | IL22: 94.5817 | IM22: 94.64484 | IN22: 94.90644 | IO22: 95.33041 | IP22: 95.57397 | IQ22: 95.67319 | IR22: 95.75438 | IS22: 95.88067 | IT22: 96.18738 | IU22: 96.03402 | IV22: 96.10619 | IW22: 96.13325 | IX22: 96.09717 | IY22: 96.21444 | IZ22: 96.56624 | JA22: 97.1165 | JB22: 97.65775 | JC22: 97.6397 | JD22: 98.28017 | JE22: 99.2093 | JF22: 99.60621 | JG22: 100.2106 | JH22: 100.8511 | JI22: 100.6436 | JJ22: 101.8163 | JK22: 101.708 | JL22: 101.7982 | JM22: 102.4658 | JN22: 102.8176 | JO22: 102.9799 | JP22: 103.1603 | JQ22: 103.5031 | JR22: 103.5933 | JS22: 103.7377 | JT22: 103.9542 | JU22: 103.9361 | JV22: 104.1346 | JW22: 104.315 | JX22: 104.7119 | JY22: 105.1449 | JZ22: 105.19 | KA22: 105.58 | KB22: 106.13 | KC22: 106.4 | KD22: 106.37 | KE22: 106.28 | KF22: 106.09 | KG22: 106.06 | KH22: 105.93 | KI22: 106.01 | KJ22: 106.33 | KK22: 106.8
A23: IMF.STA:CPI(5.0.0) | B23: IRN.CPI._T.IX.M | C23: OBS_VALUE | D23: Iran, Islamic Republic of | E23: Consumer price index (CPI) | F23: All Items | G23: Index | H23: Monthly | I23: Units | AW23: 3.8268156 | AX23: 3.8826816 | AY23: 3.9385475 | AZ23: 3.9944134 | BA23: 4.0223464 | BB23: 4.0223464 | BC23: 4.0782123 | BD23: 4.1061453 | BE23: 4.1340782 | BF23: 4.1899441 | BG23: 4.2458101 | BH23: 4.3296089 | BI23: 4.4692737 | BJ23: 4.4413408 | BK23: 4.4134078 | BL23: 4.3854749 | BM23: 4.3854749 | BN23: 4.4134078 | BO23: 4.4413408 | BP23: 4.4692737 | BQ23: 4.5251397 | BR23: 4.5530726 | BS23: 4.6089385 | BT23: 4.6648045 | BU23: 4.7206704 | BV23: 4.7486034 | BW23: 4.8324022 | BX23: 4.8324022 | BY23: 4.8603352 | BZ23: 4.9441341 | CA23: 5 | CB23: 5.0558659 | CC23: 5.1675978 | CD23: 5.2793296 | CE23: 5.3631285 | CF23: 5.4189944 | CG23: 5.5027933 | CH23: 5.5307263 | CI23: 5.6145251 | CJ23: 5.6424581 | CK23: 5.698324 | CL23: 5.8379888 | CM23: 5.9217877 | CN23: 6.0335196 | CO23: 6.2011173 | CP23: 6.2849162 | CQ23: 6.424581 | CR23: 6.6201117 | CS23: 6.8156425 | CT23: 6.9273743 | CU23: 7.0949721 | CV23: 7.122905 | CW23: 7.2625698 | CX23: 7.5418994 | CY23: 7.6815642 | CZ23: 7.7374302 | DA23: 7.8212291 | DB23: 7.7932961 | DC23: 7.7653631 | DD23: 7.7932961 | DE23: 7.877095 | DF23: 7.9888268 | DG23: 8.1284916 | DH23: 8.1284916 | DI23: 8.2122905 | DJ23: 8.2402235 | DK23: 8.2681564 | DL23: 8.2960894 | DM23: 8.4078212 | DN23: 8.4078212 | DO23: 8.4636872 | DP23: 8.603352 | DQ23: 8.6871508 | DR23: 8.7150838 | DS23: 8.7988827 | DT23: 8.8826816 | DU23: 8.9944134 | DV23: 9.0782123 | DW23: 9.2458101 | DX23: 9.3296089 | DY23: 9.4692737 | DZ23: 9.7206704 | EA23: 9.972067 | EB23: 10.307263 | EC23: 10.737381 | ED23: 11.033152 | EE23: 11.230459 | EF23: 11.438076 | EG23: 11.695332 | EH23: 11.885551 | EI23: 12.084388 | EJ23: 12.219754 | EK23: 12.400611 | EL23: 12.576413 | EM23: 12.85362 | EN23: 13.147042 | EO23: 13.393003 | EP23: 13.596361 | EQ23: 13.713156 | ER23: 14.264535 | ES23: 14.595028 | ET23: 14.906647 | EU23: 15.671395 | EV23: 16.245222 | EW23: 16.483943 | EX23: 16.843147 | EY23: 17.640413 | EZ23: 18.1526 | FA23: 18.761056 | FB23: 18.969693 | FC23: 19.524937 | FD23: 19.985693 | FE23: 20.346243 | FF23: 20.597872 | FG23: 20.884601 | FH23: 21.193981 | FI23: 21.3007 | FJ23: 21.53998 | FK23: 21.555549 | FL23: 21.717732 | FM23: 22.029647 | FN23: 22.188946 | FO23: 22.346288 | FP23: 22.892404 | FQ23: 23.251833 | FR23: 23.444279 | FS23: 23.741508 | FT23: 23.949279 | FU23: 24.436196 | FV23: 24.618452 | FW23: 24.632404 | FX23: 24.768794 | FY23: 25.071403 | FZ23: 25.207274 | GA23: 25.494705 | GB23: 25.801435 | GC23: 25.930694 | GD23: 26.125533 | GE23: 26.29184 | GF23: 26.452558 | GG23: 26.79342 | GH23: 26.885523 | GI23: 26.792463 | GJ23: 26.844534 | GK23: 27.017404 | GL23: 27.042091 | GM23: 27.224659 | GN23: 27.51627 | GO23: 27.797495 | GP23: 27.890015 | GQ23: 28.025128 | GR23: 28.095315 | GS23: 28.31473 | GT23: 28.545603 | GU23: 28.687099 | GV23: 29.039721 | GW23: 29.457282 | GX23: 29.423911 | GY23: 29.472942 | GZ23: 29.78142 | HA23: 29.896637 | HB23: 29.900527 | HC23: 30.297572 | HD23: 30.608905 | HE23: 30.83766 | HF23: 30.965202 | HG23: 31.048217 | HH23: 31.116823 | HI23: 31.530051 | HJ23: 31.870742 | HK23: 32.464863 | HL23: 33.901854 | HM23: 35.671475 | HN23: 37.594048 | HO23: 40.244551 | HP23: 41.298167 | HQ23: 42.364409 | HR23: 43.220713 | HS23: 44.166833 | HT23: 45.893855 | HU23: 47.73743 | HV23: 48.463687 | HW23: 48.841359 | HX23: 50.195531 | HY23: 50.195531 | HZ23: 50.75419 | IA23: 51.648045 | IB23: 52.458101 | IC23: 54.134078 | ID23: 54.581006 | IE23: 55.195531 | IF23: 56.005587 | IG23: 57.206704 | IH23: 58.659218 | II23: 59.832402 | IJ23: 63.659218 | IK23: 65.893855 | IL23: 68.240223 | IM23: 73.044693 | IN23: 76.815642 | IO23: 78.379888 | IP23: 79.804469 | IQ23: 81.787709 | IR23: 83.268156 | IS23: 85.502793 | IT23: 86.145251 | IU23: 88.324022 | IV23: 91.452514 | IW23: 94.357542 | IX23: 98.072626 | IY23: 101.70391 | IZ23: 104.18994 | JA23: 105.92179 | JB23: 108.43575 | JC23: 110.72626 | JD23: 112.15084 | JE23: 115.92179 | JF23: 120 | JG23: 132.7 | JH23: 138.5 | JI23: 141.5 | JJ23: 144.6 | JK23: 148.3 | JL23: 151.5 | JM23: 154.8 | JN23: 160.7 | JO23: 166.2 | JP23: 174.1 | JQ23: 180.5 | JR23: 185.5 | JS23: 189.3 | JT23: 193 | JU23: 197.7 | JV23: 201.7 | JW23: 206.5 | JX23: 210.9 | JY23: 217 | JZ23: 222.6 | KA23: 225.7 | KB23: 230.2 | KC23: 236.3 | KD23: 242.8 | KE23: 249.7 | KF23: 255.2 | KG23: 260.2 | KH23: 264.7 | KI23: 272.1 | KJ23: 279.5 | KK23: 285.1
A24: IMF.STA:CPI(5.0.0) | B24: IRL.CPI._T.IX.M | C24: OBS_VALUE | D24: Ireland | E24: Consumer price index (CPI) | F24: All Items | G24: Index | H24: Monthly | I24: Units | J24: 63 | K24: 63.6 | L24: 64.1 | M24: 64.6 | N24: 65 | O24: 65.4 | P24: 65.2 | Q24: 65.4 | R24: 65.7 | S24: 65.9 | T24: 65.9 | U24: 66.2 | V24: 66.1 | W24: 66.5 | X24: 67.1 | Y24: 67.7 | Z24: 68.1 | AA24: 68.2 | AB24: 67.9 | AC24: 68.3 | AD24: 68.7 | AE24: 69 | AF24: 69 | AG24: 69.5 | AH24: 69.3 | AI24: 69.9 | AJ24: 70.4 | AK24: 70.6 | AL24: 70.5 | AM24: 70.6 | AN24: 70.1 | AO24: 70.5 | AP24: 70.6 | AQ24: 70.6 | AR24: 70.6 | AS24: 70.9 | AT24: 70.5 | AU24: 71.1 | AV24: 71.4 | AW24: 71.6 | AX24: 71.8 | AY24: 72.1 | AZ24: 71.9 | BA24: 72.4 | BB24: 72.4 | BC24: 72.5 | BD24: 72.6 | BE24: 72.7 | BF24: 72.1 | BG24: 72.7 | BH24: 72.9 | BI24: 73.3 | BJ24: 73.5 | BK24: 73.7 | BL24: 73.7 | BM24: 74 | BN24: 74.6 | BO24: 74.7 | BP24: 74.5 | BQ24: 74.5 | BR24: 74.2 | BS24: 75.1 | BT24: 75.4 | BU24: 76 | BV24: 76.4 | BW24: 76.6 | BX24: 76.8 | BY24: 77.3 | BZ24: 77.6 | CA24: 77.6 | CB24: 77.8 | CC24: 78.2 | CD24: 78 | CE24: 78.7 | CF24: 79.2 | CG24: 79.9 | CH24: 80.2 | CI24: 80.4 | CJ24: 80.6 | CK24: 80.9 | CL24: 81.2 | CM24: 81.3 | CN24: 81.7 | CO24: 81.8 | CP24: 81.4 | CQ24: 82.4 | CR24: 83.2 | CS24: 83.3 | CT24: 83.9 | CU24: 84.3 | CV24: 84.1 | CW24: 84.5 | CX24: 84.7 | CY24: 84.5 | CZ24: 83.8 | DA24: 82.7 | DB24: 81.4 | DC24: 81.1 | DD24: 81 | DE24: 80.4 | DF24: 80 | DG24: 79.8 | DH24: 79.2 | DI24: 79.5 | DJ24: 79.2 | DK24: 79 | DL24: 79 | DM24: 78.6 | DN24: 78.2 | DO24: 78.5 | DP24: 78.6 | DQ24: 78.7 | DR24: 79.2 | DS24: 79.1 | DT24: 79.1 | DU24: 79.7 | DV24: 79.5 | DW24: 79.6 | DX24: 79.5 | DY24: 79.7 | DZ24: 79.5 | EA24: 80.2 | EB24: 80.9 | EC24: 81.2 | ED24: 81.3 | EE24: 81.2 | EF24: 81.2 | EG24: 81.3 | EH24: 81.6 | EI24: 81.8 | EJ24: 81.8 | EK24: 81.6 | EL24: 81.2 | EM24: 81.9 | EN24: 82.7 | EO24: 82.8 | EP24: 82.7 | EQ24: 82.6 | ER24: 82.5 | ES24: 83 | ET24: 82.9 | EU24: 82.8 | EV24: 82.5 | EW24: 82.5 | EX24: 82.2 | EY24: 82.8 | EZ24: 83.2 | FA24: 83.2 | FB24: 83.1 | FC24: 83.1 | FD24: 83.1 | FE24: 83.1 | FF24: 83 | FG24: 82.9 | FH24: 82.8 | FI24: 82.7 | FJ24: 82.3 | FK24: 82.8 | FL24: 83.3 | FM24: 83.4 | FN24: 83.4 | FO24: 83.5 | FP24: 83.3 | FQ24: 83.5 | FR24: 83.3 | FS24: 83 | FT24: 82.8 | FU24: 82.5 | FV24: 81.8 | FW24: 82.3 | FX24: 82.8 | FY24: 82.8 | FZ24: 83.1 | GA24: 83.3 | GB24: 83.1 | GC24: 83.4 | GD24: 83.1 | GE24: 82.9 | GF24: 82.6 | GG24: 82.6 | GH24: 81.9 | GI24: 82.2 | GJ24: 82.5 | GK24: 82.7 | GL24: 83.2 | GM24: 83.7 | GN24: 83.5 | GO24: 83.4 | GP24: 83 | GQ24: 82.7 | GR24: 82.6 | GS24: 82.6 | GT24: 82.2 | GU24: 82.7 | GV24: 83.1 | GW24: 83.5 | GX24: 83.3 | GY24: 83.4 | GZ24: 83.4 | HA24: 83.8 | HB24: 83.2 | HC24: 83.1 | HD24: 83 | HE24: 82.9 | HF24: 82.3 | HG24: 83 | HH24: 83.3 | HI24: 83.2 | HJ24: 83.7 | HK24: 83.7 | HL24: 84 | HM24: 84.3 | HN24: 84 | HO24: 83.9 | HP24: 83.5 | HQ24: 83.4 | HR24: 82.9 | HS24: 83.6 | HT24: 84.2 | HU24: 84.5 | HV24: 84.4 | HW24: 84.6 | HX24: 84.5 | HY24: 84.9 | HZ24: 84.7 | IA24: 84.5 | IB24: 84.4 | IC24: 84.5 | ID24: 84 | IE24: 84.5 | IF24: 84.8 | IG24: 84.5 | IH24: 84 | II24: 84.3 | IJ24: 84.1 | IK24: 84 | IL24: 83.7 | IM24: 83.3 | IN24: 83.5 | IO24: 83.7 | IP24: 83.8 | IQ24: 84.1 | IR24: 84.8 | IS24: 85.3 | IT24: 85.5 | IU24: 85.6 | IV24: 85.9 | IW24: 86.5 | IX24: 86.8 | IY24: 87.4 | IZ24: 87.9 | JA24: 88.4 | JB24: 88 | JC24: 88.8 | JD24: 90.5 | JE24: 91.3 | JF24: 92.2 | JG24: 93.4 | JH24: 93.8 | JI24: 93.9 | JJ24: 94 | JK24: 95.5 | JL24: 95.8 | JM24: 95.6 | JN24: 94.8 | JO24: 96.4 | JP24: 97.4 | JQ24: 97.9 | JR24: 98.3 | JS24: 99.1 | JT24: 99.3 | JU24: 99.9 | JV24: 100 | JW24: 100.3 | JX24: 99.5 | JY24: 100 | JZ24: 98.7 | KA24: 99.7 | KB24: 100.2 | KC24: 100.4 | KD24: 100.9 | KE24: 101.3 | KF24: 101.5 | KG24: 101.6 | KH24: 100.7 | KI24: 101 | KJ24: 100.5 | KK24: 101.4
A25: IMF.STA:CPI(5.0.0) | B25: IRL.HICP._T.IX.M | C25: OBS_VALUE | D25: Ireland | E25: Harmonised index of consumer prices (HICP) | F25: All Items | G25: Index | H25: Monthly | I25: Units | J25: 77.7 | K25: 78.4 | L25: 79 | M25: 79.6 | N25: 80.1 | O25: 80.7 | P25: 80.5 | Q25: 80.7 | R25: 81 | S25: 81.4 | T25: 81.3 | U25: 81.9 | V25: 81.8 | W25: 82.3 | X25: 83 | Y25: 83.7 | Z25: 84.1 | AA25: 84.3 | AB25: 83.8 | AC25: 84.3 | AD25: 84.6 | AE25: 85 | AF25: 85 | AG25: 85.6 | AH25: 85.7 | AI25: 86.5 | AJ25: 87.1 | AK25: 87.5 | AL25: 87.4 | AM25: 87.4 | AN25: 87.1 | AO25: 87.7 | AP25: 87.8 | AQ25: 87.8 | AR25: 87.8 | AS25: 88.2 | AT25: 87.6 | AU25: 88.4 | AV25: 88.7 | AW25: 89 | AX25: 89.2 | AY25: 89.6 | AZ25: 89.3 | BA25: 89.9 | BB25: 89.9 | BC25: 90 | BD25: 90.2 | BE25: 90.3 | BF25: 89.4 | BG25: 90.2 | BH25: 90.4 | BI25: 90.9 | BJ25: 91.1 | BK25: 91.4 | BL25: 91.3 | BM25: 91.8 | BN25: 92.4 | BO25: 92.4 | BP25: 92.2 | BQ25: 92 | BR25: 91.5 | BS25: 92.6 | BT25: 92.9 | BU25: 93.4 | BV25: 93.9 | BW25: 94 | BX25: 94 | BY25: 94.6 | BZ25: 94.4 | CA25: 94.4 | CB25: 94.4 | CC25: 94.8 | CD25: 94.2 | CE25: 95.1 | CF25: 95.7 | CG25: 96.1 | CH25: 96.4 | CI25: 96.6 | CJ25: 96.5 | CK25: 96.9 | CL25: 97.1 | CM25: 97.2 | CN25: 97.7 | CO25: 97.8 | CP25: 97.1 | CQ25: 98.3 | CR25: 99.3 | CS25: 99.4 | CT25: 100 | CU25: 100.4 | CV25: 99.9 | CW25: 100 | CX25: 100.2 | CY25: 99.9 | CZ25: 99.8 | DA25: 99.1 | DB25: 98.3 | DC25: 98.4 | DD25: 98.5 | DE25: 98.6 | DF25: 98.3 | DG25: 98.3 | DH25: 97.4 | DI25: 97.6 | DJ25: 97.3 | DK25: 97 | DL25: 97 | DM25: 96.5 | DN25: 95.8 | DO25: 96 | DP25: 96.1 | DQ25: 96.2 | DR25: 96.4 | DS25: 96.3 | DT25: 96.2 | DU25: 96.4 | DV25: 96.2 | DW25: 96.3 | DX25: 96.1 | DY25: 96.3 | DZ25: 96.1 | EA25: 96.9 | EB25: 97.3 | EC25: 97.6 | ED25: 97.6 | EE25: 97.4 | EF25: 97.2 | EG25: 97.4 | EH25: 97.5 | EI25: 97.8 | EJ25: 97.8 | EK25: 97.7 | EL25: 97.3 | EM25: 98.4 | EN25: 99.4 | EO25: 99.4 | EP25: 99.4 | EQ25: 99.2 | ER25: 99.1 | ES25: 99.9 | ET25: 99.9 | EU25: 99.8 | EV25: 99.3 | EW25: 99.4 | EX25: 98.8 | EY25: 99.6 | EZ25: 100 | FA25: 99.9 | FB25: 99.8 | FC25: 99.9 | FD25: 99.9 | FE25: 100 | FF25: 99.9 | FG25: 99.7 | FH25: 99.6 | FI25: 99.7 | FJ25: 99.1 | FK25: 99.7 | FL25: 100.2 | FM25: 100.2 | FN25: 100.2 | FO25: 100.4 | FP25: 100.3 | FQ25: 100.6 | FR25: 100.4 | FS25: 100.1 | FT25: 99.8 | FU25: 99.4 | FV25: 98.7 | FW25: 99.3 | FX25: 100 | FY25: 99.9 | FZ25: 100.4 | GA25: 100.8 | GB25: 100.5 | GC25: 100.8 | GD25: 100.3 | GE25: 100 | GF25: 99.7 | GG25: 99.6 | GH25: 98.7 | GI25: 99.1 | GJ25: 99.4 | GK25: 99.7 | GL25: 100.2 | GM25: 100.9 | GN25: 100.6 | GO25: 100.4 | GP25: 100 | GQ25: 99.6 | GR25: 99.5 | GS25: 99.4 | GT25: 98.9 | GU25: 99.4 | GV25: 100 | GW25: 100.4 | GX25: 100.2 | GY25: 100.3 | GZ25: 100.4 | HA25: 100.8 | HB25: 100.2 | HC25: 100.1 | HD25: 100 | HE25: 99.9 | HF25: 99.2 | HG25: 100.1 | HH25: 100.5 | HI25: 100.3 | HJ25: 100.9 | HK25: 101 | HL25: 101.4 | HM25: 101.7 | HN25: 101.4 | HO25: 101.2 | HP25: 100.8 | HQ25: 100.7 | HR25: 100 | HS25: 100.8 | HT25: 101.6 | HU25: 102 | HV25: 101.9 | HW25: 102.1 | HX25: 101.9 | HY25: 102.3 | HZ25: 102 | IA25: 101.8 | IB25: 101.6 | IC25: 101.8 | ID25: 101.1 | IE25: 101.7 | IF25: 102.1 | IG25: 101.7 | IH25: 101.1 | II25: 101.5 | IJ25: 101.3 | IK25: 101.2 | IL25: 100.8 | IM25: 100.3 | IN25: 100.6 | IO25: 100.8 | IP25: 101 | IQ25: 101.3 | IR25: 102.2 | IS25: 102.8 | IT25: 103 | IU25: 103.1 | IV25: 103.5 | IW25: 104.2 | IX25: 104.6 | IY25: 105.4 | IZ25: 106 | JA25: 106.5 | JB25: 106.1 | JC25: 107.1 | JD25: 109.3 | JE25: 110.3 | JF25: 111.5 | JG25: 113 | JH25: 113.4 | JI25: 113.6 | JJ25: 113.6 | JK25: 115.3 | JL25: 115.5 | JM25: 115.2 | JN25: 114.1 | JO25: 115.8 | JP25: 116.9 | JQ25: 117.2 | JR25: 117.5 | JS25: 118.4 | JT25: 118.6 | JU25: 119.2 | JV25: 119.3 | JW25: 119.5 | JX25: 118.4 | JY25: 118.9 | JZ25: 117.2 | KA25: 118.5 | KB25: 118.9 | KC25: 119.1 | KD25: 119.8 | KE25: 120.2 | KF25: 120.4 | KG25: 120.5 | KH25: 119.3 | KI25: 119.6 | KJ25: 119 | KK25: 120.1
A26: IMF.STA:CPI(5.0.0) | B26: ITA.CPI._T.IX.M | C26: OBS_VALUE | D26: Italy | E26: Consumer price index (CPI) | F26: All Items | G26: Index | H26: Monthly | I26: Units | J26: 76.25511 | K26: 76.52128 | L26: 76.58781 | M26: 76.92052 | N26: 77.12014 | O26: 77.31976 | P26: 77.3863 | Q26: 77.3863 | R26: 77.3863 | S26: 77.51938 | T26: 77.65246 | U26: 77.719 | V26: 78.0517 | W26: 78.31786 | X26: 78.51749 | Y26: 78.7171 | Z26: 78.91673 | AA26: 78.98327 | AB26: 79.11635 | AC26: 79.24943 | AD26: 79.38251 | AE26: 79.58213 | AF26: 79.84829 | AG26: 79.91483 | AH26: 80.24753 | AI26: 80.38061 | AJ26: 80.64677 | AK26: 80.84639 | AL26: 81.04601 | AM26: 81.11256 | AN26: 81.24564 | AO26: 81.44525 | AP26: 81.57833 | AQ26: 81.64487 | AR26: 81.8445 | AS26: 81.91103 | AT26: 82.04411 | AU26: 82.24374 | AV26: 82.5099 | AW26: 82.70952 | AX26: 82.90914 | AY26: 83.04222 | AZ26: 83.10876 | BA26: 83.30838 | BB26: 83.30838 | BC26: 83.30838 | BD26: 83.37492 | BE26: 83.57454 | BF26: 83.57454 | BG26: 83.84071 | BH26: 84.10686 | BI26: 84.23994 | BJ26: 84.5061 | BK26: 84.5061 | BL26: 84.83881 | BM26: 84.97189 | BN26: 84.97189 | BO26: 85.17151 | BP26: 85.23804 | BQ26: 85.23804 | BR26: 85.43767 | BS26: 85.63729 | BT26: 85.83691 | BU26: 86.10307 | BV26: 86.36923 | BW26: 86.43578 | BX26: 86.70193 | BY26: 86.83501 | BZ26: 86.76847 | CA26: 86.70193 | CB26: 86.76847 | CC26: 86.83501 | CD26: 86.90155 | CE26: 87.16772 | CF26: 87.3008 | CG26: 87.43388 | CH26: 87.70004 | CI26: 87.89966 | CJ26: 88.09928 | CK26: 88.23236 | CL26: 88.23236 | CM26: 88.49852 | CN26: 88.83122 | CO26: 89.09738 | CP26: 89.49662 | CQ26: 89.69624 | CR26: 90.16203 | CS26: 90.36165 | CT26: 90.82743 | CU26: 91.22667 | CV26: 91.69245 | CW26: 91.82553 | CX26: 91.55937 | CY26: 91.55937 | CZ26: 91.22667 | DA26: 91.09359 | DB26: 90.96051 | DC26: 91.16013 | DD26: 91.22667 | DE26: 91.42629 | DF26: 91.62591 | DG26: 91.69245 | DH26: 91.69245 | DI26: 91.95861 | DJ26: 91.759 | DK26: 91.82553 | DL26: 91.82553 | DM26: 92.02515 | DN26: 92.15823 | DO26: 92.22477 | DP26: 92.49094 | DQ26: 92.82363 | DR26: 92.89017 | DS26: 92.89017 | DT26: 93.22288 | DU26: 93.4225 | DV26: 93.22288 | DW26: 93.4225 | DX26: 93.4225 | DY26: 93.7552 | DZ26: 94.13953 | EA26: 94.4186 | EB26: 94.7907 | EC26: 95.25581 | ED26: 95.34884 | EE26: 95.44186 | EF26: 95.72093 | EG26: 96 | EH26: 96 | EI26: 96.55814 | EJ26: 96.46512 | EK26: 96.83721 | EL26: 97.11628 | EM26: 97.48837 | EN26: 97.95349 | EO26: 98.4186 | EP26: 98.4186 | EQ26: 98.60465 | ER26: 98.69768 | ES26: 99.06977 | ET26: 99.06977 | EU26: 99.06977 | EV26: 98.88372 | EW26: 99.06977 | EX26: 99.25581 | EY26: 99.34884 | EZ26: 99.53488 | FA26: 99.53488 | FB26: 99.53488 | FC26: 99.81396 | FD26: 99.90697 | FE26: 100.2791 | FF26: 100 | FG26: 99.81396 | FH26: 99.53488 | FI26: 99.72093 | FJ26: 99.90697 | FK26: 99.81396 | FL26: 99.90697 | FM26: 100.093 | FN26: 100 | FO26: 100.093 | FP26: 100 | FQ26: 100.186 | FR26: 99.81396 | FS26: 99.90697 | FT26: 99.72093 | FU26: 99.72093 | FV26: 99.34884 | FW26: 99.72093 | FX26: 99.81396 | FY26: 100 | FZ26: 100.093 | GA26: 100.2791 | GB26: 100.186 | GC26: 100.3721 | GD26: 100 | GE26: 100.186 | GF26: 99.81396 | GG26: 99.81396 | GH26: 99.6 | GI26: 99.4 | GJ26: 99.6 | GK26: 99.5 | GL26: 99.8 | GM26: 99.9 | GN26: 100.1 | GO26: 100.3 | GP26: 100.1 | GQ26: 100 | GR26: 99.9 | GS26: 100.3 | GT26: 100.6 | GU26: 101 | GV26: 101 | GW26: 101.4 | GX26: 101.2 | GY26: 101.1 | GZ26: 101.2 | HA26: 101.5 | HB26: 101.2 | HC26: 101 | HD26: 100.8 | HE26: 101.2 | HF26: 101.5 | HG26: 101.5 | HH26: 101.8 | HI26: 101.9 | HJ26: 102.2 | HK26: 102.4 | HL26: 102.7 | HM26: 103.1 | HN26: 102.6 | HO26: 102.6 | HP26: 102.4 | HQ26: 102.3 | HR26: 102.4 | HS26: 102.5 | HT26: 102.8 | HU26: 103 | HV26: 103 | HW26: 103.1 | HX26: 103.1 | HY26: 103.5 | HZ26: 102.9 | IA26: 102.8 | IB26: 102.6 | IC26: 102.8 | ID26: 102.9 | IE26: 102.8 | IF26: 102.9 | IG26: 103 | IH26: 102.8 | II26: 102.9 | IJ26: 102.7 | IK26: 103 | IL26: 102.3 | IM26: 102.5 | IN26: 102.4 | IO26: 102.6 | IP26: 103.3 | IQ26: 103.4 | IR26: 103.7 | IS26: 104.1 | IT26: 104.1 | IU26: 104.2 | IV26: 104.7 | IW26: 105.1 | IX26: 104.9 | IY26: 105.6 | IZ26: 106.2 | JA26: 106.6 | JB26: 108.3 | JC26: 109.3 | JD26: 110.4 | JE26: 110.3 | JF26: 111.2 | JG26: 112.5 | JH26: 113 | JI26: 113.9 | JJ26: 114.2 | JK26: 118.1 | JL26: 118.7 | JM26: 119 | JN26: 119.1 | JO26: 119.3 | JP26: 118.8 | JQ26: 119.3 | JR26: 119.7 | JS26: 119.7 | JT26: 119.7 | JU26: 120.1 | JV26: 120.3 | JW26: 120.1 | JX26: 119.5 | JY26: 119.7 | JZ26: 120.1 | KA26: 120.2 | KB26: 120.2 | KC26: 120.3 | KD26: 120.6 | KE26: 120.7 | KF26: 121.2 | KG26: 121.4 | KH26: 121.2 | KI26: 121.2 | KJ26: 121.1 | KK26: 121.2
A27: IMF.STA:CPI(5.0.0) | B27: ITA.HICP._T.IX.M | C27: OBS_VALUE | D27: Italy | E27: Harmonised index of consumer prices (HICP) | F27: All Items | G27: Index | H27: Monthly | I27: Units | J27: 75 | K27: 74.6 | L27: 75.3 | M27: 75.9 | N27: 76.1 | O27: 76.3 | P27: 76.1 | Q27: 75.9 | R27: 76.1 | S27: 76.5 | T27: 76.7 | U27: 76.8 | V27: 76.7 | W27: 76.5 | X27: 77.2 | Y27: 77.8 | Z27: 78 | AA27: 78.1 | AB27: 78 | AC27: 77.8 | AD27: 78.3 | AE27: 78.7 | AF27: 78.9 | AG27: 79.1 | AH27: 78.9 | AI27: 78.5 | AJ27: 79.5 | AK27: 80.1 | AL27: 80.2 | AM27: 80.3 | AN27: 80.2 | AO27: 80 | AP27: 80.6 | AQ27: 80.9 | AR27: 81.1 | AS27: 81.1 | AT27: 80.6 | AU27: 80.4 | AV27: 81.3 | AW27: 82 | AX27: 82.1 | AY27: 82.2 | AZ27: 82 | BA27: 81.9 | BB27: 82.3 | BC27: 82.6 | BD27: 82.7 | BE27: 83 | BF27: 82.2 | BG27: 82.1 | BH27: 83.1 | BI27: 83.7 | BJ27: 84 | BK27: 84 | BL27: 83.8 | BM27: 83.7 | BN27: 84.1 | BO27: 84.7 | BP27: 84.7 | BQ27: 84.7 | BR27: 84 | BS27: 83.9 | BT27: 84.9 | BU27: 85.7 | BV27: 85.9 | BW27: 86 | BX27: 85.8 | BY27: 85.6 | BZ27: 86.2 | CA27: 86.3 | CB27: 86.4 | CC27: 86.5 | CD27: 85.6 | CE27: 85.7 | CF27: 86.6 | CG27: 87.2 | CH27: 87.5 | CI27: 87.7 | CJ27: 87.2 | CK27: 87 | CL27: 87.7 | CM27: 88.3 | CN27: 88.6 | CO27: 88.9 | CP27: 88.3 | CQ27: 88.3 | CR27: 89.7 | CS27: 90.2 | CT27: 90.8 | CU27: 91.2 | CV27: 90.7 | CW27: 90.7 | CX27: 91.1 | CY27: 91.5 | CZ27: 91.1 | DA27: 91 | DB27: 89.5 | DC27: 89.7 | DD27: 90.7 | DE27: 91.3 | DF27: 91.5 | DG27: 91.7 | DH27: 90.6 | DI27: 90.8 | DJ27: 91.4 | DK27: 91.8 | DL27: 91.9 | DM27: 92 | DN27: 90.7 | DO27: 90.6 | DP27: 92 | DQ27: 92.9 | DR27: 92.9 | DS27: 93 | DT27: 92.2 | DU27: 92.3 | DV27: 92.9 | DW27: 93.6 | DX27: 93.6 | DY27: 93.9 | DZ27: 92.5 | EA27: 92.6 | EB27: 94.6 | EC27: 95.6 | ED27: 95.7 | EE27: 95.8 | EF27: 94.1 | EG27: 94.4 | EH27: 96.3 | EI27: 97.1 | EJ27: 97.1 | EK27: 97.4 | EL27: 95.6 | EM27: 95.8 | EN27: 98.2 | EO27: 99.1 | EP27: 99.1 | EQ27: 99.3 | ER27: 97.5 | ES27: 97.6 | ET27: 99.6 | EU27: 99.8 | EV27: 99.6 | EW27: 99.9 | EX27: 97.9 | EY27: 97.7 | EZ27: 100 | FA27: 100.3 | FB27: 100.3 | FC27: 100.5 | FD27: 98.7 | FE27: 98.7 | FF27: 100.5 | FG27: 100.5 | FH27: 100.2 | FI27: 100.5 | FJ27: 98.5 | FK27: 98.1 | FL27: 100.3 | FM27: 100.8 | FN27: 100.7 | FO27: 100.8 | FP27: 98.7 | FQ27: 98.6 | FR27: 100.4 | FS27: 100.7 | FT27: 100.5 | FU27: 100.5 | FV27: 98 | FW27: 98.2 | FX27: 100.3 | FY27: 100.7 | FZ27: 100.9 | GA27: 101 | GB27: 99.1 | GC27: 98.9 | GD27: 100.6 | GE27: 101 | GF27: 100.6 | GG27: 100.6 | GH27: 98.4 | GI27: 98 | GJ27: 100.1 | GK27: 100.3 | GL27: 100.6 | GM27: 100.8 | GN27: 98.9 | GO27: 98.8 | GP27: 100.7 | GQ27: 100.9 | GR27: 100.7 | GS27: 101.1 | GT27: 99.4 | GU27: 99.6 | GV27: 101.5 | GW27: 102.3 | GX27: 102.2 | GY27: 102 | GZ27: 100.1 | HA27: 100.2 | HB27: 102 | HC27: 102 | HD27: 101.8 | HE27: 102.1 | HF27: 100.6 | HG27: 100.1 | HH27: 102.4 | HI27: 102.9 | HJ27: 103.2 | HK27: 103.4 | HL27: 102 | HM27: 101.8 | HN27: 103.5 | HO27: 103.7 | HP27: 103.4 | HQ27: 103.3 | HR27: 101.5 | HS27: 101.2 | HT27: 103.5 | HU27: 104 | HV27: 104.1 | HW27: 104.2 | HX27: 102.3 | HY27: 102.3 | HZ27: 103.7 | IA27: 103.9 | IB27: 103.6 | IC27: 103.8 | ID27: 101.9 | IE27: 101.4 | IF27: 103.6 | IG27: 104.1 | IH27: 103.8 | II27: 103.8 | IJ27: 103.1 | IK27: 101.8 | IL27: 102.7 | IM27: 103.3 | IN27: 103.3 | IO27: 103.5 | IP27: 102.6 | IQ27: 102.4 | IR27: 104.2 | IS27: 105.1 | IT27: 105 | IU27: 105.2 | IV27: 104.1 | IW27: 104.3 | IX27: 105.7 | IY27: 106.6 | IZ27: 107.3 | JA27: 107.8 | JB27: 107.8 | JC27: 108.7 | JD27: 111.3 | JE27: 111.7 | JF27: 112.7 | JG27: 114.1 | JH27: 112.8 | JI27: 113.8 | JJ27: 115.6 | JK27: 120 | JL27: 120.8 | JM27: 121.1 | JN27: 119.3 | JO27: 119.4 | JP27: 120.3 | JQ27: 121.3 | JR27: 121.7 | JS27: 121.8 | JT27: 119.9 | JU27: 120.1 | JV27: 122.1 | JW27: 122.2 | JX27: 121.5 | JY27: 121.7 | JZ27: 120.4 | KA27: 120.4 | KB27: 121.8 | KC27: 122.4 | KD27: 122.7 | KE27: 122.9 | KF27: 121.8 | KG27: 121.6 | KH27: 123 | KI27: 123.4 | KJ27: 123.3 | KK27: 123.4
A28: IMF.STA:CPI(5.0.0) | B28: JOR.CPI._T.IX.M | C28: OBS_VALUE | D28: Jordan | E28: Consumer price index (CPI) | F28: All Items | G28: Index | H28: Monthly | I28: Units | BR28: 63.010719 | BS28: 62.670605 | BT28: 62.641685 | BU28: 64.035574 | BV28: 64.789835 | BW28: 64.660324 | BX28: 64.628941 | BY28: 64.806503 | BZ28: 65.413371 | CA28: 65.736686 | CB28: 65.912854 | CC28: 66.547533 | CD28: 67.013634 | CE28: 67.07789 | CF28: 67.27627 | CG28: 67.203692 | CH28: 66.944026 | CI28: 66.849121 | CJ28: 66.685402 | CK28: 67.12505 | CL28: 67.97578 | CM28: 68.491484 | CN28: 69.03295 | CO28: 69.937709 | CP28: 70.436554 | CQ28: 74.668524 | CR28: 75.935651 | CS28: 76.67429 | CT28: 76.615122 | CU28: 77.187425 | CV28: 78.66854 | CW28: 79.160298 | CX28: 80.691425 | CY28: 79.789585 | CZ28: 78.932592 | DA28: 76.245329 | DB28: 75.884174 | DC28: 75.756672 | DD28: 75.55371 | DE28: 75.420805 | DF28: 75.503479 | DG28: 75.558367 | DH28: 75.810143 | DI28: 77.467941 | DJ28: 77.891163 | DK28: 77.285072 | DL28: 77.753221 | DM28: 78.284153 | DN28: 78.896486 | DO28: 79.401104 | DP28: 79.458532 | DQ28: 79.436296 | DR28: 79.163623 | DS28: 79.635439 | DT28: 79.581805 | DU28: 80.098688 | DV28: 80.988854 | DW28: 81.577742 | DX28: 81.689246 | DY28: 82.73113 | DZ28: 82.623958 | EA28: 82.248373 | EB28: 82.501945 | EC28: 83.079281 | ED28: 83.140729 | EE28: 83.361411 | EF28: 83.493772 | EG28: 84.045599 | EH28: 84.222081 | EI28: 84.312167 | EJ28: 84.558439 | EK28: 85.14131 | EL28: 85.173478 | EM28: 84.880598 | EN28: 85.524677 | EO28: 86.541533 | EP28: 86.392646 | EQ28: 86.829278 | ER28: 87.567293 | ES28: 88.174069 | ET28: 88.351353 | EU28: 88.534894 | EV28: 89.789439 | EW28: 90.245324 | EX28: 90.280299 | EY28: 90.765624 | EZ28: 91.069012 | FA28: 91.025373 | FB28: 90.248773 | FC28: 91.006602 | FD28: 91.523774 | FE28: 91.917328 | FF28: 92.385165 | FG28: 92.818027 | FH28: 92.475331 | FI28: 93.051545 | FJ28: 93.277521 | FK28: 93.682146 | FL28: 94.068962 | FM28: 94.168032 | FN28: 93.631207 | FO28: 93.846515 | FP28: 94.380452 | FQ28: 94.652876 | FR28: 94.814838 | FS28: 94.843717 | FT28: 94.45281 | FU28: 94.600493 | FV28: 93.424483 | FW28: 92.088275 | FX28: 92.928328 | FY28: 93.164172 | FZ28: 93.429777 | GA28: 94.162016 | GB28: 93.789238 | GC28: 93.954329 | GD28: 93.701318 | GE28: 93.724983 | GF28: 93.029725 | GG28: 93.110826 | GH28: 92.448298 | GI28: 91.394541 | GJ28: 91.376171 | GK28: 92.062845 | GL28: 91.963855 | GM28: 92.092206 | GN28: 93.395844 | GO28: 93.432344 | GP28: 93.003172 | GQ28: 93.221368 | GR28: 93.499086 | GS28: 93.895368 | GT28: 94.791896 | GU28: 95.558067 | GV28: 95.282354 | GW28: 95.302088 | GX28: 95.362333 | GY28: 95.487474 | GZ28: 95.105472 | HA28: 95.56641 | HB28: 96.265358 | HC28: 96.467831 | HD28: 96.613107 | HE28: 96.937272 | HF28: 97.956456 | HG28: 99.23592 | HH28: 98.822296 | HI28: 99.621469 | HJ28: 99.785506 | HK28: 100.27716 | HL28: 100.57984 | HM28: 100.64738 | HN28: 100.57849 | HO28: 100.5534 | HP28: 101.1959 | HQ28: 100.74618 | HR28: 99.894338 | HS28: 99.624166 | HT28: 99.982708 | HU28: 100.47205 | HV28: 100.60684 | HW28: 101.12559 | HX28: 101.16311 | HY28: 101.23413 | HZ28: 100.90005 | IA28: 101.27336 | IB28: 101.34283 | IC28: 101.519 | ID28: 101.56938 | IE28: 101.52257 | IF28: 102.05243 | IG28: 101.04815 | IH28: 100.39066 | II28: 100.50842 | IJ28: 100.59371 | IK28: 100.65907 | IL28: 100.99784 | IM28: 101.28848 | IN28: 101.42476 | IO28: 101.11271 | IP28: 101.21719 | IQ28: 101.91232 | IR28: 102.21 | IS28: 102.31 | IT28: 102.05 | IU28: 102.29 | IV28: 102.45 | IW28: 102.68 | IX28: 102.86472 | IY28: 102.92322 | IZ28: 103.0555 | JA28: 103.53558 | JB28: 103.70886 | JC28: 103.90389 | JD28: 104.72968 | JE28: 105.98986 | JF28: 106.52648 | JG28: 107.57876 | JH28: 107.92087 | JI28: 108.18397 | JJ28: 108.40683 | JK28: 108.30589 | JL28: 108.19306 | JM28: 108.04779 | JN28: 107.62 | JO28: 108.32 | JP28: 108.83 | JQ28: 109.09 | JR28: 108.61948 | JS28: 108.83366 | JT28: 108.90882 | JU28: 109.13112 | JV28: 109.69758 | JW28: 109.78344 | JX28: 109.56257 | JY28: 109.8168 | JZ28: 109.72358 | KA28: 110.0216 | KB28: 110.60637 | KC28: 110.50466 | KD28: 110.58057 | KE28: 110.74337 | KF28: 111.00411 | KG28: 111.16842 | KH28: 110.8077 | KI28: 110.61269 | KJ28: 111.04401 | KK28: 111.76
A29: IMF.STA:CPI(5.0.0) | B29: KOR.CPI._T.IX.M | C29: OBS_VALUE | D29: Korea, Republic of | E29: Consumer price index (CPI) | F29: All Items | G29: Index | H29: Monthly | I29: Units | J29: 64.604 | K29: 64.919 | L29: 65.488 | M29: 65.74 | N29: 65.677 | O29: 65.866 | P29: 65.992 | Q29: 66.245 | R29: 66.182 | S29: 66.182 | T29: 65.804 | U29: 65.93 | V29: 66.308 | W29: 66.624 | X29: 67.003 | Y29: 67.382 | Z29: 67.634 | AA29: 67.571 | AB29: 67.382 | AC29: 67.824 | AD29: 68.204 | AE29: 68.013 | AF29: 68.077 | AG29: 68.391 | AH29: 68.835 | AI29: 69.213 | AJ29: 70.034 | AK29: 69.908 | AL29: 69.782 | AM29: 69.592 | AN29: 69.53 | AO29: 69.845 | AP29: 70.477 | AQ29: 70.539 | AR29: 70.413 | AS29: 70.73 | AT29: 71.172 | AU29: 71.487 | AV29: 72.181 | AW29: 72.181 | AX29: 72.119 | AY29: 72.119 | AZ29: 72.561 | BA29: 73.191 | BB29: 73.191 | BC29: 73.191 | BD29: 72.75 | BE29: 72.877 | BF29: 73.594 | BG29: 73.892 | BH29: 74.338 | BI29: 74.413 | BJ29: 74.338 | BK29: 74.114 | BL29: 74.413 | BM29: 74.636 | BN29: 75.008 | BO29: 74.859 | BP29: 74.561 | BQ29: 74.785 | BR29: 75.231 | BS29: 75.381 | BT29: 75.827 | BU29: 75.902 | BV29: 76.05 | BW29: 75.902 | BX29: 76.199 | BY29: 76.645 | BZ29: 76.868 | CA29: 76.496 | CB29: 76.125 | CC29: 76.348 | CD29: 76.496 | CE29: 77.017 | CF29: 77.464 | CG29: 77.761 | CH29: 77.836 | CI29: 77.836 | CJ29: 78.134 | CK29: 78.208 | CL29: 78.655 | CM29: 78.803 | CN29: 78.803 | CO29: 79.101 | CP29: 79.472 | CQ29: 79.771 | CR29: 80.515 | CS29: 80.962 | CT29: 81.63 | CU29: 82.151 | CV29: 82.747 | CW29: 82.598 | CX29: 82.673 | CY29: 82.598 | CZ29: 82.375 | DA29: 82.375 | DB29: 82.45 | DC29: 83.045 | DD29: 83.64 | DE29: 83.862 | DF29: 83.862 | DG29: 83.788 | DH29: 84.086 | DI29: 84.384 | DJ29: 84.459 | DK29: 84.235 | DL29: 84.384 | DM29: 84.682 | DN29: 85.351 | DO29: 85.523 | DP29: 85.696 | DQ29: 86.041 | DR29: 86.128 | DS29: 86.041 | DT29: 86.214 | DU29: 86.647 | DV29: 87.337 | DW29: 87.337 | DX29: 86.906 | DY29: 87.251 | DZ29: 88.288 | EA29: 88.892 | EB29: 89.238 | EC29: 89.325 | ED29: 89.497 | EE29: 89.67 | EF29: 90.102 | EG29: 90.707 | EH29: 90.62 | EI29: 90.448 | EJ29: 90.534 | EK29: 90.879 | EL29: 91.242 | EM29: 91.588 | EN29: 91.614 | EO29: 91.605 | EP29: 91.769 | EQ29: 91.639 | ER29: 91.432 | ES29: 91.855 | ET29: 92.512 | EU29: 92.339 | EV29: 92.011 | EW29: 92.175 | EX29: 92.728 | EY29: 93.038 | EZ29: 92.952 | FA29: 92.823 | FB29: 92.823 | FC29: 92.71 | FD29: 92.909 | FE29: 93.238 | FF29: 93.419 | FG29: 93.134 | FH29: 93.116 | FI29: 93.229 | FJ29: 93.73 | FK29: 93.98 | FL29: 94.153 | FM29: 94.214 | FN29: 94.369 | FO29: 94.248 | FP29: 94.386 | FQ29: 94.551 | FR29: 94.49 | FS29: 94.205 | FT29: 94.015 | FU29: 94.006 | FV29: 94.643 | FW29: 94.587 | FX29: 94.596 | FY29: 94.625 | FZ29: 94.89 | GA29: 94.909 | GB29: 95.08 | GC29: 95.213 | GD29: 94.966 | GE29: 94.966 | GF29: 94.786 | GG29: 95.07 | GH29: 95.232 | GI29: 95.64 | GJ29: 95.393 | GK29: 95.573 | GL29: 95.63 | GM29: 95.611 | GN29: 95.431 | GO29: 95.677 | GP29: 96.247 | GQ29: 96.379 | GR29: 96.237 | GS29: 96.342 | GT29: 97.366 | GU29: 97.632 | GV29: 97.565 | GW29: 97.442 | GX29: 97.546 | GY29: 97.338 | GZ29: 97.499 | HA29: 98.058 | HB29: 98.172 | HC29: 98.077 | HD29: 97.347 | HE29: 97.698 | HF29: 98.106 | HG29: 98.855 | HH29: 98.751 | HI29: 98.931 | HJ29: 98.979 | HK29: 98.779 | HL29: 98.59 | HM29: 99.462 | HN29: 100.221 | HO29: 100.041 | HP29: 99.33 | HQ29: 98.988 | HR29: 98.884 | HS29: 99.311 | HT29: 99.121 | HU29: 99.481 | HV29: 99.652 | HW29: 99.491 | HX29: 99.187 | HY29: 99.425 | HZ29: 99.794 | IA29: 100.041 | IB29: 99.481 | IC29: 99.719 | ID29: 100.09 | IE29: 100.16 | IF29: 99.94 | IG29: 99.5 | IH29: 99.44 | II29: 99.71 | IJ29: 99.63 | IK29: 100.19 | IL29: 100.74 | IM29: 100.18 | IN29: 100.09 | IO29: 100.33 | IP29: 101.04 | IQ29: 101.58 | IR29: 101.84 | IS29: 101.98 | IT29: 102.05 | IU29: 102.05 | IV29: 102.26 | IW29: 102.75 | IX29: 103.17 | IY29: 103.35 | IZ29: 103.87 | JA29: 104.04 | JB29: 104.85 | JC29: 105.42 | JD29: 106.1 | JE29: 106.83 | JF29: 107.5 | JG29: 108.21 | JH29: 108.73 | JI29: 108.63 | JJ29: 108.82 | JK29: 109.16 | JL29: 109.07 | JM29: 109.26 | JN29: 110.07 | JO29: 110.33 | JP29: 110.52 | JQ29: 110.77 | JR29: 111.13 | JS29: 111.16 | JT29: 111.29 | JU29: 112.28 | JV29: 112.85 | JW29: 113.27 | JX29: 112.68 | JY29: 112.73 | JZ29: 113.17 | KA29: 113.78 | KB29: 113.95 | KC29: 114.01 | KD29: 114.1 | KE29: 113.84 | KF29: 114.13 | KG29: 114.54 | KH29: 114.65 | KI29: 114.69 | KJ29: 114.4 | KK29: 114.91
A30: IMF.STA:CPI(5.0.0) | B30: LVA.HICP._T.IX.M | C30: OBS_VALUE | D30: Latvia, Republic of | E30: Harmonised index of consumer prices (HICP) | F30: All Items | G30: Index | H30: Monthly | I30: Units | J30: 55.8 | K30: 55.73 | L30: 56.01 | M30: 56.23 | N30: 56.8 | O30: 57.11 | P30: 56.84 | Q30: 56.47 | R30: 56.83 | S30: 56.9 | T30: 57 | U30: 57.22 | V30: 57.73 | W30: 57.55 | X30: 57.81 | Y30: 57.86 | Z30: 57.97 | AA30: 57.66 | AB30: 57.43 | AC30: 57 | AD30: 57.43 | AE30: 57.84 | AF30: 57.94 | AG30: 58.05 | AH30: 58.58 | AI30: 58.77 | AJ30: 59.09 | AK30: 59.28 | AL30: 59.4 | AM30: 59.8 | AN30: 59.6 | AO30: 58.96 | AP30: 59.23 | AQ30: 59.73 | AR30: 60.05 | AS30: 60.13 | AT30: 60.89 | AU30: 61.3 | AV30: 61.91 | AW30: 62.28 | AX30: 63.07 | AY30: 63.45 | AZ30: 63.56 | BA30: 63.52 | BB30: 63.78 | BC30: 64.05 | BD30: 64.36 | BE30: 64.54 | BF30: 64.98 | BG30: 65.57 | BH30: 65.95 | BI30: 66.68 | BJ30: 67.17 | BK30: 67.58 | BL30: 67.57 | BM30: 67.5 | BN30: 68.5 | BO30: 69 | BP30: 69.21 | BQ30: 69.14 | BR30: 69.88 | BS30: 70.16 | BT30: 70.3 | BU30: 70.75 | BV30: 71.92 | BW30: 71.83 | BX30: 72.27 | BY30: 72.09 | BZ30: 72.57 | CA30: 72.86 | CB30: 73.57 | CC30: 73.8 | CD30: 74.83 | CE30: 75.24 | CF30: 76.26 | CG30: 76.98 | CH30: 77.55 | CI30: 78.21 | CJ30: 79.14 | CK30: 79.46 | CL30: 80.92 | CM30: 82.51 | CN30: 83.65 | CO30: 84.15 | CP30: 86.52 | CQ30: 87.67 | CR30: 88.94 | CS30: 90.36 | CT30: 91.28 | CU30: 91.91 | CV30: 92.23 | CW30: 91.83 | CX30: 92.85 | CY30: 93.81 | CZ30: 93.34 | DA30: 92.9 | DB30: 94.9 | DC30: 95.92 | DD30: 95.99 | DE30: 95.65 | DF30: 95.27 | DG30: 94.77 | DH30: 94.17 | DI30: 93.23 | DJ30: 92.96 | DK30: 92.72 | DL30: 92.07 | DM30: 91.63 | DN30: 91.78 | DO30: 91.75 | DP30: 92.18 | DQ30: 92.96 | DR30: 92.94 | DS30: 93.29 | DT30: 93.49 | DU30: 92.82 | DV30: 93.22 | DW30: 93.52 | DX30: 93.68 | DY30: 93.83 | DZ30: 95.01 | EA30: 95.28 | EB30: 95.92 | EC30: 96.97 | ED30: 97.39 | EE30: 97.63 | EF30: 97.45 | EG30: 97.08 | EH30: 97.38 | EI30: 97.53 | EJ30: 97.45 | EK30: 97.47 | EL30: 98.25 | EM30: 98.41 | EN30: 98.97 | EO30: 99.66 | EP30: 99.67 | EQ30: 99.68 | ER30: 99.28 | ES30: 98.91 | ET30: 99.26 | EU30: 99.07 | EV30: 98.95 | EW30: 99.02 | EX30: 98.82 | EY30: 98.75 | EZ30: 99.23 | FA30: 99.26 | FB30: 99.52 | FC30: 99.9 | FD30: 99.82 | FE30: 98.82 | FF30: 98.85 | FG30: 99.05 | FH30: 98.62 | FI30: 98.62 | FJ30: 99.28 | FK30: 99.27 | FL30: 99.57 | FM30: 100.08 | FN30: 100.28 | FO30: 100.67 | FP30: 100.43 | FQ30: 99.65 | FR30: 100.02 | FS30: 99.78 | FT30: 99.55 | FU30: 98.89 | FV30: 98.94 | FW30: 99.3 | FX30: 100.09 | FY30: 100.65 | FZ30: 101.46 | GA30: 101.35 | GB30: 100.27 | GC30: 99.84 | GD30: 99.62 | GE30: 99.64 | GF30: 99.57 | GG30: 99.29 | GH30: 98.63 | GI30: 98.72 | GJ30: 99.47 | GK30: 99.91 | GL30: 100.65 | GM30: 100.71 | GN30: 100.41 | GO30: 99.74 | GP30: 100.09 | GQ30: 100.71 | GR30: 100.79 | GS30: 101.38 | GT30: 101.45 | GU30: 101.86 | GV30: 102.74 | GW30: 103.19 | GX30: 103.39 | GY30: 103.82 | GZ30: 103 | HA30: 102.9 | HB30: 103.07 | HC30: 103.44 | HD30: 103.54 | HE30: 103.57 | HF30: 103.49 | HG30: 103.72 | HH30: 105.06 | HI30: 105.35 | HJ30: 105.83 | HK30: 106.59 | HL30: 105.75 | HM30: 105.78 | HN30: 106.44 | HO30: 106.75 | HP30: 106.57 | HQ30: 106.21 | HR30: 106.53 | HS30: 106.64 | HT30: 107.85 | HU30: 108.86 | HV30: 109.53 | HW30: 109.85 | HX30: 108.89 | HY30: 109.08 | HZ30: 108.91 | IA30: 109.06 | IB30: 108.68 | IC30: 108.48 | ID30: 108.85 | IE30: 109.04 | IF30: 109.35 | IG30: 108.78 | IH30: 108.5 | II30: 108.68 | IJ30: 108.99 | IK30: 108.53 | IL30: 108.45 | IM30: 108.32 | IN30: 107.97 | IO30: 107.95 | IP30: 108.36 | IQ30: 108.83 | IR30: 109.66 | IS30: 110.65 | IT30: 111.27 | IU30: 111.6 | IV30: 112.04 | IW30: 112.46 | IX30: 113.53 | IY30: 114.78 | IZ30: 115.99 | JA30: 116.46 | JB30: 116.44 | JC30: 118.39 | JD30: 122.24 | JE30: 125.09 | JF30: 129.93 | JG30: 133.08 | JH30: 135.95 | JI30: 136.51 | JJ30: 138.56 | JK30: 139.72 | JL30: 141.2 | JM30: 140.57 | JN30: 141.3 | JO30: 142.19 | JP30: 143.26 | JQ30: 143.83 | JR30: 145.92 | JS30: 143.9 | JT30: 144.99 | JU30: 144.2 | JV30: 143.48 | JW30: 142.93 | JX30: 142.81 | JY30: 141.77 | JZ30: 142.87 | KA30: 142.99 | KB30: 144.67 | KC30: 145.43 | KD30: 145.99 | KE30: 145.99 | KF30: 146.09 | KG30: 145.49 | KH30: 145.73 | KI30: 145.92 | KJ30: 146.08 | KK30: 146.54
A31: IMF.STA:CPI(5.0.0) | B31: LVA.CPI._T.IX.M | C31: OBS_VALUE | D31: Latvia, Republic of | E31: Consumer price index (CPI) | F31: All Items | G31: Index | H31: Monthly | I31: Units | J31: 55.66002 | K31: 55.54844 | L31: 55.81809 | M31: 56.01336 | N31: 56.60845 | O31: 56.8781 | P31: 56.63634 | Q31: 56.26441 | R31: 56.63634 | S31: 56.71073 | T31: 56.84091 | U31: 57.06407 | V31: 57.56618 | W31: 57.38021 | X31: 57.60337 | Y31: 57.64987 | Z31: 57.75215 | AA31: 57.436 | AB31: 57.20354 | AC31: 56.76652 | AD31: 57.20354 | AE31: 57.64057 | AF31: 57.74285 | AG31: 57.85443 | AH31: 58.38444 | AI31: 58.5704 | AJ31: 58.88655 | AK31: 59.07252 | AL31: 59.1748 | AM31: 59.58393 | AN31: 59.37936 | AO31: 58.73778 | AP31: 59.00743 | AQ31: 59.51884 | AR31: 59.83498 | AS31: 59.94656 | AT31: 60.66254 | AU31: 61.09026 | AV31: 61.70395 | AW31: 62.05729 | AX31: 62.84765 | AY31: 63.22889 | AZ31: 63.33117 | BA31: 63.28468 | BB31: 63.55433 | BC31: 63.83328 | BD31: 64.14013 | BE31: 64.3354 | BF31: 64.68873 | BG31: 65.3015 | BH31: 65.68014 | BI31: 66.36257 | BJ31: 66.82927 | BK31: 67.22153 | BL31: 67.19836 | BM31: 67.12721 | BN31: 68.1456 | BO31: 68.69768 | BP31: 68.88981 | BQ31: 68.81518 | BR31: 69.54881 | BS31: 69.80312 | BT31: 69.97516 | BU31: 70.39497 | BV31: 71.25892 | BW31: 71.45174 | BX31: 71.86712 | BY31: 71.70176 | BZ31: 72.19334 | CA31: 72.57798 | CB31: 73.27907 | CC31: 73.51922 | CD31: 74.50984 | CE31: 74.89067 | CF31: 75.93749 | CG31: 76.62525 | CH31: 77.07688 | CI31: 77.73762 | CJ31: 78.66455 | CK31: 78.94877 | CL31: 80.41255 | CM31: 82.15138 | CN31: 83.31251 | CO31: 83.85817 | CP31: 86.24643 | CQ31: 87.38046 | CR31: 88.66567 | CS31: 90.03419 | CT31: 90.87711 | CU31: 91.49941 | CV31: 91.77673 | CW31: 91.37613 | CX31: 92.37639 | CY31: 93.47868 | CZ31: 93.13739 | DA31: 92.69434 | DB31: 94.72784 | DC31: 95.74971 | DD31: 95.97441 | DE31: 95.60559 | DF31: 95.11963 | DG31: 94.59816 | DH31: 94.02743 | DI31: 93.05932 | DJ31: 92.84911 | DK31: 92.67407 | DL31: 92.05231 | DM31: 91.61096 | DN31: 91.77027 | DO31: 91.74881 | DP31: 92.19034 | DQ31: 92.99764 | DR31: 92.92392 | DS31: 93.29514 | DT31: 93.48377 | DU31: 92.82322 | DV31: 93.23971 | DW31: 93.59123 | DX31: 93.80944 | DY31: 93.93983 | DZ31: 95.14893 | EA31: 95.4137 | EB31: 96.09258 | EC31: 97.18982 | ED31: 97.53687 | EE31: 97.78678 | EF31: 97.51693 | EG31: 97.17611 | EH31: 97.54565 | EI31: 97.74634 | EJ31: 97.70521 | EK31: 97.72365 | EL31: 98.54352 | EM31: 98.67787 | EN31: 99.25494 | EO31: 99.86932 | EP31: 99.71241 | EQ31: 99.64585 | ER31: 99.15243 | ES31: 98.86361 | ET31: 99.32162 | EU31: 99.31357 | EV31: 99.2388 | EW31: 99.28245 | EX31: 99.12007 | EY31: 98.99141 | EZ31: 99.4774 | FA31: 99.51409 | FB31: 99.58795 | FC31: 99.80056 | FD31: 99.47563 | FE31: 98.66038 | FF31: 98.93312 | FG31: 99.27763 | FH31: 98.81952 | FI31: 98.86786 | FJ31: 99.50836 | FK31: 99.46172 | FL31: 99.78519 | FM31: 100.2452 | FN31: 100.1835 | FO31: 100.4738 | FP31: 100.0986 | FQ31: 99.48249 | FR31: 99.96536 | FS31: 99.94767 | FT31: 99.69701 | FU31: 99.06382 | FV31: 99.12529 | FW31: 99.39298 | FX31: 100.2125 | FY31: 100.7893 | FZ31: 101.3521 | GA31: 101.107 | GB31: 100.1158 | GC31: 99.58343 | GD31: 99.44253 | GE31: 99.74394 | GF31: 99.73082 | GG31: 99.4043 | GH31: 98.8461 | GI31: 98.91392 | GJ31: 99.6414 | GK31: 99.99126 | GL31: 100.5751 | GM31: 100.5643 | GN31: 100.2387 | GO31: 99.55921 | GP31: 100.0139 | GQ31: 100.7835 | GR31: 100.9886 | GS31: 101.5716 | GT31: 101.7133 | GU31: 102.1341 | GV31: 103.0262 | GW31: 103.4133 | GX31: 103.4313 | GY31: 103.6067 | GZ31: 102.8932 | HA31: 102.6504 | HB31: 102.9198 | HC31: 103.613 | HD31: 103.7432 | HE31: 103.7569 | HF31: 103.7456 | HG31: 103.9752 | HH31: 105.265 | HI31: 105.4805 | HJ31: 105.8033 | HK31: 106.4696 | HL31: 105.614 | HM31: 105.5419 | HN31: 106.2163 | HO31: 106.931 | HP31: 106.8039 | HQ31: 106.4038 | HR31: 106.9089 | HS31: 106.9758 | HT31: 108.1824 | HU31: 109.1061 | HV31: 109.344 | HW31: 109.7107 | HX31: 108.6572 | HY31: 108.8734 | HZ31: 108.9301 | IA31: 109.3437 | IB31: 109.0625 | IC31: 108.811 | ID31: 109.2358 | IE31: 109.3833 | IF31: 109.7016 | IG31: 109.1467 | IH31: 108.7079 | II31: 108.9163 | IJ31: 109.1799 | IK31: 108.6281 | IL31: 108.655 | IM31: 108.6181 | IN31: 108.3176 | IO31: 108.2719 | IP31: 108.7139 | IQ31: 109.1787 | IR31: 110.023 | IS31: 110.971 | IT31: 111.5428 | IU31: 111.8644 | IV31: 112.2728 | IW31: 112.6934 | IX31: 113.8805 | IY31: 115.1769 | IZ31: 116.4078 | JA31: 116.8443 | JB31: 116.8101 | JC31: 118.7128 | JD31: 122.6502 | JE31: 125.3879 | JF31: 130.3442 | JG31: 133.5006 | JH31: 136.4238 | JI31: 136.9766 | JJ31: 139.1322 | JK31: 140.2357 | JL31: 141.8275 | JM31: 141.1822 | JN31: 141.9301 | JO31: 142.7675 | JP31: 143.8236 | JQ31: 144.3098 | JR31: 146.1131 | JS31: 144.0865 | JT31: 145.1548 | JU31: 144.336 | JV31: 143.753 | JW31: 143.1703 | JX31: 143.1751 | JY31: 142.0697 | JZ31: 143.2513 | KA31: 143.365 | KB31: 145.1384 | KC31: 145.8796 | KD31: 146.2461 | KE31: 146.0596 | KF31: 146.1789 | KG31: 145.4099 | KH31: 145.7946 | KI31: 146.1044 | KJ31: 146.3936 | KK31: 146.6992
A32: IMF.STA:CPI(5.0.0) | B32: MYS.CPI._T.IX.M | C32: OBS_VALUE | D32: Malaysia | E32: Consumer price index (CPI) | F32: All Items | G32: Index | H32: Monthly | I32: Units | J32: 81.505876 | K32: 81.666955 | L32: 81.505876 | M32: 81.586416 | N32: 81.666955 | O32: 81.586416 | P32: 81.586416 | Q32: 81.505876 | R32: 81.586416 | S32: 81.505876 | T32: 82.150191 | U32: 82.230731 | V32: 82.39181 | W32: 82.633428 | X32: 83.197204 | Y32: 83.116664 | Z32: 83.197204 | AA32: 83.277743 | AB32: 83.277743 | AC32: 83.197204 | AD32: 83.277743 | AE32: 83.197204 | AF32: 83.438822 | AG32: 83.599901 | AH32: 83.76098 | AI32: 83.922058 | AJ32: 83.76098 | AK32: 83.922058 | AL32: 84.002598 | AM32: 83.922058 | AN32: 84.083137 | AO32: 84.002598 | AP32: 84.163677 | AQ32: 84.244216 | AR32: 84.324755 | AS32: 84.566374 | AT32: 84.566374 | AU32: 84.646913 | AV32: 84.566374 | AW32: 84.727452 | AX32: 84.969071 | AY32: 85.04961 | AZ32: 85.210689 | BA32: 85.210689 | BB32: 85.532846 | BC32: 86.016083 | BD32: 86.177162 | BE32: 86.33824 | BF32: 86.579859 | BG32: 86.667668 | BH32: 86.667668 | BI32: 86.843286 | BJ32: 87.54576 | BK32: 87.721378 | BL32: 87.721378 | BM32: 88.336042 | BN32: 88.511661 | BO32: 88.687279 | BP32: 89.038516 | BQ32: 89.126325 | BR32: 89.389753 | BS32: 89.477562 | BT32: 90.7947 | BU32: 90.7947 | BV32: 90.970318 | BW32: 91.145936 | BX32: 91.321555 | BY32: 91.233746 | BZ32: 91.409364 | CA32: 91.409364 | CB32: 91.672792 | CC32: 91.84841 | CD32: 92.287456 | CE32: 92.287456 | CF32: 92.199647 | CG32: 92.199647 | CH32: 92.287456 | CI32: 92.463074 | CJ32: 92.814311 | CK32: 92.989929 | CL32: 93.077739 | CM32: 93.165548 | CN32: 93.780212 | CO32: 94.04364 | CP32: 94.394876 | CQ32: 94.746113 | CR32: 94.746113 | CS32: 95.009541 | CT32: 95.799823 | CU32: 99.575618 | CV32: 100.71714 | CW32: 100.89276 | CX32: 100.71714 | CY32: 100.27809 | CZ32: 99.136572 | DA32: 98.170671 | DB32: 98.082862 | DC32: 98.258481 | DD32: 98.082862 | DE32: 97.907244 | DF32: 98.082862 | DG32: 98.170671 | DH32: 98.258481 | DI32: 98.434099 | DJ32: 98.697527 | DK32: 98.785336 | DL32: 99.048763 | DM32: 99.224382 | DN32: 99.4 | DO32: 99.4 | DP32: 99.4 | DQ32: 99.4 | DR32: 99.6 | DS32: 99.7 | DT32: 100 | DU32: 100.3 | DV32: 100.4 | DW32: 100.6 | DX32: 100.8 | DY32: 101.2 | DZ32: 101.8 | EA32: 102.3 | EB32: 102.4 | EC32: 102.6 | ED32: 102.9 | EE32: 103.2 | EF32: 103.4 | EG32: 103.6 | EH32: 103.8 | EI32: 104 | EJ32: 104.1 | EK32: 104.2 | EL32: 104.5 | EM32: 104.5 | EN32: 104.5 | EO32: 104.5 | EP32: 104.7 | EQ32: 104.8 | ER32: 104.8 | ES32: 105 | ET32: 105.2 | EU32: 105.4 | EV32: 105.5 | EW32: 105.5 | EX32: 105.9 | EY32: 106.1 | EZ32: 106.2 | FA32: 106.3 | FB32: 106.6 | FC32: 106.7 | FD32: 106.9 | FE32: 107 | FF32: 107.9 | FG32: 108.3 | FH32: 108.6 | FI32: 108.9 | FJ32: 109.5 | FK32: 109.8 | FL32: 109.9 | FM32: 109.9 | FN32: 110 | FO32: 110.2 | FP32: 110.3 | FQ32: 110.5 | FR32: 110.7 | FS32: 111.3 | FT32: 111.9 | FU32: 111.8 | FV32: 110.6 | FW32: 109.9 | FX32: 110.9 | FY32: 111.9 | FZ32: 112.3 | GA32: 113 | GB32: 113.9 | GC32: 113.9 | GD32: 113.6 | GE32: 114.1 | GF32: 114.8 | GG32: 114.8 | GH32: 114.5 | GI32: 114.5 | GJ32: 113.8 | GK32: 114.3 | GL32: 114.6 | GM32: 114.8 | GN32: 115.1 | GO32: 115.6 | GP32: 115.3 | GQ32: 115.7 | GR32: 116.9 | GS32: 116.9 | GT32: 118.2 | GU32: 119.7 | GV32: 119.6 | GW32: 119.3 | GX32: 119.1 | GY32: 118.9 | GZ32: 118.8 | HA32: 119.9 | HB32: 120.3 | HC32: 120 | HD32: 120.8 | HE32: 120.9 | HF32: 121.3 | HG32: 121.3 | HH32: 120.9 | HI32: 120.9 | HJ32: 121.1 | HK32: 119.6 | HL32: 119.8 | HM32: 120 | HN32: 120.5 | HO32: 120.7 | HP32: 121 | HQ32: 121.1 | HR32: 120.5 | HS32: 120.8 | HT32: 121.1 | HU32: 121.1 | HV32: 121.4 | HW32: 121.4 | HX32: 121.5 | HY32: 121.8 | HZ32: 121.8 | IA32: 122 | IB32: 122.1 | IC32: 122.3 | ID32: 122.4 | IE32: 122.4 | IF32: 120.9 | IG32: 117.6 | IH32: 117.9 | II32: 119.1 | IJ32: 119.9 | IK32: 120.1 | IL32: 120.1 | IM32: 120.2 | IN32: 120 | IO32: 120.6 | IP32: 122.1 | IQ32: 122.5 | IR32: 122.9 | IS32: 123.1 | IT32: 123.1 | IU32: 123.2 | IV32: 122.5 | IW32: 122.5 | IX32: 122.8 | IY32: 123.7 | IZ32: 124 | JA32: 124.5 | JB32: 124.9 | JC32: 125.2 | JD32: 125.6 | JE32: 125.9 | JF32: 126.6 | JG32: 127.4 | JH32: 127.9 | JI32: 128.2 | JJ32: 128.3 | JK32: 128.6 | JL32: 129 | JM32: 129.2 | JN32: 129.5 | JO32: 129.8 | JP32: 129.9 | JQ32: 130 | JR32: 130.2 | JS32: 130.4 | JT32: 130.5 | JU32: 130.7 | JV32: 130.8 | JW32: 130.9 | JX32: 130.9 | JY32: 131.2 | JZ32: 131.4 | KA32: 132.1 | KB32: 132.2 | KC32: 132.4 | KD32: 132.8 | KE32: 133 | KF32: 133.1 | KG32: 133.2 | KH32: 133.2 | KI32: 133.4 | KJ32: 133.3 | KK32: 133.4
A33: IMF.STA:CPI(5.0.0) | B33: MLT.CPI._T.IX.M | C33: OBS_VALUE | D33: Malta | E33: Consumer price index (CPI) | F33: All Items | G33: Index | H33: Monthly | I33: Units | BF33: 79 | BG33: 79.47 | BH33: 79.84 | BI33: 80.18 | BJ33: 80.5 | BK33: 80.47 | BL33: 79.8 | BM33: 79.85 | BN33: 80.42 | BO33: 81.79 | BP33: 82.25 | BQ33: 82.26 | BR33: 80.78 | BS33: 81.26 | BT33: 82.28 | BU33: 83.24 | BV33: 83.67 | BW33: 83.39 | BX33: 82.96 | BY33: 82.62 | BZ33: 83.14 | CA33: 83.48 | CB33: 82.9 | CC33: 82.9 | CD33: 81.92 | CE33: 82.13 | CF33: 82.54 | CG33: 83.12 | CH33: 83.33 | CI33: 83.39 | CJ33: 83.5 | CK33: 83.73 | CL33: 84.66 | CM33: 85.41 | CN33: 85.64 | CO33: 85.65 | CP33: 84.82 | CQ33: 85.18 | CR33: 85.76 | CS33: 86.07 | CT33: 86.45 | CU33: 86.76 | CV33: 87.51 | CW33: 87.43 | CX33: 88.16 | CY33: 90.04 | CZ33: 89.76 | DA33: 89.88 | DB33: 87.85 | DC33: 88.72 | DD33: 89.41 | DE33: 89.52 | DF33: 89.52 | DG33: 89.14 | DH33: 88.8 | DI33: 88.8 | DJ33: 89.2 | DK33: 89.88 | DL33: 89.53 | DM33: 89.29 | DN33: 88.839305 | DO33: 89.171948 | DP33: 89.67997 | DQ33: 90.580986 | DR33: 90.736269 | DS33: 90.375662 | DT33: 90.248585 | DU33: 90.149603 | DV33: 90.764105 | DW33: 91.428517 | DX33: 91.702755 | DY33: 92.194438 | DZ33: 91.256524 | EA33: 91.192578 | EB33: 92.093353 | EC33: 92.770642 | ED33: 93.558916 | EE33: 93.358233 | EF33: 92.810306 | EG33: 92.997228 | EH33: 93.268144 | EI33: 94.087974 | EJ33: 93.879202 | EK33: 96.773274 | EL33: 95.171563 | EM33: 93.530814 | EN33: 93.912593 | EO33: 95.1819 | EP33: 95.199447 | EQ33: 95.38123 | ER33: 94.771916 | ES33: 95.090021 | ET33: 95.963689 | EU33: 96.893304 | EV33: 96.739399 | EW33: 96.773274 | EX33: 95.171563 | EY33: 95.253755 | EZ33: 95.761644 | FA33: 96.505287 | FB33: 96.985948 | FC33: 96.894688 | FD33: 96.742576 | FE33: 96.511359 | FF33: 96.672245 | FG33: 96.900651 | FH33: 96.93868 | FI33: 97.780396 | FJ33: 95.789959 | FK33: 96.283495 | FL33: 96.820517 | FM33: 96.51574 | FN33: 96.603504 | FO33: 96.798486 | FP33: 96.695768 | FQ33: 96.482893 | FR33: 96.806869 | FS33: 97.238713 | FT33: 97.74753 | FU33: 97.929034 | FV33: 96.476002 | FW33: 96.967544 | FX33: 97.396538 | FY33: 98.050434 | FZ33: 97.853233 | GA33: 97.99735 | GB33: 97.730521 | GC33: 97.779953 | GD33: 98.086123 | GE33: 98.54663 | GF33: 98.663666 | GG33: 98.949723 | GH33: 96.968405 | GI33: 97.272379 | GJ33: 97.911908 | GK33: 98.460012 | GL33: 98.572016 | GM33: 98.740428 | GN33: 98.40541 | GO33: 98.585183 | GP33: 98.849005 | GQ33: 98.946298 | GR33: 99.335202 | GS33: 100 | GT33: 98.635548 | GU33: 98.854959 | GV33: 99.403737 | GW33: 99.874894 | GX33: 99.928387 | GY33: 99.966299 | GZ33: 99.785272 | HA33: 99.741079 | HB33: 99.885826 | HC33: 100.25653 | HD33: 100.62775 | HE33: 101.21327 | HF33: 99.493064 | HG33: 99.82129 | HH33: 100.21595 | HI33: 100.71084 | HJ33: 100.87379 | HK33: 100.9354 | HL33: 100.77956 | HM33: 100.85843 | HN33: 101.52844 | HO33: 101.88429 | HP33: 102.22481 | HQ33: 102.72043 | HR33: 100.97671 | HS33: 101.7373 | HT33: 102.11269 | HU33: 102.63106 | HV33: 102.76152 | HW33: 102.85435 | HX33: 102.47623 | HY33: 102.6232 | HZ33: 102.96038 | IA33: 103.26605 | IB33: 103.61212 | IC33: 103.93719 | ID33: 102.32763 | IE33: 102.78026 | IF33: 103.25 | IG33: 103.48189 | IH33: 103.43377 | II33: 103.59579 | IJ33: 103.10944 | IK33: 103.05063 | IL33: 103.14225 | IM33: 103.62499 | IN33: 103.89293 | IO33: 104.12579 | IP33: 102.66217 | IQ33: 102.9746 | IR33: 103.66438 | IS33: 104.38628 | IT33: 104.7514 | IU33: 105.11422 | IV33: 104.97347 | IW33: 105.19184 | IX33: 105.45791 | IY33: 106.01834 | IZ33: 106.36712 | JA33: 106.82473 | JB33: 106.64487 | JC33: 107.32161 | JD33: 108.25447 | JE33: 110.29997 | JF33: 111.05514 | JG33: 111.64411 | JH33: 112.12864 | JI33: 112.53662 | JJ33: 113.38402 | JK33: 113.93607 | JL33: 113.93897 | JM33: 114.68 | JN33: 114.04596 | JO33: 114.95259 | JP33: 115.78345 | JQ33: 116.67 | JR33: 117.39 | JS33: 117.65 | JT33: 117.36 | JU33: 117.05 | JV33: 117.98005 | JW33: 118.14557 | JX33: 118.04314 | JY33: 118.80019 | JZ33: 117.7299 | KA33: 117.5653 | KB33: 117.97 | KC33: 118.53202 | KD33: 119.1204 | KE33: 119.23429 | KF33: 119.03408 | KG33: 118.77 | KH33: 119.41 | KI33: 119.98 | KJ33: 119.52 | KK33: 120.18
A34: IMF.STA:CPI(5.0.0) | B34: MLT.HICP._T.IX.M | C34: OBS_VALUE | D34: Malta | E34: Harmonised index of consumer prices (HICP) | F34: All Items | G34: Index | H34: Monthly | I34: Units | J34: 71.3 | K34: 71.37 | L34: 71.79 | M34: 74.36 | N34: 75.07 | O34: 75.21 | P34: 75.9 | Q34: 75.91 | R34: 75.87 | S34: 75.37 | T34: 73.66 | U34: 74.07 | V34: 74.3 | W34: 73.71 | X34: 73.99 | Y34: 76.34 | Z34: 76.89 | AA34: 76.84 | AB34: 77.6 | AC34: 77.66 | AD34: 77.54 | AE34: 77.34 | AF34: 75.34 | AG34: 75.59 | AH34: 74.91 | AI34: 75.21 | AJ34: 75.77 | AK34: 77.85 | AL34: 78.35 | AM34: 78.47 | AN34: 78.92 | AO34: 79.03 | AP34: 78.86 | AQ34: 79.29 | AR34: 76.67 | AS34: 77.44 | AT34: 77.02 | AU34: 77.04 | AV34: 77.4 | AW34: 80.64 | AX34: 80.74 | AY34: 81.04 | AZ34: 81.38 | BA34: 81.02 | BB34: 81.39 | BC34: 81.4 | BD34: 78.17 | BE34: 78.9 | BF34: 78.47 | BG34: 78.98 | BH34: 79.37 | BI34: 82.2 | BJ34: 82.72 | BK34: 82.72 | BL34: 82.8 | BM34: 83.03 | BN34: 83.07 | BO34: 83.8 | BP34: 81.53 | BQ34: 81.56 | BR34: 80.32 | BS34: 80.82 | BT34: 81.69 | BU34: 85.08 | BV34: 85.63 | BW34: 85.42 | BX34: 85.74 | BY34: 85.49 | BZ34: 85.66 | CA34: 85.2 | CB34: 82.26 | CC34: 82.19 | CD34: 81.27 | CE34: 81.46 | CF34: 82.09 | CG34: 84.17 | CH34: 84.76 | CI34: 84.93 | CJ34: 85.54 | CK34: 86 | CL34: 86.43 | CM34: 86.52 | CN34: 84.64 | CO34: 84.7 | CP34: 84.37 | CQ34: 84.67 | CR34: 85.63 | CS34: 87.6 | CT34: 88.22 | CU34: 88.67 | CV34: 90.33 | CW34: 90.62 | CX34: 90.66 | CY34: 91.49 | CZ34: 88.76 | DA34: 88.92 | DB34: 86.96 | DC34: 87.67 | DD34: 89.01 | DE34: 91.06 | DF34: 91.26 | DG34: 91.19 | DH34: 91.06 | DI34: 91.56 | DJ34: 91.4 | DK34: 91.05 | DL34: 88.69 | DM34: 88.53 | DN34: 88.05 | DO34: 88.33 | DP34: 89.53 | DQ34: 91.81 | DR34: 92.9 | DS34: 92.82 | DT34: 93.36 | DU34: 94.28 | DV34: 93.59 | DW34: 93.03 | DX34: 91.66 | DY34: 92.11 | DZ34: 90.93 | EA34: 90.68 | EB34: 92.06 | EC34: 94.03 | ED34: 95.22 | EE34: 95.69 | EF34: 95.59 | EG34: 96.64 | EH34: 96.25 | EI34: 95.4 | EJ34: 93.19 | EK34: 93.47 | EL34: 92.44 | EM34: 93.04 | EN34: 94.41 | EO34: 97.6 | EP34: 98.77 | EQ34: 99.85 | ER34: 99.59 | ES34: 99.76 | ET34: 99.08 | EU34: 98.43 | EV34: 96.58 | EW34: 96.04 | EX34: 94.67 | EY34: 94.7 | EZ34: 95.75 | FA34: 98.5 | FB34: 99.6 | FC34: 100.43 | FD34: 100.52 | FE34: 100.41 | FF34: 99.63 | FG34: 98.96 | FH34: 96.82 | FI34: 97.01 | FJ34: 95.52 | FK34: 96.21 | FL34: 97.14 | FM34: 99 | FN34: 99.97 | FO34: 101.14 | FP34: 101.09 | FQ34: 101.26 | FR34: 100.26 | FS34: 99.66 | FT34: 97.45 | FU34: 97.38 | FV34: 96.29 | FW34: 96.75 | FX34: 97.64 | FY34: 100.36 | FZ34: 101.26 | GA34: 102.3 | GB34: 102.33 | GC34: 102.68 | GD34: 101.85 | GE34: 101.23 | GF34: 98.74 | GG34: 98.6 | GH34: 97.07 | GI34: 97.69 | GJ34: 98.64 | GK34: 101.19 | GL34: 102.24 | GM34: 103.36 | GN34: 103.29 | GO34: 103.72 | GP34: 102.8 | GQ34: 101.78 | GR34: 99.5 | GS34: 99.55 | GT34: 98.47 | GU34: 98.87 | GV34: 99.78 | GW34: 102.35 | GX34: 103.39 | GY34: 104.44 | GZ34: 104.57 | HA34: 105 | HB34: 104.05 | HC34: 103.33 | HD34: 100.97 | HE34: 100.88 | HF34: 99.63 | HG34: 100.19 | HH34: 101.11 | HI34: 103.77 | HJ34: 105.19 | HK34: 106.57 | HL34: 106.81 | HM34: 107.56 | HN34: 106.69 | HO34: 105.45 | HP34: 102.35 | HQ34: 102.13 | HR34: 100.58 | HS34: 101.5 | HT34: 102.47 | HU34: 105.57 | HV34: 107.02 | HW34: 108.45 | HX34: 108.76 | HY34: 109.63 | HZ34: 108.44 | IA34: 106.9 | IB34: 103.69 | IC34: 103.44 | ID34: 101.97 | IE34: 102.63 | IF34: 103.68 | IG34: 106.7 | IH34: 108.02 | II34: 109.49 | IJ34: 109.54 | IK34: 110.35 | IL34: 108.96 | IM34: 107.54 | IN34: 103.93 | IO34: 103.61 | IP34: 102.22 | IQ34: 102.75 | IR34: 103.75 | IS34: 106.77 | IT34: 108.19 | IU34: 109.66 | IV34: 109.88 | IW34: 110.77 | IX34: 109.72 | IY34: 109.01 | IZ34: 106.38 | JA34: 106.33 | JB34: 106.36 | JC34: 107.08 | JD34: 108.46 | JE34: 112.52 | JF34: 114.45 | JG34: 116.37 | JH34: 117.39 | JI34: 118.53 | JJ34: 117.83 | JK34: 117.1 | JL34: 114.06 | JM34: 114.08 | JN34: 113.58 | JO34: 114.6 | JP34: 116.15 | JQ34: 119.74 | JR34: 121.68 | JS34: 123.54 | JT34: 123.96 | JU34: 124.49 | JV34: 123.65 | JW34: 121.96 | JX34: 118.48 | JY34: 118.3 | JZ34: 117.77 | KA34: 118.06 | KB34: 119.23 | KC34: 122.57 | KD34: 124.53 | KE34: 126.23 | KF34: 126.87 | KG34: 127.47 | KH34: 126.22 | KI34: 124.9 | KJ34: 120.96 | KK34: 120.48
A35: IMF.STA:CPI(5.0.0) | B35: MEX.CPI._T.IX.M | C35: OBS_VALUE | D35: Mexico | E35: Consumer price index (CPI) | F35: All Items | G35: Index | H35: Monthly | I35: Units | J35: 48.57548 | K35: 48.54333 | L35: 48.85089 | M35: 49.09731 | N35: 49.20997 | O35: 49.32636 | P35: 49.1982 | Q35: 49.48969 | R35: 49.95038 | S35: 50.17614 | T35: 50.36515 | U35: 50.4349 | V35: 50.90047 | W35: 50.86775 | X35: 51.12795 | Y35: 51.40723 | Z35: 51.51143 | AA35: 51.76258 | AB35: 51.91118 | AC35: 52.10856 | AD35: 52.42198 | AE35: 52.65303 | AF35: 53.07888 | AG35: 53.30993 | AH35: 53.52544 | AI35: 53.67412 | AJ35: 54.01293 | AK35: 54.10514 | AL35: 53.93056 | AM35: 53.97511 | AN35: 54.05334 | AO35: 54.21549 | AP35: 54.53824 | AQ35: 54.73821 | AR35: 55.19254 | AS35: 55.42981 | AT35: 55.77432 | AU35: 56.10794 | AV35: 56.29807 | AW35: 56.38303 | AX35: 56.2416 | AY35: 56.33175 | AZ35: 56.47939 | BA35: 56.82804 | BB35: 57.29792 | BC35: 57.69475 | BD35: 58.1869 | BE35: 58.30709 | BF35: 58.30916 | BG35: 58.50343 | BH35: 58.76712 | BI35: 58.97641 | BJ35: 58.82825 | BK35: 58.77178 | BL35: 59.0018 | BM35: 59.07225 | BN35: 59.30901 | BO35: 59.45458 | BP35: 59.88249 | BQ35: 60.25031 | BR35: 60.60363 | BS35: 60.69636 | BT35: 60.77251 | BU35: 60.86162 | BV35: 60.59068 | BW35: 60.643 | BX35: 60.80929 | BY35: 61.11961 | BZ35: 61.73661 | CA35: 62.00652 | CB35: 62.33186 | CC35: 62.69242 | CD35: 63.01621 | CE35: 63.19235 | CF35: 63.32911 | CG35: 63.29129 | CH35: 62.98253 | CI35: 63.05817 | CJ35: 63.326 | CK35: 63.584 | CL35: 64.07771 | CM35: 64.32741 | CN35: 64.78122 | CO35: 65.04906 | CP35: 65.35056 | CQ35: 65.54484 | CR35: 66.01989 | CS35: 66.17013 | CT35: 66.09863 | CU35: 66.37217 | CV35: 66.74206 | CW35: 67.12749 | CX35: 67.58494 | CY35: 68.04549 | CZ35: 68.81894 | DA35: 69.29556 | DB35: 69.45615 | DC35: 69.6095 | DD35: 70.00995 | DE35: 70.25499 | DF35: 70.05036 | DG35: 70.17935 | DH35: 70.37051 | DI35: 70.53889 | DJ35: 70.89272 | DK35: 71.10719 | DL35: 71.47604 | DM35: 71.77186 | DN35: 72.55205 | DO35: 72.97167 | DP35: 73.48972 | DQ35: 73.25556 | DR35: 72.79398 | DS35: 72.77119 | DT35: 72.92919 | DU35: 73.13175 | DV35: 73.51511 | DW35: 73.96893 | DX35: 74.56158 | DY35: 74.93095 | DZ35: 75.29599 | EA35: 75.57846 | EB35: 75.72345 | EC35: 75.71744 | ED35: 75.15926 | EE35: 75.15551 | EF35: 75.51611 | EG35: 75.63555 | EH35: 75.82111 | EI35: 76.33271 | EJ35: 77.15833 | EK35: 77.79239 | EL35: 78.34305 | EM35: 78.50231 | EN35: 78.54739 | EO35: 78.30098 | EP35: 78.05382 | EQ35: 78.41367 | ER35: 78.8539 | ES35: 79.09054 | ET35: 79.43912 | EU35: 79.84103 | EV35: 80.38344 | EW35: 80.56824 | EX35: 80.89278 | EY35: 81.29094 | EZ35: 81.88744 | FA35: 81.94152 | FB35: 81.66882 | FC35: 81.61924 | FD35: 81.59219 | FE35: 81.82433 | FF35: 82.13234 | FG35: 82.52299 | FH35: 83.29227 | FI35: 83.77006 | FJ35: 84.51905 | FK35: 84.73315 | FL35: 84.96529 | FM35: 84.80678 | FN35: 84.53558 | FO35: 84.68208 | FP35: 84.91496 | FQ35: 85.21996 | FR35: 85.59634 | FS35: 86.06963 | FT35: 86.76378 | FU35: 87.18898 | FV35: 87.1101 | FW35: 87.27538 | FX35: 87.63071 | FY35: 87.40384 | FZ35: 86.96737 | GA35: 87.11311 | GB35: 87.24082 | GC35: 87.42487 | GD35: 87.75242 | GE35: 88.20392 | GF35: 88.68547 | GG35: 89.04681 | GH35: 89.38638 | GI35: 89.77778 | GJ35: 89.91 | GK35: 89.62527 | GL35: 89.22562 | GM35: 89.32403 | GN35: 89.55692 | GO35: 89.80933 | GP35: 90.35774 | GQ35: 90.90615 | GR35: 91.61684 | GS35: 92.03903 | GT35: 93.60388 | GU35: 94.14478 | GV35: 94.72249 | GW35: 94.83894 | GX35: 94.72549 | GY35: 94.96364 | GZ35: 95.32274 | HA35: 95.79377 | HB35: 96.09351 | HC35: 96.69827 | HD35: 97.69518 | HE35: 98.27288 | HF35: 98.795 | HG35: 99.17137 | HH35: 99.49216 | HI35: 99.15485 | HJ35: 98.99408 | HK35: 99.37646 | HL35: 99.9091 | HM35: 100.492 | HN35: 100.917 | HO35: 101.44 | HP35: 102.303 | HQ35: 103.02 | HR35: 103.108 | HS35: 103.079 | HT35: 103.476 | HU35: 103.531 | HV35: 103.233 | HW35: 103.299 | HX35: 103.687 | HY35: 103.67 | HZ35: 103.942 | IA35: 104.503 | IB35: 105.346 | IC35: 105.934 | ID35: 106.447 | IE35: 106.889 | IF35: 106.838 | IG35: 105.755 | IH35: 106.162 | II35: 106.743 | IJ35: 107.444 | IK35: 107.867 | IL35: 108.114 | IM35: 108.774 | IN35: 108.856 | IO35: 109.271 | IP35: 110.21 | IQ35: 110.907 | IR35: 111.824 | IS35: 112.19 | IT35: 112.419 | IU35: 113.018 | IV35: 113.682 | IW35: 113.899 | IX35: 114.601 | IY35: 115.561 | IZ35: 116.884 | JA35: 117.308 | JB35: 118.002 | JC35: 118.981 | JD35: 120.159 | JE35: 120.809 | JF35: 121.022 | JG35: 122.044 | JH35: 122.948 | JI35: 123.803 | JJ35: 124.571 | JK35: 125.276 | JL35: 125.997 | JM35: 126.478 | JN35: 127.336 | JO35: 128.046 | JP35: 128.389 | JQ35: 128.363 | JR35: 128.084 | JS35: 128.214 | JT35: 128.832 | JU35: 129.545 | JV35: 130.12 | JW35: 130.609 | JX35: 131.445 | JY35: 132.373 | JZ35: 133.555 | KA35: 133.681 | KB35: 134.065 | KC35: 134.336 | KD35: 134.087 | KE35: 134.594 | KF35: 136.003 | KG35: 136.013 | KH35: 136.08 | KI35: 136.828 | KJ35: 137.424 | KK35: 137.949
A36: IMF.STA:CPI(5.0.0) | B36: MAR.CPI._T.IX.M | C36: OBS_VALUE | D36: Morocco | E36: Consumer price index (CPI) | F36: All Items | G36: Index | H36: Monthly | I36: Units | CD36: 85.755776 | CE36: 85.50231 | CF36: 85.840264 | CG36: 86.685149 | CH36: 85.671287 | CI36: 85.924752 | CJ36: 85.924752 | CK36: 86.854125 | CL36: 87.867987 | CM36: 88.121452 | CN36: 87.530033 | CO36: 87.69901 | CP36: 87.530033 | CQ36: 87.867987 | CR36: 88.79736 | CS36: 89.557756 | CT36: 90.149175 | CU36: 89.726733 | CV36: 89.89571 | CW36: 90.40264 | CX36: 90.994059 | CY36: 90.994059 | CZ36: 90.825083 | DA36: 91.247525 | DB36: 90.571617 | DC36: 90.740594 | DD36: 91.247525 | DE36: 91.754455 | DF36: 90.318152 | DG36: 89.219802 | DH36: 89.388779 | DI36: 90.740594 | DJ36: 92.768317 | DK36: 91.669967 | DL36: 90.233663 | DM36: 89.811221 | DN36: 89.980198 | DO36: 90.825083 | DP36: 92.092409 | DQ36: 91.838944 | DR36: 91.838944 | DS36: 90.909571 | DT36: 90.40264 | DU36: 91.247525 | DV36: 92.514851 | DW36: 93.275248 | DX36: 92.59934 | DY36: 91.754455 | DZ36: 91.923432 | EA36: 92.683828 | EB36: 92.59934 | EC36: 91.585479 | ED36: 91.838944 | EE36: 91.50099 | EF36: 92.007921 | EG36: 93.275248 | EH36: 93.275248 | EI36: 92.937294 | EJ36: 93.021782 | EK36: 92.59934 | EL36: 92.734521 | EM36: 92.987987 | EN36: 92.81901 | EO36: 92.683828 | EP36: 92.768317 | EQ36: 93.275248 | ER36: 93.528713 | ES36: 94.20462 | ET36: 94.348276 | EU36: 94.609219 | EV36: 94.562953 | EW36: 95.003543 | EX36: 95.146667 | EY36: 95.088091 | EZ36: 94.85301 | FA36: 94.896589 | FB36: 95.336233 | FC36: 95.357212 | FD36: 95.061004 | FE36: 96.01868 | FF36: 95.949298 | FG36: 96.061567 | FH36: 95.526408 | FI36: 95.361124 | FJ36: 95.640924 | FK36: 95.471947 | FL36: 95.218482 | FM36: 95.30297 | FN36: 95.133993 | FO36: 95.30297 | FP36: 95.387459 | FQ36: 95.978878 | FR36: 96.063366 | FS36: 96.654785 | FT36: 96.654785 | FU36: 96.908251 | FV36: 97.161716 | FW36: 96.739274 | FX36: 96.739274 | FY36: 96.908251 | FZ36: 97.077228 | GA36: 97.161716 | GB36: 97.668647 | GC36: 97.584158 | GD36: 97.584158 | GE36: 98.006601 | GF36: 97.49967 | GG36: 97.49967 | GH36: 97.415182 | GI36: 97.584158 | GJ36: 98.513531 | GK36: 98.429043 | GL36: 98.935974 | GM36: 99.358416 | GN36: 99.189439 | GO36: 99.189439 | GP36: 99.865347 | GQ36: 99.611881 | GR36: 99.358416 | GS36: 99.273927 | GT36: 99.442904 | GU36: 99.189439 | GV36: 98.59802 | GW36: 98.766997 | GX36: 99.273927 | GY36: 99.611881 | GZ36: 99.10495 | HA36: 99.442904 | HB36: 100.28779 | HC36: 100.2033 | HD36: 100.62574 | HE36: 101.13267 | HF36: 101.57964 | HG36: 100.9637 | HH36: 101.04818 | HI36: 101.38614 | HJ36: 101.89307 | HK36: 102.14653 | HL36: 101.21716 | HM36: 101.13267 | HN36: 101.38614 | HO36: 101.30165 | HP36: 101.97756 | HQ36: 101.21716 | HR36: 100.9637 | HS36: 100.9637 | HT36: 100.9637 | HU36: 101.55512 | HV36: 102.23102 | HW36: 102.4 | HX36: 101.55512 | HY36: 101.89307 | HZ36: 101.6396 | IA36: 101.97756 | IB36: 102.4 | IC36: 102.4 | ID36: 102.31551 | IE36: 102.06205 | IF36: 102.48449 | IG36: 102.4 | IH36: 102.2 | II36: 101.9 | IJ36: 101.6 | IK36: 103 | IL36: 103.3 | IM36: 103.4 | IN36: 102.7 | IO36: 102.2 | IP36: 102.3 | IQ36: 102.4 | IR36: 102.6 | IS36: 103.8 | IT36: 104.1 | IU36: 103.4 | IV36: 103.8 | IW36: 103.8 | IX36: 104.5 | IY36: 105.2 | IZ36: 105.4 | JA36: 105.5 | JB36: 105.5 | JC36: 106.1 | JD36: 108 | JE36: 109.9 | JF36: 110.2 | JG36: 110.8 | JH36: 111.8 | JI36: 112.1 | JJ36: 113.2 | JK36: 113.7 | JL36: 114.2 | JM36: 114.3 | JN36: 114.9 | JO36: 116.8 | JP36: 116.9 | JQ36: 118.5 | JR36: 118 | JS36: 116.9 | JT36: 117.3 | JU36: 117.7 | JV36: 118.7 | JW36: 118.6 | JX36: 118.3 | JY36: 118.2 | JZ36: 117.5 | KA36: 117.2 | KB36: 118 | KC36: 118.7 | KD36: 118.5 | KE36: 119 | KF36: 118.8 | KG36: 119.7 | KH36: 119.7 | KI36: 119.4 | KJ36: 119.2 | KK36: 119
A37: IMF.STA:CPI(5.0.0) | B37: NLD.HICP._T.IX.M | C37: OBS_VALUE | D37: Netherlands, The | E37: Harmonised index of consumer prices (HICP) | F37: All Items | G37: Index | H37: Monthly | I37: Units | J37: 76.21 | K37: 76.89 | L37: 77.77 | M37: 78.37 | N37: 78.63 | O37: 78.34 | P37: 78.29 | Q37: 78.51 | R37: 79.33 | S37: 79.36 | T37: 79.14 | U37: 79.04 | V37: 79.91 | W37: 80.32 | X37: 81.17 | Y37: 81.68 | Z37: 81.6 | AA37: 81.31 | AB37: 81.22 | AC37: 81.38 | AD37: 82.17 | AE37: 82.09 | AF37: 81.72 | AG37: 81.58 | AH37: 82.07 | AI37: 82.65 | AJ37: 83.4 | AK37: 83.48 | AL37: 83.43 | AM37: 83.04 | AN37: 82.95 | AO37: 83.16 | AP37: 83.85 | AQ37: 83.67 | AR37: 83.39 | AS37: 82.87 | AT37: 83.29 | AU37: 83.77 | AV37: 84.45 | AW37: 84.74 | AX37: 84.88 | AY37: 84.27 | AZ37: 83.97 | BA37: 84.12 | BB37: 84.83 | BC37: 84.93 | BD37: 84.62 | BE37: 83.92 | BF37: 84.34 | BG37: 84.99 | BH37: 85.73 | BI37: 85.83 | BJ37: 85.76 | BK37: 85.48 | BL37: 85.2 | BM37: 85.52 | BN37: 86.23 | BO37: 86.22 | BP37: 85.99 | BQ37: 85.6 | BR37: 85.81 | BS37: 86.24 | BT37: 86.93 | BU37: 87.34 | BV37: 87.3 | BW37: 87.01 | BX37: 86.71 | BY37: 87.12 | BZ37: 87.54 | CA37: 87.39 | CB37: 87.37 | CC37: 87.07 | CD37: 86.86 | CE37: 87.42 | CF37: 88.55 | CG37: 89.04 | CH37: 89.07 | CI37: 88.61 | CJ37: 87.94 | CK37: 88.05 | CL37: 88.66 | CM37: 88.79 | CN37: 88.93 | CO37: 88.45 | CP37: 88.42 | CQ37: 89.17 | CR37: 90.23 | CS37: 90.55 | CT37: 90.92 | CU37: 90.66 | CV37: 90.55 | CW37: 90.67 | CX37: 91.13 | CY37: 90.98 | CZ37: 90.61 | DA37: 89.91 | DB37: 89.95 | DC37: 90.83 | DD37: 91.89 | DE37: 92.21 | DF37: 92.31 | DG37: 91.9 | DH37: 90.43 | DI37: 90.61 | DJ37: 91.11 | DK37: 91.35 | DL37: 91.21 | DM37: 90.56 | DN37: 90.3 | DO37: 91.15 | DP37: 92.49 | DQ37: 92.81 | DR37: 92.72 | DS37: 92.11 | DT37: 91.57 | DU37: 91.7 | DV37: 92.39 | DW37: 92.61 | DX37: 92.47 | DY37: 92.23 | DZ37: 92.01 | EA37: 92.93 | EB37: 94.2 | EC37: 94.77 | ED37: 94.84 | EE37: 94.23 | EF37: 94.54 | EG37: 94.65 | EH37: 95.12 | EI37: 95.22 | EJ37: 94.84 | EK37: 94.54 | EL37: 94.66 | EM37: 95.6 | EN37: 96.93 | EO37: 97.39 | EP37: 97.17 | EQ37: 96.59 | ER37: 97 | ES37: 97.07 | ET37: 97.54 | EU37: 98.33 | EV37: 97.85 | EW37: 97.73 | EX37: 97.7 | EY37: 98.7 | EZ37: 100.02 | FA37: 100.1 | FB37: 100.14 | FC37: 99.65 | FD37: 100 | FE37: 99.78 | FF37: 99.86 | FG37: 99.61 | FH37: 99.02 | FI37: 99.1 | FJ37: 98.48 | FK37: 99.07 | FL37: 100.16 | FM37: 100.74 | FN37: 100.28 | FO37: 99.92 | FP37: 100.26 | FQ37: 100.14 | FR37: 100.12 | FS37: 100 | FT37: 99.27 | FU37: 99.04 | FV37: 97.82 | FW37: 98.62 | FX37: 99.88 | FY37: 100.71 | FZ37: 100.97 | GA37: 100.4 | GB37: 101.07 | GC37: 100.58 | GD37: 100.4 | GE37: 100.4 | GF37: 99.64 | GG37: 99.53 | GH37: 98.03 | GI37: 98.94 | GJ37: 100.4 | GK37: 100.51 | GL37: 100.75 | GM37: 100.2 | GN37: 100.5 | GO37: 100.67 | GP37: 100.31 | GQ37: 100.67 | GR37: 100.02 | GS37: 100.27 | GT37: 99.64 | GU37: 100.58 | GV37: 101.03 | GW37: 101.94 | GX37: 101.49 | GY37: 101.17 | GZ37: 102 | HA37: 102.18 | HB37: 101.75 | HC37: 101.97 | HD37: 101.57 | HE37: 101.49 | HF37: 101.12 | HG37: 101.84 | HH37: 102.06 | HI37: 102.99 | HJ37: 103.41 | HK37: 102.85 | HL37: 103.96 | HM37: 104.09 | HN37: 103.36 | HO37: 103.89 | HP37: 103.37 | HQ37: 103.35 | HR37: 103.13 | HS37: 104.44 | HT37: 104.98 | HU37: 106.11 | HV37: 105.82 | HW37: 105.67 | HX37: 106.67 | HY37: 107.32 | HZ37: 106.16 | IA37: 106.82 | IB37: 106.01 | IC37: 106.24 | ID37: 104.85 | IE37: 105.77 | IF37: 106.09 | IG37: 107.14 | IH37: 106.94 | II37: 107.45 | IJ37: 108.42 | IK37: 107.65 | IL37: 107.19 | IM37: 108.05 | IN37: 106.72 | IO37: 107.22 | IP37: 106.51 | IQ37: 107.76 | IR37: 108.09 | IS37: 108.95 | IT37: 109.11 | IU37: 109.27 | IV37: 109.96 | IW37: 110.54 | IX37: 110.37 | IY37: 112.1 | IZ37: 113.02 | JA37: 114.09 | JB37: 114.61 | JC37: 115.58 | JD37: 120.7 | JE37: 121.16 | JF37: 120.21 | JG37: 120.13 | JH37: 122.74 | JI37: 125.63 | JJ37: 129.2 | JK37: 130.92 | JL37: 125.81 | JM37: 126.64 | JN37: 124.23 | JO37: 125.9 | JP37: 126.16 | JQ37: 128.17 | JR37: 128.41 | JS37: 127.78 | JT37: 129.25 | JU37: 129.9 | JV37: 128.81 | JW37: 129.56 | JX37: 127.63 | JY37: 127.88 | JZ37: 128.08 | KA37: 129.29 | KB37: 130.09 | KC37: 131.47 | KD37: 131.85 | KE37: 132.07 | KF37: 133.73 | KG37: 134.22 | KH37: 133.01 | KI37: 133.85 | KJ37: 132.47 | KK37: 132.93
A38: IMF.STA:CPI(5.0.0) | B38: NLD.CPI._T.IX.M | C38: OBS_VALUE | D38: Netherlands, The | E38: Consumer price index (CPI) | F38: All Items | G38: Index | H38: Monthly | I38: Units | J38: 76.31 | K38: 76.98 | L38: 77.7 | M38: 78.13 | N38: 78.39 | O38: 78.09 | P38: 77.98 | Q38: 78.27 | R38: 79.23 | S38: 79.15 | T38: 79.05 | U38: 78.81 | V38: 79.38 | W38: 79.81 | X38: 80.52 | Y38: 80.9 | Z38: 80.92 | AA38: 80.65 | AB38: 80.54 | AC38: 80.81 | AD38: 81.69 | AE38: 81.49 | AF38: 81.25 | AG38: 80.97 | AH38: 81.25 | AI38: 81.75 | AJ38: 82.53 | AK38: 82.61 | AL38: 82.55 | AM38: 82.17 | AN38: 82.24 | AO38: 82.5 | AP38: 83.31 | AQ38: 83.08 | AR38: 82.87 | AS38: 82.34 | AT38: 82.35 | AU38: 82.72 | AV38: 83.44 | AW38: 83.71 | AX38: 83.85 | AY38: 83.31 | AZ38: 83.19 | BA38: 83.47 | BB38: 84.2 | BC38: 84.23 | BD38: 83.98 | BE38: 83.25 | BF38: 83.58 | BG38: 84.1 | BH38: 84.88 | BI38: 85.03 | BJ38: 84.98 | BK38: 84.7 | BL38: 84.57 | BM38: 84.96 | BN38: 85.73 | BO38: 85.66 | BP38: 85.44 | BQ38: 84.98 | BR38: 84.68 | BS38: 85.01 | BT38: 85.68 | BU38: 86.07 | BV38: 86.15 | BW38: 85.84 | BX38: 85.68 | BY38: 86.13 | BZ38: 86.46 | CA38: 86.24 | CB38: 86.1 | CC38: 85.79 | CD38: 85.89 | CE38: 86.28 | CF38: 87.22 | CG38: 87.64 | CH38: 87.7 | CI38: 87.34 | CJ38: 86.93 | CK38: 87.08 | CL38: 87.59 | CM38: 87.63 | CN38: 87.76 | CO38: 87.39 | CP38: 87.63 | CQ38: 88.22 | CR38: 89.09 | CS38: 89.42 | CT38: 89.74 | CU38: 89.58 | CV38: 89.72 | CW38: 89.89 | CX38: 90.28 | CY38: 90.07 | CZ38: 89.74 | DA38: 89.09 | DB38: 89.32 | DC38: 89.95 | DD38: 90.85 | DE38: 91.05 | DF38: 91.17 | DG38: 90.85 | DH38: 89.89 | DI38: 90.14 | DJ38: 90.62 | DK38: 90.7 | DL38: 90.61 | DM38: 90.08 | DN38: 90.05 | DO38: 90.69 | DP38: 91.77 | DQ38: 92.08 | DR38: 92.04 | DS38: 91.6 | DT38: 91.34 | DU38: 91.48 | DV38: 92.05 | DW38: 92.13 | DX38: 92.02 | DY38: 91.82 | DZ38: 91.72 | EA38: 92.41 | EB38: 93.46 | EC38: 93.96 | ED38: 94.03 | EE38: 93.57 | EF38: 94.04 | EG38: 94.19 | EH38: 94.53 | EI38: 94.57 | EJ38: 94.28 | EK38: 94.04 | EL38: 93.99 | EM38: 94.7 | EN38: 95.78 | EO38: 96.17 | EP38: 96.03 | EQ38: 95.57 | ER38: 96.2 | ES38: 96.32 | ET38: 96.72 | EU38: 97.29 | EV38: 96.89 | EW38: 96.76 | EX38: 96.78 | EY38: 97.54 | EZ38: 98.58 | FA38: 98.67 | FB38: 98.69 | FC38: 98.32 | FD38: 99.15 | FE38: 99.03 | FF38: 99.08 | FG38: 98.8 | FH38: 98.31 | FI38: 98.36 | FJ38: 98.15 | FK38: 98.57 | FL38: 99.39 | FM38: 99.85 | FN38: 99.51 | FO38: 99.24 | FP38: 100.05 | FQ38: 99.98 | FR38: 99.96 | FS38: 99.84 | FT38: 99.25 | FU38: 99.05 | FV38: 98.15 | FW38: 98.69 | FX38: 99.75 | FY38: 100.39 | FZ38: 100.61 | GA38: 100.23 | GB38: 101 | GC38: 100.69 | GD38: 100.5 | GE38: 100.41 | GF38: 99.85 | GG38: 99.73 | GH38: 98.71 | GI38: 99.3 | GJ38: 100.31 | GK38: 100.4 | GL38: 100.58 | GM38: 100.26 | GN38: 100.76 | GO38: 100.88 | GP38: 100.57 | GQ38: 100.83 | GR38: 100.49 | GS38: 100.71 | GT38: 100.35 | GU38: 101.09 | GV38: 101.44 | GW38: 101.98 | GX38: 101.65 | GY38: 101.37 | GZ38: 102.11 | HA38: 102.27 | HB38: 102.03 | HC38: 102.17 | HD38: 102 | HE38: 101.97 | HF38: 101.82 | HG38: 102.31 | HH38: 102.47 | HI38: 103.11 | HJ38: 103.42 | HK38: 103.1 | HL38: 104.28 | HM38: 104.4 | HN38: 103.95 | HO38: 104.32 | HP38: 104.07 | HQ38: 103.97 | HR38: 104.05 | HS38: 104.97 | HT38: 105.37 | HU38: 106.08 | HV38: 105.94 | HW38: 105.84 | HX38: 106.9 | HY38: 107.37 | HZ38: 106.7 | IA38: 107.16 | IB38: 106.73 | IC38: 106.8 | ID38: 105.97 | IE38: 106.64 | IF38: 106.85 | IG38: 107.34 | IH38: 107.18 | II38: 107.51 | IJ38: 108.69 | IK38: 108.13 | IL38: 107.88 | IM38: 108.47 | IN38: 107.61 | IO38: 107.85 | IP38: 107.62 | IQ38: 108.57 | IR38: 108.87 | IS38: 109.36 | IT38: 109.46 | IU38: 109.67 | IV38: 110.23 | IW38: 110.71 | IX38: 110.79 | IY38: 112.18 | IZ38: 113.17 | JA38: 114.01 | JB38: 114.53 | JC38: 115.27 | JD38: 119.46 | JE38: 119.81 | JF38: 119.05 | JG38: 119.05 | JH38: 121.57 | JI38: 123.95 | JJ38: 126.89 | JK38: 128.25 | JL38: 124.35 | JM38: 124.94 | JN38: 123.21 | JO38: 124.45 | JP38: 124.72 | JQ38: 126.01 | JR38: 126.26 | JS38: 125.83 | JT38: 127.13 | JU38: 127.7 | JV38: 127.16 | JW38: 127.73 | JX38: 126.4 | JY38: 126.45 | JZ38: 127.11 | KA38: 127.95 | KB38: 128.58 | KC38: 129.42 | KD38: 129.69 | KE38: 129.91 | KF38: 131.82 | KG38: 132.24 | KH38: 131.61 | KI38: 132.26 | KJ38: 131.48 | KK38: 131.63
A39: IMF.STA:CPI(5.0.0) | B39: PAK.CPI._T.IX.M | C39: OBS_VALUE | D39: Pakistan | E39: Consumer price index (CPI) | F39: All Items | G39: Index | H39: Monthly | I39: Units | CV39: 55.1203 | CW39: 56.086807 | CX39: 56.533264 | CY39: 57.318244 | CZ39: 57.136717 | DA39: 56.999346 | DB39: 57.136717 | DC39: 57.921697 | DD39: 58.13266 | DE39: 58.716489 | DF39: 58.67724 | DG39: 59.187477 | DH39: 60.080391 | DI39: 61.169551 | DJ39: 61.272579 | DK39: 61.640539 | DL39: 62.454955 | DM39: 61.998686 | DN39: 63.602988 | DO39: 63.843388 | DP39: 64.63818 | DQ39: 65.820556 | DR39: 65.908866 | DS39: 66.149266 | DT39: 67.518075 | DU39: 68.994818 | DV39: 70.397969 | DW39: 71.089733 | DX39: 71.796215 | DY39: 71.580345 | DZ39: 72.448729 | EA39: 72.046427 | EB39: 73.057089 | EC39: 74.077562 | ED39: 74.24437 | EE39: 74.955758 | EF39: 75.907546 | EG39: 76.967269 | EH39: 77.762061 | EI39: 78.885564 | EJ39: 79.111245 | EK39: 78.556853 | EL39: 79.76376 | EM39: 80.00416 | EN39: 80.941229 | EO39: 82.422879 | EP39: 83.369761 | EQ39: 83.399197 | ER39: 83.19314 | ES39: 83.938871 | ET39: 84.601198 | EU39: 84.925002 | EV39: 84.591385 | EW39: 84.78763 | EX39: 86.200594 | EY39: 85.911133 | EZ39: 86.259467 | FA39: 87.201443 | FB39: 87.647901 | FC39: 88.28079 | FD39: 90.06662 | FE39: 91.111624 | FF39: 90.851599 | FG39: 92.637428 | FH39: 93.809992 | FI39: 92.568743 | FJ39: 93.020106 | FK39: 92.725739 | FL39: 93.618653 | FM39: 95.208237 | FN39: 94.958025 | FO39: 95.541854 | FP39: 97.165781 | FQ39: 97.484679 | FR39: 97.828107 | FS39: 98.029258 | FT39: 97.528834 | FU39: 96.547609 | FV39: 96.626107 | FW39: 95.733192 | FX39: 95.949062 | FY39: 97.219748 | FZ39: 97.955666 | GA39: 98.55912 | GB39: 98.917267 | GC39: 99.226353 | GD39: 99.123324 | GE39: 99.60903 | GF39: 100.19286 | GG39: 99.623749 | GH39: 99.834712 | GI39: 99.5845 | GJ39: 99.731683 | GK39: 101.27711 | GL39: 101.06124 | GM39: 101.70395 | GN39: 103.06785 | GO39: 102.76367 | GP39: 102.96972 | GQ39: 103.79886 | GR39: 104.01473 | GS39: 103.30825 | GT39: 103.48977 | GU39: 103.78414 | GV39: 104.65743 | GW39: 106.11946 | GX39: 106.13417 | GY39: 105.70244 | GZ39: 106.06549 | HA39: 106.27155 | HB39: 106.94369 | HC39: 107.74338 | HD39: 108.14078 | HE39: 108.03284 | HF39: 108.06719 | HG39: 107.72866 | HH39: 108.05738 | HI39: 110.01982 | HJ39: 110.58403 | HK39: 111.21201 | HL39: 112.25211 | HM39: 112.4827 | HN39: 112.41892 | HO39: 115.0437 | HP39: 115.17125 | HQ39: 114.69536 | HR39: 115.83849 | HS39: 116.57441 | HT39: 118.22777 | HU39: 119.72414 | HV39: 120.66121 | HW39: 121.09295 | HX39: 123.86 | HY39: 125.89 | HZ39: 126.86 | IA39: 129.16 | IB39: 130.9 | IC39: 130.45443 | ID39: 133.02903 | IE39: 131.6428 | IF39: 131.69324 | IG39: 130.59203 | IH39: 131.00594 | II39: 132.0773 | IJ39: 135.37958 | IK39: 136.22648 | IL39: 138.31906 | IM39: 140.67277 | IN39: 141.82579 | IO39: 140.85757 | IP39: 140.55787 | IQ39: 143.0922 | IR39: 143.61 | IS39: 145.09332 | IT39: 145.24181 | IU39: 144.82497 | IV39: 146.75671 | IW39: 147.60619 | IX39: 150.74153 | IY39: 153.6102 | IZ39: 158.18344 | JA39: 158.1574 | JB39: 158.77945 | JC39: 160.60811 | JD39: 161.88324 | JE39: 164.49504 | JF39: 165.22618 | JG39: 175.70876 | JH39: 183.34913 | JI39: 187.84009 | JJ39: 185.67791 | JK39: 194.41583 | JL39: 195.88902 | JM39: 196.85588 | JN39: 202.52954 | JO39: 211.2781 | JP39: 219.13855 | JQ39: 224.41077 | JR39: 227.96169 | JS39: 227.3727 | JT39: 235.23278 | JU39: 239.26934 | JV39: 244.04795 | JW39: 246.6875 | JX39: 253.15004 | JY39: 255.23501 | JZ39: 259.91848 | KA39: 260.00838 | KB39: 264.46 | KC39: 263.32078 | KD39: 254.7796 | KE39: 255.94267 | KF39: 261.31583 | KG39: 262.32472 | KH39: 260.96066 | KI39: 264.17482 | KJ39: 265.46279 | KK39: 265.62724
A40: IMF.STA:CPI(5.0.0) | B40: PRY.CPI._T.IX.M | C40: OBS_VALUE | D40: Paraguay | E40: Consumer price index (CPI) | F40: All Items | G40: Index | H40: Monthly | I40: Units | BF40: 49.580916 | BG40: 49.838814 | BH40: 50.419084 | BI40: 51.06383 | BJ40: 51.837524 | BK40: 51.77305 | BL40: 52.030948 | BM40: 51.966473 | BN40: 52.611219 | BO40: 53.513862 | BP40: 54.416505 | BQ40: 54.094133 | BR40: 54.849416 | BS40: 55.454423 | BT40: 56.279433 | BU40: 56.513186 | BV40: 56.348184 | BW40: 56.100681 | BX40: 55.99068 | BY40: 56.100681 | BZ40: 57.021942 | CA40: 58.149456 | CB40: 59.249469 | CC40: 60.844488 | CD40: 60.211981 | CE40: 60.033229 | CF40: 59.455722 | CG40: 60.019478 | CH40: 60.349482 | CI40: 59.936977 | CJ40: 60.18448 | CK40: 62.219505 | CL40: 62.783262 | CM40: 65.10704 | CN40: 63.649523 | CO40: 64.474533 | CP40: 65.506125 | CQ40: 66.344294 | CR40: 66.795616 | CS40: 67.311412 | CT40: 67.182463 | CU40: 67.956157 | CV40: 68.27853 | CW40: 68.665377 | CX40: 68.471954 | CY40: 68.665377 | CZ40: 68.923275 | DA40: 69.310123 | DB40: 69.374597 | DC40: 69.181173 | DD40: 69.052224 | DE40: 68.665377 | DF40: 68.665377 | DG40: 69.245648 | DH40: 69.052224 | DI40: 69.761444 | DJ40: 70.019342 | DK40: 70.599613 | DL40: 70.27724 | DM40: 70.599613 | DN40: 71.308833 | DO40: 71.244358 | DP40: 71.889104 | DQ40: 72.469375 | DR40: 71.760155 | DS40: 72.211476 | DT40: 72.275951 | DU40: 72.920696 | DV40: 72.662798 | DW40: 74.274662 | DX40: 74.597034 | DY40: 75.693101 | DZ40: 76.853643 | EA40: 78.014184 | EB40: 79.303675 | EC40: 79.045777 | ED40: 79.045777 | EE40: 78.594455 | EF40: 78.594455 | EG40: 79.36815 | EH40: 79.497099 | EI40: 78.852353 | EJ40: 78.787879 | EK40: 79.432624 | EL40: 80.270793 | EM40: 81.495809 | EN40: 81.882656 | EO40: 81.689233 | EP40: 82.011605 | EQ40: 81.689233 | ER40: 81.753707 | ES40: 81.560284 | ET40: 81.689233 | EU40: 81.495809 | EV40: 82.011605 | EW40: 82.591876 | EX40: 83.558994 | EY40: 82.914249 | EZ40: 82.849774 | FA40: 82.978723 | FB40: 82.720825 | FC40: 83.107672 | FD40: 83.558994 | FE40: 84.07479 | FF40: 84.332689 | FG40: 85.041908 | FH40: 85.622179 | FI40: 85.686654 | FJ40: 86.847195 | FK40: 87.427466 | FL40: 87.878788 | FM40: 88.265635 | FN40: 88.523533 | FO40: 88.394584 | FP40: 88.136686 | FQ40: 87.814313 | FR40: 87.814313 | FS40: 88.007737 | FT40: 88.652482 | FU40: 89.297228 | FV40: 89.813024 | FW40: 90.264346 | FX40: 90.199871 | FY40: 90.070922 | FZ40: 91.424887 | GA40: 90.586718 | GB40: 91.295938 | GC40: 91.231464 | GD40: 91.102515 | GE40: 90.844616 | GF40: 91.231464 | GG40: 92.069632 | GH40: 94.45519 | GI40: 94.906512 | GJ40: 94.45519 | GK40: 94.132818 | GL40: 94.584139 | GM40: 94.842037 | GN40: 93.939394 | GO40: 94.132818 | GP40: 94.326241 | GQ40: 94.132818 | GR40: 95.099936 | GS40: 95.680206 | GT40: 96.260477 | GU40: 97.098646 | GV40: 97.098646 | GW40: 97.549968 | GX40: 97.807866 | GY40: 97.614442 | GZ40: 97.678917 | HA40: 97.936815 | HB40: 98.259188 | HC40: 98.774984 | HD40: 99.484204 | HE40: 100 | HF40: 100.8 | HG40: 101.1 | HH40: 101.1 | HI40: 101.1 | HJ40: 101.2 | HK40: 101.9 | HL40: 101.6 | HM40: 101.8 | HN40: 102.2 | HO40: 102.8 | HP40: 103.5 | HQ40: 103.2 | HR40: 103.2 | HS40: 103.8 | HT40: 103.9 | HU40: 104.2 | HV40: 105 | HW40: 104.8 | HX40: 104.7 | HY40: 104.6 | HZ40: 104.9 | IA40: 105.3 | IB40: 105.5 | IC40: 106.1 | ID40: 106.1 | IE40: 106.3 | IF40: 106.5 | IG40: 106.3 | IH40: 105.7 | II40: 105.3 | IJ40: 105.8 | IK40: 106.3 | IL40: 106.6 | IM40: 107.1 | IN40: 107.8 | IO40: 108.4 | IP40: 108.9 | IQ40: 109 | IR40: 109.1 | IS40: 109 | IT40: 109.6 | IU40: 110 | IV40: 111.3 | IW40: 112.3 | IX40: 113.4 | IY40: 115.2 | IZ40: 115.8 | JA40: 115.8 | JB40: 117.5 | JC40: 119.1 | JD40: 120.1 | JE40: 121.9 | JF40: 122.1 | JG40: 122.7 | JH40: 123.6 | JI40: 124.1 | JJ40: 124 | JK40: 124.5 | JL40: 125.4 | JM40: 125.2 | JN40: 126.7 | JO40: 127.3 | JP40: 127.8 | JQ40: 128.3 | JR40: 128.3 | JS40: 127.9 | JT40: 127.9 | JU40: 127.7 | JV40: 128.3 | JW40: 128.9 | JX40: 129.4 | JY40: 129.8 | JZ40: 131 | KA40: 131 | KB40: 132.4 | KC40: 133.4 | KD40: 133.9 | KE40: 133.4 | KF40: 133.5 | KG40: 133.2 | KH40: 133.5 | KI40: 133.5 | KJ40: 133.8 | KK40: 134.7
A41: IMF.STA:CPI(5.0.0) | B41: PER.CPI._T.IX.M | C41: OBS_VALUE | D41: Peru | E41: Consumer price index (CPI) | F41: All Items | G41: Index | H41: Monthly | I41: Units | DN41: 68.974933 | DO41: 69.201643 | DP41: 69.394004 | DQ41: 69.407744 | DR41: 69.572624 | DS41: 69.751244 | DT41: 70.005435 | DU41: 70.190925 | DV41: 70.170315 | DW41: 70.067265 | DX41: 70.074135 | DY41: 70.197795 | DZ41: 70.472596 | EA41: 70.740526 | EB41: 71.242037 | EC41: 71.722938 | ED41: 71.709198 | EE41: 71.777898 | EF41: 72.348109 | EG41: 72.54047 | EH41: 72.78092 | EI41: 73.0145 | EJ41: 73.330521 | EK41: 73.529751 | EL41: 73.454181 | EM41: 73.704 | EN41: 74.233029 | EO41: 74.60041 | EP41: 74.622453 | EQ41: 74.578368 | ER41: 74.688582 | ES41: 75.070658 | ET41: 75.430692 | EU41: 75.349868 | EV41: 75.298435 | EW41: 75.423344 | EX41: 75.518863 | EY41: 75.489473 | EZ41: 76.08463 | FA41: 76.283016 | FB41: 76.400578 | FC41: 76.584268 | FD41: 76.988388 | FE41: 77.407202 | FF41: 77.576197 | FG41: 77.620283 | FH41: 77.56885 | FI41: 77.745193 | FJ41: 77.936231 | FK41: 78.347698 | FL41: 78.77386 | FM41: 79.126546 | FN41: 79.302889 | FO41: 79.413103 | FP41: 79.729051 | FQ41: 79.684965 | FR41: 79.831918 | FS41: 80.191951 | FT41: 80.125822 | FU41: 80.236037 | FV41: 80.397685 | FW41: 80.632808 | FX41: 81.18388 | FY41: 81.477785 | FZ41: 81.823123 | GA41: 82.021509 | GB41: 82.374195 | GC41: 82.712186 | GD41: 82.785662 | GE41: 82.895876 | GF41: 83.219172 | GG41: 83.549815 | GH41: 83.895153 | GI41: 84.034758 | GJ41: 84.541744 | GK41: 84.556439 | GL41: 84.651958 | GM41: 84.784215 | GN41: 84.938515 | GO41: 85.188334 | GP41: 85.38672 | GQ41: 85.761449 | GR41: 86.033311 | GS41: 86.341911 | GT41: 86.547644 | GU41: 86.848897 | GV41: 87.95104 | GW41: 87.973083 | GX41: 87.466097 | GY41: 87.341188 | GZ41: 87.517531 | HA41: 88.061255 | HB41: 88.10534 | HC41: 87.693874 | HD41: 87.524878 | HE41: 87.635093 | HF41: 87.79674 | HG41: 88.053907 | HH41: 88.487417 | HI41: 88.377202 | HJ41: 88.413941 | HK41: 88.722541 | HL41: 89.075227 | HM41: 89.222179 | HN41: 89.398522 | HO41: 89.508736 | HP41: 89.648341 | HQ41: 89.817336 | HR41: 89.86877 | HS41: 90.001027 | HT41: 90.603532 | HU41: 90.809265 | HV41: 90.882742 | HW41: 90.823961 | HX41: 91.037042 | HY41: 91.139908 | HZ41: 91.176647 | IA41: 91.301556 | IB41: 91.397075 | IC41: 91.499942 | ID41: 91.544028 | IE41: 91.654242 | IF41: 92.212661 | IG41: 92.594738 | IH41: 92.602085 | II41: 92.43309 | IJ41: 92.998857 | IK41: 93.087028 | IL41: 93.233981 | IM41: 93.116419 | IN41: 93.432367 | IO41: 93.469105 | IP41: 94.218562 | IQ41: 94.211215 | IR41: 94.923934 | IS41: 94.96802 | IT41: 95.173753 | IU41: 95.680739 | IV41: 96.672668 | IW41: 97.701335 | IX41: 98.252407 | IY41: 98.825522 | IZ41: 99.266379 | JA41: 100.00114 | JB41: 100.1824 | JC41: 100.4952 | JD41: 101.99911 | JE41: 103.15196 | JF41: 103.5269 | JG41: 104.5983 | JH41: 105.641 | JI41: 106.2972 | JJ41: 106.8878 | JK41: 107.3678 | JL41: 107.8469 | JM41: 108.5634 | JN41: 109.0647 | JO41: 109.5304 | JP41: 110.8385 | JQ41: 111.4476 | JR41: 111.7948 | JS41: 111.6159 | JT41: 112.0002 | JU41: 112.4481 | JV41: 112.5211 | JW41: 112.218 | JX41: 111.9307 | JY41: 112.2665 | JZ41: 112.2789 | KA41: 112.7392 | KB41: 113.8033 | KC41: 113.795 | KD41: 113.6489 | KE41: 113.72939 | KF41: 113.99801 | KG41: 114.32205 | KH41: 114.05046 | KI41: 113.94428 | KJ41: 114.05156 | KK41: 114.17208
A42: IMF.STA:CPI(5.0.0) | B42: PHL.CPI._T.IX.M | C42: OBS_VALUE | D42: Philippines | E42: Consumer price index (CPI) | F42: All Items | G42: Index | H42: Monthly | I42: Units | DN42: 77.701026 | DO42: 78.094449 | DP42: 78.22559 | DQ42: 78.684584 | DR42: 78.619013 | DS42: 78.815725 | DT42: 79.078007 | DU42: 79.405859 | DV42: 79.405859 | DW42: 79.340289 | DX42: 80.061564 | DY42: 80.323846 | DZ42: 80.782839 | EA42: 81.766397 | EB42: 82.028679 | EC42: 82.356531 | ED42: 82.487672 | EE42: 82.946665 | EF42: 82.946665 | EG42: 83.077806 | EH42: 83.143377 | EI42: 83.471229 | EJ42: 83.799082 | EK42: 83.667941 | EL42: 83.995793 | EM42: 84.080982 | EN42: 84.251358 | EO42: 84.847677 | EP42: 84.762489 | EQ42: 85.103243 | ER42: 85.358808 | ES42: 86.040316 | ET42: 86.040316 | EU42: 86.040316 | EV42: 86.040316 | EW42: 85.955127 | EX42: 86.381069 | EY42: 86.551446 | EZ42: 86.551446 | FA42: 86.721823 | FB42: 86.721823 | FC42: 87.232954 | FD42: 87.40333 | FE42: 87.573707 | FF42: 87.999649 | FG42: 88.084838 | FH42: 88.51078 | FI42: 89.192287 | FJ42: 89.61823 | FK42: 89.703418 | FL42: 89.61823 | FM42: 89.873795 | FN42: 90.214549 | FO42: 90.555302 | FP42: 91.066433 | FQ42: 91.23681 | FR42: 91.407187 | FS42: 91.321998 | FT42: 91.151621 | FU42: 90.896056 | FV42: 90.981245 | FW42: 91.066433 | FX42: 90.981245 | FY42: 91.151621 | FZ42: 91.066433 | GA42: 91.066433 | GB42: 91.23681 | GC42: 91.23681 | GD42: 91.066433 | GE42: 91.151621 | GF42: 91.407187 | GG42: 91.577564 | GH42: 91.662752 | GI42: 91.492375 | GJ42: 91.492375 | GK42: 91.74794 | GL42: 91.918317 | GM42: 92.259071 | GN42: 92.429448 | GO42: 92.429448 | GP42: 92.599825 | GQ42: 92.770202 | GR42: 93.281332 | GS42: 93.622086 | GT42: 93.96284 | GU42: 94.303593 | GV42: 94.303593 | GW42: 94.644347 | GX42: 94.559159 | GY42: 94.559159 | GZ42: 94.644347 | HA42: 94.814724 | HB42: 95.411043 | HC42: 95.666608 | HD42: 96.09255 | HE42: 96.348116 | HF42: 97.2 | HG42: 97.9 | HH42: 98.4 | HI42: 98.8 | HJ42: 99 | HK42: 99.4 | HL42: 100.2 | HM42: 101.1 | HN42: 102.1 | HO42: 102.3 | HP42: 102 | HQ42: 101.4 | HR42: 101.5 | HS42: 101.6 | HT42: 101.7 | HU42: 102 | HV42: 102.2 | HW42: 102.1 | HX42: 102.4 | HY42: 102.5 | HZ42: 102.6 | IA42: 102.9 | IB42: 103.2 | IC42: 103.8 | ID42: 104.5 | IE42: 104.1 | IF42: 103.9 | IG42: 103.8 | IH42: 103.8 | II42: 104.4 | IJ42: 104.9 | IK42: 104.8 | IL42: 104.9 | IM42: 105.3 | IN42: 106.3 | IO42: 107.2 | IP42: 108.4 | IQ42: 108.5 | IR42: 108.2 | IS42: 108.1 | IT42: 108.1 | IU42: 108.3 | IV42: 108.8 | IW42: 109.4 | IX42: 109.3 | IY42: 109.5 | IZ42: 110.2 | JA42: 110.5 | JB42: 111.7 | JC42: 111.8 | JD42: 112.5 | JE42: 113.4 | JF42: 113.9 | JG42: 114.9 | JH42: 115.8 | JI42: 116.3 | JJ42: 116.8 | JK42: 117.9 | JL42: 119 | JM42: 119.4 | JN42: 121.4 | JO42: 121.4 | JP42: 121.1 | JQ42: 120.9 | JR42: 120.9 | JS42: 121.1 | JT42: 121.2 | JU42: 122.5 | JV42: 123.9 | JW42: 123.7 | JX42: 123.9 | JY42: 124.1 | JZ42: 124.8 | KA42: 125.5 | KB42: 125.6 | KC42: 125.5 | KD42: 125.6 | KE42: 125.6 | KF42: 126.5 | KG42: 126.6 | KH42: 126.3 | KI42: 126.5 | KJ42: 127 | KK42: 127.7
A43: IMF.STA:CPI(5.0.0) | B43: POL.HICP._T.IX.M | C43: OBS_VALUE | D43: Poland, Republic of | E43: Harmonised index of consumer prices (HICP) | F43: All Items | G43: Index | H43: Monthly | I43: Units | J43: 72.6 | K43: 72.6 | L43: 73 | M43: 73.6 | N43: 74.5 | O43: 74.4 | P43: 74 | Q43: 73.6 | R43: 73.9 | S43: 74.2 | T43: 74.3 | U43: 74.5 | V43: 75.2 | W43: 75.3 | X43: 75.5 | Y43: 75.8 | Z43: 75.6 | AA43: 75.3 | AB43: 74.9 | AC43: 74.6 | AD43: 74.9 | AE43: 75.1 | AF43: 75.1 | AG43: 75.1 | AH43: 75.4 | AI43: 75.5 | AJ43: 75.8 | AK43: 75.9 | AL43: 75.9 | AM43: 75.8 | AN43: 75.4 | AO43: 75.1 | AP43: 75.5 | AQ43: 75.9 | AR43: 76.2 | AS43: 76.4 | AT43: 76.8 | AU43: 76.9 | AV43: 77.1 | AW43: 77.7 | AX43: 78.5 | AY43: 79.1 | AZ43: 79 | BA43: 78.8 | BB43: 79 | BC43: 79.5 | BD43: 79.7 | BE43: 79.7 | BF43: 79.7 | BG43: 79.7 | BH43: 79.7 | BI43: 80.1 | BJ43: 80.3 | BK43: 80.2 | BL43: 80.2 | BM43: 80.2 | BN43: 80.5 | BO43: 80.7 | BP43: 80.6 | BQ43: 80.3 | BR43: 80.4 | BS43: 80.4 | BT43: 80.5 | BU43: 81.1 | BV43: 81.5 | BW43: 81.3 | BX43: 81.3 | BY43: 81.6 | BZ43: 81.6 | CA43: 81.6 | CB43: 81.6 | CC43: 81.4 | CD43: 81.7 | CE43: 82 | CF43: 82.4 | CG43: 82.8 | CH43: 83.3 | CI43: 83.4 | CJ43: 83.3 | CK43: 83.2 | CL43: 83.8 | CM43: 84.2 | CN43: 84.7 | CO43: 84.9 | CP43: 85.3 | CQ43: 85.7 | CR43: 86 | CS43: 86.3 | CT43: 86.9 | CU43: 87.1 | CV43: 87.1 | CW43: 86.9 | CX43: 87.2 | CY43: 87.5 | CZ43: 87.7 | DA43: 87.7 | DB43: 88 | DC43: 88.8 | DD43: 89.5 | DE43: 90.1 | DF43: 90.6 | DG43: 90.8 | DH43: 91 | DI43: 90.7 | DJ43: 90.7 | DK43: 90.8 | DL43: 91.1 | DM43: 91.1 | DN43: 91.5 | DO43: 91.8 | DP43: 92 | DQ43: 92.4 | DR43: 92.7 | DS43: 92.9 | DT43: 92.8 | DU43: 92.4 | DV43: 92.9 | DW43: 93.3 | DX43: 93.4 | DY43: 93.7 | DZ43: 94.7 | EA43: 94.9 | EB43: 95.7 | EC43: 96.2 | ED43: 96.7 | EE43: 96.3 | EF43: 96.1 | EG43: 96.1 | EH43: 96.1 | EI43: 96.8 | EJ43: 97.5 | EK43: 98 | EL43: 98.6 | EM43: 99 | EN43: 99.5 | EO43: 100 | EP43: 100.2 | EQ43: 100.4 | ER43: 100 | ES43: 99.8 | ET43: 99.8 | EU43: 100.1 | EV43: 100.1 | EW43: 100.1 | EX43: 100.2 | EY43: 100.2 | EZ43: 100.5 | FA43: 100.8 | FB43: 100.7 | FC43: 100.7 | FD43: 100.9 | FE43: 100.6 | FF43: 100.7 | FG43: 100.8 | FH43: 100.6 | FI43: 100.7 | FJ43: 100.8 | FK43: 100.9 | FL43: 101.1 | FM43: 101.1 | FN43: 101 | FO43: 101 | FP43: 100.8 | FQ43: 100.5 | FR43: 100.4 | FS43: 100.5 | FT43: 100.3 | FU43: 100 | FV43: 99.7 | FW43: 99.6 | FX43: 99.9 | FY43: 100.3 | FZ43: 100.4 | GA43: 100.5 | GB43: 100.4 | GC43: 100.1 | GD43: 99.8 | GE43: 99.9 | GF43: 99.8 | GG43: 99.6 | GH43: 99.4 | GI43: 99.4 | GJ43: 99.5 | GK43: 99.8 | GL43: 100 | GM43: 100.1 | GN43: 99.8 | GO43: 99.6 | GP43: 99.6 | GQ43: 100 | GR43: 100 | GS43: 100.5 | GT43: 100.8 | GU43: 101.3 | GV43: 101.3 | GW43: 101.6 | GX43: 101.5 | GY43: 101.4 | GZ43: 101.2 | HA43: 101 | HB43: 101.2 | HC43: 101.6 | HD43: 102 | HE43: 102.2 | HF43: 102.4 | HG43: 102 | HH43: 102 | HI43: 102.5 | HJ43: 102.7 | HK43: 102.8 | HL43: 102.6 | HM43: 102.4 | HN43: 102.7 | HO43: 103.1 | HP43: 103.1 | HQ43: 103.1 | HR43: 103 | HS43: 103.3 | HT43: 103.7 | HU43: 104.7 | HV43: 105 | HW43: 105.2 | HX43: 105.2 | HY43: 105.1 | HZ43: 105.2 | IA43: 105.5 | IB43: 105.6 | IC43: 106.2 | ID43: 106.9 | IE43: 107.5 | IF43: 107.7 | IG43: 107.7 | IH43: 108.6 | II43: 109.2 | IJ43: 109.1 | IK43: 109 | IL43: 109.2 | IM43: 109.5 | IN43: 109.5 | IO43: 109.8 | IP43: 110.8 | IQ43: 111.4 | IR43: 112.4 | IS43: 113.2 | IT43: 113.6 | IU43: 113.7 | IV43: 114.2 | IW43: 114.5 | IX43: 115.3 | IY43: 116.5 | IZ43: 117.6 | JA43: 118.6 | JB43: 120.4 | JC43: 120.4 | JD43: 123.9 | JE43: 126.1 | JF43: 128.1 | JG43: 129.9 | JH43: 130.4 | JI43: 131.4 | JJ43: 133.4 | JK43: 135.6 | JL43: 136.5 | JM43: 136.8 | JN43: 139.5 | JO43: 141.1 | JP43: 142.7 | JQ43: 143.8 | JR43: 144.1 | JS43: 144.2 | JT43: 143.8 | JU43: 143.9 | JV43: 143.7 | JW43: 144.2 | JX43: 145.1 | JY43: 145.3 | JZ43: 145.8 | KA43: 146.3 | KB43: 146.6 | KC43: 148.1 | KD43: 148.2 | KE43: 148.4 | KF43: 149.6 | KG43: 149.7 | KH43: 149.8 | KI43: 150.3 | KJ43: 150.8 | KK43: 150.9
A44: IMF.STA:CPI(5.0.0) | B44: POL.CPI._T.IX.M | C44: OBS_VALUE | D44: Poland, Republic of | E44: Consumer price index (CPI) | F44: All Items | G44: Index | H44: Monthly | I44: Units | J44: 89.51325 | K44: 89.59966 | L44: 90.03167 | M44: 90.72289 | N44: 91.75973 | O44: 91.67332 | P44: 91.41412 | Q44: 91.15491 | R44: 91.41412 | S44: 91.75973 | T44: 91.84613 | U44: 92.01894 | V44: 92.79655 | W44: 92.88296 | X44: 93.05576 | Y44: 93.48778 | Z44: 93.31497 | AA44: 92.96936 | AB44: 92.53735 | AC44: 92.19174 | AD44: 92.45094 | AE44: 92.71015 | AF44: 92.62375 | AG44: 92.71015 | AH44: 93.05576 | AI44: 93.14217 | AJ44: 93.40137 | AK44: 93.57418 | AL44: 93.57418 | AM44: 93.48778 | AN44: 93.14217 | AO44: 92.79655 | AP44: 93.22857 | AQ44: 93.74699 | AR44: 94.0062 | AS44: 94.179 | AT44: 94.52461 | AU44: 94.61102 | AV44: 94.87022 | AW44: 95.64785 | AX44: 96.59828 | AY44: 97.4623 | AZ44: 97.3759 | BA44: 96.94389 | BB44: 97.20309 | BC44: 97.80791 | BD44: 98.06712 | BE44: 98.15353 | BF44: 98.23993 | BG44: 98.15353 | BH44: 98.23993 | BI44: 98.67194 | BJ44: 98.93115 | BK44: 98.75835 | BL44: 98.58554 | BM44: 98.49914 | BN44: 98.93115 | BO44: 99.36317 | BP44: 99.19036 | BQ44: 99.01756 | BR44: 99.2 | BS44: 99.2 | BT44: 99.1 | BU44: 99.7 | BV44: 100.3 | BW44: 100 | BX44: 100.1 | BY44: 100.4 | BZ44: 100.5 | CA44: 100.4 | CB44: 100.5 | CC44: 100.4 | CD44: 100.8 | CE44: 101.1 | CF44: 101.6 | CG44: 102.1 | CH44: 102.6 | CI44: 102.6 | CJ44: 102.3 | CK44: 101.9 | CL44: 102.7 | CM44: 103.3 | CN44: 104 | CO44: 104.3 | CP44: 105 | CQ44: 105.4 | CR44: 105.8 | CS44: 106.2 | CT44: 107 | CU44: 107.2 | CV44: 107.2 | CW44: 106.8 | CX44: 107.1 | CY44: 107.5 | CZ44: 107.7 | DA44: 107.6 | DB44: 108.1 | DC44: 109.1 | DD44: 109.9 | DE44: 110.7 | DF44: 111.3 | DG44: 111.5 | DH44: 111.6 | DI44: 111.2 | DJ44: 111.2 | DK44: 111.3 | DL44: 111.6 | DM44: 111.6 | DN44: 112.3 | DO44: 112.5 | DP44: 112.8 | DQ44: 113.3 | DR44: 113.6 | DS44: 113.9 | DT44: 113.7 | DU44: 113.2 | DV44: 113.9 | DW44: 114.5 | DX44: 114.6 | DY44: 115.1 | DZ44: 116.5 | EA44: 116.7 | EB44: 117.8 | EC44: 118.4 | ED44: 119.1 | EE44: 118.6 | EF44: 118.2 | EG44: 118.2 | EH44: 118.3 | EI44: 119.1 | EJ44: 119.9 | EK44: 120.4 | EL44: 121.2 | EM44: 121.7 | EN44: 122.3 | EO44: 123 | EP44: 123.2 | EQ44: 123.4 | ER44: 122.8 | ES44: 122.4 | ET44: 122.5 | EU44: 123 | EV44: 123.1 | EW44: 123.2 | EX44: 123.3 | EY44: 123.3 | EZ44: 123.5 | FA44: 124 | FB44: 123.9 | FC44: 123.9 | FD44: 124.3 | FE44: 123.9 | FF44: 124 | FG44: 124.2 | FH44: 124 | FI44: 124.1 | FJ44: 124.2 | FK44: 124.3 | FL44: 124.4 | FM44: 124.4 | FN44: 124.3 | FO44: 124.3 | FP44: 124.1 | FQ44: 123.6 | FR44: 123.6 | FS44: 123.6 | FT44: 123.4 | FU44: 123 | FV44: 122.8 | FW44: 122.7 | FX44: 122.9 | FY44: 123.4 | FZ44: 123.4 | GA44: 123.4 | GB44: 123.3 | GC44: 122.8 | GD44: 122.4 | GE44: 122.5 | GF44: 122.4 | GG44: 122.2 | GH44: 121.6 | GI44: 121.5 | GJ44: 121.6 | GK44: 122 | GL44: 122.1 | GM44: 122.3 | GN44: 121.9 | GO44: 121.7 | GP44: 121.7 | GQ44: 122.3 | GR44: 122.4 | GS44: 123.3 | GT44: 123.8 | GU44: 124.2 | GV44: 124.1 | GW44: 124.5 | GX44: 124.5 | GY44: 124.3 | GZ44: 124.1 | HA44: 124 | HB44: 124.5 | HC44: 125.1 | HD44: 125.7 | HE44: 126 | HF44: 126.4 | HG44: 126.1 | HH44: 126 | HI44: 126.6 | HJ44: 126.9 | HK44: 127 | HL44: 126.7 | HM44: 126.7 | HN44: 127 | HO44: 127.5 | HP44: 127.5 | HQ44: 127.5 | HR44: 127.2 | HS44: 127.7 | HT44: 128.1 | HU44: 129.5 | HV44: 129.8 | HW44: 130.2 | HX44: 130.2 | HY44: 130.2 | HZ44: 130.2 | IA44: 130.5 | IB44: 130.6 | IC44: 131.6 | ID44: 132.8 | IE44: 133.7 | IF44: 134 | IG44: 133.9 | IH44: 133.6 | II44: 134.4 | IJ44: 134.1 | IK44: 134 | IL44: 134.3 | IM44: 134.4 | IN44: 134.5 | IO44: 134.6 | IP44: 136.3 | IQ44: 137 | IR44: 138.4 | IS44: 139.5 | IT44: 139.9 | IU44: 140 | IV44: 140.6 | IW44: 141 | IX44: 142 | IY44: 143.6 | IZ44: 145 | JA44: 146.3 | JB44: 149.1 | JC44: 148.7 | JD44: 153.6 | JE44: 156.7 | JF44: 159.4 | JG44: 161.8 | JH44: 162.6 | JI44: 163.9 | JJ44: 166.5 | JK44: 169.5 | JL44: 170.7 | JM44: 170.9 | JN44: 175.2 | JO44: 177.3 | JP44: 179.3 | JQ44: 180.6 | JR44: 180.6 | JS44: 180.6 | JT44: 180.2 | JU44: 180.2 | JV44: 179.5 | JW44: 180 | JX44: 181.3 | JY44: 181.5 | JZ44: 182.2 | KA44: 182.7 | KB44: 183.1 | KC44: 185.1 | KD44: 185.3 | KE44: 185.5 | KF44: 188.1 | KG44: 188.3 | KH44: 188.5 | KI44: 189.1 | KJ44: 190 | KK44: 190
A45: IMF.STA:CPI(5.0.0) | B45: RUS.CPI._T.IX.M | C45: OBS_VALUE | D45: Russian Federation | E45: Consumer price index (CPI) | F45: All Items | G45: Index | H45: Monthly | I45: Units | J45: 34.42847 | K45: 35.21344 | L45: 35.8684 | M45: 36.51045 | N45: 37.16034 | O45: 37.76233 | P45: 37.93226 | Q45: 37.93606 | R45: 38.16367 | S45: 38.57966 | T45: 39.10434 | U45: 39.73001 | V45: 40.95767 | W45: 41.43278 | X45: 41.88025 | Y45: 42.36606 | Z45: 43.08205 | AA45: 43.31038 | AB45: 43.62222 | AC45: 43.66148 | AD45: 43.83612 | AE45: 44.30517 | AF45: 45.01848 | AG45: 45.71177 | AH45: 46.80885 | AI45: 47.57183 | AJ45: 48.07134 | AK45: 48.56167 | AL45: 48.95016 | AM45: 49.34176 | AN45: 49.69209 | AO45: 49.48835 | AP45: 49.65661 | AQ45: 50.15318 | AR45: 50.63465 | AS45: 51.19163 | AT45: 52.08748 | AU45: 52.60315 | AV45: 52.99767 | AW45: 53.52235 | AX45: 53.91842 | AY45: 54.33898 | AZ45: 54.8389 | BA45: 55.06922 | BB45: 55.30602 | BC45: 55.9365 | BD45: 56.5574 | BE45: 57.20216 | BF45: 58.70085 | BG45: 59.42287 | BH45: 60.21914 | BI45: 60.89359 | BJ45: 61.38074 | BK45: 61.77358 | BL45: 62.05774 | BM45: 61.97086 | BN45: 62.12578 | BO45: 62.46748 | BP45: 62.92973 | BQ45: 63.44576 | BR45: 64.98749 | BS45: 66.06628 | BT45: 66.60802 | BU45: 66.84116 | BV45: 67.16199 | BW45: 67.35004 | BX45: 67.80129 | BY45: 67.93011 | BZ45: 67.99125 | CA45: 68.18163 | CB45: 68.61117 | CC45: 69.1532 | CD45: 70.31497 | CE45: 71.09547 | CF45: 71.51493 | CG45: 71.92257 | CH45: 72.37568 | CI45: 73.06325 | CJ45: 73.6989 | CK45: 73.76523 | CL45: 74.34797 | CM45: 75.56728 | CN45: 76.49676 | CO45: 77.36117 | CP45: 79.14822 | CQ45: 80.09799 | CR45: 81.05917 | CS45: 82.21021 | CT45: 83.32005 | CU45: 84.12825 | CV45: 84.5573 | CW45: 84.86171 | CX45: 85.5406 | CY45: 86.31902 | CZ45: 87.03547 | DA45: 87.63602 | DB45: 89.71299 | DC45: 91.19325 | DD45: 92.38789 | DE45: 93.02536 | DF45: 93.5556 | DG45: 94.11694 | DH45: 94.70988 | DI45: 94.70988 | DJ45: 94.68147 | DK45: 94.68147 | DL45: 94.95604 | DM45: 95.34536 | DN45: 96.90903 | DO45: 97.74244 | DP45: 98.35822 | DQ45: 98.64346 | DR45: 99.13667 | DS45: 99.52331 | DT45: 99.88159 | DU45: 100.4309 | DV45: 101.2746 | DW45: 101.7809 | DX45: 102.6054 | DY45: 103.7135 | DZ45: 106.1715 | EA45: 106.9996 | EB45: 107.663 | EC45: 108.126 | ED45: 108.645 | EE45: 108.8949 | EF45: 108.884 | EG45: 108.6227 | EH45: 108.5792 | EI45: 109.1004 | EJ45: 109.5586 | EK45: 110.0407 | EL45: 110.5909 | EM45: 111.0001 | EN45: 111.6439 | EO45: 111.99 | EP45: 112.5723 | EQ45: 113.5742 | ER45: 114.9712 | ES45: 115.0861 | ET45: 115.7191 | EU45: 116.2514 | EV45: 116.6467 | EW45: 117.2766 | EX45: 118.4142 | EY45: 119.0773 | EZ45: 119.4821 | FA45: 120.0915 | FB45: 120.8841 | FC45: 121.3918 | FD45: 122.3872 | FE45: 122.5586 | FF45: 122.8159 | FG45: 123.516 | FH45: 124.2077 | FI45: 124.8411 | FJ45: 125.5777 | FK45: 126.4567 | FL45: 127.7466 | FM45: 128.8963 | FN45: 130.0564 | FO45: 130.8627 | FP45: 131.504 | FQ45: 131.8196 | FR45: 132.6764 | FS45: 133.7644 | FT45: 135.4765 | FU45: 139.026 | FV45: 144.3785 | FW45: 147.5837 | FX45: 149.3695 | FY45: 150.0566 | FZ45: 150.5818 | GA45: 150.8679 | GB45: 152.0748 | GC45: 152.6071 | GD45: 153.477 | GE45: 154.6127 | GF45: 155.7723 | GG45: 156.9717 | GH45: 158.4787 | GI45: 159.4771 | GJ45: 160.2107 | GK45: 160.9156 | GL45: 161.5753 | GM45: 162.157 | GN45: 163.0327 | GO45: 163.049 | GP45: 163.3262 | GQ45: 164.0285 | GR45: 164.7502 | GS45: 165.4092 | GT45: 166.4347 | GU45: 166.8009 | GV45: 167.0177 | GW45: 167.5689 | GX45: 168.1889 | GY45: 169.2148 | GZ45: 169.3333 | HA45: 168.4189 | HB45: 168.1663 | HC45: 168.5026 | HD45: 168.8733 | HE45: 169.5826 | HF45: 170.1083 | HG45: 170.4655 | HH45: 170.9598 | HI45: 171.6095 | HJ45: 172.2616 | HK45: 173.1057 | HL45: 173.5731 | HM45: 173.5904 | HN45: 173.8682 | HO45: 174.4767 | HP45: 175.3491 | HQ45: 176.822 | HR45: 178.6079 | HS45: 179.3938 | HT45: 179.9679 | HU45: 180.4898 | HV45: 181.1034 | HW45: 181.1759 | HX45: 181.5382 | HY45: 181.1025 | HZ45: 180.8128 | IA45: 181.0478 | IB45: 181.5548 | IC45: 182.2084 | ID45: 182.9372 | IE45: 183.5409 | IF45: 184.5504 | IG45: 186.0821 | IH45: 186.5845 | II45: 186.995 | IJ45: 187.6495 | IK45: 187.5745 | IL45: 187.4432 | IM45: 188.2492 | IN45: 189.5857 | IO45: 191.1593 | IP45: 192.4401 | IQ45: 193.9411 | IR45: 195.2211 | IS45: 196.3534 | IT45: 197.8064 | IU45: 199.1713 | IV45: 199.7887 | IW45: 200.1283 | IX45: 201.3291 | IY45: 203.5639 | IZ45: 205.5181 | JA45: 207.2033 | JB45: 209.2546 | JC45: 211.7029 | JD45: 227.82 | JU45: 240.5253 | KJ45: 269.3101 | KK45: 272.8
A46: IMF.STA:CPI(5.0.0) | B46: SAU.CPI._T.IX.M | C46: OBS_VALUE | D46: Saudi Arabia | E46: Consumer price index (CPI) | F46: All Items | G46: Index | H46: Monthly | I46: Units | J46: 62.98494 | K46: 62.85666 | L46: 62.85666 | M46: 62.85666 | N46: 62.72838 | O46: 62.72838 | P46: 62.6001 | Q46: 62.53596 | R46: 62.53596 | S46: 62.6001 | T46: 62.53596 | U46: 62.66424 | V46: 62.79252 | W46: 62.85666 | X46: 62.79252 | Y46: 62.72838 | Z46: 62.72838 | AA46: 62.6001 | AB46: 62.79252 | AC46: 62.9208 | AD46: 62.98494 | AE46: 62.98494 | AF46: 63.04908 | AG46: 63.11322 | AH46: 63.11322 | AI46: 63.04908 | AJ46: 63.04908 | AK46: 62.98494 | AL46: 63.04908 | AM46: 63.11322 | AN46: 63.49805 | AO46: 63.36978 | AP46: 63.49805 | AQ46: 63.36978 | AR46: 63.36978 | AS46: 63.49805 | AT46: 63.69047 | AU46: 63.75461 | AV46: 63.62634 | AW46: 63.36978 | AX46: 63.30564 | AY46: 63.2415 | AZ46: 63.62634 | BA46: 63.62634 | BB46: 63.49805 | BC46: 63.62634 | BD46: 63.75461 | BE46: 63.75461 | BF46: 63.69047 | BG46: 63.62634 | BH46: 63.62634 | BI46: 63.49805 | BJ46: 63.49805 | BK46: 63.62634 | BL46: 63.81875 | BM46: 63.88289 | BN46: 64.01117 | BO46: 64.26773 | BP46: 64.46014 | BQ46: 64.52428 | BR46: 64.65257 | BS46: 64.65257 | BT46: 64.97326 | BU46: 65.0374 | BV46: 64.90913 | BW46: 64.97326 | BX46: 65.22982 | BY46: 64.90913 | BZ46: 65.55051 | CA46: 65.93536 | CB46: 66.25605 | CC46: 66.38433 | CD46: 66.96159 | CE46: 66.57675 | CF46: 66.83331 | CG46: 66.89745 | CH46: 66.83331 | CI46: 66.96159 | CJ46: 67.73126 | CK46: 68.18024 | CL46: 68.7639 | CM46: 69.46302 | CN46: 70.2327 | CO46: 70.68167 | CP46: 71.64377 | CQ46: 72.3493 | CR46: 73.24725 | CS46: 73.88865 | CT46: 73.76037 | CU46: 74.08106 | CV46: 75.23557 | CW46: 75.62041 | CX46: 75.87697 | CY46: 77.03148 | CZ46: 76.9032 | DA46: 77.03148 | DB46: 77.28804 | DC46: 77.35217 | DD46: 77.60873 | DE46: 77.73701 | DF46: 77.80116 | DG46: 77.92943 | DH46: 78.37841 | DI46: 78.6991 | DJ46: 79.21222 | DK46: 79.72533 | DL46: 79.9819 | DM46: 80.30259 | DN46: 80.49501 | DO46: 80.87984 | DP46: 81.26468 | DQ46: 81.52124 | DR46: 81.97021 | DS46: 82.22678 | DT46: 83.06059 | DU46: 83.39411 | DV46: 83.8944 | DW46: 84.34338 | DX46: 84.59994 | DY46: 84.66407 | DZ46: 86.29152 | EA46: 86.57108 | EB46: 86.75745 | EC46: 87.03702 | ED46: 87.1302 | EE46: 87.40977 | EF46: 87.59614 | EG46: 87.78252 | EH46: 88.15527 | EI46: 88.34164 | EJ46: 88.52802 | EK46: 88.52802 | EL46: 88.52802 | EM46: 88.71439 | EN46: 88.99395 | EO46: 89.18033 | EP46: 89.3667 | EQ46: 89.83264 | ER46: 90.01901 | ES46: 90.29858 | ET46: 90.76451 | EU46: 91.32364 | EV46: 91.51001 | EW46: 91.69639 | EX46: 92.72145 | EY46: 92.79562 | EZ46: 92.77708 | FA46: 92.77708 | FB46: 92.76781 | FC46: 92.82344 | FD46: 93.32413 | FE46: 93.27778 | FF46: 93.3705 | FG46: 93.77847 | FH46: 93.91756 | FI46: 94.02882 | FJ46: 94.39888 | FK46: 94.67847 | FL46: 94.68779 | FM46: 95.15378 | FN46: 95.27493 | FO46: 95.22833 | FP46: 95.44268 | FQ46: 95.57316 | FR46: 95.56384 | FS46: 95.73159 | FT46: 95.84343 | FU46: 95.82479 | FV46: 95.87139 | FW46: 95.95527 | FX46: 96.04846 | FY46: 96.1137 | FZ46: 96.23486 | GA46: 96.36533 | GB46: 96.5424 | GC46: 96.52377 | GD46: 96.67288 | GE46: 96.85928 | GF46: 96.98975 | GG46: 96.99907 | GH46: 98.28518 | GI46: 98.4343 | GJ46: 98.53681 | GK46: 98.53681 | GL46: 98.4809 | GM46: 98.54613 | GN46: 98.72321 | GO46: 98.50885 | GP46: 98.50885 | GQ46: 98.36906 | GR46: 98.22926 | GS46: 97.94035 | GT46: 97.7726 | GU46: 97.8658 | GV46: 97.80988 | GW46: 97.89375 | GX46: 97.75396 | GY46: 98.01491 | GZ46: 97.94968 | HA46: 97.78192 | HB46: 97.73532 | HC46: 97.23206 | HD46: 96.56104 | HE46: 96.84995 | HF46: 100.8471 | HG46: 100.7463 | HH46: 100.6152 | HI46: 100.3328 | HJ46: 100.1008 | HK46: 100.2925 | HL46: 100.1513 | HM46: 100.0101 | HN46: 99.78822 | HO46: 99.31424 | HP46: 99.10246 | HQ46: 98.69907 | HR46: 97.66 | HS46: 97.49 | HT46: 97.39 | HU46: 97.44 | HV46: 97.47 | HW46: 97.69 | HX46: 97.96 | HY46: 98.15 | HZ46: 98.38 | IA46: 98.43325 | IB46: 98.29665 | IC46: 98.52 | ID46: 98.37 | IE46: 98.69 | IF46: 98.83 | IG46: 98.71 | IH46: 98.5 | II46: 98.2 | IJ46: 103.96 | IK46: 104.2 | IL46: 104.03 | IM46: 104.1 | IN46: 104 | IO46: 103.77 | IP46: 104 | IQ46: 103.87 | IR46: 103.72 | IS46: 103.9 | IT46: 104.09 | IU46: 104.25 | IV46: 104.41 | IW46: 104.48 | IX46: 104.69 | IY46: 104.95 | IZ46: 105.17 | JA46: 105.06 | JB46: 105.22 | JC46: 105.55 | JD46: 105.84 | JE46: 106.29 | JF46: 106.42 | JG46: 106.66 | JH46: 107.2 | JI46: 107.61 | JJ46: 107.9 | JK46: 108.11 | JL46: 108.25 | JM46: 108.53 | JN46: 108.75 | JO46: 108.67 | JP46: 108.74 | JQ46: 109.16 | JR46: 109.37 | JS46: 109.58 | JT46: 109.68 | JU46: 109.71 | JV46: 109.72 | JW46: 109.86 | JX46: 110.06 | JY46: 110.15 | JZ46: 110.44 | KA46: 110.64 | KB46: 110.53 | KC46: 110.89 | KD46: 111.07 | KE46: 111.22 | KF46: 111.36 | KG46: 111.44 | KH46: 111.58 | KI46: 111.93 | KJ46: 112.24 | KK46: 112.28
