Workbook

Sheet Ene 2021_Destino
A1: Evolución de las exportaciones con origen en la provincia de Santa Fe, según destino. Mes enero de 2021
B4: Enero 2021
A5: País de destino | B5: Valor F.O.B. | C5: Peso Neto
B6: (en Dólares) | C6: (en Kilos)
A8: TOTAL | B8: 1.3120647e+09 | C8: 2.3849468e+09
A10: AFRICA | B10: 1.3778579e+08 | C10: 2.8535746e+08
A11: Argelia | B11: 39493430 | C11: 65613147
A12: Camerún | B12: - | C12: -
A13: Congo | B13: - | C13: -
A14: Costa de Marfil | B14: 88038.63 | C14: 98825.8
A15: Benin | B15: 22252.17 | C15: 39429.5
A16: Egipto | B16: 19838185 | C16: 47701389
A17: Gambia | B17: 438983.23 | C17: 1735768.4
A18: Ghana | B18: 185985.28 | C18: 695419.15
A19: Kenya | B19: 4106388.3 | C19: 17638531
A20: Libia | B20: 15664.79 | C20: 27380.55
A21: Mali | B21: 125725.09 | C21: 566860.36
A22: Marruecos | B22: 762941.2 | C22: 4429704.4
A23: Mauricio | B23: 459906.43 | C23: 2211423.6
A24: Nigeria | B24: 2358764.7 | C24: 10624533
A25: Senegal | B25: 532793.71 | C25: 2457053
... A41: Ecuador | B41: 15499777 | C41: 42019176
A42: El Salvador | B42: - | C42: -
A43: Estados Unidos | B43: 7956281.6 | C43: 2373998.3
A44: Guatemala | B44: 232774.27 | C44: 66791.19
A45: Honduras | B45: - | C45: -
A46: México | B46: 4310931.1 | C46: 6748288.3
A47: Nicaragua | B47: 235381.82 | C47: 4772.23
A48: Panamá | B48: 280064.88 | C48: 432087.06
A49: Paraguay | B49: 8229270.2 | C49: 8997356.4
A50: Perú | B50: 11858317 | C50: 33745879
A51: Trinidad y Tobago | B51: 6165.84 | C51: 9031.07
A52: Uruguay | B52: 9585265 | C52: 21152551
A53: Venezuela | B53: 698622.27 | C53: 377903.57
A55: ASIA | B55: 5.9755132e+08 | C55: 9.9175742e+08
A56: Arabia Saudita | B56: 4209328.2 | C56: 12277219
A57: Corea Republicana | B57: 2922078.4 | C57: 16570901
A58: China | B58: 65680887 | C58: 46524832
... A85: España | B85: 52856511 | C85: 1.2305716e+08
A86: Finlandia | B86: - | C86: -
A87: Francia | B87: 12348135 | C87: 27946468
A88: Grecia | B88: 14090255 | C88: 33047355
A89: Hungría | B89: 10383.23 | C89: 8104.54
A90: Irlanda | B90: 15977113 | C90: 62704212
A91: Italia | B91: 38803635 | C91: 86620745
A92: Noruega | B92: 18103.92 | C92: 7874.13
A93: Países Bajos | B93: 57002367 | C93: 77653743
A94: Polonia | B94: 46408579 | C94: 93695699
A95: Portugal | B95: 172486.86 | C95: 43035.89
A96: Reino Unido | B96: 15124227 | C96: 39057017
A97: Rumania | B97: - | C97: -
A98: Suecia | B98: - | C98: -
A99: Chipre | B99: 1918.18 | C99: 1213.54
A100: Turquía | B100: 389069.88 | C100: 358471.51
A101: República Federal de Alemania | B101: 4090468.6 | C101: 488684.89
A102: Lituania | B102: 7638.17 | C102: 5936.7
A103: Rusia | B103: 7311121 | C103: 2067082.1
A104: Ucrania | B104: 1861.88 | C104: 1622.92
A105: Croacia | B105: 10321.4 | C105: 13225.25
A106: Macedonia | B106: 8815.2 | C106: 13133.42
A107: República Checa | B107: 106168.94 | C107: 19219.09
A108: Montenegro | B108: - | C108: -
A109: Serbia | B109: - | C109: -
A111: OCEANIA | B111: 3003237.4 | C111: 3470561.8
A112: Australia | B112: 2999609.5 | C112: 3468317.1
A113: Nueva Zelanda | B113: 3627.86 | C113: 2244.67
A115: DESCONOCIDO | B115: 43680187 | C115: 1.0296464e+08
A116: Demás países | B116: 1452722.4 | C116: 1919807.7
A117: SIN DECLARAR - DESCONOCIDO - IGNORADO (CONTINENTE) | B117: 42227464 | C117: 1.0104484e+08
A118: Nota: Los datos se presentan protegidos de acuerdo a la normativa vigente sobre secreto estadístico y protección de datos individuales (art. 10º de la ley 17.622; título VI del decreto 3.110; art. 1º de la disposición 176/99, entre otros).
A119: (-) dato igual a cero.
A120: /// Dato que no corresponde presentar debido a la naturaleza de las cosas o del cálculo.
A121: Fuente: IPEC - INDEC.

Sheet Ene-Feb 2021_Destino
A1: Evolución de las exportaciones con origen en la provincia de Santa Fe, según destino. Período enero - febrero 2021
B4: Enero - febrero 2021
A5: País de destino | B5: Valor F.O.B. | C5: Peso Neto
B6: (en Dólares) | C6: (en Kilos)
A8: TOTAL | B8: 2.5912505e+09 | C8: 4.5732915e+09
A10: AFRICA | B10: 2.8372282e+08 | C10: 5.8273408e+08
A11: Argelia | B11: 95465460 | C11: 1.8237429e+08
A12: Camerún | B12: 331472.63 | C12: 1719067.4
A13: Congo | B13: - | C13: -
A14: Rep. Democrática del Congo (ex Zaire) | B14: - | C14: -
A15: Costa de Marfil | B15: 103706.63 | C15: 123925.8
A16: Benin | B16: 29100.75 | C16: 51434.9
A17: Egipto | B17: 74316732 | C17: 1.2393344e+08
A18: Gambia | B18: 983087.35 | C18: 4225517.6
A19: Ghana | B19: 745497.2 | C19: 4004131.7
A20: Guinea | B20: 2373151.3 | C20: 10780772
A21: Kenya | B21: 5234350.2 | C21: 22094971
A22: Liberia | B22: 235725.81 | C22: 1034167.2
A23: Libia | B23: 15664.79 | C23: 27380.55
A24: Mali | B24: 125725.09 | C24: 566860.36
A25: Marruecos | B25: 4394167.3 | C25: 19998549
A26: Mauricio | B26: 459906.43 | C26: 2211423.6
A27: Mauritania | B27: - | C27: -
A28: Nigeria | B28: 4011346.5 | C28: 17604613
A29: Senegal | B29: 915090.11 | C29: 4848998.5
A30: Sierra Leona | B30: 12183.72 | C30: 21433.17
A31: Tanzania | B31: 2877068.4 | C31: 12478407
A32: Túnez | B32: - | C32: -
A33: Uganda | B33: 4673629.3 | C33: 20097847
A34: Angola | B34: 510963.24 | C34: 242933.88
A35: Mozambique | B35: 24335397 | C35: 26155626
A36: Djibouti | B36: 51331.32 | C36: 91099.8
A37: Sudáfrica | B37: 61522068 | C37: 1.2804719e+08
A38: Etiopía | B38: - | C38: -
A40: AMERICA | B40: 4.5069828e+08 | C40: 7.2239705e+08
A41: Bolivia | B41: 14968438 | C41: 25693195
A42: Brasil | B42: 2.1286176e+08 | C42: 3.3379145e+08
A43: Canadá | B43: 346595.41 | C43: 99583.31
A44: Colombia | B44: 6867744 | C44: 6624495.2
A45: Costa Rica | B45: 833827.75 | C45: 883694.46
A46: Cuba | B46: 13294689 | C46: 39558018
A47: Chile | B47: 74293310 | C47: 1.2419464e+08
A48: República Dominicana | B48: 274161.59 | C48: 99158.55
A49: Ecuador | B49: 16186099 | C49: 43190487
A50: El Salvador | B50: 6973.61 | C50: 11643.42
A51: Estados Unidos | B51: 20819978 | C51: 6364377.3
A52: Guatemala | B52: 2997227.5 | C52: 3081824.2
A53: Haití | B53: - | C53: -
A54: Honduras | B54: 241106.31 | C54: 68035.87
A55: México | B55: 7219303.8 | C55: 8084253.3
A56: Nicaragua | B56: 399265.17 | C56: 8760.92
A57: Panamá | B57: 711082.57 | C57: 858304.46
A58: Paraguay | B58: 19335807 | C58: 23094708
A59: Perú | B59: 37310212 | C59: 63899410
A60: Puerto Rico(Estado Asociado) | B60: - | C60: -
A61: Trinidad y Tobago | B61: 7960.92 | C61: 11452.77
A62: Uruguay | B62: 20282522 | C62: 41646498
A63: Venezuela | B63: 1440215.2 | C63: 1133065.6
A65: ASIA | B65: 1.2604454e+09 | C65: 2.1307457e+09
A66: Arabia Saudita | B66: 15693228 | C66: 36407906
A67: Corea Republicana | B67: 4397741.5 | C67: 20627422
A68: China | B68: 95531815 | C68: 60086019
A69: Filipinas | B69: 26533280 | C69: 65797361
A70: Taiwan | B70: 3932943.3 | C70: 1808001.2
A71: India | B71: 3.6501963e+08 | C71: 3.9388625e+08
A72: Indonesia | B72: 1.9425821e+08 | C72: 4.3884873e+08
A73: Irán | B73: 81896889 | C73: 108201730
... A76: Jordania | B76: 7735662.5 | C76: 15790558
A77: Qatar | B77: - | C77: -
A78: Kuwait | B78: 813581.94 | C78: 4727990.9
A79: Líbano | B79: 23900.03 | C79: 35001.14
A80: Malasia | B80: 53805354 | C80: 1.4512527e+08
A81: Omán | B81: 4175094.3 | C81: 4473673.2
A82: Nepal | B82: 18754.38 | C82: 36126.84
A83: Emiratos Arabes Unidos | B83: 4963550.4 | C83: 14543104
A84: Paquistán | B84: 2642918.6 | C84: 9540544.6
A85: Singapur | B85: 41529.79 | C85: 103599.41
A86: Tailandia | B86: 24502648 | C86: 49117845
A87: Vietnam | B87: 2.6146307e+08 | C87: 5.9148365e+08
A88: Hong Kong | B88: 1170781.1 | C88: 649065.38
A89: Bangladesh | B89: 71964045 | C89: 1.1379418e+08
... A94: EUROPA | B94: 5.1842252e+08 | C94: 9.8418826e+08
A95: Albania | B95: - | C95: -
A96: Austria | B96: 267572.72 | C96: 6720.56
A97: Bélgica | B97: 4007650.1 | C97: 174528.79
A98: Bulgaria | B98: 27965.64 | C98: 30474.93
A99: Dinamarca | B99: 6543247.6 | C99: 16300005
A100: España | B100: 86146337 | C100: 2.0076913e+08
A101: Finlandia | B101: 1117.89 | C101: 1215.97
A102: Francia | B102: 51757359 | C102: 1.0773534e+08
A103: Grecia | B103: 22564854 | C103: 50791253
A104: Hungría | B104: 21184.17 | C104: 16609.54
A105: Irlanda | B105: 18420537 | C105: 75905430
A106: Italia | B106: 39842461 | C106: 87700505
A107: Noruega | B107: 26501.49 | C107: 16856.77
... A119: Lituania | B119: 17885.55 | C119: 15335.85
A120: Moldavia | B120: - | C120: -
A121: Rusia | B121: 14089094 | C121: 4058943.9
A122: Ucrania | B122: 3506.42 | C122: 3218.62
A123: Bosnia Herzegovina | B123: - | C123: -
...

Sheet Ene-Mar 2021_Destino
A1: Evolución de las exportaciones con origen en la provincia de Santa Fe, según destino. Período enero - marzo 2021
B4: Enero - marzo 2021
A5: País de destino | B5: Valor F.O.B. | C5: Peso Neto
B6: (en Dólares) | C6: (en Kilos)
A8: TOTAL | B8: 4.0383981e+09 | C8: 7.1463921e+09
A10: AFRICA | B10: 4.0728613e+08 | C10: 9.4833756e+08
A11: Argelia | B11: 1.2101019e+08 | C11: 2.5431282e+08
A12: Camerún | B12: 342950.07 | C12: 1742640.3
A13: Congo | B13: 511153.4 | C13: 1803418.8
A14: Rep. Democrática del Congo (ex Zaire) | B14: - | C14: -
A15: Costa de Marfil | B15: 1944006 | C15: 8803726.2
A16: Benin | B16: 30841.53 | C16: 54436.25
A17: Egipto | B17: 1.0485478e+08 | C17: 2.1385243e+08
A18: Gambia | B18: 1392242 | C18: 6047367.2
A19: Ghana | B19: 819474.2 | C19: 4061851.7
A20: Guinea | B20: 2539434.7 | C20: 11416702
A21: Kenya | B21: 6432595 | C21: 26959926
A22: Liberia | B22: 240550.64 | C22: 1047168.2
A23: Libia | B23: 27201.22 | C23: 44706.87
A24: Mali | B24: 313806.64 | C24: 1436205.4
A25: Marruecos | B25: 28297338 | C25: 1.0640038e+08
A26: Mauricio | B26: 461815.06 | C26: 2216394
... A38: Sudáfrica | B38: 85242241 | C38: 1.7446403e+08
A39: Etiopía | B39: - | C39: -
A41: AMERICA | B41: 7.363823e+08 | C41: 1.1567856e+09
A42: Bolivia | B42: 23223519 | C42: 38495978
A43: Brasil | B43: 2.8191114e+08 | C43: 422061801
A44: Canadá | B44: 631595.21 | C44: 185339.2
A45: Colombia | B45: 15134444 | C45: 20711923
A46: Costa Rica | B46: 1106268.1 | C46: 1075805.3
A47: Cuba | B47: 24160916 | C47: 65656906
A48: Chile | B48: 1.0944713e+08 | C48: 1.7339681e+08
A49: República Dominicana | B49: 12933188 | C49: 13474076
A50: Ecuador | B50: 65610875 | C50: 1.4837976e+08
A51: El Salvador | B51: 19481.53 | C51: 32807.77
A52: Estados Unidos | B52: 34225435 | C52: 13292691
... A69: Arabia Saudita | B69: 32521623 | C69: 84711244
A70: Bahrein | B70: - | C70: -
A71: Corea Republicana | B71: 10756195 | C71: 40767813
A72: China | B72: 2.2002353e+08 | C72: 1.5216032e+08
A73: Filipinas | B73: 27114129 | C73: 66829963
A74: Taiwan | B74: 4972406.3 | C74: 2157584.3
A75: India | B75: 4.5620746e+08 | C75: 4.8263584e+08
A76: Indonesia | B76: 2.5118024e+08 | C76: 5.6130674e+08
A77: Iraq | B77: 54223456 | C77: 80274004
A78: Irán | B78: 1.0777972e+08 | C78: 138201730
A79: Israel | B79: 41183189 | C79: 45193940
A80: Japón | B80: 2983830.2 | C80: 880869.81
A81: Jordania | B81: 7837796.2 | C81: 15821462
A82: Qatar | B82: 1075473.9 | C82: 2369197.3
... A90: Singapur | B90: 115689.2 | C90: 169214.54
A91: Siria | B91: - | C91: -
A92: Tailandia | B92: 53192132 | C92: 99550118
A93: Vietnam | B93: 389070645 | C93: 9.1246781e+08
A94: Hong Kong | B94: 2020380.8 | C94: 1127343.1
A95: Bangladesh | B95: 1.1958628e+08 | C95: 1.6598972e+08
A96: República de Yemen | B96: 3692248.5 | C96: 19746363
A97: Azerbaiján | B97: 26750.9 | C97: 38180.64
A98: Kazajstán | B98: 910.79 | C98: 43.69
A100: EUROPA | B100: 8.4750966e+08 | C100: 1.564994e+09
A101: Albania | B101: 4603.83 | C101: 6896.38
A102: Austria | B102: 361137.22 | C102: 9751.61
A103: Bélgica | B103: 6149242.2 | C103: 269457.87
A104: Bulgaria | B104: 57195.1 | C104: 65759.78
... A124: República Federal de Alemania | B124: 20195324 | C124: 2159251.7
A125: Estonia | B125: - | C125: -
A126: Letonia | B126: 2299.02 | C126: 1616.6
A127: Lituania | B127: 28065.19 | C127: 22942.62
A128: Moldavia | B128: 2644.39 | C128: 1913.54
A129: Rusia | B129: 20733192 | C129: 6078880.3
A130: Ucrania | B130: 79444.62 | C130: 14094.9
A131: Bosnia Herzegovina | B131: - | C131: -
A132: Croacia | B132: 25990.43 | C132: 31407.48
A133: Eslovaquia | B133: 2218344.2 | C133: 274674.51
A134: Eslovenia | B134: 2193.81 | C134: 1615.79
A135: Macedonia | B135: 17798.9 | C135: 21017.81
A136: República Checa | B136: 1086845.9 | C136: 75412.48
A137: Montenegro | B137: - | C137: -
A138: Serbia | B138: 9858.86 | C138: 6839.15
A140: OCEANIA | B140: 19984837 | C140: 36810101
A141: Australia | B141: 19880859 | C141: 36741152
A142: Nueva Zelanda | B142: 103978.06 | C142: 68948.74
A144: DESCONOCIDO | B144: 88589899 | C144: 1.8039282e+08
A145: Demás países | B145: 3294159.6 | C145: 4745980
A146: SIN DECLARAR - DESCONOCIDO - IGNORADO (CONTINENTE) | B146: 85295739 | C146: 1.7564684e+08
A147: Nota: Los datos se presentan protegidos de acuerdo a la normativa vigente sobre secreto estadístico y protección de datos individuales (art. 10º de la ley 17.622; título VI del decreto 3.110; art. 1º de la disposición 176/99, entre otros).
A148: (-) dato igual a cero.
A149: /// Dato que no corresponde presentar debido a la naturaleza de las cosas o del cálculo.
A150: Fuente: IPEC - INDEC.

Sheet Ene-Abr 2021_Destino
A1: Evolución de las exportaciones con origen en la provincia de Santa Fe, según destino. Período enero - abril 2021
B4: Enero - abril 2021
A5: País de destino | B5: Valor F.O.B. | C5: Peso Neto
B6: (en Dólares) | C6: (en Kilos)
A8: TOTAL | B8: 5.6716869e+09 | C8: 1.0285642e+10
A10: AFRICA | B10: 6.0909675e+08 | C10: 1.408069e+09
A16: Albania | B16: 8054.82 | C16: 13016.78
A17: Angola | B17: 2917516.9 | C17: 9211850.4
A18: Arabia Saudita | B18: 57869067 | C18: 1.5477614e+08
A19: Argelia | B19: 1.6643135e+08 | C19: 3.5346558e+08
A20: Australia | B20: 20483281 | C20: 38203649
A21: Austria | B21: 579673.3 | C21: 17853.83
A22: Azerbaiján | B22: 27866.27 | C22: 38990.64
A23: Bahrein | B23: 7882.77 | C23: 14485.38
A24: Bangladesh | B24: 1.7224132e+08 | C24: 2.186924e+08
A25: Bélgica | B25: 19717744 | C25: 28520084
... A28: Bolivia | B28: 30179755 | C28: 49741746
A29: Bosnia Herzegovina | B29: - | C29: -
A30: Brasil | B30: 3.6064981e+08 | C30: 5.3207825e+08
A31: Bulgaria | B31: 620912.11 | C31: 464093.56
A32: Camerún | B32: 342950.07 | C32: 1742640.3
A33: Canadá | B33: 793302.25 | C33: 209926.09
A34: Chile | B34: 1.6742016e+08 | C34: 2.693584e+08
A35: China | B35: 3.6380529e+08 | C35: 2.9273292e+08
A36: Chipre | B36: 7661.35 | C36: 10405.91
A37: Colombia | B37: 44130364 | C37: 91834378
A38: Congo | B38: 567330.96 | C38: 1873219.8
A39: Corea Republicana | B39: 26789891 | C39: 84472172
A40: Costa de Marfil | B40: 8273150.6 | C40: 25530355
A41: Costa Rica | B41: 1175657.1 | C41: 1172182
... A55: Estados Unidos | B55: 47037596 | C55: 17359574
A56: Estonia | B56: - | C56: -
A57: Etiopía | B57: - | C57: -
A58: Filipinas | B58: 73994653 | C58: 1.7155778e+08
A59: Finlandia | B59: 5312.01 | C59: 4854.65
A60: Francia | B60: 65869266 | C60: 1.3753199e+08
A61: Gabón | B61: 7070.46 | C61: 12240.8
A62: Gambia | B62: 1845691.6 | C62: 7711187.6
A63: Ghana | B63: 5772003 | C63: 15724539
A64: Grecia | B64: 36369606 | C64: 79641934
A65: Guatemala | B65: 11056368 | C65: 11176939
A66: Guinea | B66: 2539434.7 | C66: 11416702
A67: Guyana | B67: 244031.42 | C67: 175847.36
A68: Haití | B68: 77446.4 | C68: 173964
A69: Honduras | B69: 474774.68 | C69: 290750.98
... A90: Malasia | B90: 1.7554025e+08 | C90: 4.5546143e+08
A91: Malawi | B91: - | C91: -
A92: Mali | B92: 452974.84 | C92: 2051246.2
A93: Malta | B93: 489.37 | C93: 307.15
A94: Marruecos | B94: 50038715 | C94: 1.8197793e+08
A95: Mauricio | B95: 1428006.6 | C95: 6272855
A96: Mauritania | B96: 3835697.5 | C96: 15829678
A97: México | B97: 16226659 | C97: 13669493
A98: Moldavia | B98: 5459.39 | C98: 3937.9
A99: Montenegro | B99: 5205.87 | C99: 3647.59
A100: Mozambique | B100: 24335397 | C100: 26155626
A101: Myanmar (ex Birmania) Unión de | B101: - | C101: -
A102: Nepal | B102: 197170.33 | C102: 354891.39
A103: Nicaragua | B103: 847201.8 | C103: 133780.48
A104: Níger | B104: 24174.87 | C104: 42430.85
A105: Nigeria | B105: 10520096 | C105: 41476105
A106: Noruega | B106: 48151.7 | C106: 27820.46
A107: Nueva Zelanda | B107: 107760.53 | C107: 71398.99
A108: Omán | B108: 11728547 | C108: 20204971
A109: Países Bajos | B109: 2.2608332e+08 | C109: 3.0973193e+08
A110: Panamá | B110: 2424708 | C110: 1268946.9
A111: Paquistán | B111: 6970573.3 | C111: 13750472
A112: Paraguay | B112: 44434498 | C112: 46790537
A113: Perú | B113: 1.1669222e+08 | C113: 1.9801236e+08
... A118: Reino Unido | B118: 1.2773142e+08 | C118: 3.0165027e+08
A119: Rep. Democrática del Congo (ex Zaire) | B119: - | C119: -
A120: República Checa | B120: 1317478.2 | C120: 127532.55
A121: República de Yemen | B121: 4943469.3 | C121: 27345344
A122: República Dominicana | B122: 24768622 | C122: 23535527
A123: República Federal de Alemania | B123: 26457468 | C123: 2904804
A124: Rumania | B124: 5872127.2 | C124: 10062326
A125: Rusia | B125: 28234012 | C125: 12730891
A126: Senegal | B126: 10471557 | C126: 34972862
A127: Serbia | B127: 12088.81 | C127: 8467.74
A128: Sierra Leona | B128: 38299.21 | C128: 67336.17
A129: SIN DECLARAR - DESCONOCIDO - IGNORADO (CONTINENTE) | B129: 1.1704162e+08 | C129: 2.4561749e+08
A130: Singapur | B130: 119635.76 | C130: 169308.43
A131: Siria | B131: - | C131: -
A132: Sri Lanka | B132: 54130.76 | C132: 98380
A133: Sudáfrica | B133: 1.0642159e+08 | C133: 2.193182e+08
A134: Suecia | B134: 3989.13 | C134: 3089.5
A135: Suiza | B135: 534703.71 | C135: 227696.67
A136: Tailandia | B136: 75703290 | C136: 1.4256097e+08
A137: Taiwan | B137: 9153531.1 | C137: 17025992
A138: Tanzania | B138: 2880526.4 | C138: 12484527
A139: Fuente: IPEC - INDEC. | B139: 14792.21 | C139: 19658.37
A140: Túnez | B140: 3399420.1 | C140: 14774979
A141: Turquía | B141: 10405438 | C141: 24089745
A142: Ucrania | B142: 80900.94 | C142: 15314.76
A143: Uganda | B143: 5434287.6 | C143: 22885797
... A151: OCEANIA | B151: 20591041 | C151: 38275048
A152: Nota: Los datos se presentan protegidos de acuerdo a la normativa vigente sobre secreto estadístico y protección de datos individuales (art. 10º de la ley 17.622; título VI del decreto 3.110; art. 1º de la disposición 176/99, entre otros).
A153: (-) dato igual a cero.
A154: /// Dato que no corresponde presentar debido a la naturaleza de las cosas o del cálculo.
A155: Fuente: IPEC - INDEC.

Sheet Ene-May 2021_Destino
A1: Evolución de las exportaciones con origen en la provincia de Santa Fe, según destino. Período enero - mayo 2021
B4: Enero - mayo 2021
A5: País de destino | B5: Valor F.O.B. | C5: Peso Neto | H5: País de destino
B6: (en Dólares) | C6: (en Kilos)
A8: TOTAL | B8: 7.3535633e+09 | C8: 1.3224774e+10 | E8: =+B8-'Ene-Abr 2021_Destino'!B8 -> 1.6818764e+09 | H8: TOTAL
A15: Bosnia Herzegovina | B15: - | C15: - | D15: =+A15='Ene-Abr 2021_Destino'!A29 -> TRUE | E15: =+B15-'Ene-Abr 2021_Destino'!B29 -> #VALUE! | F15: =+E15/$E$8 -> #VALUE! | H15: Bosnia Herzegovina
A16: Estonia | B16: - | C16: - | D16: =+A16='Ene-Abr 2021_Destino'!A56 -> TRUE | E16: =+B16-'Ene-Abr 2021_Destino'!B56 -> #VALUE! | F16: =+E16/$E$8 -> #VALUE! | H16: Estonia
A17: Etiopía | B17: - | C17: - | D17: =+A17='Ene-Abr 2021_Destino'!A57 -> TRUE | E17: =+B17-'Ene-Abr 2021_Destino'!B57 -> #VALUE! | F17: =+E17/$E$8 -> #VALUE! | H17: Etiopía
A18: Malawi | B18: - | C18: - | D18: =+A18='Ene-Abr 2021_Destino'!A91 -> TRUE | E18: =+B18-'Ene-Abr 2021_Destino'!B91 -> #VALUE! | F18: =+E18/$E$8 -> #VALUE! | H18: Malawi
A19: Myanmar (ex Birmania) Unión de | B19: - | C19: - | D19: =+A19='Ene-Abr 2021_Destino'!A101 -> TRUE | E19: =+B19-'Ene-Abr 2021_Destino'!B101 -> #VALUE! | F19: =+E19/$E$8 -> #VALUE! | H19: Myanmar (ex Birmania) Unión de
A20: Rep. Democrática del Congo (ex Zaire) | B20: - | C20: - | D20: =+A20='Ene-Abr 2021_Destino'!A119 -> TRUE | E20: =+B20-'Ene-Abr 2021_Destino'!B119 -> #VALUE! | F20: =+E20/$E$8 -> #VALUE! | H20: Rep. Democrática del Congo (ex Zaire)
A21: Siria | B21: - | C21: - | D21: =+A21='Ene-Abr 2021_Destino'!A131 -> TRUE | E21: =+B21-'Ene-Abr 2021_Destino'!B131 -> #VALUE! | F21: =+E21/$E$8 -> #VALUE! | H21: Siria
A22: China | B22: 5.7455051e+08 | C22: 5.6364213e+08 | D22: =+A22='Ene-Abr 2021_Destino'!A35 -> TRUE | E22: =+B22-'Ene-Abr 2021_Destino'!B35 -> 2.1074522e+08 | F22: =+E22/$E$8 -> 0.12530363 | H22: China | I22: China | J22: 0.122728 | K22: =I22=H22 -> TRUE
A23: India | B23: 7.6511492e+08 | C23: 7.7367726e+08 | D23: =+A23='Ene-Abr 2021_Destino'!A72 -> TRUE | E23: =+B23-'Ene-Abr 2021_Destino'!B72 -> 1.4731554e+08 | F23: =+E23/$E$8 -> 0.087589992 | H23: India | I23: India | J23: 0.08578957 | K23: =I23=H23 -> TRUE
A24: Países Bajos | B24: 3.6212041e+08 | C24: 4.3736411e+08 | D24: =+A24='Ene-Abr 2021_Destino'!A109 -> TRUE | E24: =+B24-'Ene-Abr 2021_Destino'!B109 -> 1.3603708e+08 | F24: =+E24/$E$8 -> 0.080884116 | H24: Países Bajos | I24: Países Bajos | J24: 0.079221535 | K24: =I24=H24 -> TRUE
A25: Indonesia | B25: 4.5725239e+08 | C25: 1.0483871e+09 | D25: =+A25='Ene-Abr 2021_Destino'!A73 -> TRUE | E25: =+B25-'Ene-Abr 2021_Destino'!B73 -> 1.2033321e+08 | F25: =+E25/$E$8 -> 0.071547001 | H25: Indonesia | I25: Indonesia | J25: 0.070076345 | K25: =I25=H25 -> TRUE
A26: Vietnam | B26: 5.9982555e+08 | C26: 1.4822025e+09 | D26: =+A26='Ene-Abr 2021_Destino'!A146 -> TRUE | E26: =+B26-'Ene-Abr 2021_Destino'!B146 -> 83125589 | F26: =+E26/$E$8 -> 0.049424317 | H26: Vietnam | I26: Vietnam | J26: 0.048408394 | K26: =I26=H26 -> TRUE
A27: Brasil | B27: 4.400744e+08 | C27: 6.4908684e+08 | D27: =+A27='Ene-Abr 2021_Destino'!A30 -> TRUE | E27: =+B27-'Ene-Abr 2021_Destino'!B30 -> 79424597 | F27: =+E27/$E$8 -> 0.047223803 | H27: Brasil | I27: Brasil | J27: 0.046253113 | K27: =I27=H27 -> TRUE
A28: Chile | B28: 2.4377991e+08 | C28: 4.0899213e+08 | D28: =+A28='Ene-Abr 2021_Destino'!A34 -> TRUE | E28: =+B28-'Ene-Abr 2021_Destino'!B34 -> 76359742 | F28: =+E28/$E$8 -> 0.045401519 | H28: Chile | I28: Chile | J28: 0.044468286 | K28: =I28=H28 -> TRUE
A29: Arabia Saudita | B29: 1.1848074e+08 | C29: 3.2115698e+08 | D29: =+A29='Ene-Abr 2021_Destino'!A18 -> TRUE | E29: =+B29-'Ene-Abr 2021_Destino'!B18 -> 60611673 | F29: =+E29/$E$8 -> 0.036038127 | H29: Arabia Saudita | I29: Arabia Saudita | J29: 0.035297359 | K29: =I29=H29 -> TRUE
A30: Bangladesh | B30: 2.2451707e+08 | C30: 3.1165051e+08 | D30: =+A30='Ene-Abr 2021_Destino'!A24 -> TRUE | E30: =+B30-'Ene-Abr 2021_Destino'!B24 -> 52275748 | F30: =+E30/$E$8 -> 0.031081802 | H30: Bangladesh | I30: Bangladesh | J30: 0.030442913 | K30: =I30=H30 -> TRUE
A31: Perú | B31: 1.6380192e+08 | C31: 2.5965088e+08 | D31: =+A31='Ene-Abr 2021_Destino'!A113 -> TRUE | E31: =+B31-'Ene-Abr 2021_Destino'!B113 -> 47109702 | F31: =+E31/$E$8 -> 0.028010205 | H31: Perú | I31: Perú | J31: 0.027434452 | K31: =I31=H31 -> TRUE
A32: Egipto | B32: 2.3639224e+08 | C32: 4.6930367e+08 | D32: =+A32='Ene-Abr 2021_Destino'!A49 -> TRUE | E32: =+B32-'Ene-Abr 2021_Destino'!B49 -> 42131308 | F32: =+E32/$E$8 -> 0.025050181 | H32: Egipto | I32: Egipto | J32: 0.024535272 | K32: =I32=H32 -> TRUE
A33: Malasia | B33: 2.1725008e+08 | C33: 5.6188767e+08 | D33: =+A33='Ene-Abr 2021_Destino'!A90 -> TRUE | E33: =+B33-'Ene-Abr 2021_Destino'!B90 -> 41709828 | F33: =+E33/$E$8 -> 0.02479958 | H33: Malasia | I33: Malasia | J33: 0.024289822 | K33: =I33=H33 -> TRUE
A34: Polonia | B34: 1.9503038e+08 | C34: 4.2098737e+08 | D34: =+A34='Ene-Abr 2021_Destino'!A114 -> TRUE | E34: =+B34-'Ene-Abr 2021_Destino'!B114 -> 41495804 | F34: =+E34/$E$8 -> 0.024672327 | H34: Polonia | I34: Polonia | J34: 0.024165185 | K34: =I34=H34 -> TRUE
A35: Iraq | B35: 1.1637257e+08 | C35: 1.7867237e+08 | D35: =+A35='Ene-Abr 2021_Destino'!A75 -> TRUE | E35: =+B35-'Ene-Abr 2021_Destino'!B75 -> 41122271 | F35: =+E35/$E$8 -> 0.024450234 | H35: Iraq | I35: Iraq | J35: 0.023947657 | K35: =I35=H35 -> TRUE
A36: España | B36: 2.3540281e+08 | C36: 5.2209524e+08 | D36: =+A36='Ene-Abr 2021_Destino'!A54 -> TRUE | E36: =+B36-'Ene-Abr 2021_Destino'!B54 -> 36944338 | F36: =+E36/$E$8 -> 0.021966144 | H36: España | I36: España | J36: 0.021514628 | K36: =I36=H36 -> TRUE
A37: República de Yemen | B37: 38763833 | C37: 1.0578245e+08 | D37: =+A37='Ene-Abr 2021_Destino'!A121 -> TRUE | E37: =+B37-'Ene-Abr 2021_Destino'!B121 -> 33820364 | F37: =+E37/$E$8 -> 0.02010871 | H37: República de Yemen | I37: República de Yemen | J37: 0.019695373 | K37: =I37=H37 -> TRUE
A38: Sudáfrica | B38: 1.37712e+08 | C38: 2.8720904e+08 | D38: =+A38='Ene-Abr 2021_Destino'!A133 -> TRUE | E38: =+B38-'Ene-Abr 2021_Destino'!B133 -> 31290408 | F38: =+E38/$E$8 -> 0.018604464 | H38: Sudáfrica | I38: Sudáfrica | J38: 0.018222047 | K38: =I38=H38 -> TRUE
A39: Turquía | B39: 39773724 | C39: 86259567 | D39: =+A39='Ene-Abr 2021_Destino'!A141 -> TRUE | E39: =+B39-'Ene-Abr 2021_Destino'!B141 -> 29368286 | F39: =+E39/$E$8 -> 0.01746162 | H39: Turquía | I39: Turquía | J39: 0.017102695 | K39: =I39=H39 -> TRUE
A40: Irán | B40: 1.6229226e+08 | C40: 224894020 | D40: =+A40='Ene-Abr 2021_Destino'!A74 -> TRUE | E40: =+B40-'Ene-Abr 2021_Destino'!B74 -> 25450581 | F40: =+E40/$E$8 -> 0.015132254 | H40: Irán | I40: Irán | J40: 0.014821209 | K40: =I40=H40 -> TRUE
A41: Italia | B41: 1.3518922e+08 | C41: 2.9238276e+08 | D41: =+A41='Ene-Abr 2021_Destino'!A78 -> TRUE | E41: =+B41-'Ene-Abr 2021_Destino'!B78 -> 24803776 | F41: =+E41/$E$8 -> 0.014747681 | H41: Italia | I41: Italia | J41: 0.014444541 | K41: =I41=H41 -> TRUE
A42: Túnez | B42: 25458052 | C42: 65521880 | D42: =+A42='Ene-Abr 2021_Destino'!A140 -> TRUE | E42: =+B42-'Ene-Abr 2021_Destino'!B140 -> 22058632 | F42: =+E42/$E$8 -> 0.013115489 | H42: Túnez | I42: Túnez | J42: 0.012845899 | K42: =I42=H42 -> TRUE
A43: Bielorrusia | B43: 21769017 | C43: 50782189 | D43: =+A43='Ene-Abr 2021_Destino'!A27 -> TRUE | E43: =+B43-'Ene-Abr 2021_Destino'!B27 -> 21766028 | F43: =+E43/$E$8 -> 0.012941515 | H43: Bielorrusia | I43: Argelia | J43: 0 | K43: =I43=H43 -> FALSE
A44: Argelia | B44: 1.8577392e+08 | C44: 3.790201e+08 | D44: =+A44='Ene-Abr 2021_Destino'!A19 -> TRUE | E44: =+B44-'Ene-Abr 2021_Destino'!B19 -> 19342563 | F44: =+E44/$E$8 -> 0.011500585 | H44: Argelia | I44: Estados Unidos | J44: 0 | K44: =I44=H44 -> FALSE
A45: Estados Unidos | B45: 65548501 | C45: 24844286 | D45: =+A45='Ene-Abr 2021_Destino'!A55 -> TRUE | E45: =+B45-'Ene-Abr 2021_Destino'!B55 -> 18510905 | F45: =+E45/$E$8 -> 0.011006103 | H45: Estados Unidos | I45: Tailandia | J45: 0 | K45: =I45=H45 -> FALSE
A46: Mozambique | B46: 42606271 | C46: 42231626 | D46: =+A46='Ene-Abr 2021_Destino'!A100 -> TRUE | E46: =+B46-'Ene-Abr 2021_Destino'!B100 -> 18270874 | F46: =+E46/$E$8 -> 0.010863387 | H46: Mozambique | I46: Reino Unido | J46: 0 | K46: =I46=H46 -> FALSE
A47: Ecuador | B47: 1.0789335e+08 | C47: 2.4093634e+08 | D47: =+A47='Ene-Abr 2021_Destino'!A48 -> TRUE | E47: =+B47-'Ene-Abr 2021_Destino'!B48 -> 17420233 | F47: =+E47/$E$8 -> 0.010357618 | H47: Ecuador | I47: Jordania | J47: 0 | K47: =I47=H47 -> FALSE
A48: Filipinas | B48: 89595295 | C48: 2.074337e+08 | D48: =+A48='Ene-Abr 2021_Destino'!A58 -> TRUE | E48: =+B48-'Ene-Abr 2021_Destino'!B58 -> 15600642 | F48: =+E48/$E$8 -> 0.0092757365 | H48: Filipinas | I48: Dinamarca | J48: 0 | K48: =I48=H48 -> FALSE
A49: República Dominicana | B49: 37983823 | C49: 41837100 | D49: =+A49='Ene-Abr 2021_Destino'!A122 -> TRUE | E49: =+B49-'Ene-Abr 2021_Destino'!B122 -> 13215201 | F49: =+E49/$E$8 -> 0.0078574151 | H49: República Dominicana | I49: Uruguay | J49: 0 | K49: =I49=H49 -> FALSE
A50: Dinamarca | B50: 42845913 | C50: 96878068 | D50: =+A50='Ene-Abr 2021_Destino'!A46 -> TRUE | E50: =+B50-'Ene-Abr 2021_Destino'!B46 -> 13197728 | F50: =+E50/$E$8 -> 0.0078470265 | H50: Dinamarca | I50: Venezuela | J50: 0 | K50: =I50=H50 -> FALSE
A51: Jordania | B51: 44290167 | C51: 1.0869103e+08 | D51: =+A51='Ene-Abr 2021_Destino'!A80 -> TRUE | E51: =+B51-'Ene-Abr 2021_Destino'!B80 -> 12851758 | F51: =+E51/$E$8 -> 0.0076413217 | H51: Jordania | I51: Ecuador | J51: 0 | K51: =I51=H51 -> FALSE
A52: Venezuela | B52: 27876464 | C52: 48243984 | D52: =+A52='Ene-Abr 2021_Destino'!A145 -> TRUE | E52: =+B52-'Ene-Abr 2021_Destino'!B145 -> 12773832 | F52: =+E52/$E$8 -> 0.0075949889 | H52: Venezuela | I52: Confidencial | J52: 0 | K52: =I52=H52 -> FALSE
A53: Paraguay | B53: 57028812 | C53: 59748005 | D53: =+A53='Ene-Abr 2021_Destino'!A112 -> TRUE | E53: =+B53-'Ene-Abr 2021_Destino'!B112 -> 12594314 | F53: =+E53/$E$8 -> 0.0074882518 | H53: Paraguay | I53: Filipinas | J53: 0 | K53: =I53=H53 -> FALSE
A54: Uruguay | B54: 58291693 | C54: 1.1250475e+08 | D54: =+A54='Ene-Abr 2021_Destino'!A144 -> TRUE | E54: =+B54-'Ene-Abr 2021_Destino'!B144 -> 12412142 | F54: =+E54/$E$8 -> 0.0073799373 | H54: Uruguay | I54: Marruecos | J54: 0 | K54: =I54=H54 -> FALSE
A55: Reino Unido | B55: 1.3902502e+08 | C55: 3.2608449e+08 | D55: =+A55='Ene-Abr 2021_Destino'!A118 -> TRUE | E55: =+B55-'Ene-Abr 2021_Destino'!B118 -> 11293597 | F55: =+E55/$E$8 -> 0.0067148794 | H55: Reino Unido | I55: Irlanda | J55: 0 | K55: =I55=H55 -> FALSE
A56: Colombia | B56: 54393178 | C56: 1.0877805e+08 | D56: =+A56='Ene-Abr 2021_Destino'!A37 -> TRUE | E56: =+B56-'Ene-Abr 2021_Destino'!B37 -> 10262814 | F56: =+E56/$E$8 -> 0.0061020024 | H56: Colombia | I56: Malta | J56: 0 | K56: =I56=H56 -> FALSE
A57: Emiratos Arabes Unidos | B57: 29954815 | C57: 74019929 | D57: =+A57='Ene-Abr 2021_Destino'!A51 -> TRUE | E57: =+B57-'Ene-Abr 2021_Destino'!B51 -> 9941604.6 | F57: =+E57/$E$8 -> 0.0059110199 | H57: Emiratos Arabes Unidos | I57: Francia | J57: 0 | K57: =I57=H57 -> FALSE
A58: Rumania | B58: 15594413 | C58: 34136012 | D58: =+A58='Ene-Abr 2021_Destino'!A124 -> TRUE | E58: =+B58-'Ene-Abr 2021_Destino'!B124 -> 9722285.8 | F58: =+E58/$E$8 -> 0.0057806186 | H58: Rumania | I58: Paraguay | J58: 0 | K58: =I58=H58 -> FALSE
A59: Marruecos | B59: 59743131 | C59: 2.1240065e+08 | D59: =+A59='Ene-Abr 2021_Destino'!A94 -> TRUE | E59: =+B59-'Ene-Abr 2021_Destino'!B94 -> 9704415.7 | F59: =+E59/$E$8 -> 0.0057699935 | H59: Marruecos | I59: República Federal de Alemania | J59: 0 | K59: =I59=H59 -> FALSE
A60: Corea Republicana | B60: 36380329 | C60: 1.2818539e+08 | D60: =+A60='Ene-Abr 2021_Destino'!A39 -> TRUE | E60: =+B60-'Ene-Abr 2021_Destino'!B39 -> 9590437.9 | F60: =+E60/$E$8 -> 0.0057022253 | H60: Corea Republicana | I60: Bielorrusia | J60: 0 | K60: =I60=H60 -> FALSE
A61: República Federal de Alemania | B61: 35674056 | C61: 3984195.3 | D61: =+A61='Ene-Abr 2021_Destino'!A123 -> TRUE | E61: =+B61-'Ene-Abr 2021_Destino'!B123 -> 9216587.7 | F61: =+E61/$E$8 -> 0.0054799437 | H61: República Federal de Alemania | I61: Australia | J61: 0 | K61: =I61=H61 -> FALSE
A62: Puerto Rico(Estado Asociado) | B62: 11580808 | C62: 34913322 | D62: =+A62='Ene-Abr 2021_Destino'!A116 -> TRUE | E62: =+B62-'Ene-Abr 2021_Destino'!B116 -> 8542259.2 | F62: =+E62/$E$8 -> 0.0050790054 | H62: Puerto Rico(Estado Asociado) | I62: Bélgica | J62: 0 | K62: =I62=H62 -> FALSE
A63: Eslovenia | B63: 8377828.2 | C63: 20000470 | D63: =+A63='Ene-Abr 2021_Destino'!A53 -> TRUE | E63: =+B63-'Ene-Abr 2021_Destino'!B53 -> 8374381.4 | F63: =+E63/$E$8 -> 0.0049791897 | H63: Eslovenia | I63: Letonia | J63: 0 | K63: =I63=H63 -> FALSE
A64: México | B64: 23286864 | C64: 17223490 | D64: =+A64='Ene-Abr 2021_Destino'!A97 -> TRUE | E64: =+B64-'Ene-Abr 2021_Destino'!B97 -> 7060205 | F64: =+E64/$E$8 -> 0.0041978145 | H64: México | I64: Libia | J64: 0 | K64: =I64=H64 -> FALSE
A65: Rusia | B65: 34888462 | C65: 14750166 | D65: =+A65='Ene-Abr 2021_Destino'!A125 -> TRUE | E65: =+B65-'Ene-Abr 2021_Destino'!B125 -> 6654449.6 | F65: =+E65/$E$8 -> 0.0039565629 | H65: Rusia | I65: Grecia | J65: 0 | K65: =I65=H65 -> FALSE
A66: Taiwan | B66: 15774304 | C66: 37887979 | D66: =+A66='Ene-Abr 2021_Destino'!A137 -> TRUE | E66: =+B66-'Ene-Abr 2021_Destino'!B137 -> 6620773.1 | F66: =+E66/$E$8 -> 0.0039365397 | H66: Taiwan | I66: Corea Republicana | J66: 0 | K66: =I66=H66 -> FALSE
A67: Bolivia | B67: 35895372 | C67: 58489718 | D67: =+A67='Ene-Abr 2021_Destino'!A28 -> TRUE | E67: =+B67-'Ene-Abr 2021_Destino'!B28 -> 5715617.2 | F67: =+E67/$E$8 -> 0.0033983576 | H67: Bolivia | I67: República Dominicana | J67: 0 | K67: =I67=H67 -> FALSE
A68: Tailandia | B68: 80414057 | C68: 1.4415999e+08 | D68: =+A68='Ene-Abr 2021_Destino'!A136 -> TRUE | E68: =+B68-'Ene-Abr 2021_Destino'!B136 -> 4710767.5 | F68: =+E68/$E$8 -> 0.0028009 | H68: Tailandia | I68: Israel | J68: 0 | K68: =I68=H68 -> FALSE
A69: Lituania | B69: 4499413.2 | C69: 9879573 | D69: =+A69='Ene-Abr 2021_Destino'!A88 -> TRUE | E69: =+B69-'Ene-Abr 2021_Destino'!B88 -> 4455462.9 | F69: =+E69/$E$8 -> 0.0026491025 | H69: Lituania | I69: Cuba | J69: 0 | K69: =I69=H69 -> FALSE
A70: Japón | B70: 8102814.9 | C70: 16674516 | D70: =+A70='Ene-Abr 2021_Destino'!A79 -> TRUE | E70: =+B70-'Ene-Abr 2021_Destino'!B79 -> 2789632.4 | F70: =+E70/$E$8 -> 0.001658643 | H70: Japón | I70: Mozambique | J70: 0 | K70: =I70=H70 -> FALSE
A71: Nigeria | B71: 13291385 | C71: 51331651 | D71: =+A71='Ene-Abr 2021_Destino'!A105 -> TRUE | E71: =+B71-'Ene-Abr 2021_Destino'!B105 -> 2771288.9 | F71: =+E71/$E$8 -> 0.0016477364 | H71: Nigeria | I71: Rumania | J71: 0 | K71: =I71=H71 -> FALSE
A72: Angola | B72: 4932522.3 | C72: 17168689 | D72: =+A72='Ene-Abr 2021_Destino'!A17 -> TRUE | E72: =+B72-'Ene-Abr 2021_Destino'!B17 -> 2015005.4 | F72: =+E72/$E$8 -> 0.0011980699 | H72: Angola | I72: Lituania | J72: 0 | K72: =I72=H72 -> FALSE
A73: Senegal | B73: 12305253 | C73: 42707894 | D73: =+A73='Ene-Abr 2021_Destino'!A126 -> TRUE | E73: =+B73-'Ene-Abr 2021_Destino'!B126 -> 1833695.5 | F73: =+E73/$E$8 -> 0.0010902678 | H73: Senegal | I73: Colombia | J73: 0 | K73: =I73=H73 -> FALSE
A74: Demás países | B74: 6084398.5 | C74: 8432077.6 | D74: =+A74='Ene-Abr 2021_Destino'!A45 -> TRUE | E74: =+B74-'Ene-Abr 2021_Destino'!B45 -> 1272061.5 | F74: =+E74/$E$8 -> 0.00075633475 | H74: Demás países | I74: Japón | J74: 0 | K74: =I74=H74 -> FALSE
A75: Omán | B75: 12953320 | C75: 22846257 | D75: =+A75='Ene-Abr 2021_Destino'!A108 -> TRUE | E75: =+B75-'Ene-Abr 2021_Destino'!B108 -> 1224773.5 | F75: =+E75/$E$8 -> 0.00072821849 | H75: Omán | I75: Nigeria | J75: 0 | K75: =I75=H75 -> FALSE
A76: Hong Kong | B76: 6065363.2 | C76: 3893114.6 | D76: =+A76='Ene-Abr 2021_Destino'!A70 -> TRUE | E76: =+B76-'Ene-Abr 2021_Destino'!B70 -> 1121175.3 | F76: =+E76/$E$8 -> 0.00066662174 | H76: Hong Kong | I76: Chipre | J76: 0 | K76: =I76=H76 -> FALSE
A77: Australia | B77: 21575074 | C77: 38351990 | D77: =+A77='Ene-Abr 2021_Destino'!A20 -> TRUE | E77: =+B77-'Ene-Abr 2021_Destino'!B20 -> 1091793.1 | F77: =+E77/$E$8 -> 0.00064915185 | H77: Australia | I77: México | J77: 0 | K77: =I77=H77 -> FALSE
A78: Cuba | B78: 34204802 | C78: 94779326 | D78: =+A78='Ene-Abr 2021_Destino'!A43 -> TRUE | E78: =+B78-'Ene-Abr 2021_Destino'!B43 -> 830818.15 | F78: =+E78/$E$8 -> 0.00049398289 | H78: Cuba | I78: Paquistán | J78: 0 | K78: =I78=H78 -> FALSE
A79: Nicaragua | B79: 1632429.8 | C79: 213743.58 | D79: =+A79='Ene-Abr 2021_Destino'!A103 -> TRUE | E79: =+B79-'Ene-Abr 2021_Destino'!B103 -> 785227.96 | F79: =+E79/$E$8 -> 0.00046687615 | H79: Nicaragua | I79: Canadá | J79: 0 | K79: =I79=H79 -> FALSE
A80: Israel | B80: 52440711 | C80: 70799820 | D80: =+A80='Ene-Abr 2021_Destino'!A77 -> TRUE | E80: =+B80-'Ene-Abr 2021_Destino'!B77 -> 755186.47 | F80: =+E80/$E$8 -> 0.00044901426 | H80: Israel | I80: Georgia | J80: 0 | K80: =I80=H80 -> FALSE
A81: Eslovaquia | B81: 3714095.7 | C81: 428249.47 | D81: =+A81='Ene-Abr 2021_Destino'!A52 -> TRUE | E81: =+B81-'Ene-Abr 2021_Destino'!B52 -> 738427.51 | F81: =+E81/$E$8 -> 0.00043904982 | H81: Eslovaquia | I81: Líbano | J81: 0 | K81: =I81=H81 -> FALSE
A82: Líbano | B82: 4148940.5 | C82: 7325462.3 | D82: =+A82='Ene-Abr 2021_Destino'!A85 -> TRUE | E82: =+B82-'Ene-Abr 2021_Destino'!B85 -> 736649.36 | F82: =+E82/$E$8 -> 0.00043799258 | H82: Líbano | I82: Omán | J82: 0 | K82: =I82=H82 -> FALSE
A83: Costa Rica | B83: 1744017.4 | C83: 1188595.2 | D83: =+A83='Ene-Abr 2021_Destino'!A41 -> TRUE | E83: =+B83-'Ene-Abr 2021_Destino'!B41 -> 568360.32 | F83: =+E83/$E$8 -> 0.00033793229 | H83: Costa Rica | I83: Angola | J83: 0 | K83: =I83=H83 -> FALSE
A84: Costa de Marfil | B84: 8795253.9 | C84: 27061415 | D84: =+A84='Ene-Abr 2021_Destino'!A40 -> TRUE | E84: =+B84-'Ene-Abr 2021_Destino'!B40 -> 522103.37 | F84: =+E84/$E$8 -> 0.0003104291 | H84: Costa de Marfil | K84: =I84=H84 -> FALSE
A85: Panamá | B85: 2897371.6 | C85: 1747730 | D85: =+A85='Ene-Abr 2021_Destino'!A110 -> TRUE | E85: =+B85-'Ene-Abr 2021_Destino'!B110 -> 472663.6 | F85: =+E85/$E$8 -> 0.0002810335 | H85: Panamá | K85: =I85=H85 -> FALSE
A86: Guatemala | B86: 11443875 | C86: 11270902 | D86: =+A86='Ene-Abr 2021_Destino'!A65 -> TRUE | E86: =+B86-'Ene-Abr 2021_Destino'!B65 -> 387507.04 | F86: =+E86/$E$8 -> 0.00023040162 | H86: Guatemala | K86: =I86=H86 -> FALSE
A87: Francia | B87: 66234389 | C87: 1.3766389e+08 | D87: =+A87='Ene-Abr 2021_Destino'!A60 -> TRUE | E87: =+B87-'Ene-Abr 2021_Destino'!B60 -> 365123.31 | F87: =+E87/$E$8 -> 0.00021709284 | H87: Francia | K87: =I87=H87 -> FALSE
A88: Canadá | B88: 1089788.7 | C88: 392951.89 | D88: =+A88='Ene-Abr 2021_Destino'!A33 -> TRUE | E88: =+B88-'Ene-Abr 2021_Destino'!B33 -> 296486.49 | F88: =+E88/$E$8 -> 0.00017628317 | H88: Canadá | K88: =I88=H88 -> FALSE
A89: Suiza | B89: 815740.6 | C89: 257755.58 | D89: =+A89='Ene-Abr 2021_Destino'!A135 -> TRUE | E89: =+B89-'Ene-Abr 2021_Destino'!B135 -> 281036.89 | F89: =+E89/$E$8 -> 0.00016709724 | H89: Suiza | K89: =I89=H89 -> FALSE
A90: Paquistán | B90: 7248710.9 | C90: 13941721 | D90: =+A90='Ene-Abr 2021_Destino'!A111 -> TRUE | E90: =+B90-'Ene-Abr 2021_Destino'!B111 -> 278137.54 | F90: =+E90/$E$8 -> 0.00016537336 | H90: Paquistán | K90: =I90=H90 -> FALSE
A91: Mali | B91: 712991.5 | C91: 3136286.2 | D91: =+A91='Ene-Abr 2021_Destino'!A92 -> TRUE | E91: =+B91-'Ene-Abr 2021_Destino'!B92 -> 260016.66 | F91: =+E91/$E$8 -> 0.00015459915 | H91: Mali | K91: =I91=H91 -> FALSE
A92: Curazao | B92: 820001.51 | C92: 149729.32 | D92: =+A92='Ene-Abr 2021_Destino'!A44 -> TRUE | E92: =+B92-'Ene-Abr 2021_Destino'!B44 -> 193097.02 | F92: =+E92/$E$8 -> 0.00011481047 | H92: Curazao | K92: =I92=H92 -> FALSE
A93: República Checa | B93: 1505907.7 | C93: 172883.22 | D93: =+A93='Ene-Abr 2021_Destino'!A120 -> TRUE | E93: =+B93-'Ene-Abr 2021_Destino'!B120 -> 188429.54 | F93: =+E93/$E$8 -> 0.00011203531 | H93: República Checa | K93: =I93=H93 -> FALSE
A94: Portugal | B94: 2167344.8 | C94: 3214565.1 | D94: =+A94='Ene-Abr 2021_Destino'!A115 -> TRUE | E94: =+B94-'Ene-Abr 2021_Destino'!B115 -> 186584.85 | F94: =+E94/$E$8 -> 0.00011093851 | H94: Portugal | K94: =I94=H94 -> FALSE
A95: Guyana | B95: 415385.72 | C95: 377737.36 | D95: =+A95='Ene-Abr 2021_Destino'!A67 -> TRUE | E95: =+B95-'Ene-Abr 2021_Destino'!B67 -> 171354.3 | F95: =+E95/$E$8 -> 0.00010188282 | H95: Guyana | K95: =I95=H95 -> FALSE
A96: Nepal | B96: 361205.86 | C96: 634764.34 | D96: =+A96='Ene-Abr 2021_Destino'!A102 -> TRUE | E96: =+B96-'Ene-Abr 2021_Destino'!B102 -> 164035.53 | F96: =+E96/$E$8 -> 9.7531266e-05 | H96: Nepal | K96: =I96=H96 -> FALSE
A97: Bélgica | B97: 19880841 | C97: 28656536 | D97: =+A97='Ene-Abr 2021_Destino'!A25 -> TRUE | E97: =+B97-'Ene-Abr 2021_Destino'!B25 -> 163096.51 | F97: =+E97/$E$8 -> 9.6972949e-05 | H97: Bélgica | K97: =I97=H97 -> FALSE
A98: Austria | B98: 739390.32 | C98: 23874.22 | D98: =+A98='Ene-Abr 2021_Destino'!A21 -> TRUE | E98: =+B98-'Ene-Abr 2021_Destino'!B21 -> 159717.02 | F98: =+E98/$E$8 -> 9.4963592e-05 | H98: Austria | K98: =I98=H98 -> FALSE
A99: Nueva Zelanda | B99: 232628.62 | C99: 144934.09 | D99: =+A99='Ene-Abr 2021_Destino'!A107 -> TRUE | E99: =+B99-'Ene-Abr 2021_Destino'!B107 -> 124868.09 | F99: =+E99/$E$8 -> 7.4243323e-05 | H99: Nueva Zelanda | K99: =I99=H99 -> FALSE
A100: Honduras | B100: 584761.19 | C100: 362624.34 | D100: =+A100='Ene-Abr 2021_Destino'!A69 -> TRUE | E100: =+B100-'Ene-Abr 2021_Destino'!B69 -> 109986.51 | F100: =+E100/$E$8 -> 6.5395122e-05 | H100: Honduras | K100: =I100=H100 -> FALSE
A101: Grecia | B101: 36470006 | C101: 79681246 | D101: =+A101='Ene-Abr 2021_Destino'!A64 -> TRUE | E101: =+B101-'Ene-Abr 2021_Destino'!B64 -> 100400.27 | F101: =+E101/$E$8 -> 5.9695393e-05 | H101: Grecia | K101: =I101=H101 -> FALSE
A102: Congo | B102: 660236.51 | C102: 1975189.8 | D102: =+A102='Ene-Abr 2021_Destino'!A38 -> TRUE | E102: =+B102-'Ene-Abr 2021_Destino'!B38 -> 92905.55 | F102: =+E102/$E$8 -> 5.5239227e-05 | H102: Congo | K102: =I102=H102 -> FALSE
A103: Ghana | B103: 5862532.3 | C103: 15820050 | D103: =+A103='Ene-Abr 2021_Destino'!A63 -> TRUE | E103: =+B103-'Ene-Abr 2021_Destino'!B63 -> 90529.23 | F103: =+E103/$E$8 -> 5.3826329e-05 | H103: Ghana | K103: =I103=H103 -> FALSE
A104: Qatar | B104: 1207624.7 | C104: 2391851.2 | D104: =+A104='Ene-Abr 2021_Destino'!A117 -> TRUE | E104: =+B104-'Ene-Abr 2021_Destino'!B117 -> 79119.68 | F104: =+E104/$E$8 -> 4.7042507e-05 | H104: Qatar | K104: =I104=H104 -> FALSE
A105: Singapur | B105: 184845.27 | C105: 196798.6 | D105: =+A105='Ene-Abr 2021_Destino'!A130 -> TRUE | E105: =+B105-'Ene-Abr 2021_Destino'!B130 -> 65209.51 | F105: =+E105/$E$8 -> 3.8771881e-05 | H105: Singapur | K105: =I105=H105 -> FALSE
A106: Libia | B106: 103350.63 | C106: 124937.83 | D106: =+A106='Ene-Abr 2021_Destino'!A87 -> TRUE | E106: =+B106-'Ene-Abr 2021_Destino'!B87 -> 64599.54 | F106: =+E106/$E$8 -> 3.8409209e-05 | H106: Libia | K106: =I106=H106 -> FALSE
A107: Ucrania | B107: 134149.09 | C107: 41247.98 | D107: =+A107='Ene-Abr 2021_Destino'!A142 -> TRUE | E107: =+B107-'Ene-Abr 2021_Destino'!B142 -> 53248.15 | F107: =+E107/$E$8 -> 3.1659967e-05 | H107: Ucrania | K107: =I107=H107 -> FALSE
A108: Gambia | B108: 1869678.9 | C108: 7770014.2 | D108: =+A108='Ene-Abr 2021_Destino'!A62 -> TRUE | E108: =+B108-'Ene-Abr 2021_Destino'!B62 -> 23987.28 | F108: =+E108/$E$8 -> 1.4262214e-05 | H108: Gambia | K108: =I108=H108 -> FALSE
A109: Macedonia | B109: 45884.21 | C109: 56579.72 | D109: =+A109='Ene-Abr 2021_Destino'!A89 -> TRUE | E109: =+B109-'Ene-Abr 2021_Destino'!B89 -> 23465.84 | F109: =+E109/$E$8 -> 1.3952179e-05 | H109: Macedonia | K109: =I109=H109 -> FALSE
...

Sheet Ene-Jun 2021_Destino
A1: Evolución de las exportaciones con origen en la provincia de Santa Fe, según destino. Período enero - junio 2021
B4: Enero - junio 2021
A5: País de destino | B5: Valor F.O.B. | C5: Peso Neto
B6: (en Dólares) | C6: (en Kilos)
A8: TOTAL | B8: 8.9910639e+09 | C8: 1.6164534e+10
A10: AFRICA | B10: 8.8530787e+08 | C10: 2.0219894e+09
A11: Argelia | B11: 2.2174242e+08 | C11: 4.8193191e+08
A12: Camerún | B12: 400290.86 | C12: 1975627.5
A13: Congo | B13: 660236.51 | C13: 1975189.8
A14: Rep. Democrática del Congo (ex Zaire) | B14: - | C14: -
A15: Costa de Marfil | B15: 11550849 | C15: 33431399
A16: Benin | B16: 87595.2 | C16: 147772.35
A17: Egipto | B17: 2.596278e+08 | C17: 5.3617305e+08
A18: Gabón | B18: 8942.95 | C18: 15301
A19: Gambia | B19: 1901509.6 | C19: 7850213.6
A20: Ghana | B20: 9514583.8 | C20: 24432215
A21: Guinea | B21: 2542800.9 | C21: 11422822
A22: Kenya | B22: 6433564.1 | C22: 26960737
A23: Liberia | B23: 266603.54 | C23: 1089973.3
A24: Libia | B24: 120338.4 | C24: 142993.83
A25: Malawi | B25: - | C25: -
A26: Mali | B26: 712991.5 | C26: 3136286.2
A27: Marruecos | B27: 1.1257579e+08 | C27: 3.1395073e+08
A28: Mauricio | B28: 1428006.6 | C28: 6272855
A29: Mauritania | B29: 3835697.5 | C29: 15829678
A30: Níger | B30: 24174.87 | C30: 42430.85
A31: Nigeria | B31: 13291385 | C31: 51331651
A32: Senegal | B32: 12890470 | C32: 44912036
A33: Sierra Leona | B33: 49719.85 | C33: 85697.37
A34: Tanzania | B34: 2880598.2 | C34: 12484537
A35: Túnez | B35: 27349891 | C35: 72611703
A36: Uganda | B36: 5434287.6 | C36: 22885797
A37: Angola | B37: 4953773.1 | C37: 17208467
... A40: Sudáfrica | B40: 1.380503e+08 | C40: 2.8727253e+08
A41: Etiopía | B41: - | C41: -
A43: AMERICA | B43: 1.749263e+09 | C43: 2.71403e+09
A44: Bolivia | B44: 43392611 | C44: 69617549
A45: Brasil | B45: 5.4943315e+08 | C45: 7.8047633e+08
A46: Canadá | B46: 1588201.1 | C46: 857859.16
A47: Colombia | B47: 85955683 | C47: 1.9556138e+08
A48: Costa Rica | B48: 2496145.4 | C48: 1771137.7
A49: Cuba | B49: 37542347 | C49: 1.0201239e+08
A50: Chile | B50: 2.9539244e+08 | C50: 4.8072581e+08
A51: República Dominicana | B51: 53231162 | C51: 75268545
A52: Ecuador | B52: 1.2967549e+08 | C52: 2.8984306e+08
A53: El Salvador | B53: 221320.75 | C53: 227357.26
A54: Estados Unidos | B54: 88995487 | C54: 41071966
... A67: Venezuela | B67: 34476398 | C67: 67099682
A68: Suriname | B68: - | C68: -
A69: Curazao | B69: 916440.63 | C69: 165337.65
A71: ASIA | B71: 4.3759383e+09 | C71: 7.7805577e+09
A72: Arabia Saudita | B72: 1.5868502e+08 | C72: 4.3087185e+08
A73: Bahrein | B73: 9737.73 | C73: 17545.58
A74: Myanmar (ex Birmania) Unión de | B74: 8144379.6 | C74: 18858659
A75: Sri Lanka | B75: 54130.76 | C75: 98380
A76: Corea Republicana | B76: 62600502 | C76: 1.8900806e+08
A77: China | B77: 6.7673315e+08 | C77: 7.1792954e+08
A78: Filipinas | B78: 1.0651754e+08 | C78: 2.4727343e+08
A79: Taiwan | B79: 21743670 | C79: 55490740
A80: India | B80: 9.1888467e+08 | C80: 8.9829548e+08
A81: Indonesia | B81: 5.1345856e+08 | C81: 1.1872951e+09
... A132: Bielorrusia | B132: 21774233 | C132: 50782199
A133: Estonia | B133: - | C133: -
A134: Letonia | B134: 7532.03 | C134: 5757.12
A135: Lituania | B135: 4510099.3 | C135: 9888958.8
A136: Moldavia | B136: 7105.98 | C136: 5132
A137: Rusia | B137: 42711056 | C137: 21641545
A138: Ucrania | B138: 159850.35 | C138: 41749.19
A139: Bosnia Herzegovina | B139: 4706.04 | C139: 6930.4
A140: Croacia | B140: 45319.91 | C140: 47434.64
A141: Eslovaquia | B141: 4186281.5 | C141: 472443.29
A142: Eslovenia | B142: 18952452 | C142: 47047826
A143: Macedonia | B143: 48208.4 | C143: 59941.73
A144: República Checa | B144: 1591970.2 | C144: 188037.25
A145: Montenegro | B145: 9312.53 | C145: 10172.99
... A154: SIN DECLARAR - DESCONOCIDO - IGNORADO (CONTINENTE) | B154: 1.0499076e+08 | C154: 2.2872453e+08
A155: Nota: Los datos se presentan protegidos de acuerdo a la normativa vigente sobre secreto estadístico y protección de datos individuales (art. 10º de la ley 17.622; título VI del decreto 3.110; art. 1º de la disposición 176/99, entre otros).
A156: (-) dato igual a cero.
A157: /// Dato que no corresponde presentar debido a la naturaleza de las cosas o del cálculo.
A158: Fuente: IPEC - INDEC.

Sheet Ene-Jul 2021_Destino
A1: Evolución de las exportaciones con origen en la provincia de Santa Fe, según destino. Período enero - julio 2021
B4: Enero - julio 2021
A5: País de destino | B5: Valor F.O.B. | C5: Peso Neto
B6: (en Dólares) | C6: (en Kilos)
A8: TOTAL | B8: 1.0634122e+10 | C8: 1.903766e+10
A10: AFRICA | B10: 1.0228347e+09 | C10: 2.3240514e+09
A11: Argelia | B11: 2.654152e+08 | C11: 5.7195029e+08
A12: Camerún | B12: 4968452.8 | C12: 11723632
A13: Congo | B13: 733651.86 | C13: 2028361.2
A14: Rep. Democrática del Congo (ex Zaire) | B14: - | C14: -
A15: Costa de Marfil | B15: 16862583 | C15: 46609362
A16: Benin | B16: 115498.93 | C16: 193086.9
A17: Egipto | B17: 3.0977819e+08 | C17: 6.3235712e+08
A18: Gabón | B18: 14630.92 | C18: 24481.6
A19: Gambia | B19: 1921085.9 | C19: 7896925.7
A20: Ghana | B20: 9527433.2 | C20: 24453636
A21: Guinea | B21: 2542800.9 | C21: 11422822
A22: Kenya | B22: 6434500.5 | C22: 26961551
A23: Liberia | B23: 279452.14 | C23: 1111394.7
A24: Libia | B24: 822258.65 | C24: 2952255.9
A25: Malawi | B25: - | C25: -
A26: Mali | B26: 714818.44 | C26: 3139346.4
A27: Marruecos | B27: 1.2488574e+08 | C27: 3.583922e+08
A28: Mauricio | B28: 1793856.5 | C28: 7721800.1
A29: Mauritania | B29: 3835697.5 | C29: 15829678
A30: Níger | B30: 28063.45 | C30: 48551.3
A31: Nigeria | B31: 13403775 | C31: 51449712
A32: Senegal | B32: 13391171 | C32: 46794557
A33: Sierra Leona | B33: 51698.36 | C33: 88734
A34: Tanzania | B34: 2880598.2 | C34: 12484537
A35: Togo | B35: - | C35: -
A36: Túnez | B36: 28726044 | C36: 76488033
A37: Uganda | B37: 5434287.6 | C37: 22885797
A38: Angola | B38: 5241108.9 | C38: 17837683
A39: Cabo Verde | B39: - | C39: -
A40: Mozambique | B40: 49088192 | C40: 48084560
A41: Djibouti | B41: 136227.45 | C41: 234223
A42: Sudáfrica | B42: 1.5380766e+08 | C42: 3.2288704e+08
A43: Etiopía | B43: - | C43: -
A45: AMERICA | B45: 2.1138428e+09 | C45: 3.2490996e+09
A46: Bolivia | B46: 49518344 | C46: 77553446
A47: Brasil | B47: 6.5389137e+08 | C47: 9.0682242e+08
A48: Canadá | B48: 1790193.9 | C48: 1088069.7
A49: Colombia | B49: 1.1891147e+08 | C49: 2.8991781e+08
A50: Costa Rica | B50: 2917408.3 | C50: 2053559.8
A51: Cuba | B51: 44100954 | C51: 1.1748162e+08
A52: Chile | B52: 3.622745e+08 | C52: 5.8696585e+08
A53: República Dominicana | B53: 71041661 | C53: 93874679
A54: Ecuador | B54: 1.3946285e+08 | C54: 3.1144505e+08
A55: El Salvador | B55: 511113.43 | C55: 372304
A56: Estados Unidos | B56: 1.129721e+08 | C56: 55453724
... A103: República de Yemen | B103: 54236086 | C103: 1.4984278e+08
A104: Armenia | B104: - | C104: -
A105: Azerbaiján | B105: 30767.21 | C105: 41012.8
A106: Georgia | B106: 11089.29 | C106: 18764.4
A107: Kazajstán | B107: 3520.79 | C107: 90.4
A108: Territorios Autónomos Palestinos (Gaza y Jericó) | B108: 202237.59 | C108: 21490.3
A110: EUROPA | B110: 2.3562675e+09 | C110: 4.1584915e+09
A111: Albania | B111: 23170.78 | C111: 29110.7
A112: Austria | B112: 918891.22 | C112: 41290
A113: Bélgica | B113: 20135944 | C113: 28846780
A114: Bulgaria | B114: 1379007.7 | C114: 596812.2
A115: Dinamarca | B115: 61331067 | C115: 1.4189546e+08
A116: España | B116: 4.0980305e+08 | C116: 8.9090651e+08
A117: Finlandia | B117: 8637.42 | C117: 8086.9
... A135: Bielorrusia | B135: 21776236 | C135: 50783708
A136: Estonia | B136: - | C136: -
A137: Letonia | B137: 26184721 | C137: 67081161
A138: Lituania | B138: 4520534.6 | C138: 9914682
A139: Moldavia | B139: 11025.67 | C139: 7925.7
A140: Rusia | B140: 52208384 | C140: 28546351
A141: Ucrania | B141: 223186.03 | C141: 63749.3
A142: Bosnia Herzegovina | B142: 6497.43 | C142: 9872.9
A143: Croacia | B143: 62322.37 | C143: 68395.6
A144: Eslovaquia | B144: 5481500.3 | C144: 584795.6
A145: Eslovenia | B145: 27725537 | C145: 67886510
A146: Macedonia | B146: 57613.03 | C146: 71776.6
A147: República Checa | B147: 1685555.9 | C147: 231664.6
A148: Montenegro | B148: 11465.61 | C148: 11795.3
... A157: SIN DECLARAR - DESCONOCIDO - IGNORADO (CONTINENTE) | B157: 87546465 | C157: 1.8115728e+08
A158: Nota: Los datos se presentan protegidos de acuerdo a la normativa vigente sobre secreto estadístico y protección de datos individuales (art. 10º de la ley 17.622; título VI del decreto 3.110; art. 1º de la disposición 176/99, entre otros).
A159: (-) dato igual a cero.
A160: /// Dato que no corresponde presentar debido a la naturaleza de las cosas o del cálculo.
A161: Fuente: IPEC - INDEC.

Sheet Ene-Ago 2021_Destino
A1: Evolución de las exportaciones con origen en la provincia de Santa Fe, según destino. Período enero - agosto 2021
B4: Enero - agosto 2021
A5: País de destino | B5: Valor F.O.B. | C5: Peso Neto
B6: (en Dólares) | C6: (en Kilos)
A8: TOTAL | B8: 1.2210269e+10 | C8: 2.1930302e+10
A10: AFRICA | B10: 1.1680332e+09 | C10: 2.6229841e+09
A11: Burkina Faso | B11: - | C11: -
A12: Argelia | B12: 2.8721156e+08 | C12: 6.0966646e+08
A13: Camerún | B13: 4981594.6 | C13: 11744818
A14: Congo | B14: 2855173.3 | C14: 8040031.6
A15: Rep. Democrática del Congo (ex Zaire) | B15: - | C15: -
A16: Costa de Marfil | B16: 20669416 | C16: 56124083
A17: Benin | B17: 133854.83 | C17: 222864.95
A18: Egipto | B18: 3.3308132e+08 | C18: 7.1430381e+08
A19: Gabón | B19: 27248.48 | C19: 45691.14
A20: Gambia | B20: 1934878.1 | C20: 7931718.4
A21: Ghana | B21: 13401347 | C21: 34268262
A22: Guinea | B22: 2550715.1 | C22: 11435063
A23: Kenya | B23: 6434500.5 | C23: 26961551
A24: Liberia | B24: 281243.89 | C24: 1114454.9
A25: Libia | B25: 849398.14 | C25: 2983951.2
A26: Malawi | B26: - | C26: -
A27: Mali | B27: 722222.27 | C27: 3151587.2
A28: Marruecos | B28: 150070799 | C28: 3.9504293e+08
A29: Mauricio | B29: 16386074 | C29: 37116521
A30: Mauritania | B30: 3835697.5 | C30: 15829678
A31: Níger | B31: 28063.45 | C31: 48551.25
A32: Nigeria | B32: 13594338 | C32: 51667552
A33: Senegal | B33: 20721305 | C33: 66143736
A34: Sierra Leona | B34: 55232.89 | C34: 94854.43
A35: Tanzania | B35: 2884267.1 | C35: 12490658
A36: Togo | B36: - | C36: -
A37: Túnez | B37: 29429894 | C37: 79697303
A38: Uganda | B38: 5434287.6 | C38: 22885797
A39: Angola | B39: 6900593.2 | C39: 23058647
A40: Cabo Verde | B40: 671913.37 | C40: 3666824.9
A41: Mozambique | B41: 68302044 | C41: 64122640
A42: Djibouti | B42: 136227.45 | C42: 234223
A43: Sudáfrica | B43: 1.7444804e+08 | C43: 3.6288981e+08
A44: Etiopía | B44: - | C44: -
A46: AMERICA | B46: 2.4949609e+09 | C46: 3.7946865e+09
A47: Bolivia | B47: 57073724 | C47: 86771357
A48: Brasil | B48: 7.7165973e+08 | C48: 1.0602467e+09
A49: Canadá | B49: 2261906.5 | C49: 1524433.8
A50: Colombia | B50: 1.3730776e+08 | C50: 3.3704331e+08
A51: Costa Rica | B51: 3520298.3 | C51: 2671512.9
A52: Cuba | B52: 46631168 | C52: 1.2636065e+08
A53: Chile | B53: 4.2240555e+08 | C53: 6.8719514e+08
A54: República Dominicana | B54: 84993643 | C54: 1.0473956e+08
A55: Ecuador | B55: 1.5364976e+08 | C55: 3.4260164e+08
A56: El Salvador | B56: 670488.31 | C56: 480943.88
A57: Estados Unidos | B57: 1.3407257e+08 | C57: 67349989
... A61: Honduras | B61: 997900.29 | C61: 747927.12
A62: Jamaica | B62: - | C62: -
A63: México | B63: 59987729 | C63: 47014445
A64: Nicaragua | B64: 4535331.3 | C64: 1846698.2
A65: Panamá | B65: 4807664.3 | C65: 4058365.2
A66: Paraguay | B66: 1.0280582e+08 | C66: 1.1029062e+08
A67: Perú | B67: 3.0884317e+08 | C67: 4.7077689e+08
A68: Puerto Rico(Estado Asociado) | B68: 14352757 | C68: 42168004
A69: Trinidad y Tobago | B69: 28025.04 | C69: 37307.52
A70: Uruguay | B70: 98372686 | C70: 1.8886007e+08
A71: Venezuela | B71: 50435132 | C71: 80967039
A72: Suriname | B72: 7849.65 | C72: 11895.42
A73: Curazao | B73: 1101901.1 | C73: 196422.98
A75: ASIA | B75: 5.6464456e+09 | C75: 1.0367589e+10
... A105: República de Yemen | B105: 54546273 | C105: 1.5115799e+08
A106: Armenia | B106: - | C106: -
A107: Azerbaiján | B107: 33716.49 | C107: 43034.81
A108: Georgia | B108: 15097.46 | C108: 25289.82
A109: Kazajstán | B109: 8845.11 | C109: 2414.69
A110: Territorios Autónomos Palestinos (Gaza y Jericó) | B110: 202237.59 | C110: 21490.25
A112: EUROPA | B112: 2.7505428e+09 | C112: 4.8449068e+09
A113: Albania | B113: 23760.91 | C113: 29514.6
A114: Austria | B114: 1059107.9 | C114: 44804.51
A115: Bélgica | B115: 20346873 | C115: 28986004
A116: Bulgaria | B116: 1429202.1 | C116: 655212.71
A117: Dinamarca | B117: 74201117 | C117: 1.7234596e+08
A118: España | B118: 4.9967254e+08 | C118: 1.0772791e+09
A119: Finlandia | B119: 10930.59 | C119: 10482.86
... A137: Bielorrusia | B137: 31052027 | C137: 74726228
A138: Estonia | B138: - | C138: -
A139: Letonia | B139: 26184721 | C139: 67081161
A140: Lituania | B140: 5873766.5 | C140: 13415045
A141: Moldavia | B141: 11592.67 | C141: 8330.69
A142: Rusia | B142: 62719274 | C142: 35778420
A143: Ucrania | B143: 233689.57 | C143: 70246.79
A144: Bosnia Herzegovina | B144: 10265.36 | C144: 15875.6
A145: Croacia | B145: 76746.44 | C145: 81417.74
A146: Eslovaquia | B146: 6265966.9 | C146: 669935.2
A147: Eslovenia | B147: 27730089 | C147: 67886696
A148: Macedonia | B148: 62589.58 | C148: 75454.32
A149: República Checa | B149: 1721642.2 | C149: 242646.52
A150: Montenegro | B150: 12543.96 | C150: 12608.5
... A159: SIN DECLARAR - DESCONOCIDO - IGNORADO (CONTINENTE) | B159: 88361055 | C159: 1.8349962e+08
A160: Nota: Los datos se presentan protegidos de acuerdo a la normativa vigente sobre secreto estadístico y protección de datos individuales (art. 10º de la ley 17.622; título VI del decreto 3.110; art. 1º de la disposición 176/99, entre otros).
A161: (-) dato igual a cero.
A162: /// Dato que no corresponde presentar debido a la naturaleza de las cosas o del cálculo.
A163: Fuente: IPEC - INDEC.

Sheet Ene-Sep 2021_Destino
A1: Evolución de las exportaciones con origen en la provincia de Santa Fe, según destino. Período enero - septiembre 2021
B4: Enero - septiembre 2021
A5: País de destino | B5: Valor F.O.B. | C5: Peso Neto
B6: (en Dólares) | C6: (en Kilos)
A8: TOTAL | B8: 1.390556e+10 | C8: 2.4909576e+10
A10: AFRICA | B10: 1.3083806e+09 | C10: 2.8876961e+09
A11: Burkina Faso | B11: 21586.18 | C11: 36133.9
A12: Argelia | B12: 3.3983361e+08 | C12: 7.1041775e+08
A13: Camerún | B13: 4991123.9 | C13: 11759824
A14: Congo | B14: 2863273.3 | C14: 8067031.6
A15: Rep. Democrática del Congo (ex Zaire) | B15: - | C15: -
A16: Costa de Marfil | B16: 25851641 | C16: 69920297
A17: Benin | B17: 152551.48 | C17: 253466.95
A18: Egipto | B18: 3.3716734e+08 | C18: 7.3106744e+08
A19: Gabón | B19: 27248.48 | C19: 45691.14
A20: Gambia | B20: 1942686.6 | C20: 7951600
A21: Ghana | B21: 21609415 | C21: 56268812
A22: Guinea | B22: 2564234.2 | C22: 11456484
A23: Kenya | B23: 6446245.1 | C23: 26964113
A24: Liberia | B24: 288935.12 | C24: 1126695.7
A25: Libia | B25: 876421.47 | C25: 3026794
A26: Malawi | B26: - | C26: -
A27: Mali | B27: 729677.4 | C27: 3163828
A28: Marruecos | B28: 1.5478185e+08 | C28: 4.1684197e+08
A29: Mauricio | B29: 16389071 | C29: 37121606
A30: Mauritania | B30: 3835697.5 | C30: 15829678
A31: Níger | B31: 31766.29 | C31: 54671.65
A32: Nigeria | B32: 37182138 | C32: 69375118
A33: Senegal | B33: 25837728 | C33: 80412941
A34: Sierra Leona | B34: 55232.89 | C34: 94854.43
A35: Tanzania | B35: 2884267.1 | C35: 12490658
A36: Togo | B36: 154882.74 | C36: 684744.63
A37: Túnez | B37: 40023941 | C37: 91333403
A38: Uganda | B38: 5434287.6 | C38: 22885797
... A43: Sudáfrica | B43: 1.8859334e+08 | C43: 3.984647e+08
A44: Etiopía | B44: - | C44: -
A46: AMERICA | B46: 2.9065513e+09 | C46: 4.3707688e+09
A47: Bolivia | B47: 65764394 | C47: 96164259
A48: Brasil | B48: 9.094667e+08 | C48: 1.2344036e+09
A49: Canadá | B49: 2814811 | C49: 2087245.9
A50: Colombia | B50: 1.6730687e+08 | C50: 4.0159918e+08
A51: Costa Rica | B51: 3901828.5 | C51: 2800544.3
A52: Cuba | B52: 47743370 | C52: 1.3014673e+08
A53: Chile | B53: 5.0049424e+08 | C53: 8.143603e+08
A54: República Dominicana | B54: 96269103 | C54: 1.1331816e+08
A55: Ecuador | B55: 1.6805086e+08 | C55: 3.7767816e+08
A56: El Salvador | B56: 3094510.2 | C56: 2371159.7
A57: Estados Unidos | B57: 1.5073462e+08 | C57: 72205728
... A137: Bielorrusia | B137: 41795054 | C137: 1.0168887e+08
A138: Estonia | B138: - | C138: -
A139: Letonia | B139: 32262301 | C139: 82081565
A140: Lituania | B140: 7893199.2 | C140: 18360551
A141: Moldavia | B141: 13811.91 | C141: 9950.36
A142: Rusia | B142: 74701972 | C142: 44253796
A143: Ucrania | B143: 272520.7 | C143: 98713.69
A144: Bosnia Herzegovina | B144: 10265.36 | C144: 15875.6
A145: Croacia | B145: 92659.69 | C145: 97218.29
A146: Eslovaquia | B146: 6965204.1 | C146: 746175.21
A147: Eslovenia | B147: 33344475 | C147: 81564880
A148: Macedonia | B148: 77693.83 | C148: 97748.4
A149: República Checa | B149: 1861942.3 | C149: 280019.35
A150: Montenegro | B150: 13156.32 | C150: 13013.5
... A159: SIN DECLARAR - DESCONOCIDO - IGNORADO (CONTINENTE) | B159: 92405981 | C159: 1.9008024e+08
A160: Nota: Los datos se presentan protegidos de acuerdo a la normativa vigente sobre secreto estadístico y protección de datos individuales (art. 10º de la ley 17.622; título VI del decreto 3.110; art. 1º de la disposición 176/99, entre otros).
A161: (-) dato igual a cero.
A162: /// Dato que no corresponde presentar debido a la naturaleza de las cosas o del cálculo.
A163: Fuente: IPEC - INDEC.

Sheet Ene-Oct 2021_Destino
A1: Evolución de las exportaciones con origen en la provincia de Santa Fe, según destino. Período enero - octubre 2021
B4: Enero - octubre 2021
A5: País de destino | B5: Valor F.O.B. | C5: Peso Neto
B6: (en Dólares) | C6: (en Kilos)
A8: TOTAL | B8: 1.5404416e+10 | C8: 2.7486923e+10
A10: AFRICA | B10: 1.3986577e+09 | C10: 3.0558057e+09
A11: Burkina Faso | B11: 21586.18 | C11: 36133.9
A12: Argelia | B12: 3.7989141e+08 | C12: 7.7763116e+08
A13: Camerún | B13: 4992764.7 | C13: 11762863
A14: Congo | B14: 3025688.9 | C14: 8279912.7
A15: Rep. Democrática del Congo (ex Zaire) | B15: - | C15: -
A16: Costa de Marfil | B16: 29636422 | C16: 79940580
A17: Benin | B17: 152551.48 | C17: 253466.95
A18: Egipto | B18: 3.380791e+08 | C18: 7.3392756e+08
A19: Gabón | B19: 27248.48 | C19: 45691.14
A20: Gambia | B20: 1957622 | C20: 7991363.2
A21: Ghana | B21: 25187376 | C21: 65387387
A22: Guinea | B22: 2577063.5 | C22: 11477552
A23: Guinea Ecuatorial | B23: - | C23: -
A24: Kenya | B24: 8350040.1 | C24: 33777283
A25: Liberia | B25: 288935.12 | C25: 1126695.7
A26: Libia | B26: 876421.47 | C26: 3026794
A27: Madagascar | B27: - | C27: -
A28: Malawi | B28: - | C28: -
A29: Mali | B29: 735348.19 | C29: 3173008.6
A30: Marruecos | B30: 1.5489527e+08 | C30: 4.1702375e+08
A31: Mauricio | B31: 16867903 | C31: 39071188
A32: Mauritania | B32: 3965638.3 | C32: 16371098
A33: Níger | B33: 35469.13 | C33: 60792.05
A34: Nigeria | B34: 37262293 | C34: 69460203
A35: Senegal | B35: 27157862 | C35: 85779040
A36: Sierra Leona | B36: 58767.42 | C36: 100974.83
A37: Tanzania | B37: 2891862.1 | C37: 12502898
A38: Togo | B38: 154882.74 | C38: 684744.63
A39: Túnez | B39: 40034488 | C39: 91351411
A40: Uganda | B40: 6039108.5 | C40: 24995597
... A45: Sudáfrica | B45: 2.0915407e+08 | C45: 4.4208252e+08
A46: Etiopía | B46: - | C46: -
A47: Sudán | B47: 1185986.2 | C47: 120980.25
A49: AMERICA | B49: 3.2573587e+09 | C49: 4.8795932e+09
A50: Bolivia | B50: 72662385 | C50: 1.0507375e+08
A51: Brasil | B51: 1.0243662e+09 | C51: 1.3828706e+09
A52: Canadá | B52: 2970018 | C52: 2181943.9
A53: Colombia | B53: 1.7318069e+08 | C53: 4.0847303e+08
A54: Costa Rica | B54: 3990590.3 | C54: 2852695.9
A55: Cuba | B55: 49894553 | C55: 1.341917e+08
A56: Chile | B56: 5.7572221e+08 | C56: 9.3798295e+08
A57: República Dominicana | B57: 1.0670846e+08 | C57: 1.2138464e+08
A58: Ecuador | B58: 1.8554364e+08 | C58: 4.2247232e+08
A59: El Salvador | B59: 3110254.2 | C59: 2390359.7
... A141: Bielorrusia | B141: 50513855 | C141: 1.2354887e+08
A142: Estonia | B142: - | C142: -
A143: Letonia | B143: 32262831 | C143: 82081969
A144: Lituania | B144: 9580648 | C144: 22554974
A145: Moldavia | B145: 14366.31 | C145: 10355.04
A146: Rusia | B146: 81179942 | C146: 46172046
A147: Ucrania | B147: 322838.97 | C147: 103162.85
A148: Bosnia Herzegovina | B148: 12008.26 | C148: 18818.1
A149: Croacia | B149: 97006.55 | C149: 100848.38
A150: Eslovaquia | B150: 7785291.3 | C150: 829309.03
A151: Eslovenia | B151: 33347431 | C151: 81565013
A152: Macedonia | B152: 80105.29 | C152: 100860.5
A153: República Checa | B153: 2063087.2 | C153: 308173.9
A154: Montenegro | B154: 14193.12 | C154: 13823.5
... A163: SIN DECLARAR - DESCONOCIDO - IGNORADO (CONTINENTE) | B163: 79249626 | C163: 1.5909664e+08
A164: Nota: Los datos se presentan protegidos de acuerdo a la normativa vigente sobre secreto estadístico y protección de datos individuales (art. 10º de la ley 17.622; título VI del decreto 3.110; art. 1º de la disposición 176/99, entre otros).
A165: (-) dato igual a cero.
A166: /// Dato que no corresponde presentar debido a la naturaleza de las cosas o del cálculo.
A167: Fuente: IPEC - INDEC.

Sheet Ene-Nov 2021_Destino
A1: Evolución de las exportaciones con origen en la provincia de Santa Fe, según destino. Período enero - noviembre 2021
B4: Enero - noviembre 2021
A5: País de destino | B5: Valor F.O.B. | C5: Peso Neto
B6: (en Dólares) | C6: (en Kilos)
A8: TOTAL | B8: 1.6751806e+10 | C8: 2.9695883e+10
A10: AFRICA | B10: 1.59194e+09 | C10: 3.4050647e+09
A11: Burkina Faso | B11: 102223.91 | C11: 349774.7
A12: Argelia | B12: 4.2902629e+08 | C12: 8.2593821e+08
A13: Camerún | B13: 5662880.4 | C13: 14110282
A14: Congo | B14: 4028934.6 | C14: 11519369
A15: Rep. Democrática del Congo (ex Zaire) | B15: - | C15: -
A16: Costa de Marfil | B16: 38382285 | C16: 1.0415033e+08
A17: Benin | B17: 156284.92 | C17: 259587.35
A18: Egipto | B18: 4.0742127e+08 | C18: 8.4531101e+08
A19: Gabón | B19: 31032.53 | C19: 51811.54
A20: Gambia | B20: 1960969.5 | C20: 8001304
A21: Ghana | B21: 25655701 | C21: 67439076
A22: Guinea | B22: 2580918.9 | C22: 11483673
A23: Guinea Ecuatorial | B23: - | C23: -
A24: Kenya | B24: 12152532 | C24: 47813499
A25: Liberia | B25: 580916.37 | C25: 2068570.7
A26: Libia | B26: 905275.56 | C26: 3069445.3
A27: Madagascar | B27: - | C27: -
A28: Malawi | B28: - | C28: -
A29: Mali | B29: 1188991.1 | C29: 5047565.9
A30: Marruecos | B30: 1.6253105e+08 | C30: 4.4371435e+08
A31: Mauricio | B31: 20893483 | C31: 42196158
A32: Mauritania | B32: 5002678.8 | C32: 20491989
A33: Níger | B33: 39171.97 | C33: 66912.45
A34: Nigeria | B34: 39483881 | C34: 77558780
A35: Rwanda | B35: 1011950.5 | C35: 4219600
A36: Senegal | B36: 31227337 | C36: 98579443
A37: Sierra Leona | B37: 58767.42 | C37: 100974.83
A38: Tanzania | B38: 3997906.7 | C38: 16990744
A39: Togo | B39: 154882.74 | C39: 684744.63
A40: Túnez | B40: 48585420 | C40: 1.1254571e+08
... A46: Sudáfrica | B46: 2.2917027e+08 | C46: 4.8441256e+08
A47: Etiopía | B47: - | C47: -
A48: Sudán | B48: 1185986.2 | C48: 120980.25
A50: AMERICA | B50: 3598655563 | C50: 5.3366569e+09
A51: Bolivia | B51: 77865358 | C51: 1.1186009e+08
A52: Brasil | B52: 1.1365389e+09 | C52: 1.4958851e+09
A53: Canadá | B53: 3112424.7 | C53: 2255605.3
A54: Colombia | B54: 1.8740681e+08 | C54: 4.1889231e+08
A55: Costa Rica | B55: 4029472.5 | C55: 2856803.9
A56: Cuba | B56: 57964006 | C56: 1.5519392e+08
A57: Chile | B57: 6.4669113e+08 | C57: 1.041172e+09
A58: República Dominicana | B58: 1.1869462e+08 | C58: 1.3064286e+08
A59: Ecuador | B59: 2.0679338e+08 | C59: 4.7632148e+08
A60: El Salvador | B60: 3204561.9 | C60: 2526005.7
... A142: Bielorrusia | B142: 60131901 | C142: 1.4863889e+08
A143: Estonia | B143: - | C143: -
A144: Letonia | B144: 36744492 | C144: 93782374
A145: Lituania | B145: 11541288 | C145: 27737366
A146: Moldavia | B146: 15358.56 | C146: 11124.54
A147: Rusia | B147: 92157552 | C147: 49281846
A148: Ucrania | B148: 329444.65 | C148: 104807.11
A149: Bosnia Herzegovina | B149: 14767.94 | C149: 22688.3
A150: Croacia | B150: 113864.23 | C150: 114577.56
A151: Eslovaquia | B151: 8401454.1 | C151: 903280.62
A152: Eslovenia | B152: 33347431 | C152: 81565013
A153: Macedonia | B153: 82807.29 | C153: 102772.58
A154: República Checa | B154: 2124731.4 | C154: 318307.69
A155: Montenegro | B155: 18738.23 | C155: 20750.01
... A164: SIN DECLARAR - DESCONOCIDO - IGNORADO (CONTINENTE) | B164: 80053055 | C164: 1.6050175e+08
A165: Nota: Los datos se presentan protegidos de acuerdo a la normativa vigente sobre secreto estadístico y protección de datos individuales (art. 10º de la ley 17.622; título VI del decreto 3.110; art. 1º de la disposición 176/99, entre otros).
A166: (-) dato igual a cero.
A167: /// Dato que no corresponde presentar debido a la naturaleza de las cosas o del cálculo.
A168: Fuente: IPEC - INDEC.

Sheet Ene-Dic 2021_Destino
A1: Evolución de las exportaciones con origen en la provincia de Santa Fe, según destino. Período enero - diciembre 2021
B4: Enero - diciembre 2021
A5: País de destino | B5: Valor F.O.B. | C5: Peso Neto
B6: (en Dólares) | C6: (en Kilos)
A8: TOTAL | B8: 17920340707 | C8: 31828253608
A10: AFRICA | B10: 1720665398 | C10: 3725660852
A11: Burkina Faso | B11: 102224 | C11: 349775
A12: Argelia | B12: 453526780 | C12: 865103592
A13: Burundi | B13: 295071 | C13: 1175460
A14: Camerún | B14: 6067502 | C14: 14246651
A15: Congo | B15: 5175469 | C15: 15241637
A16: Rep. Democrática del Congo (ex Zaire) | B16: - | C16: -
A17: Costa de Marfil | B17: 40163416 | C17: 109521817
A18: Benin | B18: 168087 | C18: 280185
A19: Egipto | B19: 407588137 | C19: 845564195
A20: Gabón | B20: 42428 | C20: 70173
A21: Gambia | B21: 1948075 | C21: 7968785
A22: Ghana | B22: 25783529 | C22: 67596153
A23: Guinea | B23: 2599797 | C23: 11513877
A24: Guinea Ecuatorial | B24: - | C24: -
A25: Kenya | B25: 20384761 | C25: 77224803
A26: Liberia | B26: 580687 | C26: 2067808
A27: Libia | B27: 56825741 | C27: 130617387
A28: Madagascar | B28: - | C28: -
A29: Malawi | B29: - | C29: -
A30: Mali | B30: 1797707 | C30: 7313391
A31: Marruecos | B31: 175143996 | C31: 489320145
A32: Mauricio | B32: 24715131 | C32: 51365531
A33: Mauritania | B33: 8624364 | C33: 33498401
A34: Níger | B34: 39172 | C34: 66912
A35: Nigeria | B35: 40206135 | C35: 80350802
A36: Rwanda | B36: 1228959 | C36: 4973100
A37: Senegal | B37: 31951692 | C37: 100187595
A38: Sierra Leona | B38: 58767 | C38: 100975
A39: Tanzania | B39: 5254086 | C39: 21475716
A40: Togo | B40: 154883 | C40: 684744
A41: Túnez | B41: 49078528 | C41: 112670615
... A47: Sudáfrica | B47: 231934443 | C47: 491775475
A48: Etiopía | B48: - | C48: -
A49: Sudán | B49: 1185988 | C49: 120982
A51: AMERICA | B51: 3916572756 | C51: 5813369497
A52: Bolivia | B52: 84202736 | C52: 119605427
A53: Brasil | B53: 1221730592 | C53: 1612246597
A54: Canadá | B54: 3367150 | C54: 2434507
A55: Colombia | B55: 202009456 | C55: 450589449
A56: Costa Rica | B56: 4846413 | C56: 3955716
A57: Cuba | B57: 59920187 | C57: 162081015
A58: Chile | B58: 709739399 | C58: 1148312832
A59: República Dominicana | B59: 119291748 | C59: 131866417
A60: Ecuador | B60: 229402685 | C60: 532774090
A61: El Salvador | B61: 3210067 | C61: 2534486
... A143: Bielorrusia | B143: 73704140 | C143: 183551890
A144: Estonia | B144: - | C144: -
A145: Letonia | B145: 36744491 | C145: 93782374
A146: Lituania | B146: 13694162 | C146: 33119626
A147: Moldavia | B147: 16365 | C147: 11936
A148: Rusia | B148: 99978045 | C148: 51209111
A149: Ucrania | B149: 393731 | C149: 110485
A150: Bosnia Herzegovina | B150: 15391 | C150: 23095
A151: Croacia | B151: 127170 | C151: 126289
A152: Eslovaquia | B152: 8634500 | C152: 932564
A153: Eslovenia | B153: 33347432 | C153: 81565013
A154: Macedonia | B154: 87289 | C154: 109243
A155: República Checa | B155: 2177149 | C155: 336100
A156: Montenegro | B156: 19350 | C156: 21155
... A165: SIN DECLARAR - DESCONOCIDO - IGNORADO (CONTINENTE) | B165: 33075440 | C165: 54091954
A166: Nota: Los datos se presentan protegidos de acuerdo a la normativa vigente sobre secreto estadístico y protección de datos individuales (art. 10º de la ley 17.622; título VI del decreto 3.110; art. 1º de la disposición 176/99, entre otros).
A167: (-) dato igual a cero.
A168: /// Dato que no corresponde presentar debido a la naturaleza de las cosas o del cálculo.
A169: Fuente: IPEC - INDEC.
