Workbook

Sheet PP
A1: fecha | B1: Buenos Aires | C1: Catamarca | D1: Chaco | E1: Chubut | F1: Ciudad Autónoma de Buenos Aires | G1: Corrientes | H1: Córdoba | I1: Entre Ríos | J1: Extranjero y Plataforma Continental | K1: Formosa | L1: Indeterminado | M1: Jujuy | N1: La Pampa | O1: La Rioja | P1: Mendoza | Q1: Misiones | R1: Neuquén | S1: Río Negro | T1: Salta | U1: San Juan | V1: San Luis | W1: Santa Cruz | X1: Santa Fe | Y1: Santiago del Estero | Z1: Tierra del Fuego | AA1: Tucumán
A2: 2002-01 | B2: 1.6215262e+08 | C2: 32923665 | D2: 5320347 | E2: 22873669 | F2: 2026 | G2: 5132882.5 | H2: 56298001 | I2: 14479706 | J2: 409970 | K2: 518188.14 | L2: 4126709.8 | M2: 2382600.8 | N2: 14966748 | O2: 118902.26 | P2: 20258379 | Q2: 384227.9 | R2: 1804923.3 | S2: 14020046 | T2: 10094083 | U2: 15681140 | V2: 685815.77 | W2: 14723764 | X2: 41178383 | Y2: 4798251.8 | Z2: 406963 | AA2: 4521835.5
A3: 2002-02 | B3: 1.0653516e+08 | C3: 50796378 | D3: 3760375.6 | E3: 10042925 | F3: 4045 | G3: 3844900.4 | H3: 40186003 | I3: 11386533 | J3: 134873 | K3: 364691.95 | L3: 2927869.4 | M3: 3132642.7 | N3: 10174615 | O3: 136020.5 | P3: 19828522 | Q3: 526247.18 | R3: 4178907.3 | S3: 33509852 | T3: 9267732.1 | U3: 7121868.3 | V3: 855988.67 | W3: 10685341 | X3: 27237787 | Y3: 3364529.2 | Z3: 4443553 | AA3: 3704497.9
A4: 2002-03 | B4: 1.575305e+08 | C4: 44838256 | D4: 9425828.8 | E4: 18243827 | F4: 235 | G4: 6558494.6 | H4: 97776888 | I4: 24001818 | J4: 80782 | K4: 1216556 | L4: 4278052 | M4: 3170571.4 | N4: 19046845 | O4: 84750 | P4: 17374340 | Q4: 2032898.5 | R4: 4606001.8 | S4: 35133450 | T4: 8612591 | U4: 4574663.3 | V4: 4337118.6 | W4: 18512332 | X4: 51127095 | Y4: 6567295.3 | Z4: 1102423 | AA4: 7770500.2
A5: 2002-04 | B5: 1.5033476e+08 | C5: 31224626 | D5: 13675263 | E5: 20720047 | F5: 138 | G5: 2112495.6 | H5: 1.1520992e+08 | I5: 23918860 | J5: 215108 | K5: 774920.68 | L5: 3871920.7 | M5: 3828472.2 | N5: 19540099 | O5: 44953.72 | P5: 13046467 | Q5: 2546074.9 | R5: 3583323.1 | S5: 26661549 | T5: 10164905 | U5: 4470416.9 | V5: 4389318.9 | W5: 23774564 | X5: 71846565 | Y5: 11198492 | Z5: 3618749 | AA5: 9627930.8
A6: 2002-05 | B6: 1.4506563e+08 | C6: 31645716 | D6: 14977826 | E6: 22511231 | F6: 4728 | G6: 4039714.7 | H6: 1.4090285e+08 | I6: 31192239 | J6: 66123 | K6: 668549.6 | L6: 4385743.8 | M6: 5537354.2 | N6: 12295143 | O6: 32703.54 | P6: 7882352.6 | Q6: 1523837.3 | R6: 1876282 | S6: 13513533 | T6: 22949170 | U6: 2557993 | V6: 2933723.8 | W6: 23578565 | X6: 1.0033575e+08 | Y6: 15807622 | Z6: 1617759 | AA6: 24309837
A7: 2002-06 | B7: 1.1432313e+08 | C7: 31122559 | D7: 11260465 | E7: 20003135 | F7: 7311 | G7: 3456414.7 | H7: 1.0900957e+08 | I7: 24252282 | J7: 134566 | K7: 504648.25 | L7: 4335684 | M7: 11574470 | N7: 10117182 | O7: 34 | P7: 4531370.7 | Q7: 9517689.2 | R7: 871942.82 | S7: 6566535.4 | T7: 26322775 | U7: 685583.04 | V7: 2276369.9 | W7: 20687296 | X7: 74299392 | Y7: 11803561 | Z7: 2886932 | AA7: 31226012
A8: 2002-07 | B8: 84458494 | C8: 39007647 | D8: 10367473 | E8: 13631483 | F8: 246 | G8: 7107300.8 | H8: 90934627 | I8: 25005091 | J8: 247560 | K8: 402191.82 | L8: 2827486.8 | M8: 8702895.8 | N8: 6719806 | O8: 27297.73 | P8: 3642390.2 | Q8: 6146913.7 | R8: 442880.8 | S8: 3811938 | T8: 30922300 | U8: 314762.7 | V8: 1182932.4 | W8: 17952923 | X8: 66271730 | Y8: 11565222 | Z8: 1725402 | AA8: 30772903
A9: 2002-08 | B9: 88429892 | C9: 27188472 | D9: 8839911.2 | E9: 19765629 | F9: 2328 | G9: 3367341.9 | H9: 85466748 | I9: 20375239 | J9: 236046 | K9: 290613.58 | L9: 2402190.8 | M9: 7564092.5 | N9: 6791436.3 | O9: 9933.88 | P9: 1699903.4 | Q9: 6160462.2 | R9: 401905.29 | S9: 3464491.1 | T9: 23721229 | U9: 124590.61 | V9: 1129705 | W9: 19398018 | X9: 61010247 | Y9: 10534486 | Z9: 3002695 | AA9: 25558507
A10: 2002-09 | B10: 74345796 | C10: 26555968 | D10: 8749677.6 | E10: 10391137 | F10: 8588 | G10: 1643609.9 | H10: 86422848 | I10: 17596440 | J10: 172609 | K10: 397161.84 | L10: 2291462.7 | M10: 4236927.5 | N10: 6380748.8 | O10: 179.59 | P10: 1515269.2 | Q10: 6897503.5 | R10: 430742.94 | S10: 3719161.6 | T10: 19928308 | U10: 171482.61 | V10: 1941562.7 | W10: 20666003 | X10: 56411487 | Y10: 10255134 | Z10: 834269 | AA10: 8451761.4
A11: 2002-10 | B11: 59379204 | C11: 36650171 | D11: 4605358.4 | E11: 13383908 | F11: 681 | G11: 1412602.6 | H11: 54568693 | I11: 10472959 | J11: 70598 | K11: 455588.83 | L11: 1702947.3 | M11: 2524302.7 | N11: 6177143.1 | O11: 8.02 | P11: 1630658.5 | Q11: 8198371 | R11: 259050.89 | S11: 3144938.9 | T11: 17363228 | U11: 223958.91 | V11: 1676039.9 | W11: 16901245 | X11: 28530706 | Y11: 4999982.6 | Z11: 617373 | AA11: 4251670.3
A12: 2002-11 | B12: 82344937 | C12: 45428940 | D12: 4255021.6 | E12: 17730927 | F12: 2260 | G12: 1573050.1 | H12: 64420552 | I12: 11915509 | J12: 126716 | K12: 653801.99 | L12: 2176043 | M12: 3200604.5 | N12: 8612638.9 | O12: 135475 | P12: 5110966.1 | Q12: 2191355.2 | R12: 374408.05 | S12: 3400948.1 | T12: 13074553 | U12: 573514.28 | V12: 2374841.5 | W12: 13689033 | X12: 28985803 | Y12: 4076883.6 | Z12: 1697138 | AA12: 3750693
A13: 2002-12 | B13: 87479739 | C13: 44827675 | D13: 3355170.3 | E13: 14393804 | F13: 5961 | G13: 1430629.3 | H13: 51386083 | I13: 9495087.1 | J13: 80851 | K13: 409240.54 | L13: 2543898.6 | M13: 2214780.6 | N13: 8331048.5 | O13: 46416.72 | P13: 10511955 | Q13: 2031951.9 | R13: 587467.33 | S13: 3811349.2 | T13: 11194900 | U13: 5776749.1 | V13: 1473158.2 | W13: 8400436.8 | X13: 25468939 | Y13: 3658527.5 | Z13: 6188755 | AA13: 3544620.5
... A290: 2026-01 | B290: 8.7488507e+08 | C290: 1578269.1 | D290: 12870022 | E290: 98162509 | F290: 458.05 | G290: 9625204.4 | H290: 3.036444e+08 | I290: 1.2793953e+08 | J290: 19878460 | K290: 1477063.6 | L290: 18056533 | M290: 26308121 | N290: 58508155 | O290: 40596.69 | P290: 30514416 | Q290: 1662273 | R290: 4094224.1 | S290: 18855270 | T290: 44688953 | U290: 9140015.6 | V290: 20517304 | W290: 1.0161738e+08 | X290: 2.1535838e+08 | Y290: 45376845 | Z290: 4148808.4 | AA290: 7603230.7

Sheet MOA
A1: fecha | B1: Buenos Aires | C1: Catamarca | D1: Chaco | E1: Chubut | F1: Ciudad Autónoma de Buenos Aires | G1: Corrientes | H1: Córdoba | I1: Entre Ríos | J1: Extranjero y Plataforma Continental | K1: Formosa | L1: Indeterminado | M1: Jujuy | N1: La Pampa | O1: La Rioja | P1: Mendoza | Q1: Misiones | R1: Neuquén | S1: Río Negro | T1: Salta | U1: San Juan | V1: San Luis | W1: Santa Cruz | X1: Santa Fe | Y1: Santiago del Estero | Z1: Tierra del Fuego | AA1: Tucumán
A2: 2002-01 | B2: 1.2742766e+08 | C2: 322568.88 | D2: 3707194.7 | E2: 7219165 | F2: 1810842 | G2: 1276949.9 | H2: 99635778 | I2: 3836479.9 | J2: 1101805 | K2: 263282.62 | L2: 12709679 | M2: 1170723 | N2: 11779.93 | O2: 7753902.4 | P2: 13267244 | Q2: 7300226 | R2: 312443.95 | S2: 822500.18 | T2: 1251357 | U2: 2125188 | V2: 14714038 | W2: 1006365 | X2: 2.1699102e+08 | Y2: 8959.4 | Z2: 3732526 | AA2: 5512716.3
A3: 2002-02 | B3: 1.3112036e+08 | C3: 596882.14 | D3: 2903802.6 | E3: 8068690 | F3: 2877231 | G3: 1457881.2 | H3: 76758468 | I3: 4414362.2 | J3: 1610766 | K3: 298856.22 | L3: 6630502 | M3: 1812273.6 | N3: 9704.7 | O3: 8487499.1 | P3: 12821103 | Q3: 7763438 | R3: 177584.42 | S3: 299982.65 | T3: 1272640.5 | U3: 1775055.8 | V3: 10576952 | W3: 1484363 | X3: 1.9643126e+08 | Y3: 21238.8 | Z3: 379263 | AA3: 7481119.6
A4: 2002-03 | B4: 1.5279132e+08 | C4: 674787.68 | D4: 2956638.4 | E4: 16100103 | F4: 3139953 | G4: 1717274 | H4: 74067187 | I4: 5394766.4 | J4: 968802 | K4: 352935.12 | L4: 7435023.9 | M4: 1388536.5 | N4: 11081.07 | O4: 9669925 | P4: 15222368 | Q4: 8104026 | R4: 4629739 | S4: 3716606.9 | T4: 1260449.3 | U4: 2051701.6 | V4: 8660774.1 | W4: 1528900 | X4: 2.0854055e+08 | Y4: 10999.64 | Z4: 946054 | AA4: 4901587.8
A5: 2002-04 | B5: 1.8001266e+08 | C5: 538056.28 | D5: 2577780.5 | E5: 7242582 | F5: 2936364 | G5: 1705628.9 | H5: 80793920 | I5: 6099112.7 | J5: 916459 | K5: 21899.38 | L5: 5801882.8 | M5: 1965127.1 | N5: 258759.15 | O5: 11054904 | P5: 17759849 | Q5: 8153964 | R5: 1584518.3 | S5: 4318570.1 | T5: 1655862.4 | U5: 3207883.9 | V5: 8979948 | W5: 2251674 | X5: 2.678896e+08 | Y5: 20026.5 | Z5: 4518992 | AA5: 5451553.1
A6: 2002-05 | B6: 1.8401161e+08 | C6: 752556.63 | D6: 2507789.4 | E6: 11025767 | F6: 2740167 | G6: 2131227.9 | H6: 1.0528926e+08 | I6: 6406381.8 | J6: 709180 | K6: 33235.73 | L6: 9595736.1 | M6: 1640063.4 | N6: 272600.28 | O6: 9622154.3 | P6: 19552892 | Q6: 10496502 | R6: 873548.69 | S6: 4177956.2 | T6: 2048237.6 | U6: 3240095.4 | V6: 7833210.8 | W6: 4220675 | X6: 2.9755975e+08 | Y6: 68021.34 | Z6: 5131799 | AA6: 7074921.2
A7: 2002-06 | B7: 1.7553353e+08 | C7: 556011.07 | D7: 3560253.5 | E7: 7016645 | F7: 2297081 | G7: 1981228.2 | H7: 1.0012351e+08 | I7: 5864064.5 | J7: 765308 | K7: 38856.05 | L7: 9257760 | M7: 1300225 | N7: 562728.58 | O7: 8043444.1 | P7: 19252686 | Q7: 9781688 | R7: 1167239.5 | S7: 3079750 | T7: 1971587.4 | U7: 3076175.8 | V7: 7541782 | W7: 2768942 | X7: 3.0259416e+08 | Y7: 20996.17 | Z7: 7077696 | AA7: 9253618.9
A8: 2002-07 | B8: 2.0542968e+08 | C8: 913390.66 | D8: 1566944.6 | E8: 10391713 | F8: 2873749 | G8: 2540419 | H8: 1.0745746e+08 | I8: 7896853 | J8: 820108 | K8: 34847.3 | L8: 11616464 | M8: 5867716.8 | N8: 228680.97 | O8: 9422535.3 | P8: 17831859 | Q8: 8737473 | R8: 2795562.1 | S8: 3906567.9 | T8: 3595777 | U8: 3758442.4 | V8: 8170241.2 | W8: 2185671 | X8: 3.5883738e+08 | Y8: 108454.21 | Z8: 1042706 | AA8: 13908260
A9: 2002-08 | B9: 1.6384767e+08 | C9: 929252.36 | D9: 2720162.2 | E9: 8688425 | F9: 2541750 | G9: 2088914.3 | H9: 1.1362811e+08 | I9: 7881915.4 | J9: 1025121 | K9: 40029.5 | L9: 8081522 | M9: 5965886 | N9: 231107.73 | O9: 7801164 | P9: 19307231 | Q9: 8140668 | R9: 129953.21 | S9: 567304.87 | T9: 3909431.5 | U9: 3841671.7 | V9: 6756455.7 | W9: 1989144 | X9: 3.1249588e+08 | Y9: 25499.07 | Z9: 3904282 | AA9: 23097993
A10: 2002-09 | B10: 1.7882348e+08 | C10: 829513.03 | D10: 3327084.9 | E10: 9011292 | F10: 2768853 | G10: 2085078.6 | H10: 1.4825347e+08 | I10: 8228315.5 | J10: 1042831 | K10: 51272.78 | L10: 5304259 | M10: 4181029 | N10: 269300.53 | O10: 8386653.7 | P10: 21355171 | Q10: 9911066 | R10: 3179913.3 | S10: 4261757.1 | T10: 4624300.8 | U10: 5483710.4 | V10: 7261006.8 | W10: 1403383 | X10: 3.8284968e+08 | Y10: 44163.46 | Z10: 1781912 | AA10: 20412507
A11: 2002-10 | B11: 1.8613217e+08 | C11: 1020273.2 | D11: 3426242 | E11: 11909621 | F11: 2484341 | G11: 2001572.1 | H11: 1.2884128e+08 | I11: 7091964.2 | J11: 1417451 | K11: 178810.91 | L11: 13573817 | M11: 6369048.9 | N11: 32489.99 | O11: 9213210.9 | P11: 20714698 | Q11: 7941606 | R11: 2696062.3 | S11: 3069909.4 | T11: 3510228.5 | U11: 3780773.8 | V11: 7615742.7 | W11: 1625587 | X11: 3.4444613e+08 | Y11: 75604.31 | Z11: 3118078 | AA11: 14806315
A12: 2002-11 | B12: 1.5802228e+08 | C12: 806799.02 | D12: 3171162.8 | E12: 16389339 | F12: 2871894 | G12: 2544685.3 | H12: 1.2371144e+08 | I12: 9009552.7 | J12: 1067707 | K12: 40539.49 | L12: 9115021.4 | M12: 2621313.8 | N12: 184116.29 | O12: 8400969.1 | P12: 21042275 | Q12: 10204769 | R12: 84199.81 | S12: 566719.87 | T12: 2213041.4 | U12: 3690788.6 | V12: 7601427.8 | W12: 3612884 | X12: 3.4505195e+08 | Y12: 20569.5 | Z12: 3357571 | AA12: 6405967.3
A13: 2002-12 | B13: 1.8895029e+08 | C13: 606027.57 | D13: 2493841.5 | E13: 15633468 | F13: 2695363 | G13: 2044830.3 | H13: 90630635 | I13: 6887867.3 | J13: 551190 | K13: 35596.98 | L13: 16276435 | M13: 2060458.4 | N13: 139827.92 | O13: 9568271 | P13: 20759201 | Q13: 9857250 | R13: 77887.19 | S13: 348089.94 | T13: 2374461.4 | U13: 2560452.7 | V13: 6214578.5 | W13: 4246115 | X13: 3.0764149e+08 | Y13: 14687.33 | Z13: 2058182 | AA13: 7731251
... A290: 2026-01 | B290: 5.5718982e+08 | C290: 955853.32 | D290: 7693681 | E290: 8766508.8 | F290: 2830928.9 | G290: 10791445 | H290: 3.7361905e+08 | I290: 49065781 | J290: 3728112.1 | K290: 127043.58 | L290: 43178925 | M290: 20123069 | N290: 17811162 | O290: 3831135.2 | P290: 56780013 | Q290: 17948951 | R290: 2137509.8 | S290: 6717407.7 | T290: 7762908.4 | U290: 5483493 | V290: 15357077 | W290: 7411369.4 | X290: 1.0289929e+09 | Y290: 4266175.5 | Z290: 931686.07 | AA290: 27091333

Sheet CyE
A1: fecha | B1: Buenos Aires | C1: Chubut | D1: Ciudad Autónoma de Buenos Aires | E1: Extranjero y Plataforma Continental | F1: Formosa | G1: Indeterminado | H1: La Pampa | I1: Mendoza | J1: Neuquén | K1: Río Negro | L1: Salta | M1: Santa Cruz | N1: Santa Fe | O1: Tierra del Fuego | P1: Córdoba | Q1: San Juan | R1: Entre Ríos | S1: San Luis | T1: Misiones | U1: Tucumán | V1: Jujuy | W1: Chaco | X1: Corrientes | Y1: Catamarca | Z1: La Rioja | AA1: Santiago del Estero
A2: 2002-01 | B2: 74901306 | C2: 38133778 | D2: 402285 | E2: 3622472.3 | F2: 911677.93 | G2: 19561344 | H2: 1495721.6 | I2: 30482113 | J2: 57952736 | K2: 6556429.1 | L2: 14327058 | M2: 35704759 | N2: 5472177 | O2: 20778353 | P2: 0 | Q2: 0 | R2: 0 | S2: 0 | T2: 0 | U2: 0 | V2: 0 | W2: 0 | X2: 0 | Y2: 0 | Z2: 0 | AA2: 0
A3: 2002-02 | B3: 89364234 | C3: 35659699 | D3: 2556309 | E3: 3413461.5 | F3: 852529.23 | G3: 14615259 | H3: 1398680.8 | I3: 31194777 | J3: 52585461 | K3: 6065561.8 | L3: 17605126 | M3: 32743497 | N3: 7108665 | O3: 19470828 | P3: 3325 | Q3: 6480 | R3: 0 | S3: 0 | T3: 0 | U3: 0 | V3: 0 | W3: 0 | X3: 0 | Y3: 0 | Z3: 0 | AA3: 0
A4: 2002-03 | B4: 99207361 | C4: 53051888 | D4: 6600 | E4: 5000851.8 | F4: 1268225.3 | G4: 15690849 | H4: 2080682.2 | I4: 33009018 | J4: 69046132 | K4: 8938927.1 | L4: 14053076 | M4: 47705671 | N4: 4228995 | O4: 23579659 | P4: 20730 | Q4: 8410 | R4: 0 | S4: 0 | T4: 0 | U4: 0 | V4: 0 | W4: 0 | X4: 0 | Y4: 0 | Z4: 0 | AA4: 0
A5: 2002-04 | B5: 98713805 | C5: 55599722 | D5: 405474 | E5: 5211298 | F5: 1329242.5 | G5: 17266843 | H5: 2180788.5 | I5: 36656776 | J5: 71585901 | K5: 9355893.6 | L5: 13744984 | M5: 49925866 | N5: 2220577 | O5: 24277354 | P5: 20625 | Q5: 60348 | R5: 440 | S5: 550 | T5: 0 | U5: 0 | V5: 0 | W5: 0 | X5: 0 | Y5: 0 | Z5: 0 | AA5: 0
A6: 2002-05 | B6: 81106440 | C6: 39728803 | D6: 0 | E6: 3827315.9 | F6: 949810.76 | G6: 19522278 | H6: 1558283.3 | I6: 23611591 | J6: 60508022 | K6: 6843168.8 | L6: 21507678 | M6: 37539083 | N6: 6274194 | O6: 23869784 | P6: 18125 | Q6: 21950 | R6: 0 | S6: 0 | T6: 0 | U6: 0 | V6: 0 | W6: 0 | X6: 0 | Y6: 0 | Z6: 0 | AA6: 0
A7: 2002-06 | B7: 84576432 | C7: 52565496 | D7: 0 | E7: 4867189.6 | F7: 1256702.2 | G7: 20581859 | H7: 2061777 | I7: 27986834 | J7: 69366791 | K7: 8886615.1 | L7: 15168289 | M7: 47746344 | N7: 14010775 | O7: 24232161 | P7: 16126 | Q7: 28235 | R7: 0 | S7: 0 | T7: 0 | U7: 0 | V7: 0 | W7: 0 | X7: 0 | Y7: 0 | Z7: 0 | AA7: 0
A8: 2002-07 | B8: 76684685 | C8: 45045800 | D8: 0 | E8: 4173431.3 | F8: 1076926.1 | G8: 20110094 | H8: 1766831.9 | I8: 23370416 | J8: 57732137 | K8: 7580597.7 | L8: 14933614 | M8: 40694294 | N8: 3631841 | O8: 21297928 | P8: 0 | Q8: 29680 | R8: 0 | S8: 0 | T8: 0 | U8: 0 | V8: 0 | W8: 0 | X8: 0 | Y8: 0 | Z8: 0 | AA8: 0
A9: 2002-08 | B9: 93221824 | C9: 54200520 | D9: 0 | E9: 5023535 | F9: 1295791.3 | G9: 16562920 | H9: 2125907.6 | I9: 36458457 | J9: 76060494 | K9: 9233250.6 | L9: 26129793 | M9: 49945401 | N9: 8172072 | O9: 25157328 | P9: 1408 | Q9: 29680 | R9: 0 | S9: 0 | T9: 0 | U9: 0 | V9: 0 | W9: 0 | X9: 0 | Y9: 0 | Z9: 0 | AA9: 0
A10: 2002-09 | B10: 1.2141847e+08 | C10: 53911159 | D10: 100 | E10: 4967648.5 | F10: 1288873.4 | G10: 21858610 | H10: 2114558 | I10: 38718942 | J10: 69180781 | K10: 9068820.8 | L10: 19331710 | M10: 48287231 | N10: 4988772 | O10: 26696691 | P10: 22750 | Q10: 21950 | R10: 0 | S10: 0 | T10: 0 | U10: 0 | V10: 0 | W10: 0 | X10: 0 | Y10: 0 | Z10: 0 | AA10: 0
A11: 2002-10 | B11: 1.4072223e+08 | C11: 64005372 | D11: 0 | E11: 5877808.3 | F11: 1530094.2 | G11: 19226897 | H11: 2510310.8 | I11: 51726493 | J11: 78996006 | K11: 10698203 | L11: 17117181 | M11: 56768457 | N11: 11351691 | O11: 29326586 | P11: 71 | Q11: 5960 | R11: 0 | S11: 0 | T11: 0 | U11: 0 | V11: 0 | W11: 0 | X11: 0 | Y11: 0 | Z11: 0 | AA11: 0
A12: 2002-11 | B12: 1.409636e+08 | C12: 59501964 | D12: 0 | E12: 8177255.1 | F12: 1422534.8 | G12: 19973668 | H12: 2333846.2 | I12: 57049147 | J12: 81885522 | K12: 10048801 | L12: 18354745 | M12: 54087291 | N12: 8424309 | O12: 28532117 | P12: 0 | Q12: 33538 | R12: 0 | S12: 0 | T12: 0 | U12: 0 | V12: 0 | W12: 0 | X12: 0 | Y12: 0 | Z12: 0 | AA12: 0
A13: 2002-12 | B13: 1.4164008e+08 | C13: 45866900 | D13: 0 | E13: 5068481.1 | F13: 1096556.4 | G13: 17261684 | H13: 1799037.9 | I13: 54517443 | J13: 59908751 | K13: 7679365.7 | L13: 19309934 | M13: 40719902 | N13: 9282415 | O13: 19688767 | P13: 78 | Q13: 82665 | R13: 0 | S13: 0 | T13: 0 | U13: 0 | V13: 0 | W13: 0 | X13: 0 | Y13: 0 | Z13: 0 | AA13: 0
... A290: 2026-01 | B290: 2.8989004e+08 | C290: 1.2801023e+08 | D290: 0 | E290: 859397.24 | F290: 0 | G290: 9426258.2 | H290: 2413320.9 | I290: 9995701.8 | J290: 2.7233574e+08 | K290: 13688366 | L290: 1098864.1 | M290: 19558596 | N290: 9461116.3 | O290: 22316149 | P290: 1926942 | Q290: 0 | R290: 0 | S290: 0 | T290: 0 | U290: 209987.27 | V290: 0 | W290: 0 | X290: 0 | Y290: 0 | Z290: 0 | AA290: 0

Sheet MOI
A1: fecha | B1: Buenos Aires | C1: Catamarca | D1: Chaco | E1: Chubut | F1: Ciudad Autónoma de Buenos Aires | G1: Corrientes | H1: Córdoba | I1: Entre Ríos | J1: Extranjero y Plataforma Continental | K1: Formosa | L1: Indeterminado | M1: Jujuy | N1: La Pampa | O1: La Rioja | P1: Mendoza | Q1: Misiones | R1: Neuquén | S1: Río Negro | T1: Salta | U1: San Juan | V1: San Luis | W1: Santa Cruz | X1: Santa Fe | Y1: Tierra del Fuego | Z1: Tucumán | AA1: Santiago del Estero
A2: 2002-01 | B2: 2.9794202e+08 | C2: 1132501 | D2: 371738 | E2: 31935938 | F2: 12165866 | G2: 750785 | H2: 40716567 | I2: 5786868 | J2: 29953761 | K2: 21650 | L2: 2500626 | M2: 1165928 | N2: 350 | O2: 2087312 | P2: 7375839 | Q2: 10647054 | R2: 215582 | S2: 1421163.2 | T2: 2637788 | U2: 5759563 | V2: 10966022 | W2: 8149541 | X2: 32677539 | Y2: 453264 | Z2: 15128042 | AA2: 0
A3: 2002-02 | B3: 3.407964e+08 | C3: 1198111 | D3: 433306 | E3: 23493843 | F3: 10102335 | G3: 987616 | H3: 45035751 | I3: 5463228.5 | J3: 82387130 | K3: 88126 | L3: 2701634 | M3: 1106029 | N3: 15870.75 | O3: 1719093 | P3: 8455031 | Q3: 10315890 | R3: 190621 | S3: 1441990.3 | T3: 5236543 | U3: 4040273 | V3: 8694866.9 | W3: 9029397 | X3: 39275986 | Y3: 418369 | Z3: 8976528.9 | AA3: 2600
A4: 2002-03 | B4: 4.0983791e+08 | C4: 1768139 | D4: 296693 | E4: 27719866 | F4: 12209780 | G4: 1297330 | H4: 48321801 | I4: 3918022.2 | J4: 44147522 | K4: 16180 | L4: 2520424 | M4: 1619090 | N4: 50715 | O4: 2754175.3 | P4: 8063862 | Q4: 8256186 | R4: 149967 | S4: 1838578.4 | T4: 2021678 | U4: 3678150 | V4: 8653061.1 | W4: 6098411 | X4: 46607207 | Y4: 1058645 | Z4: 8349478 | AA4: 1850
A5: 2002-04 | B5: 3.5544637e+08 | C5: 3184134 | D5: 297407 | E5: 21754144 | F5: 11691698 | G5: 912111 | H5: 49142287 | I5: 2442910.3 | J5: 46406658 | K5: 26655 | L5: 2103119 | M5: 1259213 | N5: 63 | O5: 1939759 | P5: 8911980 | Q5: 11009044 | R5: 214071 | S5: 1296042.6 | T5: 721217 | U5: 3489023 | V5: 11322542 | W5: 7683757 | X5: 42206922 | Y5: 3822973 | Z5: 7725712.8 | AA5: 80
A6: 2002-05 | B6: 4.6100624e+08 | C6: 3104987 | D6: 466858 | E6: 32917913 | F6: 9970928 | G6: 1437002 | H6: 47962384 | I6: 2772836.5 | J6: 43614712 | K6: 16452 | L6: 2995240 | M6: 1500664 | N6: 10144 | O6: 1890065.2 | P6: 8884127 | Q6: 8391116 | R6: 239650 | S6: 433458.91 | T6: 3006361 | U6: 3866264 | V6: 10266978 | W6: 4953566 | X6: 50497608 | Y6: 5385722 | Z6: 5735645 | AA6: 33449
A7: 2002-06 | B7: 3.9324523e+08 | C7: 1035556 | D7: 353564 | E7: 30838836 | F7: 15273661 | G7: 1368779 | H7: 39301168 | I7: 2557126.2 | J7: 37516018 | K7: 41091 | L7: 2287036 | M7: 1034411 | N7: 17720 | O7: 2646335.5 | P7: 12028353 | Q7: 10310403 | R7: 70612 | S7: 1583766.5 | T7: 3598822 | U7: 3109227 | V7: 11763169 | W7: 9651609 | X7: 48871009 | Y7: 2045882 | Z7: 6185575 | AA7: 101935
A8: 2002-07 | B8: 4.1911361e+08 | C8: 2105435 | D8: 304661 | E8: 24040926 | F8: 9570253 | G8: 755751 | H8: 42402049 | I8: 2100484.6 | J8: 44744591 | K8: 43133 | L8: 2418206 | M8: 1252419 | N8: 22544 | O8: 2396221 | P8: 10337860 | Q8: 11239850 | R8: 286544 | S8: 1459156.7 | T8: 1384604 | U8: 3576222 | V8: 13322827 | W8: 6920949 | X8: 55617589 | Y8: 2552215 | Z8: 12175461 | AA8: 129923
A9: 2002-08 | B9: 3.9159746e+08 | C9: 502156 | D9: 253331 | E9: 32826702 | F9: 13050542 | G9: 777417 | H9: 34402991 | I9: 2557205.5 | J9: 37749644 | K9: 13717 | L9: 2157213 | M9: 897410 | N9: 12139 | O9: 2407250 | P9: 12293333 | Q9: 5217765 | R9: 148799 | S9: 181097.07 | T9: 5253533 | U9: 5486006 | V9: 11882802 | W9: 6062991 | X9: 56792271 | Y9: 1159994 | Z9: 12882144 | AA9: 15925
A10: 2002-09 | B10: 4.1549592e+08 | C10: 2435397 | D10: 554504 | E10: 23811972 | F10: 10237839 | G10: 880984 | H10: 37727339 | I10: 2918288.6 | J10: 39414146 | K10: 55359 | L10: 1640868 | M10: 1368918 | N10: 47620 | O10: 2125378 | P10: 6291304 | Q10: 12084859 | R10: 234036 | S10: 2525467.4 | T10: 4991159 | U10: 6305980 | V10: 13281902 | W10: 6690566 | X10: 61299156 | Y10: 1184775 | Z10: 15502702 | AA10: 122063
A11: 2002-10 | B11: 4.0874104e+08 | C11: 3955978 | D11: 210381 | E11: 34468425 | F11: 13896485 | G11: 1149134 | H11: 45964204 | I11: 4008943 | J11: 53795091 | K11: 50600 | L11: 1962323 | M11: 738995 | N11: 89480 | O11: 2108132 | P11: 7637639 | Q11: 6311418 | R11: 241314 | S11: 1270875.4 | T11: 5737816 | U11: 5999211 | V11: 11439417 | W11: 6594195 | X11: 64543266 | Y11: 2910476 | Z11: 18001925 | AA11: 94154
A12: 2002-11 | B12: 3.6836891e+08 | C12: 961484 | D12: 279584 | E12: 25017916 | F12: 13506833 | G12: 638718 | H12: 39695720 | I12: 3893864.4 | J12: 31074301 | K12: 46777 | L12: 1991288 | M12: 1458969 | N12: 8192 | O12: 2401492 | P12: 6814315 | Q12: 14332206 | R12: 377063 | S12: 932535.67 | T12: 1316361 | U12: 5400836 | V12: 10123529 | W12: 8695923 | X12: 55216370 | Y12: 3063722 | Z12: 10368190 | AA12: 0
A13: 2002-12 | B13: 3.4946829e+08 | C13: 2324884 | D13: 274807 | E13: 26129990 | F13: 10960815 | G13: 610533 | H13: 39641554 | I13: 5492119 | J13: 25954849 | K13: 27047 | L13: 1584873 | M13: 805391 | N13: 89094 | O13: 2478656 | P13: 8698429 | Q13: 8603291 | R13: 281105 | S13: 563935.55 | T13: 1630185 | U13: 6150480 | V13: 11842504 | W13: 10860294 | X13: 58491764 | Y13: 3863459 | Z13: 12481456 | AA13: 430
... A290: 2026-01 | B290: 5.5927343e+08 | C290: 52381669 | D290: 328096.1 | E290: 1.2417933e+08 | F290: 43099200 | G290: 3482693.3 | H290: 93132702 | I290: 8178746.1 | J290: 2.3187312e+08 | K290: 34854.49 | L290: 22041216 | M290: 51062046 | N290: 381935.17 | O290: 2772914.6 | P290: 16737868 | Q290: 14485061 | R290: 5895144.1 | S290: 135640.48 | T290: 51280326 | U290: 2.3683789e+08 | V290: 8108018.2 | W290: 3.1719747e+08 | X290: 60991006 | Y290: 5261899.2 | Z290: 29755222 | AA290: 16940

Sheet ALL RUBROS
A1: fecha | B1: Buenos Aires | C1: Catamarca | D1: Chaco | E1: Chubut | F1: Ciudad Autónoma de Buenos Aires | G1: Corrientes | H1: Córdoba | I1: Entre Ríos | J1: Extranjero y Plataforma Continental | K1: Formosa | L1: Indeterminado | M1: Jujuy | N1: La Pampa | O1: La Rioja | P1: Mendoza | Q1: Misiones | R1: Neuquén | S1: Río Negro | T1: Salta | U1: San Juan | V1: San Luis | W1: Santa Cruz | X1: Santa Fe | Y1: Tierra del Fuego | Z1: Tucumán | AA1: Santiago del Estero
A2: 2002-01 | B2: =+PP!B2+MOA!B2+CyE!B2+MOI!B2 -> 6.6242361e+08 | C2: =+PP!C2+MOA!C2+CyE!C2+MOI!C2 -> 72512513 | D2: =+PP!D2+MOA!D2+CyE!D2+MOI!D2 -> 9801564.7 | E2: =+PP!E2+MOA!E2+CyE!E2+MOI!E2 -> 65651244 | F2: =+PP!F2+MOA!F2+CyE!F2+MOI!F2 -> 14890412 | G2: =+PP!G2+MOA!G2+CyE!G2+MOI!G2 -> 26721961 | H2: =+PP!H2+MOA!H2+CyE!H2+MOI!H2 -> 1.9814607e+08 | I2: =+PP!I2+MOA!I2+CyE!I2+MOI!I2 -> 54585167 | ... AA2: =+PP!AA2+MOA!AA2+CyE!AA2+MOI!AA2 -> 10034552
A3: 2002-02 | B3: =+PP!B3+MOA!B3+CyE!B3+MOI!B3 -> 6.6781615e+08 | C3: =+PP!C3+MOA!C3+CyE!C3+MOI!C3 -> 88251070 | D3: =+PP!D3+MOA!D3+CyE!D3+MOI!D3 -> 9653793.2 | E3: =+PP!E3+MOA!E3+CyE!E3+MOI!E3 -> 45018920 | F3: =+PP!F3+MOA!F3+CyE!F3+MOI!F3 -> 13836140 | G3: =+PP!G3+MOA!G3+CyE!G3+MOI!G3 -> 20905656 | H3: =+PP!H3+MOA!H3+CyE!H3+MOI!H3 -> 1.633789e+08 | I3: =+PP!I3+MOA!I3+CyE!I3+MOI!I3 -> 52458901 | ... AA3: =+PP!AA3+MOA!AA3+CyE!AA3+MOI!AA3 -> 11188218
A4: 2002-03 | B4: =+PP!B4+MOA!B4+CyE!B4+MOI!B4 -> 8.1936709e+08 | C4: =+PP!C4+MOA!C4+CyE!C4+MOI!C4 -> 1.0033307e+08 | D4: =+PP!D4+MOA!D4+CyE!D4+MOI!D4 -> 12685760 | E4: =+PP!E4+MOA!E4+CyE!E4+MOI!E4 -> 67064647 | F4: =+PP!F4+MOA!F4+CyE!F4+MOI!F4 -> 16618193 | G4: =+PP!G4+MOA!G4+CyE!G4+MOI!G4 -> 25263948 | H4: =+PP!H4+MOA!H4+CyE!H4+MOI!H4 -> 2.2224656e+08 | I4: =+PP!I4+MOA!I4+CyE!I4+MOI!I4 -> 66323624 | ... AA4: =+PP!AA4+MOA!AA4+CyE!AA4+MOI!AA4 -> 12673938
A5: 2002-04 | B5: =+PP!B5+MOA!B5+CyE!B5+MOI!B5 -> 7.8450759e+08 | C5: =+PP!C5+MOA!C5+CyE!C5+MOI!C5 -> 90546539 | D5: =+PP!D5+MOA!D5+CyE!D5+MOI!D5 -> 16955925 | E5: =+PP!E5+MOA!E5+CyE!E5+MOI!E5 -> 54928071 | F5: =+PP!F5+MOA!F5+CyE!F5+MOI!F5 -> 15957443 | G5: =+PP!G5+MOA!G5+CyE!G5+MOI!G5 -> 21997078 | H5: =+PP!H5+MOA!H5+CyE!H5+MOI!H5 -> 2.4732692e+08 | I5: =+PP!I5+MOA!I5+CyE!I5+MOI!I5 -> 69117658 | ... AA5: =+PP!AA5+MOA!AA5+CyE!AA5+MOI!AA5 -> 15079564
A6: 2002-05 | B6: =+PP!B6+MOA!B6+CyE!B6+MOI!B6 -> 8.7118992e+08 | C6: =+PP!C6+MOA!C6+CyE!C6+MOI!C6 -> 75232063 | D6: =+PP!D6+MOA!D6+CyE!D6+MOI!D6 -> 17952473 | E6: =+PP!E6+MOA!E6+CyE!E6+MOI!E6 -> 70282227 | F6: =+PP!F6+MOA!F6+CyE!F6+MOI!F6 -> 13665634 | G6: =+PP!G6+MOA!G6+CyE!G6+MOI!G6 -> 27130223 | H6: =+PP!H6+MOA!H6+CyE!H6+MOI!H6 -> 2.9571278e+08 | I6: =+PP!I6+MOA!I6+CyE!I6+MOI!I6 -> 63983048 | ... AA6: =+PP!AA6+MOA!AA6+CyE!AA6+MOI!AA6 -> 31418208
A7: 2002-06 | B7: =+PP!B7+MOA!B7+CyE!B7+MOI!B7 -> 7.6767832e+08 | C7: =+PP!C7+MOA!C7+CyE!C7+MOI!C7 -> 85279622 | D7: =+PP!D7+MOA!D7+CyE!D7+MOI!D7 -> 15174282 | E7: =+PP!E7+MOA!E7+CyE!E7+MOI!E7 -> 62725805 | F7: =+PP!F7+MOA!F7+CyE!F7+MOI!F7 -> 18834755 | G7: =+PP!G7+MOA!G7+CyE!G7+MOI!G7 -> 27388281 | H7: =+PP!H7+MOA!H7+CyE!H7+MOI!H7 -> 2.5049603e+08 | I7: =+PP!I7+MOA!I7+CyE!I7+MOI!I7 -> 60660307 | ... AA7: =+PP!AA7+MOA!AA7+CyE!AA7+MOI!AA7 -> 40581566
A8: 2002-07 | B8: =+PP!B8+MOA!B8+CyE!B8+MOI!B8 -> 7.8568647e+08 | C8: =+PP!C8+MOA!C8+CyE!C8+MOI!C8 -> 87072273 | D8: =+PP!D8+MOA!D8+CyE!D8+MOI!D8 -> 12239079 | E8: =+PP!E8+MOA!E8+CyE!E8+MOI!E8 -> 52237553 | F8: =+PP!F8+MOA!F8+CyE!F8+MOI!F8 -> 13521174 | G8: =+PP!G8+MOA!G8+CyE!G8+MOI!G8 -> 30513565 | H8: =+PP!H8+MOA!H8+CyE!H8+MOI!H8 -> 2.4256097e+08 | I8: =+PP!I8+MOA!I8+CyE!I8+MOI!I8 -> 58372845 | ... AA8: =+PP!AA8+MOA!AA8+CyE!AA8+MOI!AA8 -> 44811086
A9: 2002-08 | B9: =+PP!B9+MOA!B9+CyE!B9+MOI!B9 -> 7.3709685e+08 | C9: =+PP!C9+MOA!C9+CyE!C9+MOI!C9 -> 82820400 | D9: =+PP!D9+MOA!D9+CyE!D9+MOI!D9 -> 11813404 | E9: =+PP!E9+MOA!E9+CyE!E9+MOI!E9 -> 66304291 | F9: =+PP!F9+MOA!F9+CyE!F9+MOI!F9 -> 16890411 | G9: =+PP!G9+MOA!G9+CyE!G9+MOI!G9 -> 22796594 | H9: =+PP!H9+MOA!H9+CyE!H9+MOI!H9 -> 2.3562375e+08 | I9: =+PP!I9+MOA!I9+CyE!I9+MOI!I9 -> 67272817 | ... AA9: =+PP!AA9+MOA!AA9+CyE!AA9+MOI!AA9 -> 48672425
A10: 2002-09 | B10: =+PP!B10+MOA!B10+CyE!B10+MOI!B10 -> 7.9008367e+08 | C10: =+PP!C10+MOA!C10+CyE!C10+MOI!C10 -> 83732037 | D10: =+PP!D10+MOA!D10+CyE!D10+MOI!D10 -> 12631367 | E10: =+PP!E10+MOA!E10+CyE!E10+MOI!E10 -> 48182050 | F10: =+PP!F10+MOA!F10+CyE!F10+MOI!F10 -> 14304153 | G10: =+PP!G10+MOA!G10+CyE!G10+MOI!G10 -> 26468283 | H10: =+PP!H10+MOA!H10+CyE!H10+MOI!H10 -> 2.7451822e+08 | I10: =+PP!I10+MOA!I10+CyE!I10+MOI!I10 -> 67461986 | ... AA10: =+PP!AA10+MOA!AA10+CyE!AA10+MOI!AA10 -> 28986331
A11: 2002-10 | B11: =+PP!B11+MOA!B11+CyE!B11+MOI!B11 -> 7.9497463e+08 | C11: =+PP!C11+MOA!C11+CyE!C11+MOI!C11 -> 1.0563179e+08 | D11: =+PP!D11+MOA!D11+CyE!D11+MOI!D11 -> 8241981.4 | E11: =+PP!E11+MOA!E11+CyE!E11+MOI!E11 -> 65639763 | F11: =+PP!F11+MOA!F11+CyE!F11+MOI!F11 -> 17911601 | G11: =+PP!G11+MOA!G11+CyE!G11+MOI!G11 -> 23790205 | H11: =+PP!H11+MOA!H11+CyE!H11+MOI!H11 -> 2.3188449e+08 | I11: =+PP!I11+MOA!I11+CyE!I11+MOI!I11 -> 73300360 | ... AA11: =+PP!AA11+MOA!AA11+CyE!AA11+MOI!AA11 -> 19152140
A12: 2002-11 | B12: =+PP!B12+MOA!B12+CyE!B12+MOI!B12 -> 7.4969972e+08 | C12: =+PP!C12+MOA!C12+CyE!C12+MOI!C12 -> 1.0669919e+08 | D12: =+PP!D12+MOA!D12+CyE!D12+MOI!D12 -> 7705768.4 | E12: =+PP!E12+MOA!E12+CyE!E12+MOI!E12 -> 67315437 | F12: =+PP!F12+MOA!F12+CyE!F12+MOI!F12 -> 17803522 | G12: =+PP!G12+MOA!G12+CyE!G12+MOI!G12 -> 24730121 | H12: =+PP!H12+MOA!H12+CyE!H12+MOI!H12 -> 2.3016155e+08 | I12: =+PP!I12+MOA!I12+CyE!I12+MOI!I12 -> 81868073 | ... AA12: =+PP!AA12+MOA!AA12+CyE!AA12+MOI!AA12 -> 10156660
A13: 2002-12 | B13: =+PP!B13+MOA!B13+CyE!B13+MOI!B13 -> 7.6753839e+08 | C13: =+PP!C13+MOA!C13+CyE!C13+MOI!C13 -> 93625486 | D13: =+PP!D13+MOA!D13+CyE!D13+MOI!D13 -> 6123818.8 | E13: =+PP!E13+MOA!E13+CyE!E13+MOI!E13 -> 61225743 | F13: =+PP!F13+MOA!F13+CyE!F13+MOI!F13 -> 14758695 | G13: =+PP!G13+MOA!G13+CyE!G13+MOI!G13 -> 21347676 | H13: =+PP!H13+MOA!H13+CyE!H13+MOI!H13 -> 1.8345731e+08 | I13: =+PP!I13+MOA!I13+CyE!I13+MOI!I13 -> 76392516 | ... AA13: =+PP!AA13+MOA!AA13+CyE!AA13+MOI!AA13 -> 11276301
... A290: 2026-01 | B290: =+PP!B290+MOA!B290+CyE!B290+MOI!B290 -> 2.2812384e+09 | C290: =+PP!C290+MOA!C290+CyE!C290+MOI!C290 -> 1.8292602e+08 | D290: =+PP!D290+MOA!D290+CyE!D290+MOI!D290 -> 20891799 | E290: =+PP!E290+MOA!E290+CyE!E290+MOI!E290 -> 2.3196774e+08 | F290: =+PP!F290+MOA!F290+CyE!F290+MOI!F290 -> 45930587 | G290: =+PP!G290+MOA!G290+CyE!G290+MOI!G290 -> 33325601 | H290: =+PP!H290+MOA!H290+CyE!H290+MOI!H290 -> 7.7280948e+08 | I290: =+PP!I290+MOA!I290+CyE!I290+MOI!I290 -> 1.9517976e+08 | ... AA290: =+PP!AA290+MOA!AA290+CyE!AA290+MOI!AA290 -> 34711504
