Workbook

Sheet TCRB
A1: mes | B1: Afghanistan, Islamic Republic of | C1: Albania | D1: Algeria | E1: Angola | F1: Antigua and Barbuda | G1: Armenia, Republic of | H1: Aruba, Kingdom of the Netherlands | I1: Austria | J1: Azerbaijan, Republic of | K1: Bahamas, The | L1: Bahrain, Kingdom of | M1: Bangladesh | N1: Barbados | O1: Belarus, Republic of | P1: Belgium | Q1: Belize | R1: Benin | S1: Bolivia | T1: Bosnia and Herzegovina | U1: Botswana | V1: Brazil | W1: Brunei Darussalam | X1: Bulgaria | Y1: Burkina Faso | Z1: Burundi | AA1: Cabo Verde | AB1: Cambodia | AC1: Cameroon | AD1: Canada | AE1: Central African Republic | AF1: Chad | AG1: Chile | AH1: China, People's Republic of | AI1: Colombia | AJ1: Comoros, Union of the | AK1: Congo, Democratic Republic of the | AL1: Congo, Republic of | AM1: Costa Rica | AN1: Croatia, Republic of | AO1: Curaçao, Kingdom of the Netherlands | AP1: Czech Republic | AQ1: Côte d'Ivoire | AR1: Denmark | AS1: Djibouti | AT1: Dominica | AU1: Dominican Republic | AV1: Ecuador | AW1: Egypt, Arab Republic of | AX1: El Salvador | AY1: Equatorial Guinea, Republic of | AZ1: Estonia, Republic of | BA1: Ethiopia, The Federal Democratic Republic of | BB1: Fiji, Republic of | BC1: Finland | BD1: France | BE1: Gabon | BF1: Gambia, The | BG1: Georgia | BH1: Germany | BI1: Ghana | BJ1: Greece | BK1: Grenada | BL1: Guatemala | BM1: Guinea | BN1: Guinea-Bissau | BO1: Guyana | BP1: Haiti | BQ1: Honduras | BR1: Hong Kong Special Administrative Region, People's Republic of China | BS1: Hungary | BT1: Iceland | BU1: India | BV1: Indonesia | BW1: Iran, Islamic Republic of | BX1: Iraq | BY1: Ireland | BZ1: Israel | CA1: Italy | CB1: Jamaica | CC1: Japan | CD1: Jordan | CE1: Kazakhstan, Republic of | CF1: Kenya | CG1: Korea, Republic of | CH1: Kuwait | CI1: Latvia, Republic of | CJ1: Lebanon | CK1: Lesotho, Kingdom of | CL1: Liberia | CM1: Libya | CN1: Lithuania, Republic of | CO1: Luxembourg | CP1: Macao Special Administrative Region, People's Republic of China | CQ1: Madagascar, Republic of | CR1: Malawi | CS1: Malaysia | CT1: Maldives | CU1: Mali | CV1: Malta | CW1: Mauritania, Islamic Republic of | CX1: Mauritius | CY1: Mexico | CZ1: Moldova, Republic of | DA1: Mongolia | DB1: Montenegro | DC1: Morocco | DD1: Mozambique, Republic of | DE1: Myanmar | DF1: Namibia | DG1: Nepal | DH1: Netherlands, The | DI1: Nicaragua | DJ1: Niger | DK1: Nigeria | DL1: North Macedonia, Republic of | DM1: Norway | DN1: Oman | DO1: Pakistan | DP1: Panama | DQ1: Paraguay | DR1: Peru | DS1: Philippines | DT1: Poland, Republic of | DU1: Portugal | DV1: Qatar | DW1: Romania | DX1: Russian Federation | DY1: Rwanda | DZ1: Saudi Arabia | EA1: Senegal | EB1: Serbia, Republic of | EC1: Seychelles | ED1: Sierra Leone | EE1: Singapore | EF1: Slovak Republic | EG1: Slovenia, Republic of | EH1: South Africa | EI1: South Sudan, Republic of | EJ1: Spain | EK1: Sri Lanka | EL1: St. Kitts and Nevis | EM1: St. Lucia | EN1: St. Vincent and the Grenadines | EO1: Sudan | EP1: Suriname | EQ1: Sweden | ER1: Switzerland | ES1: Syrian Arab Republic | ET1: São Tomé and Príncipe, Democratic Republic of | EU1: Tanzania, United Republic of | EV1: Thailand | EW1: Togo | EX1: Trinidad and Tobago | EY1: Tunisia | EZ1: Türkiye, Republic of | FA1: Uganda | FB1: Ukraine | FC1: United Arab Emirates | FD1: United Kingdom | FE1: United States | FF1: Uruguay | FG1: Uzbekistan, Republic of | FH1: Vietnam | FI1: Zambia | FJ1: Zimbabwe
A2: 36892 | F2: 1.3747147 | H2: 1.9220818 | I2: 3.399199 | P2: 3.6984288 | V2: 44.862773 | X2: 90.820429 | Z2: 0.0017642173 | AB2: 0.001084742 | AD2: 3.316605 | AG2: 0.0039876402 | AH2: 0.40249633 | AI2: 0.00100983 | AM2: 0.0049040706 | AP2: 0.10319249 | AQ2: 0.0042678961 | AR2: 0.49941946 | AT2: 1.5521543 | AU2: 0.078833519 | AV2: 2.5609397 | AZ2: 5.8580315 | BA2: 0.099727094 | BC2: 3.8778119 | BD2: 3.8922393 | BH2: 3.7136869 | BI2: 0.55506871 | BJ2: 3.5158861 | BK2: 1.5064825 | BP2: 0.045362444 | BQ2: 0.37961259 | BS2: 0.01355492 | BT2: 0.043755297 | BU2: 0.051151907 | BV2: 0.00015581938 | BY2: 3.0601657 | BZ2: 0.82574257 | CA2: 3.7040202 | CB2: 0.02431832 | CC2: 0.042954542 | CG2: 0.0026276258 | CI2: 2.7036331 | CN2: 3.3585659 | CO2: 3.5744256 | CP2: 0.36486378 | CQ2: 0.0010918247 | CS2: 1.1103922 | CT2: 0.21449788 | CX2: 0.06624388 | CY2: 0.25738853 | CZ2: 0.059336283 | DH2: 3.7066864 | DM2: 0.45350757 | DN2: 8.8429353 | DT2: 1.1266777 | DU2: 3.6706931 | DW2: 0.6626247 | DX2: 0.062848489 | DZ2: 0.78649053 | EA2: 0.004556587 | EF2: 4.9460973 | EG2: 3.175772 | EH2: 0.20229579 | EJ2: 3.2940056 | EM2: 1.4249169 | EN2: 1.4538794 | EO2: 1.0132971 | EQ2: 1.4310903 | ER2: 2.9778554 | EW2: 0.0040320954 | EX2: 0.33038345 | EZ2: 3.3356465 | FD2: 5.6245869 | FE2: 4.1570974
A3: 36923 | F3: 1.3765299 | H3: 1.9291072 | I3: 3.3597675 | P3: 3.6569435 | Q3: 1.9254447 | V3: 44.100615 | X3: 89.709771 | Z3: 0.0019341892 | AB3: 0.0011003539 | AD3: 3.3002643 | AG3: 0.004040744 | AH3: 0.4038211 | AI3: 0.0010303723 | AM3: 0.004945846 | AP3: 0.10307481 | AQ3: 0.0042246807 | AR3: 0.49545203 | AT3: 1.5579373 | AU3: 0.078921519 | AV3: 2.6413875 | AZ3: 5.7864544 | BA3: 0.099192178 | BC3: 3.8412292 | BD3: 3.8424926 | BH3: 3.677342 | BI3: 0.56821145 | BJ3: 3.4580148 | BK3: 1.5069481 | BP3: 0.045771212 | BQ3: 0.38404671 | BS3: 0.01348741 | BT3: 0.043453384 | BU3: 0.051058345 | BV3: 0.00015446523 | BY3: 3.0414752 | BZ3: 0.82697542 | CA3: 3.6593958 | CB3: 0.024552502 | CC3: 0.043310708 | CG3: 0.0026893672 | CI3: 2.656434 | CN3: 3.3118939 | CO3: 3.5637864 | CP3: 0.36276839 | CQ3: 0.0011044196 | CS3: 1.1150594 | CT3: 0.21969247 | CX3: 0.066275638 | CY3: 0.25958057 | CZ3: 0.059621059 | DH3: 3.6813327 | DM3: 0.45096112 | DN3: 8.8269955 | DT3: 1.1366 | DU3: 3.6183034 | DW3: 0.66444297 | DX3: 0.063894831 | DZ3: 0.78663317 | EA3: 0.0044804375 | EF3: 4.983744 | EG3: 3.1624647 | EH3: 0.20248634 | EJ3: 3.2536477 | EM3: 1.4297318 | EN3: 1.4466194 | EO3: 0.98618431 | EQ3: 1.3997323 | ER3: 2.9149603 | EW3: 0.0040188988 | EX3: 0.33276503 | EZ3: 3.0095251 | FD3: 5.5589957 | FE3: 4.1829921
A4: 36951 | F4: 1.3759556 | H4: 1.928102 | I4: 3.315511 | P4: 3.6097032 | V4: 42.338443 | X4: 88.375099 | Z4: 0.0019258023 | AB4: 0.0011123802 | AD4: 3.2263751 | AG4: 0.0038821978 | AH4: 0.40060651 | AI4: 0.0010273506 | AM4: 0.0049942015 | AP4: 0.10191874 | AQ4: 0.0041845567 | AR4: 0.49028792 | AT4: 1.5614737 | AU4: 0.078437205 | AV4: 2.6941735 | AZ4: 5.7225853 | BA4: 0.096531799 | BC4: 3.8036955 | BD4: 3.801398 | BH4: 3.6217865 | BI4: 0.58160406 | BJ4: 3.4725467 | BK4: 1.5013761 | BP4: 0.045514426 | BQ4: 0.38532991 | BS4: 0.013378437 | BT4: 0.042602832 | BU4: 0.051079029 | BV4: 0.00014783032 | BY4: 3.0190759 | BZ4: 0.81819164 | CA4: 3.6072451 | CB4: 0.024644132 | CC4: 0.041328279 | CG4: 0.0026321058 | CI4: 2.6290023 | CN4: 3.279616 | CO4: 3.5196598 | CP4: 0.36111102 | CQ4: 0.0010862471 | CS4: 1.1107281 | CT4: 0.21780497 | CX4: 0.065595597 | CY4: 0.26302357 | CZ4: 0.058859623 | DH4: 3.6596286 | DM4: 0.44836288 | DN4: 8.7923233 | DT4: 1.1475236 | DU4: 3.5792769 | DW4: 0.664691 | DX4: 0.064771245 | DZ4: 0.78512621 | EA4: 0.0044048058 | EF4: 4.9470266 | EG4: 3.1481284 | EH4: 0.20182689 | EJ4: 3.2179957 | EM4: 1.4319277 | EN4: 1.4432664 | EO4: 1.006078 | EQ4: 1.3681715 | ER4: 2.8770368 | EW4: 0.0040124936 | EX4: 0.3311719 | EZ4: 2.525994 | FD4: 5.5297998 | FE4: 4.1844781
A5: 36982 | F5: 1.3642643 | H5: 1.9196095 | I5: 3.2459733 | P5: 3.5470419 | V5: 40.306559 | X5: 86.009251 | Z5: 0.0018454709 | AB5: 0.0010757675 | AD5: 3.2302561 | AG5: 0.0038039844 | AH5: 0.39877484 | AI5: 0.0010125264 | AM5: 0.0049989266 | AP5: 0.099502683 | AQ5: 0.0040929122 | AR5: 0.48001059 | AT5: 1.5446736 | AU5: 0.078401834 | AV5: 2.7224454 | AZ5: 5.6119434 | BA5: 0.094497237 | BC5: 3.7228196 | BD5: 3.7214114 | BH5: 3.544771 | BI5: 0.58546061 | BJ5: 3.4149644 | BK5: 1.4924038 | BP5: 0.045957424 | BQ5: 0.38362655 | BS5: 0.013110531 | BT5: 0.040358693 | BU5: 0.050902745 | BV5: 0.00013430874 | BY5: 2.9642808 | BZ5: 0.81918714 | CA5: 3.5296288 | CB5: 0.024600241 | CC5: 0.040240448 | CG5: 0.0025512649 | CI5: 2.5702682 | CN5: 3.2014233 | CO5: 3.4397561 | CP5: 0.35911702 | CQ5: 0.0010391229 | CS5: 1.1044759 | CT5: 0.22094912 | CX5: 0.065101446 | CY5: 0.27010393 | CZ5: 0.059035542 | DH5: 3.5851279 | DM5: 0.44121586 | DN5: 8.734201 | DT5: 1.1616705 | DU5: 3.5067993 | DW5: 0.66374429 | DX5: 0.065109976 | DZ5: 0.77993607 | EA5: 0.0042825443 | EF5: 4.8415654 | EG5: 3.0872572 | EH5: 0.19637845 | EJ5: 3.151416 | EM5: 1.4396196 | EN5: 1.4379152 | EO5: 0.99423289 | EQ5: 1.3462022 | ER5: 2.822305 | EW5: 0.0039575462 | EX5: 0.33050754 | EZ5: 2.2039668 | FD5: 5.4912927 | FE5: 4.1733303
A6: 37012 | F6: 1.386244 | H6: 1.9246317 | I6: 3.1853599 | P6: 3.4960494 | Q6: 1.9193548 | V6: 38.60204 | X6: 84.390792 | Z6: 0.0017120376 | AB6: 0.0010745717 | AD6: 3.2885712 | AG6: 0.0037812644 | AH6: 0.39653551 | AI6: 0.0010059249 | AM6: 0.005005637 | AP6: 0.098712352 | AQ6: 0.0040575602 | AR6: 0.47279464 | AT6: 1.549295 | AU6: 0.078559794 | AV6: 2.7252493 | AZ6: 5.532378 | BA6: 0.09378317 | BC6: 3.6703692 | BD6: 3.667279 | BH6: 3.4837344 | BI6: 0.59400669 | BJ6: 3.3588038 | BK6: 1.4924595 | BP6: 0.046142146 | BQ6: 0.38654068 | BS6: 0.013383722 | BT6: 0.037937872 | BU6: 0.051069545 | BV6: 0.0001351652 | BY6: 2.9212394 | BZ6: 0.82829788 | CA6: 3.4659445 | CB6: 0.024754872 | CC6: 0.040883556 | CG6: 0.0026004337 | CI6: 2.5441051 | CN6: 3.1536083 | CO6: 3.3877955 | CP6: 0.35838043 | CQ6: 0.001025359 | CS6: 1.1049022 | CT6: 0.22689901 | CX6: 0.064501418 | CY6: 0.27659844 | CZ6: 0.058548446 | DH6: 3.5230147 | DM6: 0.44080798 | DN6: 8.7201381 | DT6: 1.1851263 | DU6: 3.4633315 | DW6: 0.66039528 | DX6: 0.065836808 | DZ6: 0.77787686 | EA6: 0.0041819703 | EF6: 4.7572429 | EG6: 3.0587624 | EH6: 0.1997078 | EJ6: 3.0982189 | EM6: 1.4354888 | EN6: 1.4327201 | EO6: 1.02929 | EQ6: 1.3394212 | ER6: 2.772857 | EW6: 0.003920733 | EX6: 0.33153039 | EZ6: 2.4601794 | FD6: 5.4880259 | FE6: 4.1896856
A7: 37043 | F7: 1.374993 | H7: 1.9423067 | I7: 3.1375158 | P7: 3.4430315 | V7: 37.79118 | X7: 82.764298 | Z7: 0.0015978629 | AB7: 0.0010817552 | AD7: 3.3529109 | AG7: 0.0037391388 | AH7: 0.39463118 | AI7: 0.0010318339 | AM7: 0.0050290917 | AP7: 0.099203133 | AQ7: 0.0040132094 | AR7: 0.46489363 | AT7: 1.5639579 | AU7: 0.078683716 | AV7: 2.7581674 | AZ7: 5.4519452 | BA7: 0.093847942 | BC7: 3.6078645 | BD7: 3.6073851 | BH7: 3.4286488 | BI7: 0.60157718 | BJ7: 3.2983999 | BK7: 1.5057874 | BP7: 0.045984379 | BQ7: 0.39023043 | BS7: 0.0137995 | BT7: 0.037360723 | BU7: 0.052027064 | BV7: 0.00013740197 | BY7: 2.8894426 | BZ7: 0.83218934 | CA7: 3.4160704 | CB7: 0.025266524 | CC7: 0.040980122 | CG7: 0.0026362495 | CI7: 2.5129358 | CN7: 3.1172711 | CO7: 3.3404479 | CP7: 0.36156675 | CQ7: 0.0010171317 | CS7: 1.1118257 | CT7: 0.23656448 | CX7: 0.064650536 | CY7: 0.28083122 | CZ7: 0.05921582 | DH7: 3.4501005 | DM7: 0.4366126 | DN7: 8.836729 | DT7: 1.1956393 | DU7: 3.4135627 | DW7: 0.66501778 | DX7: 0.067166602 | DZ7: 0.78352388 | EA7: 0.0041725212 | EF7: 4.6887435 | EG7: 3.0188931 | EH7: 0.2000824 | EJ7: 3.0560154 | EM7: 1.4623592 | EN7: 1.4320681 | EO7: 1.0791816 | EQ7: 1.2884891 | ER7: 2.7501738 | EW7: 0.0038711841 | EX7: 0.33970686 | EZ7: 2.38618 | FD7: 5.4414868 | FE7: 4.2272253
A8: 37073 | F8: 1.3837204 | H8: 1.9521927 | I8: 3.1784171 | P8: 3.4818461 | V8: 37.012083 | X8: 83.586686 | Z8: 0.0017162246 | AB8: 0.0010980537 | AD8: 3.3404543 | AG8: 0.0035136435 | AH8: 0.39393615 | AI8: 0.0010368954 | AM8: 0.0050462491 | AP8: 0.10169919 | AQ8: 0.0040481981 | AR8: 0.46869092 | AT8: 1.5688645 | AU8: 0.078751254 | AV8: 2.7738238 | AZ8: 5.5400119 | BA8: 0.092232744 | BC8: 3.624105 | BD8: 3.6432621 | BH8: 3.47393 | BI8: 0.60867306 | BJ8: 3.2798659 | BK8: 1.514125 | BP8: 0.045653651 | BQ8: 0.3921448 | BS8: 0.013854462 | BT8: 0.039303582 | BU8: 0.052727546 | BV8: 0.00014872818 | BY8: 2.9153251 | BZ8: 0.83163503 | CA8: 3.4602181 | CB8: 0.025683136 | CC8: 0.040166765 | CG8: 0.0026320016 | CI8: 2.5324132 | CN8: 3.1296104 | CO8: 3.3475135 | CP8: 0.36233555 | CQ8: 0.0010491683 | CS8: 1.1154245 | CT8: 0.21441461 | CX8: 0.065116989 | CY8: 0.27915754 | CZ8: 0.058492628 | DH8: 3.4867646 | DM8: 0.4340792 | DN8: 8.8564227 | DT8: 1.1345676 | DU8: 3.458595 | DW8: 0.6664788 | DX8: 0.067448854 | DZ8: 0.78445254 | EA8: 0.0042770509 | EF8: 4.7483044 | EG8: 3.0619856 | EH8: 0.19816734 | EJ8: 3.1004393 | EM8: 1.4662676 | EN8: 1.4534824 | EO8: 1.1278593 | EQ8: 1.2880758 | ER8: 2.7935764 | EW8: 0.0039879938 | EX8: 0.345178 | EZ8: 2.2501001 | FD8: 5.4720023 | FE8: 4.2289958
A9: 37104 | F9: 1.3907134 | H9: 1.9607307 | I9: 3.3308032 | P9: 3.6554088 | Q9: 1.9401436 | V9: 36.738726 | X9: 88.032131 | Z9: 0.0016885773 | AB9: 0.0011038836 | AD9: 3.3310065 | AG9: 0.003463476 | AH9: 0.39572729 | AI9: 0.0010502743 | AM9: 0.0050735828 | AP9: 0.10587106 | AQ9: 0.0042483273 | AR9: 0.49250597 | AT9: 1.5766271 | AU9: 0.07961463 | AV9: 2.7957771 | AZ9: 5.8122221 | BA9: 0.092117866 | BC9: 3.8171355 | BD9: 3.8253623 | BH9: 3.6392576 | BI9: 0.60219729 | BJ9: 3.4446519 | BK9: 1.518346 | BP9: 0.04493205 | BQ9: 0.39536409 | BS9: 0.014385461 | BT9: 0.040320088 | BU9: 0.053275276 | BV9: 0.00018064898 | BY9: 3.0704307 | BZ9: 0.83009362 | CA9: 3.6331693 | CB9: 0.026014599 | CC9: 0.041486186 | CG9: 0.0026869799 | CI9: 2.6415286 | CN9: 3.3063938 | CO9: 3.5554949 | CP9: 0.36155068 | CQ9: 0.0010998181 | CS9: 1.1182826 | CT9: 0.20664499 | CX9: 0.065099023 | CY9: 0.2827325 | CZ9: 0.058478113 | DH9: 3.6746577 | DM9: 0.45045628 | DN9: 8.8431813 | DT9: 1.1193258 | DU9: 3.6244698 | DW9: 0.67355387 | DX9: 0.067400229 | DZ9: 0.78643316 | EA9: 0.0045648447 | EF9: 4.9792292 | EG9: 3.2136236 | EH9: 0.19458427 | EJ9: 3.2632829 | EM9: 1.4623684 | EN9: 1.4530825 | EO9: 1.1517355 | EQ9: 1.3488666 | ER9: 2.9184306 | EW9: 0.0041675504 | EX9: 0.3505748 | EZ9: 2.1943177 | FD9: 5.6036343 | FE9: 4.2440211
A10: 37135 | F10: 1.3903196 | H10: 1.9674839 | I10: 3.3826389 | P10: 3.7119535 | V10: 34.648426 | X10: 90.524683 | Z10: 0.0017350222 | AB10: 0.0011160918 | AD10: 3.2818509 | AG10: 0.0034530621 | AH10: 0.39962109 | AI10: 0.0010371258 | AM10: 0.0050759411 | AP10: 0.10586198 | AQ10: 0.0042775205 | AR10: 0.5006872 | AT10: 1.5666444 | AU10: 0.080404366 | AV10: 2.8552099 | AZ10: 5.8902541 | BA10: 0.093420195 | BC10: 3.8930981 | BD10: 3.8807219 | BH10: 3.6851398 | BI10: 0.59566217 | BJ10: 3.5547046 | BK10: 1.5218991 | BP10: 0.044472599 | BQ10: 0.39693405 | BS10: 0.014376639 | BT10: 0.040057276 | BU10: 0.052623885 | BV10: 0.00017259738 | BY10: 3.1234035 | BZ10: 0.8160387 | CA10: 3.6789747 | CB10: 0.026094542 | CC10: 0.042352294 | CG10: 0.0026693491 | CI10: 2.6925136 | CN10: 3.3418801 | CO10: 3.6045697 | CP10: 0.36021626 | CQ10: 0.0011242624 | CS10: 1.1202974 | CT10: 0.21174066 | CX10: 0.064792554 | CY10: 0.27774435 | CZ10: 0.059140957 | DH10: 3.7666249 | DM10: 0.46174354 | DN10: 8.8682663 | DT10: 1.130718 | DU10: 3.6688819 | DW10: 0.67752452 | DX10: 0.067666956 | DZ10: 0.78707234 | EA10: 0.0046237472 | EF10: 5.0517367 | EG10: 3.2826638 | EH10: 0.1879975 | EJ10: 3.3039904 | EM10: 1.4660432 | EN10: 1.464961 | EO10: 1.0849695 | EQ10: 1.3256993 | ER10: 3.0035676 | EW10: 0.0040925109 | EX10: 0.34983251 | EZ10: 2.2112788 | FD10: 5.7237682 | FE10: 4.266614
A11: 37165 | F11: 1.3985075 | H11: 1.9820896 | I11: 3.3812559 | P11: 3.7011432 | V11: 34.211739 | X11: 91.712254 | Z11: 0.0017138321 | AB11: 0.0011064945 | AD11: 3.2722335 | AG11: 0.0033411822 | AH11: 0.40257867 | AI11: 0.0010471281 | AM11: 0.005063407 | AP11: 0.10790662 | AQ11: 0.0042799283 | AR11: 0.501233 | AT11: 1.582475 | AU11: 0.080959441 | AV11: 2.9013928 | AZ11: 5.88214 | BA11: 0.093166733 | BC11: 3.8790947 | BD11: 3.8777498 | BH11: 3.6758623 | BI11: 0.6147074 | BJ11: 3.5610533 | BK11: 1.5262476 | BP11: 0.043770036 | BQ11: 0.39669647 | BS11: 0.014446177 | BT11: 0.039514505 | BU11: 0.052780908 | BV11: 0.00016056896 | BY11: 3.1285959 | BZ11: 0.82108193 | CA11: 3.6802248 | CB11: 0.026073693 | CC11: 0.041729286 | CG11: 0.0026627432 | CI11: 2.6923362 | CN11: 3.3471893 | CO11: 3.6058045 | CP11: 0.36003096 | CQ11: 0.0011390407 | CS11: 1.1241022 | CT11: 0.21249471 | CX11: 0.064586066 | CY11: 0.28069046 | CZ11: 0.06020963 | DH11: 3.7576383 | DM11: 0.46124128 | DN11: 8.9071781 | DT11: 1.1634994 | DU11: 3.6780229 | DW11: 0.68468257 | DX11: 0.068459025 | DZ11: 0.79133652 | EA11: 0.0046767015 | EF11: 5.0480203 | EG11: 3.2933338 | EH11: 0.1756575 | EJ11: 3.2959881 | EM11: 1.4624873 | EN11: 1.4582895 | EO11: 1.0467466 | EQ11: 1.3358376 | ER11: 3.0174468 | EW11: 0.0040485932 | EX11: 0.35103985 | EZ11: 2.1643321 | FD11: 5.6970556 | FE11: 4.2709142
A12: 37196 | F12: 1.4067192 | H12: 1.9900516 | I12: 3.323364 | P12: 3.6455068 | Q12: 1.9638076 | V12: 37.247688 | X12: 90.426323 | Z12: 0.0016989558 | AB12: 0.0011101818 | AD12: 3.2094343 | AG12: 0.0034427403 | AH12: 0.40308631 | AI12: 0.0010562992 | AM12: 0.0050864744 | AP12: 0.10691391 | AQ12: 0.0042149526 | AR12: 0.4912064 | AT12: 1.5813533 | AU12: 0.080664404 | AV12: 2.9574313 | AZ12: 5.7870376 | BA12: 0.093993694 | BC12: 3.7993766 | BD12: 3.8047787 | BH12: 3.6081647 | BI12: 0.61151735 | BJ12: 3.5071998 | BK12: 1.5330002 | BP12: 0.042752433 | BQ12: 0.39721965 | BS12: 0.014428638 | BT12: 0.037915524 | BU12: 0.053432165 | BV12: 0.00015673102 | BY12: 3.0780127 | BZ12: 0.83356025 | CA12: 3.6269387 | CB12: 0.025698345 | CC12: 0.041303376 | CG12: 0.002694686 | CI12: 2.6548869 | CN12: 3.2918109 | CO12: 3.5526432 | CP12: 0.35998034 | CQ12: 0.0011325089 | CS12: 1.1367 | CT12: 0.2142016 | CX12: 0.064441022 | CY12: 0.28715196 | CZ12: 0.060992609 | DH12: 3.6922141 | DM12: 0.45805175 | DN12: 8.9363581 | DT12: 1.1795113 | DU12: 3.6426109 | DW12: 0.69415696 | DX12: 0.069007091 | DZ12: 0.79311558 | EA12: 0.0045516853 | EF12: 4.9632138 | EG12: 3.2536323 | EH12: 0.1683729 | EJ12: 3.2402768 | EM12: 1.4873209 | EN12: 1.4666109 | EO12: 1.0600488 | EQ12: 1.3358774 | ER12: 2.9983865 | EW12: 0.0040232693 | EX12: 0.34769809 | EZ12: 2.3870429 | FD12: 5.6568535 | FE12: 4.2776718
A13: 37226 | F13: 1.4084312 | H13: 1.99915 | I13: 3.3477834 | P13: 3.6572 | V13: 40.385845 | X13: 91.489775 | Z13: 0.0016975822 | AB13: 0.0011081314 | AD13: 3.2491893 | AG13: 0.0035389243 | AH13: 0.40382066 | AI13: 0.0010624629 | AM13: 0.0051075351 | AP13: 0.10993529 | AQ13: 0.0042490355 | AR13: 0.49587318 | AT13: 1.5878561 | AU13: 0.079902765 | AV13: 2.9797335 | AZ13: 5.8276646 | BA13: 0.092444941 | BC13: 3.8183967 | BD13: 3.8300107 | BH13: 3.6608826 | BI13: 0.60979211 | BJ13: 3.5593361 | BK13: 1.5344517 | BP13: 0.043538399 | BQ13: 0.3969157 | BS13: 0.014760542 | BT13: 0.039050356 | BU13: 0.053225116 | BV13: 0.00016004712 | BY13: 3.1087139 | BZ13: 0.8258326 | CA13: 3.6496395 | CB13: 0.0258237 | CC13: 0.039657438 | CG13: 0.0026902 | CI13: 2.6796959 | CN13: 3.3209189 | CO13: 3.5650393 | CP13: 0.35912762 | CQ13: 0.0011380604 | CS13: 1.1387471 | CT13: 0.21821823 | CX13: 0.064796334 | CY13: 0.28951508 | CZ13: 0.061155018 | DH13: 3.7008723 | DM13: 0.45776111 | DN13: 8.9601004 | DT13: 1.2062388 | DU13: 3.6694564 | DW13: 0.70389865 | DX13: 0.06947845 | DZ13: 0.79539383 | EA13: 0.0045617479 | EF13: 5.0028223 | EG13: 3.2744807 | EH13: 0.14255097 | EJ13: 3.2695814 | EM13: 1.4835253 | EN13: 1.4573202 | EO13: 1.0813668 | EQ13: 1.3439846 | ER13: 2.9985372 | EW13: 0.0040806155 | EX13: 0.34858337 | EZ13: 2.5824575 | FD13: 5.6799816 | FE13: 4.2642851 | FH13: 0.00010297255
A14: 37257 | E14: 0.0046947696 | F14: 1.95723 | H14: 2.7437451 | I14: 4.550538 | P14: 4.9866368 | V14: 55.231546 | X14: 127.30626 | Z14: 0.0022788648 | AB14: 0.0015135172 | AD14: 4.3945997 | AG14: 0.004855328 | AH14: 0.55461413 | AI14: 0.0014869453 | AM14: 0.007022199 | AP14: 0.15373165 | AQ14: 0.0058417998 | AR14: 0.67279042 | AT14: 2.1696739 | AU14: 0.10956448 | AV14: 4.1537186 | AZ14: 8.0002584 | BA14: 0.12573452 | BC14: 5.1968545 | BD14: 5.2151247 | BH14: 4.9673464 | BI14: 0.88218743 | BJ14: 4.811146 | BK14: 2.099751 | BP14: 0.059045167 | BQ14: 0.54207933 | BS14: 0.020552221 | BT14: 0.055197772 | BU14: 0.071940469 | BV14: 0.00022714592 | BY14: 4.2069775 | BZ14: 1.0783472 | CA14: 4.9676513 | CB14: 0.035434195 | CC14: 0.052023233 | CG14: 0.0036261816 | CI14: 3.663837 | CN14: 4.5437903 | CO14: 4.792002 | CP14: 0.49057812 | CQ14: 0.0015605468 | CS14: 1.5623116 | CT14: 0.30539641 | CX14: 0.089891155 | CY14: 0.40033831 | CZ14: 0.084841494 | DH14: 5.0521918 | DL14: 0.089799542 | DM14: 0.62668145 | DN14: 12.221641 | DT14: 1.6449366 | DU14: 4.9812905 | DW14: 0.97094645 | DX14: 0.096866629 | DZ14: 1.091342 | EA14: 0.0061350044 | EF14: 6.8673658 | EG14: 4.5092944 | EH14: 0.19859113 | EJ14: 4.4252821 | EM14: 1.9809985 | EN14: 2.0620476 | EO14: 1.7028227 | EQ14: 1.8555636 | ER14: 4.0751379 | EW14: 0.0056326444 | EX14: 0.48465888 | EZ14: 3.9557821 | FD14: 7.7194963 | FE14: 5.8521941 | FH14: 0.00014216802
A15: 37288 | E15: 0.0063974273 | F15: 2.6235239 | H15: 3.6991342 | I15: 6.0625538 | P15: 6.6481621 | Q15: 3.6444314 | V15: 73.609546 | X15: 172.23635 | Z15: 0.0030396802 | AB15: 0.0020417552 | AD15: 5.9913772 | AG15: 0.0064496735 | AH15: 0.75767033 | AI15: 0.0020241948 | AM15: 0.0094523088 | AP15: 0.20651468 | AQ15: 0.0077774405 | AR15: 0.90297397 | AT15: 2.9323758 | AU15: 0.14722908 | AV15: 5.6726486 | AZ15: 10.707539 | BA15: 0.16836035 | BC15: 6.9276713 | BD15: 6.9497352 | BH15: 6.6339619 | BI15: 1.1578806 | BJ15: 6.3357824 | BK15: 2.8275714 | BP15: 0.07971822 | BQ15: 0.73556339 | BS15: 0.027653786 | BT15: 0.075208637 | BU15: 0.096293227 | BV15: 0.00031490167 | BY15: 5.6333178 | BZ15: 1.4306197 | CA15: 6.634427 | CB15: 0.047807529 | CC15: 0.069489223 | CG15: 0.0049190812 | CI15: 4.8607663 | CN15: 6.0340204 | CO15: 6.4561236 | CP15: 0.66515153 | CQ15: 0.0020287972 | CS15: 2.1172788 | CT15: 0.4102332 | CX15: 0.12239715 | CY15: 0.54389019 | CZ15: 0.11403012 | DH15: 6.7608285 | DL15: 0.11956413 | DM15: 0.84978983 | DN15: 16.531303 | DT15: 2.1598749 | DU15: 6.6185978 | DW15: 1.3197364 | DX15: 0.13097529 | DZ15: 1.4761922 | EA15: 0.00822815 | EF15: 9.1742604 | EG15: 6.0568755 | EH15: 0.27417294 | EJ15: 5.8950765 | EM15: 2.6845746 | EN15: 2.7836265 | EO15: 2.2902239 | EQ15: 2.4843169 | ER15: 5.4029908 | EW15: 0.0074355615 | EX15: 0.65202292 | EZ15: 5.4860943 | FD15: 10.387519 | FE15: 7.9390876 | FH15: 0.00019568427
A16: 37316 | E16: 0.0075585249 | F16: 3.1098972 | H16: 4.3550955 | I16: 7.1871436 | P16: 7.8872583 | V16: 89.748671 | X16: 205.33408 | Z16: 0.0036292699 | AB16: 0.0024292405 | AD16: 7.1320455 | AG16: 0.0078001999 | AH16: 0.878965 | AI16: 0.002400649 | AM16: 0.011101874 | AP16: 0.24745226 | AQ16: 0.0092034778 | AR16: 1.0750129 | AT16: 3.4612056 | AU16: 0.17500439 | AV16: 6.7426371 | AZ16: 12.699398 | BA16: 0.19915411 | BC16: 8.2405512 | BD16: 8.2591192 | BH16: 7.8671468 | BI16: 1.3327842 | BJ16: 7.686233 | BK16: 3.3252995 | BP16: 0.093537206 | BQ16: 0.86552296 | BS16: 0.032800719 | BT16: 0.088759311 | BU16: 0.11355962 | BV16: 0.0003849207 | BY16: 6.7255691 | BZ16: 1.6856311 | CA16: 7.8699673 | CB16: 0.056285161 | CC16: 0.083297109 | CG16: 0.005798249 | CI16: 5.7737026 | CN16: 7.0927591 | CO16: 7.645187 | CP16: 0.77584402 | CQ16: 0.0025687855 | CS16: 2.5056864 | CT16: 0.47838153 | CX16: 0.14459658 | CY16: 0.6443637 | CZ16: 0.13146243 | DH16: 8.0706829 | DL16: 0.15307454 | DM16: 1.0182467 | DN16: 19.411714 | DT16: 2.5707589 | DU16: 7.8650068 | DW16: 1.5312732 | DX16: 0.15432041 | DZ16: 1.7333857 | EA16: 0.0097539385 | EF16: 10.865152 | EG16: 7.2136991 | EH16: 0.32458776 | EJ16: 7.0327803 | EM16: 3.1918757 | EN16: 3.2655218 | EO16: 2.6906523 | EQ16: 3.0075235 | ER16: 6.4363421 | EW16: 0.0089017617 | EX16: 0.76290472 | EZ16: 6.5250651 | FD16: 12.24146 | FE16: 9.3843036 | FH16: 0.00022681022
A17: 37347 | E17: 0.0081118759 | F17: 3.3568418 | H17: 4.7172397 | I17: 7.8685573 | P17: 8.6041193 | V17: 98.649241 | X17: 223.55971 | Z17: 0.0041543683 | AB17: 0.0025899697 | AD17: 7.7644761 | AG17: 0.0086031967 | AH17: 0.94488439 | AI17: 0.0026344532 | AM17: 0.011894953 | AP17: 0.27907837 | AQ17: 0.010068319 | AR17: 1.1755166 | AT17: 3.7386941 | AU17: 0.1841144 | AV17: 7.3789725 | AZ17: 13.981284 | BA17: 0.21357222 | BC17: 9.0244335 | BD17: 9.0413761 | BH17: 8.5703259 | BI17: 1.4074948 | BJ17: 8.4472589 | BK17: 3.5795525 | BP17: 0.1024337 | BQ17: 0.93577419 | BS17: 0.03644175 | BT17: 0.099658943 | BU17: 0.12225535 | BV17: 0.00043464498 | BY17: 7.4005702 | BZ17: 1.7921461 | CA17: 8.6048955 | CB17: 0.060797879 | CC17: 0.090176688 | CG17: 0.0063043741 | CI17: 6.3019484 | CN17: 7.7319561 | CO17: 8.3702394 | CP17: 0.83485138 | CQ17: 0.0029682714 | CS17: 2.6991333 | CT17: 0.5042998 | CX17: 0.1564148 | CY17: 0.69469215 | CZ17: 0.14386817 | DH17: 8.8435174 | DL17: 0.15584674 | DM17: 1.1257021 | DN17: 20.888295 | DT17: 2.8422064 | DU17: 8.6472984 | DW17: 1.6678827 | DX17: 0.16771713 | DZ17: 1.8671088 | EA17: 0.010637129 | EF17: 11.893383 | EG17: 7.9755628 | EH17: 0.37049018 | EJ17: 7.7742061 | EM17: 3.4651494 | EN17: 3.5106422 | EO17: 2.8930551 | EQ17: 3.2666915 | ER17: 7.0903995 | EW17: 0.009894795 | EX17: 0.82450005 | EZ17: 7.3858538 | FD17: 13.457885 | FE17: 10.175189 | FH17: 0.00024500752
A18: 37377 | E18: 0.0092258488 | F18: 3.7870547 | H18: 5.3503269 | I18: 9.1504399 | P18: 9.9923475 | Q18: 5.2582744 | V18: 103.59103 | X18: 254.25525 | Z18: 0.0044281342 | AB18: 0.0029073959 | AD18: 8.8933816 | AG18: 0.0096002715 | AH18: 1.0552898 | AI18: 0.0029079749 | AM18: 0.013292139 | AP18: 0.32116871 | AQ18: 0.011693292 | AR18: 1.3630506 | AT18: 4.1718375 | AU18: 0.20479197 | AV18: 8.3061892 | AZ18: 16.250399 | BA18: 0.23984801 | BC18: 10.487592 | BD18: 10.496845 | BH18: 9.9491673 | BI18: 1.5423079 | BJ18: 9.7941218 | BK18: 4.0097342 | BP18: 0.11446086 | BQ18: 1.0482925 | BS18: 0.042228701 | BT18: 0.11819608 | BU18: 0.1375973 | BV18: 0.00050840782 | BY18: 8.6322322 | BZ18: 1.9912776 | CA18: 10.003341 | CB18: 0.067566832 | CC18: 0.10500016 | CG18: 0.007384438 | CI18: 7.3205575 | CN18: 8.9344237 | CO18: 9.7346899 | CP18: 0.9329797 | CQ18: 0.0033805758 | CS18: 3.0264381 | CT18: 0.58088637 | CX18: 0.17600861 | CY18: 0.75032365 | CZ18: 0.16270617 | DH18: 10.257272 | DL18: 0.18092723 | DM18: 1.3279798 | DN18: 23.458978 | DT18: 3.1885741 | DU18: 10.093374 | DW18: 1.8808704 | DX18: 0.19058397 | DZ18: 2.0914932 | EA18: 0.012314159 | EF18: 13.816642 | EG18: 9.2761637 | EH18: 0.45318251 | EJ18: 9.0472385 | EM18: 3.8771914 | EN18: 3.9014857 | EO18: 3.2717453 | EQ18: 3.7541597 | ER18: 8.2809808 | EW18: 0.011636957 | EX18: 0.93380085 | EZ18: 7.8651799 | FD18: 15.290235 | FE18: 11.398017 | FH18: 0.00027475154
A19: 37408 | E19: 0.0096831163 | F19: 3.9778715 | H19: 5.6334085 | I19: 10.029813 | P19: 10.911632 | V19: 99.918746 | X19: 273.40805 | Z19: 0.0045576245 | AB19: 0.003076097 | AD19: 9.475552 | AG19: 0.009780028 | AH19: 1.0991173 | AI19: 0.0029993239 | AM19: 0.013931661 | AP19: 0.35305977 | AQ19: 0.012944116 | AR19: 1.4948401 | AT19: 4.3580216 | AU19: 0.21545385 | AV19: 8.7631064 | AZ19: 17.781199 | BA19: 0.25658501 | BC19: 11.460325 | BD19: 11.493234 | BH19: 10.894885 | BI19: 1.5894229 | BJ19: 10.705881 | BK19: 4.2750247 | BP19: 0.11936973 | BQ19: 1.1081857 | BS19: 0.046198968 | BT19: 0.12848678 | BU19: 0.14595581 | BV19: 0.00055612783 | BY19: 9.4666492 | BZ19: 2.1000639 | CA19: 10.963444 | CB19: 0.071180935 | CC19: 0.11281696 | CG19: 0.0080237153 | CI19: 7.9725288 | CN19: 9.7500934 | CO19: 10.67624 | CP19: 0.98139059 | CQ19: 0.0035211125 | CS19: 3.1838591 | CT19: 0.61148227 | CX19: 0.18581721 | CY19: 0.77226002 | CZ19: 0.16262795 | DH19: 11.194798 | DL19: 0.19633044 | DM19: 1.474678 | DN19: 24.56696 | DT19: 3.3559449 | DU19: 11.088472 | DW19: 2.0061247 | DX19: 0.2003742 | DZ19: 2.1936595 | EA19: 0.013374647 | EF19: 15.074459 | EG19: 10.134312 | EH19: 0.48267998 | EJ19: 9.9076396 | EM19: 4.0726124 | EN19: 4.0841329 | EO19: 3.5598355 | EQ19: 4.1535493 | ER19: 8.9729004 | EW19: 0.012681448 | EX19: 0.99692136 | EZ19: 7.590611 | FD19: 16.364691 | FE19: 11.985954 | FH19: 0.00028791873
A20: 37438 | E20: 0.0094529632 | F20: 3.8237473 | H20: 5.4231004 | I20: 9.9985278 | P20: 10.924006 | V20: 89.845787 | X20: 273.17038 | Z20: 0.0042922004 | AB20: 0.0029792755 | AD20: 9.0751315 | AG20: 0.009133313 | AH20: 1.0487606 | AI20: 0.0027185857 | AM20: 0.013460979 | AP20: 0.36111676 | AQ20: 0.012773647 | AR20: 1.4883187 | AT20: 4.1858696 | AU20: 0.20785123 | AV20: 8.4147353 | AZ20: 17.687277 | BA20: 0.25067888 | BC20: 11.414675 | BD20: 11.468336 | BH20: 10.88354 | BI20: 1.5115847 | BJ20: 10.499032 | BK20: 4.1124469 | BP20: 0.11182238 | BQ20: 1.0688346 | BS20: 0.045317752 | BT20: 0.12885347 | BU20: 0.14229259 | BV20: 0.00052407066 | BY20: 9.4045899 | BZ20: 2.1260495 | CA20: 10.958127 | CB20: 0.069394897 | CC20: 0.1130183 | CG20: 0.007937067 | CI20: 7.9230609 | CN20: 9.7021572 | CO20: 10.577896 | CP20: 0.94317416 | CQ20: 0.0033373122 | CS20: 3.0593124 | CT20: 0.58691699 | CX20: 0.18152935 | CY20: 0.73962368 | CZ20: 0.15465703 | DH20: 11.155312 | DL20: 0.1930622 | DM20: 1.4696273 | DN20: 23.70171 | DT20: 3.1371901 | DU20: 11.083427 | DW20: 1.9619603 | DX20: 0.19323118 | DZ20: 2.1143268 | EA20: 0.01347838 | EF20: 15.000252 | EG20: 10.166376 | EH20: 0.47104004 | EJ20: 9.8176162 | EM20: 3.9088649 | EN20: 3.9478918 | EO20: 3.43176 | EQ20: 4.0688214 | ER20: 8.9540923 | EW20: 0.012413612 | EX20: 0.96186111 | EZ20: 6.8319998 | FD20: 16.393674 | FE20: 11.52989 | FH20: 0.00027637922
A21: 37469 | E21: 0.0095385173 | F21: 3.7286812 | H21: 5.3228238 | I21: 9.6555962 | P21: 10.525196 | Q21: 5.2222649 | V21: 83.455638 | X21: 261.5779 | Z21: 0.0040321103 | AB21: 0.0029211823 | AD21: 8.7864605 | AG21: 0.0088905366 | AH21: 1.0288589 | AI21: 0.0025203828 | AM21: 0.013212247 | AP21: 0.33554618 | AQ21: 0.012303798 | AR21: 1.4361765 | AT21: 4.1198948 | AU21: 0.20510722 | AV21: 8.2662186 | AZ21: 16.96794 | BA21: 0.25287498 | BC21: 11.002136 | BD21: 11.079224 | BH21: 10.478384 | BI21: 1.4917407 | BJ21: 10.142237 | BK21: 4.0227971 | BP21: 0.10802547 | BQ21: 1.0467094 | BS21: 0.043807344 | BT21: 0.12456968 | BU21: 0.14055215 | BV21: 0.00051773893 | BY21: 9.1180983 | BZ21: 2.0935232 | CA21: 10.579855 | CB21: 0.067890684 | CC21: 0.11000541 | CG21: 0.0077405103 | CI21: 7.5783706 | CN21: 9.2985646 | CO21: 10.296546 | CP21: 0.92232739 | CQ21: 0.0032420742 | CS21: 2.9893505 | CT21: 0.56963436 | CX21: 0.17932944 | CY21: 0.72409051 | CZ21: 0.15167328 | DH21: 10.788192 | DL21: 0.18597246 | DM21: 1.4071206 | DN21: 23.182107 | DT21: 3.0121857 | DU21: 10.690737 | DW21: 1.9279784 | DX21: 0.18891397 | DZ21: 2.0722001 | EA21: 0.013122595 | EF21: 14.538227 | EG21: 9.806962 | EH21: 0.44336272 | EJ21: 9.4898978 | EM21: 3.8123297 | EN21: 3.9265304 | EO21: 3.5055041 | EQ21: 3.9303561 | ER21: 8.6161322 | EW21: 0.011796693 | EX21: 0.94832741 | EZ21: 6.8945427 | FD21: 15.897906 | FE21: 11.314694 | FH21: 0.00027013164
A22: 37500 | E22: 0.0099793964 | F22: 3.6969486 | H22: 5.326311 | I22: 9.6397074 | P22: 10.537198 | V22: 77.851091 | X22: 263.05783 | Z22: 0.0035574825 | AB22: 0.0028922507 | AD22: 8.7009694 | AG22: 0.0086201559 | AH22: 1.0341936 | AI22: 0.0024222331 | AM22: 0.013087655 | AP22: 0.33987039 | AQ22: 0.01229479 | AR22: 1.4409961 | AT22: 4.1093462 | AU22: 0.20700589 | AV22: 8.2745148 | AZ22: 16.953346 | BA22: 0.2552439 | BC22: 11.024108 | BD22: 11.080984 | BH22: 10.461141 | BI22: 1.5052926 | BJ22: 10.316727 | BK22: 4.0495451 | BP22: 0.10785016 | BQ22: 1.0376707 | BS22: 0.044265876 | BT22: 0.12259938 | BU22: 0.14058784 | BV22: 0.00051586511 | BY22: 9.1564064 | BZ22: 2.0461878 | CA22: 10.580182 | CB22: 0.068359624 | CC22: 0.10824668 | CG22: 0.0076692548 | CI22: 7.6241464 | CN22: 9.2303107 | CO22: 10.309838 | CP22: 0.91442987 | CQ22: 0.003241342 | CS22: 2.9780729 | CT22: 0.55572883 | CX22: 0.17970204 | CY22: 0.7093516 | CZ22: 0.1523825 | DH22: 10.887727 | DL22: 0.18676506 | DM22: 1.4263593 | DN22: 23.025705 | DT22: 3.0273572 | DU22: 10.66688 | DW22: 1.9290368 | DX22: 0.18836065 | DZ22: 2.0644881 | EA22: 0.013235937 | EF22: 14.554288 | EG22: 9.8654614 | EH22: 0.44465638 | EJ22: 9.5097344 | EM22: 3.792116 | EN22: 3.9003014 | EO22: 3.4313136 | EQ22: 3.9888807 | ER22: 8.6120711 | EW22: 0.011622981 | EX22: 0.93778867 | EZ22: 7.0538853 | FD22: 16.054998 | FE22: 11.279803 | FH22: 0.00026921436
A23: 37530 | E23: 0.0095065939 | F23: 3.7311704 | H23: 5.3294149 | I23: 9.6433173 | P23: 10.509088 | V23: 69.127725 | X23: 265.39876 | Z23: 0.003526704 | AB23: 0.0028796249 | AD23: 8.6998262 | AG23: 0.0084998011 | AH23: 1.0343398 | AI23: 0.002365627 | AM23: 0.013034873 | AP23: 0.33306249 | AQ23: 0.012350007 | AR23: 1.4412826 | AT23: 4.0997104 | AU23: 0.21263074 | AV23: 8.3124933 | AZ23: 17.020544 | BA23: 0.25628143 | BC23: 11.035662 | BD23: 11.081319 | BH23: 10.433349 | BI23: 1.5173676 | BJ23: 10.354338 | BK23: 4.0425557 | BP23: 0.10114373 | BQ23: 1.0360834 | BS23: 0.044488053 | BT23: 0.12277779 | BU23: 0.14112395 | BV23: 0.00050454512 | BY23: 9.1823108 | BZ23: 2.0437919 | CA23: 10.590549 | CB23: 0.067484193 | CC23: 0.10478124 | CG23: 0.0074329366 | CI23: 7.6706323 | CN23: 9.2755179 | CO23: 10.331558 | CP23: 0.91446068 | CQ23: 0.0032396816 | CS23: 2.9696886 | CT23: 0.56327458 | CX23: 0.18109001 | CY23: 0.70738443 | CZ23: 0.1534442 | DH23: 10.844442 | DL23: 0.187243 | DM23: 1.4339415 | DN23: 22.936582 | DP23: 9.1588925 | DT23: 3.0499992 | DU23: 10.719217 | DW23: 1.9499918 | DX23: 0.1896192 | DZ23: 2.0606687 | EA23: 0.013059103 | EF23: 14.532005 | EG23: 9.8956033 | EH23: 0.46210627 | EJ23: 9.5892602 | EM23: 3.7937176 | EN23: 3.8130908 | EO23: 3.3379486 | EQ23: 4.025468 | ER23: 8.6434506 | EW23: 0.011665117 | EX23: 0.9264748 | EZ23: 7.2543314 | FD23: 16.073368 | FE23: 11.277596 | FH23: 0.00026920654
A24: 37561 | E24: 0.0092443662 | F24: 3.5808821 | H24: 5.164761 | I24: 9.4643568 | P24: 10.316048 | Q24: 5.0339049 | V24: 72.945729 | X24: 261.14429 | Z24: 0.0035372096 | AB24: 0.0027759436 | AD24: 8.4327028 | AG24: 0.0085522377 | AH24: 0.99454822 | AI24: 0.0023794908 | AM24: 0.012564267 | AP24: 0.32557951 | AQ24: 0.01221817 | AR24: 1.4025983 | AT24: 3.9420911 | AU24: 0.20563575 | AV24: 8.0564303 | AZ24: 16.694454 | BA24: 0.24865214 | BC24: 10.80705 | BD24: 10.886039 | BH24: 10.214784 | BI24: 1.4550895 | BJ24: 10.174055 | BK24: 3.8934111 | BP24: 0.08506293 | BQ24: 0.99911614 | BS24: 0.044721195 | BT24: 0.12015269 | BU24: 0.13637511 | BV24: 0.00050159292 | BY24: 9.0204961 | BZ24: 1.9973379 | CA24: 10.438713 | CB24: 0.065229668 | CC24: 0.1019335 | CG24: 0.0073336521 | CI24: 7.5488283 | CN24: 9.1225323 | CO24: 10.158477 | CP24: 0.87662253 | CQ24: 0.0031655614 | CS24: 2.8666511 | CT24: 0.54143521 | CX24: 0.17495488 | CY24: 0.6791655 | CZ24: 0.14657727 | DH24: 10.621961 | DL24: 0.1842606 | DM24: 1.418056 | DN24: 22.188602 | DP24: 8.8243257 | DT24: 3.0569566 | DU24: 10.606665 | DW24: 1.9074425 | DX24: 0.1847739 | DZ24: 1.9854309 | EA24: 0.012884023 | EF24: 14.275916 | EG24: 9.7212187 | EH24: 0.46682546 | EJ24: 9.4347852 | EM24: 3.6369701 | EN24: 3.6701316 | EO24: 3.2388843 | EQ24: 3.9069501 | ER24: 8.4028627 | EW24: 0.011442599 | EX24: 0.89301611 | EZ24: 7.3976517 | FD24: 15.51472 | FE24: 10.85478 | FH24: 0.00025956973
A25: 37591 | E25: 0.0091962735 | F25: 3.5221183 | H25: 5.077425 | I25: 9.4867285 | P25: 10.316174 | V25: 72.205623 | X25: 263.75898 | Z25: 0.0034500013 | AB25: 0.0027239905 | AD25: 8.3200754 | AG25: 0.0084588473 | AH25: 0.98048572 | AI25: 0.0022719122 | AM25: 0.012332904 | AP25: 0.32108364 | AQ25: 0.012344411 | AR25: 1.4179788 | AT25: 3.8859314 | AU25: 0.20579468 | AV25: 7.946069 | AZ25: 16.660065 | BA25: 0.24672928 | BC25: 10.800672 | BD25: 10.898949 | BH25: 10.302233 | BI25: 1.4464737 | BJ25: 10.239549 | BK25: 3.8274004 | BP25: 0.082645842 | BQ25: 0.98422433 | BS25: 0.045104826 | BT25: 0.12179622 | BU25: 0.13333026 | BV25: 0.00050700835 | BY25: 9.0813689 | BZ25: 1.9575265 | CA25: 10.442245 | CB25: 0.063784212 | CC25: 0.10042063 | CG25: 0.0072596377 | CI25: 7.5596751 | CN25: 9.1503612 | CO25: 10.141777 | CP25: 0.86203671 | CQ25: 0.0031279153 | CS25: 2.8231381 | CT25: 0.53242101 | CX25: 0.17261228 | CY25: 0.67080231 | CZ25: 0.14633557 | DH25: 10.580121 | DL25: 0.18358167 | DM25: 1.4332401 | DN25: 21.831705 | DP25: 8.6563067 | DT25: 3.0416204 | DU25: 10.616055 | DW25: 1.8966235 | DX25: 0.18424873 | DZ25: 1.9535116 | EA25: 0.0128842 | EF25: 14.37339 | EG25: 9.7725983 | EH25: 0.51127187 | EJ25: 9.4614797 | EM25: 3.5932063 | EN25: 3.6398931 | EO25: 3.2240923 | EQ25: 3.9456536 | ER25: 8.4537552 | EW25: 0.011530772 | EX25: 0.88413325 | EZ25: 7.4727072 | FD25: 15.530936 | FE25: 10.645878 | FH25: 0.00025557016
A26: 37622 | E26: 0.0085455782 | F26: 3.2520879 | H26: 4.6963012 | I26: 9.1476144 | P26: 9.9725492 | V26: 71.834051 | X26: 255.94003 | Z26: 0.0033177826 | AB26: 0.002511829 | AD26: 7.836546 | AG26: 0.0075899462 | AH26: 0.91461287 | AI26: 0.0020490575 | AM26: 0.011363341 | AP26: 0.30783502 | AQ26: 0.011915389 | AR26: 1.3634817 | AT26: 3.5855885 | AU26: 0.19611427 | AV26: 7.5134713 | AZ26: 16.210108 | BA26: 0.23137446 | BC26: 10.407762 | BD26: 10.509533 | BH26: 9.9151171 | BI26: 1.4183529 | BJ26: 9.804413 | BK26: 3.5369322 | BP26: 0.073606015 | BQ26: 0.91129746 | BS26: 0.043205924 | BT26: 0.11849159 | BU26: 0.12329037 | BV26: 0.00047339597 | BY26: 8.7149768 | BZ26: 1.7552831 | CA26: 10.091708 | CB26: 0.05709519 | CC26: 0.095180381 | CG26: 0.0069108003 | CI26: 7.3422661 | CN26: 8.802944 | CO26: 9.6872111 | CP26: 0.79600881 | CQ26: 0.0029826894 | CS26: 2.6096991 | CT26: 0.4883437 | CX26: 0.16460207 | CY26: 0.59918597 | CZ26: 0.1371472 | DH26: 10.217776 | DL26: 0.17719016 | DM26: 1.4034549 | DN26: 20.081428 | DP26: 8.0024606 | DT26: 2.8750057 | DU26: 10.232238 | DW26: 1.7832831 | DX26: 0.17419095 | DZ26: 1.8023466 | EA26: 0.012326402 | EF26: 14.562689 | EG26: 9.4971868 | EH26: 0.48957824 | EJ26: 9.0684804 | EM26: 3.3245618 | EN26: 3.361559 | EO26: 3.0361759 | EQ26: 3.782652 | ER26: 8.1771811 | EW26: 0.011108588 | EX26: 0.81465122 | EZ26: 6.7657136 | FD26: 14.523084 | FE26: 9.8655241 | FH26: 0.0002373456
A27: 37653 | E27: 0.0083090964 | F27: 3.1851324 | H27: 4.5866742 | I27: 8.9542386 | P27: 9.8201211 | Q27: 4.4285721 | V27: 67.364702 | X27: 250.65823 | Z27: 0.0031057243 | AB27: 0.0024356084 | AD27: 7.7597563 | AG27: 0.0071523479 | AH27: 0.88977426 | AI27: 0.0019715921 | AM27: 0.010949277 | AP27: 0.30041643 | AQ27: 0.011729474 | AR27: 1.3470097 | AT27: 3.4566026 | AU27: 0.19012302 | AV27: 7.3000023 | AZ27: 15.913884 | BA27: 0.22517658 | BC27: 10.245237 | BD27: 10.348944 | BH27: 9.7507273 | BI27: 1.4862142 | BJ27: 9.5972825 | BK27: 3.4112175 | BP27: 0.065552959 | BQ27: 0.88626664 | BS27: 0.041693623 | BT27: 0.11677632 | BU27: 0.11960944 | BV27: 0.00045694439 | BY27: 8.5964492 | BZ27: 1.6891826 | CA27: 9.8853767 | CB27: 0.053270799 | CC27: 0.09101747 | CG27: 0.0066330598 | CI27: 7.2031111 | CN27: 8.5866106 | CO27: 9.6027847 | CP27: 0.76367615 | CQ27: 0.0029176501 | CS27: 2.5211565 | CT27: 0.46738072 | CX27: 0.16482864 | CY27: 0.56102982 | CZ27: 0.13265895 | DH27: 10.053787 | DL27: 0.17164126 | DM27: 1.3372823 | DN27: 19.304129 | DP27: 7.7161124 | DT27: 2.7527952 | DU27: 10.00484 | DW27: 1.7631997 | DX27: 0.17130625 | DZ27: 1.7360882 | EA27: 0.012027908 | EF27: 14.327415 | EG27: 9.3343418 | EH27: 0.49427863 | EJ27: 8.8871789 | EM27: 3.2219187 | EN27: 3.2252439 | EO27: 2.8987201 | EQ27: 3.7436824 | ER27: 7.9754374 | EW27: 0.010834862 | EX27: 0.78859218 | EZ27: 6.7540619 | FD27: 13.981785 | FE27: 9.5858048 | FH27: 0.00023411508
A28: 37681 | E28: 0.0081221249 | F28: 3.0605554 | H28: 4.4297746 | I28: 8.6892839 | P28: 9.5287049 | V28: 68.529176 | X28: 243.40826 | Z28: 0.0030605807 | AB28: 0.0023450774 | AD28: 7.6926651 | AG28: 0.0069982182 | AH28: 0.85317685 | AI28: 0.0019170466 | AM28: 0.010537815 | AP28: 0.28923538 | AQ28: 0.011368095 | AR28: 1.3135225 | AT28: 3.3403623 | AU28: 0.14957748 | AV28: 7.08166 | AZ28: 15.434907 | BA28: 0.22011227 | BC28: 9.9411989 | BD28: 10.054706 | BH28: 9.4459062 | BI28: 1.4613125 | BJ28: 9.4978137 | BK28: 3.2943091 | BP28: 0.068153419 | BQ28: 0.85451963 | BS28: 0.040608613 | BT28: 0.11328685 | BU28: 0.11630845 | BV28: 0.00043837414 | BY28: 8.3779296 | BZ28: 1.6607476 | CA28: 9.5973432 | CB28: 0.050003211 | CC28: 0.088618866 | CG28: 0.0062579959 | CI28: 7.0077752 | CN28: 8.329816 | CO28: 9.3183939 | CP28: 0.73547852 | CQ28: 0.0027916248 | CS28: 2.4273711 | CT28: 0.45309146 | CX28: 0.1610577 | CY28: 0.54356474 | CZ28: 0.12749155 | DH28: 9.8214564 | DL28: 0.16617243 | DM28: 1.2344268 | DN28: 18.659543 | DP28: 7.4508006 | DT28: 2.5692901 | DU28: 9.6880522 | DW28: 1.7059601 | DX28: 0.16830272 | DZ28: 1.6747213 | EA28: 0.011594064 | EF28: 13.923548 | EG28: 9.0967179 | EH28: 0.49477085 | EJ28: 8.6593757 | EM28: 3.1150271 | EN28: 3.0834044 | EO28: 2.7778311 | EQ28: 3.6085501 | ER28: 7.7257938 | EW28: 0.010466734 | EX28: 0.76420214 | EZ28: 6.5033059 | FD28: 13.31613 | FE28: 9.30252 | FH28: 0.00022435362
A29: 37712 | E29: 0.0078739194 | F29: 2.8628539 | H29: 4.1547277 | I29: 8.1902965 | P29: 8.9675558 | V29: 71.880424 | X29: 230.19445 | Z29: 0.0028786459 | AB29: 0.0021920096 | AD29: 7.2670177 | AG29: 0.0068002741 | AH29: 0.80030034 | AI29: 0.0018427438 | AM29: 0.0099166546 | AP29: 0.27476086 | AQ29: 0.010810758 | AR29: 1.2377126 | AT29: 3.1197243 | AU29: 0.13473685 | AV29: 6.7207424 | AZ29: 14.539858 | BA29: 0.20967626 | BC29: 9.3676354 | BD29: 9.4728018 | BH29: 8.8820872 | BI29: 1.3660743 | BJ29: 8.9690973 | BK29: 3.0943834 | BP29: 0.06729173 | BQ29: 0.80391033 | BS29: 0.038380526 | BT29: 0.10798216 | BU29: 0.11129836 | BV29: 0.00041948289 | BY29: 7.9267489 | BZ29: 1.6135718 | CA29: 9.0771818 | CB29: 0.046111933 | CC29: 0.082675703 | CG29: 0.0058692681 | CI29: 6.6324793 | CN29: 7.8623918 | CO29: 8.786187 | CP29: 0.69149484 | CQ29: 0.0025604137 | CS29: 2.2858581 | CT29: 0.42233348 | CX29: 0.15316959 | CY29: 0.52670078 | CZ29: 0.11925906 | DH29: 9.2751945 | DL29: 0.15924889 | DM29: 1.1577618 | DN29: 17.520234 | DP29: 7.00296 | DT29: 2.4451636 | DU29: 9.2106353 | DW29: 1.5932811 | DX29: 0.16103711 | DZ29: 1.5724583 | EA29: 0.010867129 | EF29: 13.158852 | EG29: 8.6251112 | EH29: 0.48502653 | EJ29: 8.2362963 | EM29: 2.9195746 | EN29: 2.8951654 | EO29: 2.2430775 | EQ29: 3.4183908 | ER29: 7.1803177 | EW29: 0.0099700208 | EX29: 0.72266621 | EZ29: 6.3185585 | FD29: 12.512947 | FE29: 8.7243926 | FH29: 0.00021052738
A30: 37742 | E30: 0.0078285142 | F30: 2.8261181 | H30: 4.0856427 | I30: 8.6150694 | P30: 9.4066576 | Q30: 3.964574 | V30: 75.176416 | X30: 241.56372 | Z30: 0.0029019961 | AB30: 0.0021394752 | AD30: 7.5492801 | AG30: 0.0068130266 | AH30: 0.78294316 | AI30: 0.0018673769 | AM30: 0.0097437645 | AP30: 0.29128958 | AQ30: 0.011443126 | AR30: 1.2979158 | AT30: 3.0707442 | AU30: 0.12485627 | AV30: 6.6328741 | AZ30: 15.246698 | BA30: 0.20713565 | BC30: 9.8413208 | BD30: 9.9522792 | BH30: 9.3218371 | BI30: 1.3556101 | BJ30: 9.4735588 | BK30: 3.0587274 | BP30: 0.06958378 | BQ30: 0.79094336 | BS30: 0.040418962 | BT30: 0.11222668 | BU30: 0.11055834 | BV30: 0.00043364718 | BY30: 8.3260435 | BZ30: 1.6327433 | CA30: 9.5715263 | CB30: 0.043098625 | CC30: 0.083375118 | CG30: 0.0059308226 | CI30: 6.9885384 | CN30: 8.2577227 | CO30: 9.2451123 | CP30: 0.68064739 | CQ30: 0.002629462 | CS30: 2.2541471 | CT30: 0.42462485 | CX30: 0.15147927 | CY30: 0.53648648 | CZ30: 0.12128363 | DH30: 9.7491473 | DL30: 0.16752631 | DM30: 1.2041477 | DN30: 17.365544 | DP30: 6.8854182 | DT30: 2.5456952 | DU30: 9.742888 | DW30: 1.6355155 | DX30: 0.16143444 | DZ30: 1.5507352 | EA30: 0.011362764 | EF30: 13.853119 | EG30: 9.1161318 | EH30: 0.47983092 | EJ30: 8.6554241 | EM30: 2.8941269 | EN30: 2.8723104 | EO30: 2.6297334 | EQ30: 3.5916405 | ER30: 7.4347148 | EW30: 0.010720587 | EX30: 0.71383333 | EZ30: 6.8229414 | FD30: 12.708419 | FE30: 8.5810842 | FH30: 0.00020685228
A31: 37773 | E31: 0.007827874 | F31: 2.7962885 | H31: 4.051693 | I31: 8.6090686 | P31: 9.4094451 | V31: 76.220704 | X31: 234.97433 | Z31: 0.0028719727 | AB31: 0.0021030988 | AD31: 7.6556623 | AG31: 0.0066949406 | AH31: 0.76617574 | AI31: 0.0018695491 | AM31: 0.0096313034 | AP31: 0.2902222 | AQ31: 0.011450922 | AR31: 1.296528 | AT31: 3.0400241 | AU31: 0.11532785 | AV31: 6.5561081 | AZ31: 15.136626 | BA31: 0.20931896 | BC31: 9.8047066 | BD31: 9.9454112 | BH31: 9.3290219 | BI31: 1.3480488 | BJ31: 9.4317213 | BK31: 3.0281394 | BP31: 0.070484662 | BQ31: 0.78296184 | BS31: 0.038061365 | BT31: 0.10950996 | BU31: 0.11103418 | BV31: 0.00043922424 | BY31: 8.3163098 | BZ31: 1.6425818 | CA31: 9.5546342 | CB31: 0.044893527 | CC31: 0.081632484 | CG31: 0.0058866808 | CI31: 7.0186745 | CN31: 8.2436422 | CO31: 9.2212244 | CP31: 0.67281579 | CQ31: 0.0026225845 | CS31: 2.2305672 | CT31: 0.41919474 | CX31: 0.14613059 | CY31: 0.51942333 | CZ31: 0.1222352 | DH31: 9.6791951 | DL31: 0.1667548 | DM31: 1.1554781 | DN31: 17.20038 | DP31: 6.8267506 | DT31: 2.48704 | DU31: 9.7172428 | DW31: 1.6281969 | DX31: 0.16349479 | DZ31: 1.5375484 | EA31: 0.011315524 | EF31: 13.876222 | EG31: 9.1161362 | EH31: 0.461774 | EJ31: 8.6388318 | EM31: 2.8601841 | EN31: 2.8733565 | EO31: 2.6765572 | EQ31: 3.587475 | ER31: 7.3072348 | EW31: 0.010711774 | EX31: 0.70967904 | EZ31: 7.1148309 | FD31: 12.863186 | FE31: 8.5087328 | FH31: 0.00020416472
A32: 37803 | E32: 0.0076394971 | F32: 2.7987412 | H32: 4.033326 | I32: 8.3305823 | P32: 9.1307874 | V32: 75.954998 | X32: 229.6212 | Z32: 0.0028272771 | AB32: 0.0021090434 | AD32: 7.451024 | AG32: 0.0067208755 | AH32: 0.75726183 | AI32: 0.0018337199 | AM32: 0.0095597556 | AP32: 0.27734884 | AQ32: 0.010961794 | AR32: 1.2473046 | AT32: 3.0974173 | AU32: 0.099131284 | AV32: 6.5146777 | AZ32: 14.683648 | BA32: 0.21027445 | BC32: 9.4468578 | BD32: 9.6225242 | BH32: 9.0559704 | BI32: 1.3416043 | BJ32: 8.9590333 | BK32: 3.0109759 | BP32: 0.069102958 | BQ32: 0.77694542 | BS32: 0.036524818 | BT32: 0.10432796 | BU32: 0.11235699 | BV32: 0.00042938504 | BY32: 7.9978533 | BZ32: 1.6250909 | CA32: 9.2694823 | CB32: 0.04527991 | CC32: 0.080631487 | CG32: 0.0059037863 | CI32: 6.7747134 | CN32: 7.9209781 | CO32: 8.8545101 | CP32: 0.66220517 | CQ32: 0.0025333613 | CS32: 2.2199874 | CT32: 0.41762784 | CX32: 0.13935856 | CY32: 0.51928506 | CZ32: 0.12356797 | DH32: 9.3829309 | DL32: 0.16124379 | DM32: 1.0982484 | DN32: 17.034383 | DP32: 6.7881294 | DT32: 2.3921855 | DU32: 9.3841859 | DW32: 1.6337345 | DX32: 0.16421582 | DZ32: 1.5366372 | EA32: 0.011080456 | EF32: 13.428635 | EG32: 8.8717985 | EH32: 0.4778116 | EJ32: 8.314801 | EM32: 2.8347909 | EN32: 2.8655201 | EO32: 2.7920278 | EQ32: 3.4375206 | ER32: 6.988946 | EW32: 0.010194402 | EX32: 0.70815299 | EZ32: 7.0842956 | FD32: 12.485872 | FE32: 8.4613545 | FH32: 0.00020188579
A33: 37834 | E33: 0.0079183107 | F33: 2.9292633 | H33: 4.2102992 | I33: 8.5482592 | P33: 9.3685649 | Q33: 4.101278 | V33: 76.36148 | X33: 236.66777 | Z33: 0.0028895787 | AB33: 0.0021945029 | AD33: 7.7274051 | AG33: 0.007006267 | AH33: 0.79662906 | AI33: 0.0019160546 | AM33: 0.0099461484 | AP33: 0.27937742 | AQ33: 0.011253404 | AR33: 1.2766576 | AT33: 3.2542481 | AU33: 0.10896452 | AV33: 6.8097247 | AZ33: 15.024727 | BA33: 0.22188153 | BC33: 9.6792266 | BD33: 9.8693892 | BH33: 9.2663268 | BI33: 1.431386 | BJ33: 9.1633846 | BK33: 3.1520064 | BP33: 0.075485045 | BQ33: 0.81520675 | BS33: 0.037945896 | BT33: 0.10523046 | BU33: 0.11765967 | BV33: 0.0004437237 | BY33: 8.2303281 | BZ33: 1.6409582 | CA33: 9.5081011 | CB33: 0.04796392 | CC33: 0.08430916 | CG33: 0.0062119799 | CI33: 6.8571801 | CN33: 8.0464007 | CO33: 9.1805609 | CP33: 0.69187537 | CQ33: 0.0026163672 | CS33: 2.3168821 | CT33: 0.43492862 | CX33: 0.14709185 | CY33: 0.52943082 | CZ33: 0.13045258 | DH33: 9.631235 | DL33: 0.16525221 | DM33: 1.1315314 | DN33: 17.812894 | DP33: 7.098277 | DT33: 2.4820921 | DU33: 9.6068359 | DW33: 1.6761559 | DX33: 0.17091122 | DZ33: 1.6020008 | EA33: 0.011452696 | EF33: 13.880653 | EG33: 9.0451889 | EH33: 0.5104627 | EJ33: 8.5470498 | EM33: 2.9463746 | EN33: 3.0022876 | EO33: 2.9189684 | EQ33: 3.4956877 | ER33: 7.1897708 | EW33: 0.010205052 | EX33: 0.73902527 | EZ33: 7.4909968 | FD33: 12.83078 | FE33: 8.8727751 | FH33: 0.00021056633
A34: 37865 | E34: 0.0086354657 | F34: 2.918072 | H34: 4.2165197 | I34: 8.6050841 | P34: 9.440077 | V34: 78.84408 | X34: 239.74648 | Z34: 0.0028461248 | AB34: 0.0021864054 | AD34: 7.9053183 | AG34: 0.0072944671 | AH34: 0.80401462 | AI34: 0.0019333312 | AM34: 0.0098518584 | AP34: 0.27898948 | AQ34: 0.011162291 | AR34: 1.2912637 | AT34: 3.2448888 | AU34: 0.11674831 | AV34: 6.8451502 | AZ34: 15.131336 | BA34: 0.22095675 | BC34: 9.7651473 | BD34: 9.9538386 | BH34: 9.2999936 | BI34: 1.408332 | BJ34: 9.3823398 | BK34: 3.1512909 | BP34: 0.07733283 | BQ34: 0.81299323 | BS34: 0.038912493 | BT34: 0.10655879 | BU34: 0.11756405 | BV34: 0.00044818997 | BY34: 8.2811808 | BZ34: 1.6504979 | CA34: 9.568908 | CB34: 0.04820424 | CC34: 0.086826653 | CG34: 0.0063170367 | CI34: 6.9214051 | CN34: 8.0549732 | CO34: 9.2653229 | CP34: 0.69480416 | CQ34: 0.0026459678 | CS34: 2.3150958 | CT34: 0.42982968 | CX34: 0.14797551 | CY34: 0.52178027 | CZ34: 0.13562367 | DH34: 9.772028 | DL34: 0.16592564 | DM34: 1.1496523 | DN34: 17.8368 | DP34: 7.0651132 | DT34: 2.447542 | DU34: 9.6708005 | DW34: 1.6851428 | DX34: 0.16964857 | DZ34: 1.600936 | EA34: 0.011664882 | EF34: 14.028743 | EG34: 9.1139908 | EH34: 0.51158533 | EJ34: 8.6132492 | EM34: 2.9285073 | EN34: 2.9824891 | EO34: 2.7660936 | EQ34: 3.6029031 | ER34: 7.2152426 | EW34: 0.010145934 | EX34: 0.73646179 | EZ34: 7.7139117 | FD34: 12.958987 | FE34: 8.8777272 | FH34: 0.00020996775
A35: 37895 | E35: 0.0087180734 | F35: 2.8425608 | H35: 4.0980931 | I35: 8.6989928 | P35: 9.5301992 | V35: 78.512744 | X35: 244.85787 | Z35: 0.0029099028 | AB35: 0.0021277118 | AD35: 7.9021665 | AG35: 0.0074016548 | AH35: 0.78864002 | AI35: 0.0018570007 | AM35: 0.0096077617 | AP35: 0.28602476 | AQ35: 0.011230604 | AR35: 1.3046684 | AT35: 3.1509685 | AU35: 0.10657325 | AV35: 6.6542575 | AZ35: 15.349062 | BA35: 0.21362004 | BC35: 9.8799843 | BD35: 10.102819 | BH35: 9.4192083 | BI35: 1.4245996 | BJ35: 9.5367653 | BK35: 3.0655922 | BP35: 0.076241379 | BQ35: 0.79092306 | BS35: 0.039720955 | BT35: 0.10811477 | BU35: 0.11636629 | BV35: 0.00043781433 | BY35: 8.3873356 | BZ35: 1.6104902 | CA35: 9.6994748 | CB35: 0.047112378 | CC35: 0.088724633 | CG35: 0.006145595 | CI35: 7.0708851 | CN35: 8.1703816 | CO35: 9.3783765 | CP35: 0.67924072 | CQ35: 0.0026025403 | CS35: 2.2526319 | CT35: 0.42436722 | CX35: 0.14632637 | CY35: 0.49791546 | CZ35: 0.13790425 | DH35: 9.8699694 | DL35: 0.16859355 | DM35: 1.1604251 | DN35: 17.338952 | DP35: 6.8473333 | DT35: 2.4286918 | DU35: 9.8479913 | DW35: 1.6952684 | DX35: 0.16893916 | DZ35: 1.553108 | EA35: 0.011770622 | EF35: 14.220454 | EG35: 9.2605214 | EH35: 0.51888917 | EJ35: 8.782467 | EM35: 2.8596793 | EN35: 2.9163654 | EO35: 2.701277 | EQ35: 3.6771183 | ER35: 7.3432737 | EW35: 0.010271253 | EX35: 0.719363 | EZ35: 7.2744536 | FD35: 13.131214 | FE35: 8.6206185 | FH35: 0.00020322817
A36: 37926 | E36: 0.0090209525 | F36: 2.8859093 | H36: 4.1358809 | I36: 8.7924655 | P36: 9.6324573 | Q36: 4.0418341 | V36: 77.982672 | X36: 251.52129 | Z36: 0.0029842229 | AB36: 0.0021424524 | AD36: 8.0448531 | AG36: 0.0076829284 | AH36: 0.80286877 | AI36: 0.0018991771 | AM36: 0.0097381678 | AP36: 0.28992101 | AQ36: 0.01131583 | AR36: 1.3149362 | AT36: 3.1690448 | AU36: 0.099722122 | AV36: 6.7297307 | AZ36: 15.460831 | BA36: 0.21080803 | BC36: 9.9578742 | BD36: 10.204148 | BH36: 9.4812971 | BI36: 1.4404603 | BJ36: 9.6392888 | BK36: 3.0923261 | BP36: 0.076639076 | BQ36: 0.79901121 | BS36: 0.039687298 | BT36: 0.10975198 | BU36: 0.11717938 | BV36: 0.00044171927 | BY36: 8.4615091 | BZ36: 1.6045865 | CA36: 9.8091782 | CB36: 0.047922636 | CC36: 0.089285826 | CG36: 0.0060864916 | CI36: 7.1713063 | CN36: 8.28172 | CO36: 9.4843821 | CP36: 0.68201464 | CQ36: 0.0026024977 | CS36: 2.2727747 | CT36: 0.41506597 | CX36: 0.14928778 | CY36: 0.50859881 | CZ36: 0.13963854 | DH36: 9.9320858 | DL36: 0.17087152 | DM36: 1.1766839 | DN36: 17.494851 | DP36: 6.9088786 | DT36: 2.4382388 | DU36: 9.9626479 | DW36: 1.6851405 | DX36: 0.17394637 | DZ36: 1.565499 | EA36: 0.011751925 | EF36: 14.370183 | EG36: 9.3651887 | EH36: 0.53428093 | EJ36: 8.889019 | EM36: 2.874361 | EN36: 2.9597672 | EO36: 2.8421356 | EQ36: 3.7079174 | ER36: 7.342787 | EW36: 0.010322825 | EX36: 0.72738973 | EZ36: 7.2015009 | FD36: 13.336121 | FE36: 8.6659107 | FH36: 0.00020520897
A37: 37956 | E37: 0.0097074711 | F37: 2.9470327 | H37: 4.2683429 | I37: 9.5232417 | P37: 10.406978 | V37: 80.401577 | X37: 276.62463 | Z37: 0.003073007 | AB37: 0.0022177897 | AD37: 8.2903719 | AG37: 0.0081808824 | AH37: 0.83168106 | AI37: 0.001993702 | AM37: 0.010070009 | AP37: 0.31054156 | AQ37: 0.012228051 | AR37: 1.4176986 | AT37: 3.2840974 | AU37: 0.113314 | AV37: 6.9268908 | AZ37: 16.688481 | BA37: 0.21312471 | BC37: 10.774487 | BD37: 11.043162 | BH37: 10.330298 | BI37: 1.4830333 | BJ37: 10.465757 | BK37: 3.1971192 | BP37: 0.079304832 | BQ37: 0.82269603 | BS37: 0.042074152 | BT37: 0.11760106 | BU37: 0.12000913 | BV37: 0.00046020489 | BY37: 9.1864389 | BZ37: 1.6853868 | CA37: 10.613127 | CB37: 0.049354981 | CC37: 0.09310915 | CG37: 0.0062529554 | CI37: 7.7672131 | CN37: 8.9530204 | CO37: 10.264064 | CP37: 0.70197783 | CQ37: 0.0027863603 | CS37: 2.3470267 | CT37: 0.42519697 | CX37: 0.16241721 | CY37: 0.51903551 | CZ37: 0.14685614 | DH37: 10.668708 | DL37: 0.18556522 | DM37: 1.2652527 | DN37: 17.942444 | DP37: 7.0999658 | DT37: 2.6221618 | DU37: 10.776639 | DW37: 1.8136093 | DX37: 0.18339114 | DZ37: 1.6152883 | EA37: 0.012585516 | EF37: 15.561231 | EG37: 10.137475 | EH37: 0.5689658 | EJ37: 9.6261959 | EM37: 2.9681613 | EN37: 3.0566162 | EO37: 2.8913994 | EQ37: 3.9998209 | ER37: 7.9563159 | EW37: 0.011235745 | EX37: 0.74807408 | EZ37: 7.6794851 | FD37: 14.268094 | FE37: 8.913786 | FH37: 0.00021294372
A38: 37987 | E38: 0.0096408526 | F38: 2.8569243 | H38: 4.1844705 | I38: 9.5707893 | P38: 10.480348 | V38: 81.268437 | X38: 281.88245 | Z38: 0.0029210144 | AB38: 0.0021732393 | AD38: 8.221101 | AG38: 0.0083933497 | AH38: 0.8223106 | AI38: 0.0020085125 | AM38: 0.0099511586 | AP38: 0.3136084 | AQ38: 0.012362281 | AR38: 1.4251566 | AT38: 3.2210397 | AU38: 0.098144542 | AV38: 6.8020942 | AZ38: 16.847134 | BA38: 0.2068499 | BC38: 10.788269 | BD38: 11.087886 | BH38: 10.372135 | BI38: 1.5270634 | BJ38: 10.439395 | BK38: 3.1301382 | BP38: 0.077366861 | BQ38: 0.80944012 | BS38: 0.043221269 | BT38: 0.12104046 | BU38: 0.11817636 | BV38: 0.00045855114 | BY38: 9.1716059 | BZ38: 1.6344939 | CA38: 10.673422 | CB38: 0.048691485 | CC38: 0.092085055 | CG38: 0.0061982832 | CI38: 7.8918143 | CN38: 8.9875233 | CO38: 10.232303 | CP38: 0.69014118 | CQ38: 0.0025629793 | CS38: 2.2953315 | CT38: 0.41571812 | CX38: 0.16592724 | CY38: 0.5262761 | CZ38: 0.14596462 | DD38: 0.10126839 | DH38: 10.713216 | DL38: 0.1867508 | DM38: 1.2176998 | DN38: 17.509979 | DP38: 6.9714413 | DT38: 2.6021892 | DU38: 10.820934 | DW38: 1.8172909 | DX38: 0.18574422 | DY38: 0.0082275031 | DZ38: 1.5844974 | EA38: 0.012661153 | EF38: 16.31375 | EG38: 10.216258 | EH38: 0.52083655 | EJ38: 9.5974025 | EM38: 2.8978708 | EN38: 3.0269476 | EO38: 2.8274883 | EQ38: 3.9573021 | ER38: 7.9098075 | EW38: 0.01139982 | EX38: 0.7334299 | EZ38: 8.0200606 | FD38: 14.466568 | FE38: 8.760023 | FH38: 0.00021018147
A39: 38018 | E39: 0.010001848 | F39: 2.9448561 | H39: 4.2490514 | I39: 9.750881 | P39: 10.677254 | Q39: 4.1573347 | V39: 80.555549 | X39: 286.94982 | Z39: 0.0029544026 | AB39: 0.0022026888 | AD39: 8.1317802 | AG39: 0.0083424875 | AH39: 0.83077896 | AI39: 0.002081305 | AM39: 0.010127769 | AP39: 0.31784176 | AQ39: 0.012537325 | AR39: 1.456566 | AT39: 3.2520179 | AU39: 0.10220545 | AV39: 6.9332412 | AZ39: 17.166003 | BA39: 0.21100431 | BC39: 11.011828 | BD39: 11.301832 | BH39: 10.551172 | BI39: 1.5472292 | BJ39: 10.563259 | BK39: 3.1679868 | BP39: 0.078200836 | BQ39: 0.82542267 | BS39: 0.044689877 | BT39: 0.12379408 | BU39: 0.12012447 | BV39: 0.00046104375 | BY39: 9.388483 | BZ39: 1.6420989 | CA39: 10.859971 | CB39: 0.049350341 | CC39: 0.093189409 | CG39: 0.0063977724 | CI39: 8.0667351 | CN39: 9.1010977 | CO39: 10.52021 | CP39: 0.69800585 | CQ39: 0.0024518323 | CS39: 2.3258662 | CT39: 0.42021496 | CX39: 0.17119619 | CY39: 0.53196586 | CZ39: 0.15252742 | DD39: 0.10233517 | DH39: 10.92286 | DL39: 0.18745386 | DM39: 1.2111379 | DN39: 17.690749 | DP39: 7.0574605 | DT39: 2.5687599 | DU39: 10.966699 | DW39: 1.8804057 | DX39: 0.19261472 | DY39: 0.0084328945 | DZ39: 1.6056635 | EA39: 0.012895165 | EF39: 16.690636 | EG39: 10.382791 | EH39: 0.54519954 | EJ39: 9.745932 | EM39: 2.9253353 | EN39: 3.026176 | EO39: 2.9318253 | EQ39: 3.9896782 | ER39: 7.9895678 | EW39: 0.011542444 | EX39: 0.74263783 | EZ39: 8.2827775 | FD39: 15.050192 | FE39: 8.9159951 | FH39: 0.00021834992
A40: 38047 | E40: 0.010001445 | F40: 2.9083794 | H40: 4.1830427 | I40: 9.3141096 | P40: 10.174824 | V40: 80.117671 | X40: 273.00933 | Z40: 0.0030447943 | AB40: 0.0021833265 | AD40: 8.015944 | AG40: 0.0079558545 | AH40: 0.81786657 | AI40: 0.0020995092 | AM40: 0.0099109083 | AP40: 0.3013323 | AQ40: 0.012036906 | AR40: 1.3916064 | AT40: 3.1949744 | AU40: 0.10976439 | AV40: 6.8526359 | AZ40: 16.361147 | BA40: 0.20999933 | BC40: 10.443603 | BD40: 10.798106 | BH40: 10.074374 | BI40: 1.5042487 | BJ40: 10.301333 | BK40: 3.1325777 | BP40: 0.083834128 | BQ40: 0.80914155 | BS40: 0.044400569 | BT40: 0.1178913 | BU40: 0.11856465 | BV40: 0.00044561005 | BY40: 8.972242 | BZ40: 1.5953655 | CA40: 10.36833 | CB40: 0.048636081 | CC40: 0.089905152 | CG40: 0.0063423689 | CI40: 7.7538204 | CN40: 8.70501 | CO40: 10.01587 | CP40: 0.68224726 | CQ40: 0.0022613445 | CS40: 2.2806986 | CT40: 0.4123221 | CX40: 0.16429378 | CY40: 0.5245873 | CZ40: 0.15388105 | DD40: 0.10142631 | DH40: 10.485208 | DL40: 0.17842865 | DM40: 1.1895139 | DN40: 17.434194 | DP40: 6.9131575 | DT40: 2.4991976 | DU40: 10.460579 | DW40: 1.8220359 | DX40: 0.19035182 | DY40: 0.0083628583 | DZ40: 1.5728105 | EA40: 0.012259404 | EF40: 15.908765 | EG40: 9.94235 | EH40: 0.54784386 | EJ40: 9.3394254 | EM40: 2.8842797 | EN40: 2.9875035 | EO40: 2.8414731 | EQ40: 3.801459 | ER40: 7.6610961 | EW40: 0.010916392 | EX40: 0.73054114 | EZ40: 8.2646008 | FD40: 14.477816 | FE40: 8.8075743 | FH40: 0.00021567152
A41: 38078 | E41: 0.0097900671 | F41: 2.8245498 | H41: 4.0682769 | I41: 8.8344084 | P41: 9.7032373 | V41: 78.016324 | X41: 259.31204 | Z41: 0.002881917 | AB41: 0.0021277108 | AD41: 7.7114883 | AG41: 0.0076938851 | AH41: 0.79761286 | AI41: 0.0020705628 | AM41: 0.0096365889 | AP41: 0.29008228 | AQ41: 0.011613807 | AR41: 1.3221172 | AT41: 3.114585 | AU41: 0.11292389 | AV41: 6.6929339 | AZ41: 15.637695 | BA41: 0.20873214 | BC41: 9.9076155 | BD41: 10.268197 | BH41: 9.5871584 | BI41: 1.4778965 | BJ41: 9.7986523 | BK41: 3.0437776 | BP41: 0.088764952 | BQ41: 0.78989139 | BS41: 0.042754441 | BT41: 0.11182134 | BU41: 0.11789678 | BV41: 0.00043523727 | BW41: 4.453422e-05 | BY41: 8.5339859 | BZ41: 1.5488568 | CA41: 9.8581268 | CB41: 0.047589722 | CC41: 0.088353641 | CG41: 0.0062372125 | CI41: 7.3965927 | CN41: 8.2924121 | CO41: 9.5262441 | CP41: 0.66329419 | CQ41: 0.0018702174 | CS41: 2.2173126 | CT41: 0.40208244 | CX41: 0.15361226 | CY41: 0.49824983 | CZ41: 0.1574269 | DD41: 0.099801218 | DH41: 9.9773737 | DL41: 0.16849268 | DM41: 1.164033 | DN41: 16.921568 | DP41: 6.7082469 | DT41: 2.4027522 | DU41: 10.006218 | DW41: 1.7113993 | DX41: 0.18561133 | DY41: 0.0081941806 | DZ41: 1.5200374 | EA41: 0.011558688 | EF41: 15.089422 | EG41: 9.4732011 | EH41: 0.53647426 | EJ41: 8.9797555 | EM41: 2.806685 | EN41: 2.8989519 | EO41: 2.7606534 | EQ41: 3.6335919 | ER41: 7.3721219 | EW41: 0.010474873 | EX41: 0.71401334 | EZ41: 7.8368827 | FD41: 13.909754 | FE41: 8.5738754 | FH41: 0.00021068636
A42: 38108 | E42: 0.010381459 | F42: 2.8950092 | H42: 4.1746348 | I42: 9.1101076 | P42: 9.9976096 | Q42: 4.0893687 | V42: 75.3005 | X42: 266.09554 | Z42: 0.0030888801 | AB42: 0.0021924298 | AD42: 7.7617984 | AG42: 0.0075804192 | AH42: 0.81637193 | AI42: 0.0020669904 | AM42: 0.0098664191 | AP42: 0.30413873 | AQ42: 0.011947702 | AR42: 1.361828 | AT42: 3.1901695 | AU42: 0.11156688 | AV42: 6.8247223 | AZ42: 16.381301 | BA42: 0.2142248 | BC42: 10.183984 | BD42: 10.578724 | BH42: 9.8621892 | BI42: 1.5306159 | BJ42: 10.10162 | BK42: 3.1238225 | BP42: 0.095870313 | BQ42: 0.81217584 | BS42: 0.043769398 | BT42: 0.11506498 | BU42: 0.11820045 | BV42: 0.00043208368 | BW42: 4.6188839e-05 | BY42: 8.7839986 | BZ42: 1.5785993 | CA42: 10.143089 | CB42: 0.049124566 | CC42: 0.086375073 | CG42: 0.006241104 | CI42: 7.6887698 | CN42: 8.6429408 | CO42: 9.7990386 | CP42: 0.68014045 | CQ42: 0.001753953 | CS42: 2.2782531 | CT42: 0.42055067 | CX42: 0.15276105 | CY42: 0.4977776 | CZ42: 0.16639137 | DD42: 0.10325193 | DH42: 10.258193 | DL42: 0.17319869 | DM42: 1.2098314 | DN42: 17.3933 | DP42: 6.8936559 | DT42: 2.5005699 | DU42: 10.337837 | DW42: 1.7671685 | DX42: 0.1895235 | DY42: 0.0084565457 | DZ42: 1.5557966 | EA42: 0.011854233 | EF42: 15.54939 | EG42: 9.8067595 | EH42: 0.5305352 | EJ42: 9.2714004 | EM42: 2.919316 | EN42: 2.9587109 | EO42: 2.8873664 | EQ42: 3.7541276 | ER42: 7.657472 | EW42: 0.01090292 | EX42: 0.73535759 | EZ42: 7.2611557 | FD42: 14.173149 | FE42: 8.8358671 | FH42: 0.00021754121
A43: 38139 | E43: 0.010501811 | F43: 2.9204742 | H43: 4.2391197 | I43: 9.3032736 | P43: 10.166907 | V43: 75.622813 | X43: 266.35374 | Z43: 0.0030028181 | AB43: 0.0022732685 | AD43: 7.9382777 | AG43: 0.0075702162 | AH43: 0.81592222 | AI43: 0.002095156 | AM43: 0.0099608983 | AP43: 0.31336701 | AQ43: 0.012164346 | AR43: 1.3845829 | AT43: 3.2027353 | AU43: 0.11221765 | AV43: 6.8475666 | AZ43: 16.716645 | BA43: 0.21661201 | BC43: 10.354615 | BD43: 10.766864 | BH43: 10.034105 | BI43: 1.5537433 | BJ43: 10.247407 | BK43: 3.1515504 | BP43: 0.10120504 | BQ43: 0.81929038 | BS43: 0.044537772 | BT43: 0.11869565 | BU43: 0.1192245 | BV43: 0.00041705409 | BW43: 4.6885891e-05 | BY43: 8.974461 | BZ43: 1.616527 | CA43: 10.336466 | CB43: 0.049439063 | CC43: 0.089541828 | CG43: 0.0063828116 | CI43: 7.8702526 | CN43: 8.8028509 | CO43: 9.9955219 | CP43: 0.68618483 | CQ43: 0.0015831093 | CS43: 2.295109 | CT43: 0.41503051 | CX43: 0.15349337 | CY43: 0.50764924 | CZ43: 0.16475381 | DD43: 0.1052189 | DH43: 10.369797 | DL43: 0.17558781 | DM43: 1.2176283 | DN43: 17.466932 | DP43: 6.9657801 | DT43: 2.6393097 | DU43: 10.541693 | DW43: 1.7992156 | DX43: 0.19193607 | DY43: 0.008531203 | DZ43: 1.5642367 | EA43: 0.012050984 | EF43: 15.845338 | EG43: 10.010072 | EH43: 0.5683442 | EJ43: 9.4479541 | EM43: 2.947902 | EN43: 2.9864184 | EO43: 2.9300411 | EQ43: 3.7968143 | ER43: 7.9149581 | EW43: 0.011120479 | EX43: 0.74238357 | EZ43: 7.3598517 | FD43: 14.598157 | FE43: 8.9210275 | FH43: 0.00022089114
A44: 38169 | E44: 0.010412227 | F44: 2.9268818 | H44: 4.2532431 | I44: 9.4042572 | P44: 10.331574 | V44: 78.805149 | X44: 273.01488 | Z44: 0.0029747413 | AB44: 0.0022972842 | AD44: 8.1628726 | AG44: 0.0077380819 | AH44: 0.81607005 | AI44: 0.0021492586 | AM44: 0.010037125 | AP44: 0.31939492 | AQ44: 0.012290943 | AR44: 1.3968084 | AT44: 3.2100704 | AU44: 0.12089378 | AV44: 6.8203311 | AZ44: 16.891543 | BA44: 0.21777778 | BC44: 10.471413 | BD44: 10.886222 | BH44: 10.184094 | BI44: 1.5234831 | BJ44: 10.189143 | BK44: 3.1672195 | BP44: 0.10255625 | BQ44: 0.8286405 | BS44: 0.0457294 | BT44: 0.11945901 | BU44: 0.1192515 | BV44: 0.00043640135 | BW44: 4.7209619e-05 | BY44: 9.0634476 | BZ44: 1.6269478 | CA44: 10.476382 | CB44: 0.049740229 | CC44: 0.089545864 | CG44: 0.0064415241 | CI44: 7.9832926 | CN44: 8.9145121 | CO44: 10.020463 | CP44: 0.6901518 | CQ44: 0.0017326539 | CS44: 2.3045009 | CT44: 0.41508717 | CX44: 0.15454304 | CY44: 0.50589511 | CZ44: 0.16598044 | DD44: 0.10723844 | DH44: 10.486623 | DL44: 0.17579557 | DM44: 1.2046846 | DN44: 17.580207 | DP44: 6.9880027 | DT44: 2.7470004 | DU44: 10.655665 | DW44: 1.8353579 | DX44: 0.19379178 | DY44: 0.0086711292 | DZ44: 1.5772082 | EA44: 0.012389571 | EF44: 16.097389 | EG44: 10.172743 | EH44: 0.59848058 | EJ44: 9.4955686 | EM44: 2.9804858 | EN44: 3.0045154 | EO44: 3.033757 | EQ44: 3.8169518 | ER44: 7.8938182 | EW44: 0.01123597 | EX44: 0.74832382 | EZ44: 7.6318381 | FD44: 14.703327 | FE44: 8.9264615 | FH44: 0.00022244024
A45: 38200 | E45: 0.010761059 | F45: 2.9473929 | H45: 4.2904654 | I45: 9.4434537 | P45: 10.349 | Q45: 4.18924 | V45: 80.874411 | X45: 271.91015 | Z45: 0.003159028 | AB45: 0.0023202558 | AD45: 8.2749803 | AG45: 0.007784847 | AH45: 0.82822944 | AI45: 0.002212316 | AM45: 0.010135817 | AP45: 0.31849647 | AQ45: 0.012272707 | AR45: 1.3943933 | AT45: 3.2567087 | AU45: 0.1325458 | AV45: 6.8757397 | AZ45: 16.874192 | BA45: 0.22092152 | BC45: 10.503237 | BD45: 10.915257 | BF45: 0.15172731 | BH45: 10.2 | BI45: 1.6029508 | BJ45: 10.168722 | BK45: 3.196697 | BP45: 0.10282933 | BQ45: 0.83393703 | BS45: 0.045733776 | BT45: 0.12043087 | BU45: 0.1205663 | BV45: 0.00043021446 | BW45: 4.7800641e-05 | BY45: 9.1307287 | BZ45: 1.626531 | CA45: 10.506439 | CB45: 0.050595287 | CC45: 0.089530724 | CG45: 0.0065409089 | CI45: 7.9811498 | CN45: 8.8834424 | CO45: 10.143034 | CP45: 0.69740892 | CQ45: 0.0018825799 | CS45: 2.3225995 | CT45: 0.41646905 | CX45: 0.15522346 | CY45: 0.51651808 | CZ45: 0.16725455 | DD45: 0.10932283 | DH45: 10.526822 | DL45: 0.17488892 | DM45: 1.2235427 | DN45: 17.785089 | DP45: 7.0638654 | DT45: 2.7559888 | DU45: 10.623552 | DW45: 1.8479468 | DX45: 0.19525251 | DY45: 0.0089780621 | DZ45: 1.589595 | EA45: 0.012512169 | EF45: 16.079667 | EG45: 10.132082 | EH45: 0.5705727 | EJ45: 9.5419899 | EM45: 2.9989581 | EN45: 3.0426559 | EO45: 3.1139148 | EQ45: 3.818552 | ER45: 7.8683153 | EW45: 0.011261718 | EX45: 0.75629072 | EZ45: 7.624317 | FD45: 14.680163 | FE45: 9.0013163 | FH45: 0.00022514599
A46: 38231 | E46: 0.010654971 | F46: 2.9115125 | H46: 4.2372868 | I46: 9.3562006 | P46: 10.260877 | V46: 83.213903 | X46: 272.08954 | Z46: 0.0030582903 | AB46: 0.0022418378 | AD46: 8.3384316 | AG46: 0.0079321971 | AH46: 0.82677577 | AI46: 0.0022302748 | AM46: 0.010004702 | AP46: 0.31301844 | AQ46: 0.012094526 | AR46: 1.3891753 | AT46: 3.214336 | AU46: 0.14480813 | AV46: 6.8044324 | AZ46: 16.743272 | BA46: 0.22008947 | BC46: 10.446729 | BD46: 10.824401 | BF46: 0.14993856 | BH46: 10.083643 | BI46: 1.5893975 | BJ46: 10.27642 | BK46: 3.1521425 | BP46: 0.10080763 | BQ46: 0.82078696 | BS46: 0.045591639 | BT46: 0.11896206 | BU46: 0.11990765 | BV46: 0.00042894986 | BW46: 4.7056353e-05 | BY46: 9.0463651 | BZ46: 1.6167764 | CA46: 10.409365 | CB46: 0.050123833 | CC46: 0.088951982 | CG46: 0.0065203218 | CI46: 7.9411005 | CN46: 8.8535176 | CO46: 10.066495 | CP46: 0.69317548 | CQ46: 0.0018761561 | CS46: 2.3019253 | CT46: 0.41025153 | CX46: 0.15285343 | CY46: 0.51017538 | CZ46: 0.16537559 | DD46: 0.10985323 | DH46: 10.520773 | DL46: 0.173304 | DM46: 1.2155598 | DN46: 17.586784 | DP46: 6.9608073 | DT46: 2.7746711 | DU46: 10.517024 | DW46: 1.8414935 | DX46: 0.19355631 | DY46: 0.0089966055 | DZ46: 1.5663471 | EA46: 0.012393266 | EF46: 15.931099 | EG46: 10.027221 | EH46: 0.55437901 | EJ46: 9.4706946 | EM46: 2.9318313 | EN46: 3.0300629 | EO46: 3.0808818 | EQ46: 3.8503446 | ER46: 7.7699647 | EW46: 0.010921463 | EX46: 0.75076502 | EZ46: 7.4668885 | FD46: 14.281876 | FE46: 8.906351 | FH46: 0.00022306739
A47: 38261 | E47: 0.010535228 | F47: 2.8783567 | H47: 4.1891454 | I47: 9.4797091 | P47: 10.408594 | V47: 83.64409 | X47: 274.94002 | Z47: 0.0031092091 | AB47: 0.0021974112 | AD47: 8.5202471 | AG47: 0.0079758502 | AH47: 0.81645759 | AI47: 0.0021783111 | AM47: 0.0098744957 | AP47: 0.31858563 | AQ47: 0.012169542 | AR47: 1.4078003 | AT47: 3.1926492 | AU47: 0.16533228 | AV47: 6.7382801 | AZ47: 16.96505 | BA47: 0.21931324 | BC47: 10.57969 | BD47: 10.954755 | BF47: 0.14815133 | BH47: 10.190388 | BI47: 1.5993257 | BJ47: 10.453106 | BK47: 3.1273498 | BP47: 0.10082788 | BQ47: 0.81440266 | BR47: 0.85326112 | BS47: 0.046416121 | BT47: 0.12103179 | BU47: 0.11990148 | BV47: 0.00042923314 | BW47: 4.7058906e-05 | BY47: 9.1447295 | BZ47: 1.6101106 | CA47: 10.508036 | CB47: 0.051243861 | CC47: 0.089170693 | CG47: 0.0064609812 | CI47: 8.0515597 | CN47: 8.9506846 | CO47: 10.201801 | CP47: 0.68575998 | CQ47: 0.0018848915 | CS47: 2.2860097 | CT47: 0.41284035 | CX47: 0.15265013 | CY47: 0.51171938 | CZ47: 0.16442685 | DD47: 0.11556029 | DH47: 10.624284 | DL47: 0.17645407 | DM47: 1.2470839 | DN47: 17.299763 | DP47: 6.8806642 | DT47: 2.8382574 | DU47: 10.685206 | DW47: 1.8821291 | DX47: 0.19427581 | DY47: 0.009109558 | DZ47: 1.5499034 | EA47: 0.012574718 | EF47: 16.094724 | EG47: 10.152542 | EH47: 0.5664276 | EJ47: 9.6587263 | EM47: 2.8823715 | EN47: 2.9950441 | EO47: 3.060135 | EQ47: 3.9106985 | ER47: 7.9182449 | EW47: 0.011148757 | EX47: 0.74711141 | EZ47: 7.6116924 | FD47: 14.242556 | FE47: 8.841397 | FH47: 0.00022028058
A48: 38292 | E48: 0.010699237 | F48: 2.8799613 | H48: 4.206356 | I48: 9.8282564 | P48: 10.75846 | Q48: 4.0857265 | V48: 85.802078 | X48: 286.3181 | Z48: 0.0031947921 | AB48: 0.0021915663 | AD48: 8.8709029 | AG48: 0.0080963213 | AH48: 0.80986319 | AI48: 0.0022165701 | AM48: 0.0098820299 | AP48: 0.33198694 | AQ48: 0.012854416 | AR48: 1.4553118 | AT48: 3.17246 | AU48: 0.17703808 | AV48: 6.7320214 | AZ48: 17.62184 | BA48: 0.21705437 | BC48: 10.900028 | BD48: 11.343244 | BF48: 0.14808188 | BH48: 10.522599 | BI48: 1.5980011 | BJ48: 10.828223 | BK48: 3.1143869 | BP48: 0.099425951 | BQ48: 0.81513833 | BR48: 0.85162376 | BS48: 0.048354919 | BT48: 0.12617227 | BU48: 0.12079834 | BV48: 0.0004338027 | BW48: 4.6949247e-05 | BY48: 9.4766341 | BZ48: 1.619405 | CA48: 10.883108 | CB48: 0.052011225 | CC48: 0.091933813 | CG48: 0.0066987747 | CI48: 8.3723491 | CN48: 9.2868665 | CO48: 10.581736 | CP48: 0.68460308 | CQ48: 0.002019953 | CS48: 2.278617 | CT48: 0.40738648 | CX48: 0.15243904 | CY48: 0.51312052 | CZ48: 0.16412836 | DD48: 0.12041268 | DH48: 10.96209 | DL48: 0.18354374 | DM48: 1.306029 | DN48: 17.358584 | DP48: 6.8455935 | DT48: 3.0013407 | DU48: 11.118206 | DW48: 2.0198508 | DX48: 0.19880308 | DY48: 0.009127028 | DZ48: 1.5451125 | EA48: 0.012905717 | EF48: 16.642849 | EG48: 10.567883 | EH48: 0.59252583 | EJ48: 10.020562 | EM48: 2.9139588 | EN48: 2.9628478 | EO48: 3.0450206 | EQ48: 4.052431 | ER48: 8.3274475 | EW48: 0.011620803 | EX48: 0.74772333 | EZ48: 7.8849134 | FD48: 14.62972 | FE48: 8.8009403 | FH48: 0.00021880451
A49: 38322 | E49: 0.01107717 | F49: 2.8780316 | H49: 4.1696094 | I49: 10.164921 | P49: 11.039941 | V49: 88.486358 | X49: 298.17682 | Z49: 0.0032345141 | AB49: 0.0021903978 | AD49: 8.6657422 | AG49: 0.0083333369 | AH49: 0.80870635 | AI49: 0.0023271118 | AM49: 0.009887459 | AP49: 0.34886289 | AQ49: 0.013246198 | AR49: 1.4913754 | AT49: 3.1467325 | AU49: 0.17876283 | AV49: 6.7113624 | AZ49: 18.182642 | BA49: 0.21549248 | BC49: 11.22304 | BD49: 11.691721 | BF49: 0.14877248 | BH49: 10.952315 | BI49: 1.6024837 | BJ49: 11.190653 | BK49: 3.114256 | BP49: 0.098996564 | BQ49: 0.81391984 | BR49: 0.84944847 | BS49: 0.049618889 | BT49: 0.13524046 | BU49: 0.12270196 | BV49: 0.00042703464 | BW49: 4.7122117e-05 | BY49: 9.7699786 | BZ49: 1.6413744 | CA49: 11.231382 | CB49: 0.052298835 | CC49: 0.092173572 | CG49: 0.0069507687 | CI49: 8.6458801 | CN49: 9.5550928 | CO49: 10.874884 | CP49: 0.68477912 | CQ49: 0.0021693392 | CS49: 2.2773379 | CT49: 0.40798068 | CX49: 0.15334731 | CY49: 0.5213431 | CZ49: 0.16650591 | DD49: 0.12777091 | DH49: 11.187768 | DL49: 0.18759241 | DM49: 1.3309808 | DN49: 17.383467 | DP49: 6.8560584 | DT49: 3.1783156 | DU49: 11.455468 | DW49: 2.1506266 | DX49: 0.20535408 | DY49: 0.0089463945 | DZ49: 1.5413641 | EA49: 0.013276982 | EF49: 17.107542 | EG49: 10.850455 | EH49: 0.62914822 | EJ49: 10.306454 | EM49: 2.9196251 | EN49: 2.95566 | EO49: 3.0516685 | EQ49: 4.1793335 | ER49: 8.4623795 | EW49: 0.012110238 | EX49: 0.75103711 | EZ49: 8.171341 | FD49: 15.199904 | FE49: 8.7474127 | FH49: 0.00022008441
A50: 38353 | B50: 0.10347535 | D50: 0.15058364 | E50: 0.010895727 | F50: 2.8041386 | H50: 4.0671634 | I50: 9.7213797 | J50: 5.9947987 | O50: 3.5101413 | P50: 10.578127 | S50: 0.61030578 | T50: 5.3787697 | V50: 87.719512 | X50: 287.31733 | Z50: 0.0032408793 | AB50: 0.0021467661 | AD50: 8.4110524 | AG50: 0.0081406295 | AH50: 0.79443384 | AI50: 0.0023380436 | AM50: 0.0097693335 | AN50: 1.3384705 | AP50: 0.33978296 | AQ50: 0.012795452 | AR50: 1.4218959 | AT50: 3.0628714 | AU50: 0.16975821 | AV50: 6.5696338 | AZ50: 17.334877 | BA50: 0.2131788 | BC50: 10.668676 | BD50: 11.10973 | BF50: 0.14605582 | BG50: 3.7635767 | BH50: 10.38533 | BI50: 1.6587519 | BJ50: 10.719397 | BK50: 3.0443103 | BL50: 0.50492428 | BO50: 0.03554468 | BP50: 0.097296568 | BQ50: 0.79826955 | BR50: 0.82494701 | BS50: 0.047684714 | BT50: 0.1323287 | BU50: 0.12158978 | BV50: 0.00042537773 | BW50: 4.6475015e-05 | BY50: 9.2581084 | BZ50: 1.5803418 | CA50: 10.731514 | CB50: 0.051155466 | CC50: 0.089728444 | CE50: 0.023055645 | CG50: 0.0069378617 | CI50: 8.3064532 | CK50: 0.8440528 | CN50: 9.1273777 | CO50: 10.298201 | CP50: 0.66934064 | CQ50: 0.0022032909 | CS50: 2.2300268 | CT50: 0.39690102 | CV50: 10.144113 | CX50: 0.15070913 | CY50: 0.50704317 | CZ50: 0.16446467 | DD50: 0.13039871 | DF50: 1.0089809 | DH50: 10.732215 | DI50: 0.49628175 | DK50: 0.0051911108 | DL50: 0.18126031 | DM50: 1.2695754 | DN50: 16.911818 | DP50: 6.7210732 | DQ50: 0.00077107942 | DT50: 3.0984257 | DU50: 10.895933 | DW50: 2.1048855 | DX50: 0.20567074 | DY50: 0.008958051 | DZ50: 1.5036163 | EA50: 0.012600474 | EE50: 3.9028564 | EF50: 16.615801 | EG50: 10.300769 | EH50: 0.5948789 | EJ50: 9.7648004 | EL50: 2.9195157 | EM50: 2.8214562 | EN50: 2.9219136 | EO50: 3.014963 | EP50: 1.1269787 | EQ50: 3.9434551 | ER50: 8.0773289 | EW50: 0.011926789 | EX50: 0.73674937 | EY50: 5.3099422 | EZ50: 8.2981624 | FB50: 0.87273295 | FD50: 14.436389 | FE50: 8.5597376 | FF50: 0.098437739 | FH50: 0.0002167116
A51: 38384 | B51: 0.10191074 | D51: 0.14843396 | E51: 0.010858848 | F51: 2.7524537 | H51: 4.0090435 | I51: 9.4961879 | J51: 5.9630525 | O51: 3.4857914 | P51: 10.370714 | Q51: 3.9145571 | S51: 0.59875238 | T51: 5.2160679 | V51: 89.802456 | X51: 282.25163 | Z51: 0.0031755795 | AA51: 0.084698081 | AB51: 0.0021138114 | AD51: 8.1930717 | AG51: 0.0079920033 | AH51: 0.79397458 | AI51: 0.0023411966 | AL51: 0.012867886 | AM51: 0.0096276412 | AN51: 1.3213579 | AP51: 0.33554682 | AQ51: 0.012488345 | AR51: 1.3977596 | AT51: 3.0212503 | AU51: 0.17344471 | AV51: 6.4672953 | AZ51: 16.98231 | BA51: 0.21035833 | BC51: 10.463509 | BD51: 10.885936 | BF51: 0.14617669 | BG51: 3.6851007 | BH51: 10.158435 | BI51: 1.6376921 | BJ51: 10.31374 | BK51: 2.9930233 | BL51: 0.50234818 | BO51: 0.034462636 | BP51: 0.096786523 | BQ51: 0.79017523 | BR51: 0.81194078 | BS51: 0.047164793 | BT51: 0.13154843 | BU51: 0.11934757 | BV51: 0.00041507419 | BW51: 4.6081597e-05 | BY51: 9.0914136 | BZ51: 1.5566819 | CA51: 10.484602 | CB51: 0.05038458 | CC51: 0.087033877 | CE51: 0.022767196 | CG51: 0.0069445114 | CI51: 8.1662028 | CK51: 0.8120737 | CN51: 8.9045707 | CO51: 10.186885 | CP51: 0.66216039 | CQ51: 0.0021374826 | CS51: 2.19155 | CT51: 0.38944731 | CV51: 9.9380281 | CX51: 0.14718335 | CY51: 0.50416946 | CZ51: 0.16436352 | DD51: 0.12971747 | DF51: 0.98018885 | DH51: 10.517027 | DI51: 0.49130181 | DK51: 0.0051681683 | DL51: 0.17697841 | DM51: 1.2225526 | DN51: 16.57994 | DP51: 6.6308564 | DQ51: 0.00075755964 | DT51: 3.0620972 | DU51: 10.606941 | DW51: 2.1399208 | DX51: 0.20411885 | DY51: 0.0089130301 | DZ51: 1.4746891 | EA51: 0.012281627 | EE51: 3.8600813 | EF51: 16.231987 | EG51: 10.089343 | EH51: 0.57180858 | EJ51: 9.5344793 | EL51: 2.8633502 | EM51: 2.7974363 | EN51: 2.8739868 | EO51: 2.9516118 | EP51: 1.1070683 | EQ51: 3.8425181 | ER51: 7.7924072 | EW51: 0.011648771 | EX51: 0.73036792 | EY51: 5.1960007 | EZ51: 8.4010108 | FB51: 0.86480754 | FD51: 14.237022 | FE51: 8.4519986 | FF51: 0.098962072 | FH51: 0.00021839317
A52: 38412 | B52: 0.10358379 | D52: 0.14795381 | E52: 0.010936575 | F52: 2.7285812 | H52: 3.9598655 | I52: 9.5594326 | J52: 6.0523312 | O52: 3.4968844 | P52: 10.453971 | S52: 0.59090887 | T52: 5.2532752 | V52: 85.691741 | X52: 283.53883 | Z52: 0.003114739 | AA52: 0.084982364 | AB52: 0.0021293443 | AD52: 8.2941336 | AG52: 0.0077674711 | AH52: 0.77697924 | AI52: 0.0023166316 | AL52: 0.012753111 | AM52: 0.0095222428 | AN52: 1.3451137 | AP52: 0.33736692 | AQ52: 0.012544789 | AR52: 1.408899 | AT52: 3.0038256 | AU52: 0.17488158 | AV52: 6.4031575 | AZ52: 17.122668 | BA52: 0.21100062 | BC52: 10.512037 | BD52: 10.972536 | BF52: 0.14413102 | BG52: 3.6445471 | BH52: 10.219295 | BI52: 1.6259273 | BJ52: 10.56521 | BK52: 2.9513394 | BL52: 0.50505547 | BO52: 0.03410727 | BP52: 0.095776062 | BQ52: 0.7847632 | BR52: 0.80177691 | BS52: 0.047211308 | BT52: 0.13538845 | BU52: 0.11782472 | BV52: 0.00041096228 | BW52: 4.6350601e-05 | BY52: 9.1312545 | BZ52: 1.5496688 | CA52: 10.534995 | CB52: 0.050402814 | CC52: 0.085857639 | CE52: 0.022547781 | CG52: 0.0070012757 | CI52: 8.2269146 | CK52: 0.81406316 | CN52: 8.9592387 | CO52: 10.222245 | CP52: 0.65423949 | CQ52: 0.0020838104 | CS52: 2.1641161 | CT52: 0.38260018 | CV52: 10.00054 | CX52: 0.1450889 | CY52: 0.50089288 | CZ52: 0.1623631 | DD52: 0.12072551 | DF52: 0.92211637 | DH52: 10.631836 | DI52: 0.48789228 | DK52: 0.0051931156 | DL52: 0.17695615 | DM52: 1.2503668 | DN52: 16.278097 | DP52: 6.5926997 | DQ52: 0.00076160841 | DT52: 3.0570968 | DU52: 10.66052 | DW52: 2.17098 | DX52: 0.20690969 | DY52: 0.0090516492 | DZ52: 1.456229 | EA52: 0.012256734 | EE52: 3.8173134 | EF52: 16.245867 | EG52: 10.218487 | EH52: 0.5756413 | EJ52: 9.6255196 | EL52: 2.8868886 | EM52: 2.7805026 | EN52: 2.8513342 | EO52: 2.9215317 | EP52: 1.0945069 | EQ52: 3.8548959 | ER52: 7.8300517 | EW52: 0.011650039 | EX52: 0.72572701 | EY52: 5.1608039 | EZ52: 8.3286009 | FB52: 0.86961509 | FD52: 14.247254 | FE52: 8.4114692 | FF52: 0.095844343 | FH52: 0.00021558834
A53: 38443 | B53: 0.10149831 | D53: 0.1454206 | E53: 0.010907904 | F53: 2.6903948 | H53: 3.9501771 | I53: 9.2229607 | J53: 6.0933028 | O53: 3.4697305 | P53: 10.129232 | S53: 0.5801884 | T53: 5.0429095 | V53: 89.408775 | X53: 277.15981 | Z53: 0.0031392935 | AA53: 0.082252803 | AB53: 0.0021163571 | AD53: 8.0719538 | AG53: 0.0078104691 | AH53: 0.76408942 | AI53: 0.0022986595 | AL53: 0.012224423 | AM53: 0.009423776 | AN53: 1.3085965 | AP53: 0.32312494 | AQ53: 0.012159125 | AR53: 1.3663528 | AT53: 2.9770414 | AU53: 0.17334401 | AV53: 6.368767 | AZ53: 16.625745 | BA53: 0.2111453 | BC53: 10.172511 | BD53: 10.628126 | BF53: 0.14564616 | BG53: 3.6223964 | BH53: 9.8579249 | BI53: 1.6195657 | BJ53: 10.291781 | BK53: 2.9163105 | BL53: 0.50186259 | BO53: 0.033835651 | BP53: 0.093817562 | BQ53: 0.77900651 | BR53: 0.79335006 | BS53: 0.045505416 | BT53: 0.12874848 | BU53: 0.1169684 | BV53: 0.00040023247 | BW53: 4.7044264e-05 | BY53: 8.875944 | BZ53: 1.522284 | CA53: 10.200668 | CB53: 0.050640018 | CC53: 0.083158453 | CE53: 0.022230821 | CG53: 0.0068892201 | CI53: 8.0358862 | CK53: 0.77849677 | CN53: 8.6919226 | CO53: 9.9173235 | CP53: 0.64413052 | CQ53: 0.0019989233 | CS53: 2.1389433 | CT53: 0.38141442 | CV53: 9.7090476 | CX53: 0.14225034 | CY53: 0.49611014 | CZ53: 0.16223629 | DD53: 0.11629841 | DF53: 0.93919942 | DH53: 10.296337 | DI53: 0.48740913 | DK53: 0.0052103371 | DL53: 0.17112281 | DM53: 1.2158296 | DN53: 16.079648 | DP53: 6.5217958 | DQ53: 0.00076080947 | DT53: 2.8811881 | DU53: 10.376015 | DW53: 2.1438557 | DX53: 0.20485816 | DY53: 0.0090223473 | DZ53: 1.4334837 | EA53: 0.01180601 | EE53: 3.7372375 | EF53: 15.741783 | EG53: 9.8822072 | EH53: 0.55130088 | EJ53: 9.4393788 | EL53: 2.8557937 | EM53: 2.7678731 | EN53: 2.836125 | EO53: 2.9407856 | EP53: 1.0821463 | EQ53: 3.7006339 | ER53: 7.6388895 | EW53: 0.011365346 | EX53: 0.71840501 | EY53: 5.036873 | EZ53: 7.9642345 | FB53: 0.87969258 | FD53: 14.026111 | FE53: 8.3526142 | FF53: 0.096715243 | FH53: 0.00021389858
A54: 38473 | B54: 0.10026558 | D54: 0.14107567 | E54: 0.010759844 | F54: 2.6729113 | H54: 3.9480034 | I54: 8.9719088 | J54: 6.0148157 | O54: 3.4607101 | P54: 9.8589468 | Q54: 3.8572618 | S54: 0.57844764 | T54: 4.899932 | V54: 93.579248 | X54: 267.65574 | Z54: 0.0031489865 | AA54: 0.079820249 | AB54: 0.002123772 | AD54: 7.878393 | AG54: 0.0077859146 | AH54: 0.75530318 | AI54: 0.0022966875 | AL54: 0.011900269 | AM54: 0.0093978824 | AN54: 1.2855248 | AP54: 0.31343534 | AQ54: 0.011836055 | AR54: 1.328975 | AT54: 2.9431471 | AU54: 0.16902809 | AV54: 6.3191956 | AZ54: 16.192302 | BA54: 0.20971476 | BC54: 9.8561085 | BD54: 10.335537 | BF54: 0.14626799 | BG54: 3.551868 | BH54: 9.6008173 | BI54: 1.5882707 | BJ54: 10.030851 | BK54: 2.9012568 | BL54: 0.50048062 | BO54: 0.033559175 | BP54: 0.093517326 | BQ54: 0.77290915 | BR54: 0.78541593 | BS54: 0.043794796 | BT54: 0.12193339 | BU54: 0.11608669 | BV54: 0.00040003685 | BW54: 4.6099876e-05 | BY54: 8.6492312 | BZ54: 1.5133953 | CA54: 9.9443918 | CB54: 0.051186785 | CC54: 0.08279641 | CE54: 0.022151345 | CG54: 0.0068761505 | CI54: 7.8642423 | CK54: 0.74863642 | CN54: 8.473999 | CO54: 9.6506592 | CP54: 0.64206351 | CQ54: 0.0019486633 | CS54: 2.1357221 | CT54: 0.379205 | CV54: 9.4729675 | CX54: 0.14052722 | CY54: 0.49613794 | CZ54: 0.16104692 | DD54: 0.097861272 | DF54: 0.89991163 | DH54: 10.000159 | DI54: 0.48479529 | DK54: 0.0052597186 | DL54: 0.16722936 | DM54: 1.1991707 | DN54: 16.043425 | DP54: 6.4409433 | DQ54: 0.0007682266 | DT54: 2.7868372 | DU54: 10.125484 | DW54: 2.0945075 | DX54: 0.20380051 | DY54: 0.0089145612 | DZ54: 1.4198398 | EA54: 0.011504499 | EE54: 3.7003899 | EF54: 15.309728 | EG54: 9.6353613 | EH54: 0.52850215 | EJ54: 9.190779 | EL54: 2.8349 | EM54: 2.7591969 | EN54: 2.8143378 | EO54: 2.9803735 | EP54: 1.0689715 | EQ54: 3.5879809 | ER54: 7.4065164 | EW54: 0.011282442 | EX54: 0.71264353 | EY54: 4.9123979 | EZ54: 7.9180861 | FB54: 0.901329 | FD54: 13.668979 | FE54: 8.2646115 | FF54: 0.09864281 | FH54: 0.00021255917
A55: 38504 | B55: 0.099419303 | D55: 0.1381413 | E55: 0.010711381 | F55: 2.6514826 | H55: 3.9134465 | I55: 8.5264008 | J55: 5.9048379 | O55: 3.4276292 | P55: 9.3692141 | S55: 0.58075106 | T55: 4.6490129 | V55: 94.010347 | X55: 250.67293 | Z55: 0.0031553158 | AA55: 0.076193352 | AB55: 0.0020901111 | AD55: 7.9002555 | AG55: 0.0076353177 | AH55: 0.74079777 | AI55: 0.0022870357 | AL55: 0.011267453 | AM55: 0.0092695853 | AN55: 1.2166919 | AP55: 0.30071774 | AQ55: 0.011254963 | AR55: 1.2613458 | AT55: 2.9164994 | AU55: 0.16620425 | AV55: 6.2522605 | AZ55: 15.442534 | BA55: 0.21368294 | BC55: 9.3479993 | BD55: 9.8040581 | BF55: 0.14664369 | BG55: 3.4734649 | BH55: 9.1066286 | BI55: 1.5785405 | BJ55: 9.4840185 | BK55: 2.89836 | BL55: 0.49668569 | BO55: 0.033362665 | BP55: 0.093741246 | BQ55: 0.76923266 | BR55: 0.78030012 | BS55: 0.042099413 | BT55: 0.12078291 | BU55: 0.11496072 | BV55: 0.00039102499 | BW55: 4.5051165e-05 | BY55: 8.2174352 | BZ55: 1.4612119 | CA55: 9.4222985 | CB55: 0.051334864 | CC55: 0.080234151 | CE55: 0.021597472 | CG55: 0.006719932 | CI55: 7.4950959 | CK55: 0.69990498 | CN55: 8.0405095 | CO55: 9.1484472 | CP55: 0.64241305 | CQ55: 0.0018303744 | CS55: 2.1158349 | CT55: 0.37313049 | CV55: 8.9722797 | CX55: 0.13831152 | CY55: 0.49721011 | CZ55: 0.15802683 | DD55: 0.093663612 | DF55: 0.83708157 | DH55: 9.4439181 | DI55: 0.480817 | DK55: 0.0052869927 | DL55: 0.15882205 | DM55: 1.1637038 | DN55: 15.976597 | DP55: 6.3743811 | DQ55: 0.00077312618 | DT55: 2.7129552 | DU55: 9.596225 | DW55: 1.9939277 | DX55: 0.19863412 | DY55: 0.0087924148 | DZ55: 1.4066387 | EA55: 0.010999504 | EE55: 3.5809145 | EF55: 14.550547 | EG55: 9.1350674 | EH55: 0.49086871 | EJ55: 8.7285441 | EL55: 2.8014175 | EM55: 2.7294873 | EN55: 2.797994 | EO55: 3.0483052 | EP55: 1.0637241 | EQ55: 3.371882 | ER55: 7.0518424 | EW55: 0.010680177 | EX55: 0.70677433 | EY55: 4.7230976 | EZ55: 7.8928456 | FB55: 0.89573662 | FD55: 13.236096 | FE55: 8.1754656 | FF55: 0.098739146 | FH55: 0.00021071964
A56: 38534 | B56: 0.098893771 | D56: 0.13653574 | E56: 0.010663751 | F56: 2.6119145 | H56: 3.8681625 | I56: 8.3034466 | J56: 5.7619498 | O56: 3.4054068 | P56: 9.1876825 | S56: 0.57023362 | T56: 4.5349705 | V56: 94.41286 | X56: 244.59026 | Z56: 0.003306348 | AA56: 0.075357913 | AB56: 0.0020608225 | AD56: 7.909036 | AG56: 0.0076957383 | AH56: 0.73393062 | AI56: 0.0022623539 | AL56: 0.010985305 | AM56: 0.0091870638 | AN56: 1.1833186 | AP56: 0.292697 | AQ56: 0.010970994 | AR56: 1.2255195 | AT56: 2.8810913 | AU56: 0.16484083 | AV56: 6.1499326 | AZ56: 15.108102 | BA56: 0.21285097 | BC56: 9.0762042 | BD56: 9.5431033 | BF56: 0.14662234 | BG56: 3.3606716 | BH56: 8.9158334 | BI56: 1.5654893 | BJ56: 9.1318118 | BK56: 2.8654027 | BL56: 0.49557379 | BO56: 0.033109536 | BP56: 0.088151799 | BQ56: 0.7642982 | BR56: 0.76998649 | BS56: 0.041489161 | BT56: 0.11922153 | BU56: 0.11530815 | BV56: 0.00038165834 | BW56: 4.4027147e-05 | BY56: 8.0105548 | BZ56: 1.4275548 | CA56: 9.2212474 | CB56: 0.051050213 | CC56: 0.076632249 | CE56: 0.021082446 | CG56: 0.0064767301 | CI56: 7.3038826 | CK56: 0.69567139 | CN56: 7.8230187 | CO56: 8.8616083 | CP56: 0.63717773 | CQ56: 0.0018650639 | CS56: 2.0911654 | CT56: 0.37044949 | CV56: 8.6735722 | CX56: 0.13626438 | CY56: 0.49823199 | CZ56: 0.15410991 | DD56: 0.094527977 | DF56: 0.83762103 | DH56: 9.1920301 | DI56: 0.47572335 | DK56: 0.0055952403 | DL56: 0.15376469 | DM56: 1.1280177 | DN56: 15.783047 | DP56: 6.3042203 | DQ56: 0.00077844091 | DT56: 2.618825 | DU56: 9.3827835 | DW56: 1.9890988 | DX56: 0.19532307 | DY56: 0.0086893242 | DZ56: 1.3899655 | EA56: 0.010886654 | EE56: 3.5424546 | EF56: 14.151618 | EG56: 8.967039 | EH56: 0.49020104 | EJ56: 8.4567329 | EL56: 2.7712717 | EM56: 2.7234212 | EN56: 2.766636 | EO56: 3.2043304 | EP56: 1.0589516 | EQ56: 3.2211542 | ER56: 6.7526278 | EW56: 0.010492598 | EX56: 0.70499499 | EY56: 4.5981881 | EZ56: 7.8622483 | FB56: 0.88630445 | FD56: 12.56596 | FE56: 8.0914711 | FF56: 0.097088252 | FH56: 0.00020833258
A57: 38565 | B57: 0.099998298 | D57: 0.13547236 | E57: 0.010809357 | F57: 2.6190567 | H57: 3.8845392 | I57: 8.4972447 | J57: 5.789594 | O57: 3.4032844 | P57: 9.4121287 | Q57: 3.8218136 | S57: 0.57479349 | T57: 4.6251194 | V57: 95.288008 | X57: 251.77255 | Z57: 0.0031683001 | AA57: 0.078201059 | AB57: 0.0021031024 | AD57: 8.0788715 | AG57: 0.0081469844 | AH57: 0.74861069 | AI57: 0.0022839818 | AL57: 0.011211847 | AM57: 0.0092636171 | AN57: 1.2038751 | AP57: 0.3052128 | AQ57: 0.011309169 | AR57: 1.2530804 | AT57: 2.8914875 | AU57: 0.1669934 | AV57: 6.153773 | AZ57: 15.505208 | BA57: 0.21442727 | BC57: 9.3253407 | BD57: 9.8036519 | BF57: 0.14736753 | BG57: 3.41101 | BH57: 9.1337668 | BI57: 1.5823968 | BJ57: 9.303144 | BK57: 2.8847981 | BL57: 0.49848308 | BO57: 0.034205566 | BP57: 0.086803694 | BQ57: 0.7720119 | BR57: 0.77082893 | BS57: 0.042550691 | BT57: 0.12231403 | BU57: 0.11574372 | BV57: 0.00037809128 | BW57: 4.4085924e-05 | BY57: 8.2308854 | BZ57: 1.4508917 | CA57: 9.4512688 | CB57: 0.050853409 | CC57: 0.077714204 | CE57: 0.021190641 | CG57: 0.0066134372 | CI57: 7.4664375 | CK57: 0.72699943 | CN57: 8.0129116 | CO57: 9.1896723 | CP57: 0.64171964 | CQ57: 0.0019448589 | CS57: 2.1265578 | CT57: 0.37012013 | CV57: 8.8815703 | CX57: 0.13533767 | CY57: 0.5009378 | CZ57: 0.15477293 | DD57: 0.095090648 | DF57: 0.8747725 | DG57: 0.038831775 | DH57: 9.4499463 | DI57: 0.47784743 | DK57: 0.0057726126 | DL57: 0.15633025 | DM57: 1.1563542 | DN57: 15.836196 | DP57: 6.3173993 | DQ57: 0.00078122444 | DT57: 2.7114178 | DU57: 9.6123394 | DW57: 2.071712 | DX57: 0.19692079 | DY57: 0.0088222716 | DZ57: 1.394271 | EA57: 0.011269138 | EE57: 3.6087351 | EF57: 14.470786 | EG57: 9.117374 | EH57: 0.51113579 | EJ57: 8.6921487 | EL57: 2.780744 | EM57: 2.6946234 | EN57: 2.7724197 | EO57: 3.2687604 | EP57: 1.0752571 | EQ57: 3.3337758 | ER57: 6.9399673 | EW57: 0.01052936 | EX57: 0.7082926 | EY57: 4.6775632 | EZ57: 7.8953233 | FB57: 0.88872464 | FD57: 12.932234 | FE57: 8.1498828 | FF57: 0.098574708 | FH57: 0.00020953717
A58: 38596 | B58: 0.10170635 | D58: 0.1355737 | E58: 0.010889376 | F58: 2.62939 | H58: 3.8760356 | I58: 8.4606667 | J58: 5.9045588 | O58: 3.3915938 | P58: 9.3628725 | S58: 0.57417935 | T58: 4.6318114 | V58: 98.051305 | X58: 253.4447 | Z58: 0.0031574036 | AA58: 0.077848319 | AB58: 0.0020795975 | AD58: 8.3013013 | AG58: 0.0083513817 | AH58: 0.75222087 | AI58: 0.0022977392 | AL58: 0.011109988 | AM58: 0.0091890611 | AN58: 1.1903981 | AP58: 0.30568279 | AQ58: 0.01121336 | AR58: 1.2549536 | AT58: 2.8944206 | AU58: 0.16246869 | AV58: 6.17699 | AZ58: 15.540313 | BA58: 0.2168723 | BC58: 9.3130164 | BD58: 9.7795651 | BF58: 0.14679122 | BG58: 3.4785412 | BH58: 9.0860947 | BI58: 1.6024048 | BJ58: 9.4481442 | BK58: 2.8911103 | BL58: 0.49870126 | BO58: 0.034241881 | BP58: 0.088123607 | BQ58: 0.77186908 | BR58: 0.77260798 | BS58: 0.042127253 | BT58: 0.12690987 | BU58: 0.11501506 | BV58: 0.00037001565 | BW58: 4.4113079e-05 | BY58: 8.245429 | BZ58: 1.4387497 | CA58: 9.3918188 | CB58: 0.051985335 | CC58: 0.077457512 | CE58: 0.021479982 | CG58: 0.0065714943 | CI58: 7.5320336 | CK58: 0.7406777 | CN58: 8.0309594 | CO58: 9.1617106 | CP58: 0.64637581 | CQ58: 0.0019160261 | CS58: 2.1180277 | CT58: 0.37044106 | CV58: 8.8887051 | CX58: 0.13292271 | CY58: 0.49619154 | CZ58: 0.15618692 | DD58: 0.093524139 | DF58: 0.89210382 | DG58: 0.038688031 | DH58: 9.4756116 | DI58: 0.47750196 | DK58: 0.0057701895 | DL58: 0.1564958 | DM58: 1.1736167 | DN58: 15.895096 | DP58: 6.3509158 | DQ58: 0.00077499021 | DT58: 2.7921979 | DU58: 9.5702241 | DW58: 2.0665771 | DX58: 0.19751856 | DY58: 0.0088837466 | DZ58: 1.3923636 | EA58: 0.011325841 | EE58: 3.5624075 | EF58: 14.412921 | EG58: 9.1550789 | EH58: 0.51815586 | EJ58: 8.6905274 | EL58: 2.7768045 | EM58: 2.6712214 | EN58: 2.7554807 | EO58: 3.1495387 | EP58: 1.1210942 | EQ58: 3.3369862 | ER58: 6.9365808 | EW58: 0.010261566 | EX58: 0.70794275 | EY58: 4.6533306 | EZ58: 7.983747 | FB58: 0.88930175 | FD58: 13.027297 | FE58: 8.221679 | FF58: 0.10004363 | FH58: 0.00021039581
A59: 38626 | B59: 0.10485767 | D59: 0.13758275 | E59: 0.011151247 | F59: 2.6892748 | H59: 3.9677869 | I59: 8.398487 | J59: 5.9959979 | O59: 3.4642686 | P59: 9.2683651 | S59: 0.58343852 | T59: 4.6611171 | V59: 101.6165 | X59: 254.53814 | Z59: 0.0032063032 | AA59: 0.07626252 | AB59: 0.0020858581 | AD59: 8.3591952 | AG59: 0.0085086955 | AH59: 0.7642413 | AI59: 0.0023317298 | AL59: 0.011098319 | AM59: 0.0093525495 | AN59: 1.196862 | AP59: 0.3015734 | AQ59: 0.011082062 | AR59: 1.2434942 | AT59: 2.949409 | AU59: 0.15659863 | AV59: 6.2706772 | AZ59: 15.399779 | BA59: 0.21748963 | BC59: 9.2261763 | BD59: 9.6958323 | BF59: 0.14926109 | BG59: 3.5751782 | BH59: 9.0200352 | BI59: 1.6556116 | BJ59: 9.4318242 | BK59: 2.9852066 | BL59: 0.50960091 | BO59: 0.034674833 | BP59: 0.089104903 | BQ59: 0.78074787 | BR59: 0.78337197 | BS59: 0.040827871 | BT59: 0.13116347 | BU59: 0.1152701 | BV59: 0.00041210284 | BW59: 4.4765326e-05 | BY59: 8.1876404 | BZ59: 1.4397788 | CA59: 9.3353909 | CB59: 0.052764546 | CC59: 0.075792399 | CE59: 0.022025744 | CG59: 0.0065273988 | CI59: 7.5297443 | CK59: 0.72439211 | CN59: 8.0155027 | CO59: 9.1357407 | CP59: 0.65706672 | CQ59: 0.0019056612 | CS59: 2.1444016 | CT59: 0.380119 | CV59: 8.9647538 | CX59: 0.13394597 | CY59: 0.50077235 | CZ59: 0.16003683 | DD59: 0.091383082 | DF59: 0.87463757 | DG59: 0.039033392 | DH59: 9.3889328 | DI59: 0.48553565 | DK59: 0.0056750748 | DL59: 0.1562914 | DM59: 1.1613472 | DN59: 16.072979 | DP59: 6.4617173 | DQ59: 0.00079643729 | DT59: 2.7806059 | DU59: 9.5348197 | DW59: 2.018634 | DX59: 0.19962828 | DY59: 0.0088835207 | DZ59: 1.4141983 | EA59: 0.011406595 | EE59: 3.5971354 | EF59: 14.446198 | EG59: 9.0951861 | EH59: 0.50561899 | EJ59: 8.6881058 | EL59: 2.8119815 | EM59: 2.7099592 | EN59: 2.8028911 | EO59: 3.1720278 | EP59: 1.1847821 | EQ59: 3.28467 | ER59: 6.9477497 | EW59: 0.010395734 | EX59: 0.72093118 | EY59: 4.6581921 | EZ59: 8.1104498 | FB59: 0.90686771 | FD59: 12.871551 | FE59: 8.3340075 | FF59: 0.10365636 | FH59: 0.00021342474
A60: 38657 | B60: 0.10357853 | D60: 0.13453598 | E60: 0.012035137 | F60: 2.657276 | H60: 3.9061798 | I60: 8.1081659 | J60: 5.9849722 | O60: 3.4379614 | P60: 8.9716063 | Q60: 3.814487 | S60: 0.5789665 | T60: 4.5285203 | V60: 102.94312 | X60: 248.90811 | Z60: 0.0032180719 | AA60: 0.07368647 | AB60: 0.0020608992 | AD60: 8.2118449 | AG60: 0.0084679225 | AH60: 0.75263673 | AI60: 0.0023172834 | AL60: 0.011098834 | AM60: 0.0093193512 | AN60: 1.1637681 | AP60: 0.29570508 | AQ60: 0.010731871 | AR60: 1.1997911 | AT60: 2.8933399 | AU60: 0.14944172 | AV60: 6.2003398 | AZ60: 14.890765 | BA60: 0.2143526 | BC60: 8.9161411 | BD60: 9.3696132 | BF60: 0.14749645 | BG60: 3.5777916 | BH60: 8.7061506 | BI60: 1.6375473 | BJ60: 9.1144165 | BK60: 2.9524367 | BL60: 0.50768949 | BO60: 0.034278887 | BP60: 0.088598492 | BQ60: 0.77208333 | BR60: 0.77464548 | BS60: 0.039694266 | BT60: 0.12451595 | BU60: 0.11254265 | BV60: 0.00041306456 | BW60: 4.4369521e-05 | BY60: 7.9070705 | BZ60: 1.3968543 | CA60: 9.0467543 | CB60: 0.050709624 | CC60: 0.072249205 | CE60: 0.021828536 | CG60: 0.0064473997 | CI60: 7.311632 | CK60: 0.70802401 | CN60: 7.7633953 | CO60: 8.8177103 | CP60: 0.64888388 | CQ60: 0.0018703467 | CS60: 2.1217977 | CT60: 0.38047018 | CV60: 8.7296181 | CX60: 0.13228473 | CY60: 0.50444394 | CZ60: 0.16005132 | DD60: 0.084131539 | DF60: 0.87276195 | DG60: 0.037315907 | DH60: 9.0681893 | DI60: 0.47597359 | DK60: 0.0054851091 | DL60: 0.15064295 | DM60: 1.1256749 | DN60: 15.936607 | DP60: 6.3420276 | DQ60: 0.00079861709 | DT60: 2.6527939 | DU60: 9.2715443 | DW60: 1.9485434 | DX60: 0.19707103 | DY60: 0.0086897125 | DZ60: 1.4001674 | EA60: 0.010734289 | EE60: 3.528658 | EF60: 13.988616 | EG60: 8.7667654 | EH60: 0.49271426 | EJ60: 8.425647 | EL60: 2.8071428 | EM60: 2.727555 | EN60: 2.755418 | EO60: 3.1925968 | EP60: 1.1817211 | EQ60: 3.1266441 | ER60: 6.7264096 | EW60: 0.010097392 | EX60: 0.71783608 | EY60: 4.4992229 | EZ60: 8.1076735 | FB60: 0.90588963 | FD60: 12.50012 | FE60: 8.1606142 | FF60: 0.10251316 | FH60: 0.00021147933
A61: 38687 | B61: 0.1034915 | D61: 0.13734808 | E61: 0.012576165 | F61: 2.6665894 | H61: 3.909989 | I61: 8.2356606 | J61: 6.1567944 | O61: 3.5148656 | P61: 9.0753341 | S61: 0.58551993 | T61: 4.5917635 | V61: 100.50294 | X61: 253.91265 | Z61: 0.0032724373 | AA61: 0.07517839 | AB61: 0.0020938732 | AD61: 8.3934331 | AG61: 0.0087439487 | AH61: 0.76072476 | AI61: 0.0023327868 | AL61: 0.011131026 | AM61: 0.0094039918 | AN61: 1.1799345 | AP61: 0.30164937 | AQ61: 0.010850977 | AR61: 1.2178362 | AT61: 2.9200836 | AU61: 0.15241021 | AV61: 6.2541321 | AZ61: 15.043236 | BA61: 0.21367023 | BC61: 9.0202947 | BD61: 9.4908753 | BF61: 0.149231 | BG61: 3.6839417 | BH61: 8.8743625 | BI61: 1.6413165 | BJ61: 9.2650807 | BK61: 2.9883169 | BL61: 0.51032744 | BO61: 0.034553711 | BP61: 0.089882684 | BQ61: 0.77982152 | BR61: 0.78031172 | BS61: 0.039930855 | BT61: 0.12611051 | BU61: 0.11277824 | BV61: 0.0004247707 | BW61: 4.5108558e-05 | BY61: 7.9994367 | BZ61: 1.4296568 | CA61: 9.1524336 | CB61: 0.05080853 | CC61: 0.07259253 | CE61: 0.022186427 | CG61: 0.006613211 | CI61: 7.3890292 | CK61: 0.75257934 | CL61: 0.041488674 | CN61: 7.8598814 | CO61: 8.9046078 | CP61: 0.65533959 | CQ61: 0.0018945796 | CS61: 2.1365128 | CT61: 0.37521196 | CV61: 8.8326666 | CX61: 0.13315265 | CY61: 0.51379767 | CZ61: 0.16109243 | DD61: 0.10025068 | DF61: 0.90101078 | DG61: 0.036513945 | DH61: 9.1247266 | DI61: 0.47840711 | DK61: 0.0054502779 | DL61: 0.15311204 | DM61: 1.1155805 | DN61: 16.00072 | DP61: 6.4024914 | DQ61: 0.00080033443 | DT61: 2.757718 | DU61: 9.3890838 | DW61: 1.9792419 | DX61: 0.1994363 | DY61: 0.0087470592 | DZ61: 1.4095172 | EA61: 0.010754803 | EE61: 3.6029952 | EF61: 14.173499 | EG61: 8.8659528 | EH61: 0.52177845 | EJ61: 8.542432 | EL61: 2.8652942 | EM61: 2.7746842 | EN61: 2.7748755 | EO61: 3.172796 | EP61: 1.1872032 | EQ61: 3.2082241 | ER61: 6.7815707 | EW61: 0.010205377 | EX61: 0.72677203 | EY61: 4.5951365 | EZ61: 8.2339953 | FB61: 0.91999918 | FD61: 12.691997 | FE61: 8.1737152 | FF61: 0.10274887 | FH61: 0.00021438133
A62: 38718 | B62: 0.10372719 | D62: 0.13914638 | E62: 0.01269355 | F62: 2.6605202 | H62: 3.9161828 | I62: 8.3820492 | J62: 6.2323791 | O62: 3.5523099 | P62: 9.248037 | S62: 0.58670614 | T62: 4.8630606 | V62: 101.40803 | X62: 261.06993 | Z62: 0.0032825502 | AA62: 0.075790766 | AB62: 0.0021158691 | AD62: 8.4503765 | AE62: 0.0090517178 | AG62: 0.0085645234 | AH62: 0.76995586 | AI62: 0.0023462463 | AL62: 0.011525362 | AM62: 0.0094363804 | AN62: 1.2107346 | AP62: 0.31456963 | AQ62: 0.011116834 | AR62: 1.2343914 | AT62: 2.8922757 | AU62: 0.14805124 | AV62: 6.2714284 | AZ62: 15.457152 | BA62: 0.21504503 | BC62: 9.1622602 | BD62: 9.6593526 | BF62: 0.14799042 | BG62: 3.6882694 | BH62: 9.01206 | BI62: 1.718076 | BJ62: 9.4284032 | BK62: 2.9816528 | BL62: 0.51324969 | BM62: 0.00036688579 | BO62: 0.035007744 | BP62: 0.089230721 | BQ62: 0.78112724 | BR62: 0.77991221 | BS62: 0.041019957 | BT62: 0.12772182 | BU62: 0.11549555 | BV62: 0.00044750187 | BW62: 4.521633e-05 | BY62: 8.1169191 | BZ62: 1.418725 | CA62: 9.3462353 | CB62: 0.050704452 | CC62: 0.074523341 | CD62: 8.0326268 | CE62: 0.022467059 | CG62: 0.006888995 | CI62: 7.6081141 | CK62: 0.78820056 | CL62: 0.040026943 | CN62: 8.0450483 | CO62: 9.0259703 | CP62: 0.65785581 | CQ62: 0.0019258714 | CS62: 2.1529467 | CT62: 0.37213494 | CV62: 8.8367214 | CX62: 0.13670077 | CY62: 0.51832163 | CZ62: 0.16364032 | DA62: 0.0015597749 | DD62: 0.10546362 | DF62: 0.95056353 | DG62: 0.037181373 | DH62: 9.2633519 | DI62: 0.48128626 | DK62: 0.0053910855 | DL62: 0.15830767 | DM62: 1.1257108 | DN62: 16.037135 | DP62: 6.3957509 | DQ62: 0.00080775 | DT62: 2.8374468 | DU62: 9.5333325 | DW62: 2.0468738 | DX62: 0.20673513 | DY62: 0.0088794754 | DZ62: 1.4094864 | EA62: 0.010937446 | EE62: 3.6782071 | EF62: 14.735162 | EG62: 8.9844012 | EH62: 0.544168 | EJ62: 8.6676007 | EL62: 2.9112661 | EM62: 2.7490209 | EN62: 2.7908849 | EO62: 3.1525904 | EP62: 1.1695219 | EQ62: 3.284434 | ER62: 6.9001863 | EW62: 0.010559436 | EX62: 0.72766019 | EY62: 4.6701022 | EZ62: 8.3942331 | FB62: 0.92889231 | FD62: 12.770773 | FE62: 8.2194935 | FF62: 0.10165311 | FH62: 0.00021630114
A63: 38749 | B63: 0.10585942 | D63: 0.13893628 | E63: 0.012858497 | F63: 2.6659136 | H63: 3.9576648 | I63: 8.3222054 | J63: 6.3976599 | O63: 3.572718 | P63: 9.1947217 | Q63: 3.8813442 | S63: 0.59107409 | T63: 4.8351299 | V63: 107.48296 | X63: 265.92093 | Z63: 0.003346436 | AA63: 0.076395236 | AB63: 0.0021273701 | AD63: 8.5266954 | AE63: 0.0091371262 | AG63: 0.008567409 | AH63: 0.77819567 | AI63: 0.0023882264 | AL63: 0.011739672 | AM63: 0.0094980124 | AN63: 1.2181027 | AP63: 0.31485568 | AQ63: 0.011052077 | AR63: 1.2327814 | AT63: 2.9025904 | AU63: 0.15011309 | AV63: 6.3383419 | AZ63: 15.376875 | BA63: 0.21821941 | BC63: 9.1423765 | BD63: 9.5986354 | BF63: 0.14859724 | BG63: 3.6844234 | BH63: 8.9593906 | BI63: 1.726627 | BJ63: 9.219825 | BK63: 2.9852313 | BL63: 0.5158831 | BM63: 0.00037379985 | BO63: 0.03549947 | BP63: 0.0907763 | BQ63: 0.78919761 | BR63: 0.77975025 | BS63: 0.040572146 | BT63: 0.12213321 | BU63: 0.1160855 | BV63: 0.00046143827 | BW63: 4.5832329e-05 | BY63: 8.1324179 | BZ63: 1.4078775 | CA63: 9.2734784 | CB63: 0.050551221 | CC63: 0.07301855 | CD63: 8.0177608 | CE63: 0.023187315 | CG63: 0.0070473707 | CI63: 7.5588301 | CK63: 0.7963616 | CL63: 0.039958656 | CN63: 7.9675171 | CO63: 9.0831853 | CP63: 0.66209127 | CQ63: 0.0019054741 | CS63: 2.1786625 | CT63: 0.37642762 | CV63: 8.7994711 | CX63: 0.13735851 | CY63: 0.52527041 | CZ63: 0.16538276 | DA63: 0.0015876759 | DD63: 0.10632055 | DF63: 0.94532357 | DG63: 0.037944472 | DH63: 9.2055505 | DI63: 0.48798994 | DK63: 0.0055274528 | DL63: 0.15786688 | DM63: 1.1207215 | DN63: 16.034366 | DP63: 6.4063107 | DQ63: 0.00082954718 | DT63: 2.8345588 | DU63: 9.4564535 | DW63: 2.0891861 | DX63: 0.21252767 | DY63: 0.0092497153 | DZ63: 1.414513 | EA63: 0.010865468 | EE63: 3.7067604 | EF63: 14.673004 | EG63: 8.9261679 | EH63: 0.54584628 | EJ63: 8.5841948 | EL63: 2.9376342 | EM63: 2.7515184 | EN63: 2.78428 | EO63: 3.2126506 | EP63: 1.1872046 | EQ63: 3.2560509 | ER63: 6.8033996 | EW63: 0.010422987 | EX63: 0.73363543 | EY63: 4.5660669 | EZ63: 8.4942099 | FB63: 0.94837039 | FD63: 12.716519 | FE63: 8.2654455 | FF63: 0.10249919 | FH63: 0.00022163105
A64: 38777 | B64: 0.10407648 | D64: 0.13744607 | E64: 0.012835067 | F64: 2.6465964 | H64: 3.9132536 | I64: 8.3228871 | J64: 6.4387964 | O64: 3.5439187 | P64: 9.1649219 | S64: 0.58459821 | T64: 4.8252492 | V64: 107.39409 | X64: 265.88559 | Z64: 0.0033934635 | AA64: 0.076205295 | AB64: 0.0021104322 | AD64: 8.4287591 | AE64: 0.0090028633 | AG64: 0.0084848268 | AH64: 0.76511425 | AI64: 0.002375382 | AL64: 0.011615897 | AM64: 0.0093709778 | AN64: 1.2133966 | AP64: 0.31131643 | AQ64: 0.011046324 | AR64: 1.2343668 | AT64: 2.8745458 | AU64: 0.15603465 | AV64: 6.3180034 | AZ64: 15.343254 | BA64: 0.21837579 | BC64: 9.1431239 | BD64: 9.5979018 | BF64: 0.14724767 | BG64: 3.6258801 | BH64: 8.9335098 | BI64: 1.7030801 | BJ64: 9.4082911 | BK64: 2.9347627 | BL64: 0.51272136 | BM64: 0.00036973565 | BO64: 0.035401037 | BP64: 0.092014564 | BQ64: 0.78346995 | BR64: 0.77568962 | BS64: 0.039225585 | BT64: 0.11321193 | BU64: 0.11457078 | BV64: 0.0004633493 | BW64: 4.5861552e-05 | BY64: 8.1413184 | BZ64: 1.406494 | CA64: 9.2682443 | CB64: 0.050137004 | CC64: 0.072817127 | CD64: 7.9366298 | CE64: 0.023621646 | CG64: 0.0069855097 | CI64: 7.5555711 | CK64: 0.77577575 | CL64: 0.040580918 | CN64: 7.9641098 | CO64: 9.0742228 | CP64: 0.65481138 | CQ64: 0.0018677848 | CS64: 2.2015984 | CT64: 0.37608671 | CV64: 8.8841868 | CX64: 0.13670371 | CY64: 0.5099115 | CZ64: 0.16550867 | DA64: 0.0016126431 | DD64: 0.10420509 | DF64: 0.9196452 | DG64: 0.037548015 | DH64: 9.2513019 | DI64: 0.48452989 | DK64: 0.0056647197 | DL64: 0.15738626 | DM64: 1.1309857 | DN64: 15.919973 | DP64: 6.3686751 | DQ64: 0.00085720354 | DT64: 2.7621404 | DU64: 9.5481253 | DW64: 2.1055759 | DX64: 0.21462905 | DY64: 0.0093104125 | DZ64: 1.4077947 | EA64: 0.010891607 | EE64: 3.676157 | EF64: 14.630619 | EG64: 8.9748858 | EH64: 0.53167167 | EJ64: 8.6199718 | EL64: 2.9770687 | EM64: 2.7220393 | EN64: 2.7599013 | EO64: 3.1950007 | EP64: 1.1775587 | EQ64: 3.248685 | ER64: 6.7293244 | EW64: 0.010348809 | EX64: 0.72932892 | EY64: 4.5828304 | EZ64: 8.3749585 | FB64: 0.93742853 | FD64: 12.591382 | FE64: 8.2309008 | FF64: 0.1016676 | FH64: 0.00021852946
A65: 38808 | B65: 0.10288668 | D65: 0.1386992 | E65: 0.012772002 | F65: 2.6140186 | H65: 3.8811179 | I65: 8.4269197 | J65: 6.4341789 | O65: 3.529215 | P65: 9.2783703 | S65: 0.57796708 | T65: 4.8197367 | V65: 107.3414 | X65: 268.53111 | Z65: 0.0033434683 | AA65: 0.077245436 | AB65: 0.0021045902 | AD65: 8.4638951 | AE65: 0.009360101 | AG65: 0.008613487 | AH65: 0.75842603 | AI65: 0.0022823424 | AL65: 0.011715856 | AM65: 0.0092405748 | AN65: 1.2254442 | AP65: 0.31493878 | AQ65: 0.011204408 | AR65: 1.250362 | AT65: 2.8368609 | AU65: 0.15738358 | AV65: 6.2394448 | AZ65: 15.578176 | BA65: 0.21584962 | BC65: 9.2574094 | BD65: 9.7113392 | BF65: 0.14581582 | BG65: 3.6561969 | BH65: 9.029497 | BI65: 1.6954038 | BJ65: 9.5486756 | BK65: 2.9067952 | BL65: 0.51184528 | BM65: 0.00036058424 | BO65: 0.0347147 | BP65: 0.092696983 | BQ65: 0.77742544 | BR65: 0.76924556 | BS65: 0.03909664 | BT65: 0.10724583 | BU65: 0.11283153 | BV65: 0.0004678957 | BW65: 4.575353e-05 | BY65: 8.2677471 | BZ65: 1.4266525 | CA65: 9.3668211 | CB65: 0.04985273 | CC65: 0.072137851 | CD65: 8.0068706 | CE65: 0.023763732 | CG65: 0.007050052 | CI65: 7.6579974 | CK65: 0.78738651 | CL65: 0.039595284 | CN65: 8.0795797 | CO65: 9.1706721 | CP65: 0.6521471 | CQ65: 0.0018507516 | CS65: 2.1975311 | CT65: 0.37129547 | CV65: 9.0553587 | CX65: 0.13427328 | CY65: 0.48958263 | CZ65: 0.16470232 | DA65: 0.0016268894 | DD65: 0.10265511 | DF65: 0.93595688 | DG65: 0.036753732 | DH65: 9.3632235 | DI65: 0.48295638 | DK65: 0.0057229225 | DL65: 0.15884757 | DM65: 1.1713714 | DN65: 15.805519 | DP65: 6.3570133 | DQ65: 0.000861772 | DT65: 2.7636133 | DU65: 9.6695653 | DW65: 2.1371675 | DX65: 0.21491026 | DY65: 0.0093146212 | DZ65: 1.3907103 | EA65: 0.010944445 | EE65: 3.6939695 | EF65: 14.773159 | EG65: 9.1151911 | EH65: 0.54033061 | EJ65: 8.8072175 | EL65: 2.9299332 | EM65: 2.7074904 | EN65: 2.7286987 | EO65: 3.1515199 | EP65: 1.15581 | EQ65: 3.3130332 | ER65: 6.810665 | EW65: 0.010577528 | EX65: 0.72407549 | EY65: 4.6042485 | EZ65: 8.3680795 | FB65: 0.921628 | FD65: 12.667903 | FE65: 8.1921093 | FF65: 0.10159178 | FH65: 0.00021587885
A66: 38838 | B66: 0.10222234 | D66: 0.13910572 | E66: 0.012767792 | F66: 2.5965394 | H66: 3.8948924 | I66: 8.7042514 | J66: 6.4352508 | O66: 3.5172946 | P66: 9.6102123 | Q66: 3.8070306 | S66: 0.57859461 | T66: 5.0155631 | V66: 104.15999 | X66: 277.44855 | Z66: 0.0033817399 | AA66: 0.08099662 | AB66: 0.0020859645 | AD66: 8.6921068 | AE66: 0.0096090497 | AG66: 0.0085052783 | AH66: 0.75142629 | AI66: 0.0021919718 | AL66: 0.011965753 | AM66: 0.0092675716 | AN66: 1.2801249 | AP66: 0.32958786 | AQ66: 0.011614501 | AR66: 1.2903588 | AT66: 2.8852963 | AU66: 0.15503168 | AV66: 6.1785977 | AZ66: 16.164824 | BA66: 0.22233103 | BC66: 9.5620725 | BD66: 10.063725 | BF66: 0.14488402 | BG66: 3.7433491 | BH66: 9.3174797 | BI66: 1.6717311 | BJ66: 9.8684453 | BK66: 2.8931706 | BL66: 0.51136939 | BM66: 0.00037649066 | BO66: 0.034383954 | BP66: 0.098885626 | BQ66: 0.77602561 | BR66: 0.7641271 | BS66: 0.041203158 | BT66: 0.11242223 | BU66: 0.11167956 | BV66: 0.00045890905 | BW66: 4.5599782e-05 | BY66: 8.5763371 | BZ66: 1.4481149 | CA66: 9.6954402 | CB66: 0.049472661 | CC66: 0.075288998 | CD66: 8.0332658 | CE66: 0.024589769 | CG66: 0.0071016052 | CI66: 7.9992215 | CK66: 0.76090851 | CL66: 0.039246344 | CN66: 8.3733563 | CO66: 9.4957114 | CP66: 0.65051053 | CQ66: 0.0018661155 | CS66: 2.2119477 | CT66: 0.36853604 | CV66: 9.3924362 | CX66: 0.1336049 | CY66: 0.48090824 | CZ66: 0.16478897 | DA66: 0.0016357736 | DD66: 0.099963777 | DF66: 0.89391729 | DG66: 0.036668848 | DH66: 9.6708304 | DI66: 0.48123849 | DK66: 0.0056797715 | DL66: 0.16600439 | DM66: 1.2128801 | DN66: 15.755901 | DP66: 6.2977839 | DQ66: 0.00088102794 | DT66: 2.8917501 | DU66: 10.020844 | DW66: 2.2123677 | DX66: 0.21820393 | DY66: 0.0092289512 | DZ66: 1.3763312 | EA66: 0.011183856 | EE66: 3.7134749 | EF66: 15.31168 | EG66: 9.4878535 | EH66: 0.51644213 | EJ66: 9.1208896 | EL66: 2.9205808 | EM66: 2.6873414 | EN66: 2.7329798 | EO66: 3.2620401 | EP66: 1.1484969 | EQ66: 3.4256583 | ER66: 7.130231 | EW66: 0.011043722 | EX66: 0.72697216 | EY66: 4.6705565 | EZ66: 7.8733577 | FB66: 0.9173831 | FD66: 13.361073 | FE66: 8.163746 | FF66: 0.10196548 | FH66: 0.00021484113
A67: 38869 | B67: 0.10159956 | D67: 0.13679563 | E67: 0.012915716 | F67: 2.6083007 | H67: 3.9218574 | I67: 8.6648327 | J67: 6.4848839 | O67: 3.5440669 | P67: 9.5561675 | S67: 0.58448571 | T67: 4.9772725 | V67: 101.08708 | X67: 271.6697 | Z67: 0.0033923922 | AA67: 0.081219245 | AB67: 0.0021271654 | AD67: 8.6758135 | AE67: 0.0096958404 | AG67: 0.0082453721 | AH67: 0.75130904 | AI67: 0.0020992668 | AL67: 0.01195308 | AM67: 0.0093403906 | AN67: 1.2799099 | AP67: 0.3271916 | AQ67: 0.011654149 | AR67: 1.286015 | AT67: 2.8888694 | AU67: 0.15581174 | AV67: 6.1884175 | AZ67: 16.131614 | BA67: 0.22724924 | BC67: 9.5187689 | BD67: 10.008299 | BF67: 0.14560078 | BG67: 3.8004823 | BH67: 9.28592 | BI67: 1.6761901 | BJ67: 9.8030057 | BK67: 2.9234054 | BL67: 0.51458004 | BM67: 0.00038232877 | BO67: 0.034833543 | BP67: 0.099993597 | BQ67: 0.78138572 | BR67: 0.76848984 | BS67: 0.039671803 | BT67: 0.10959828 | BU67: 0.11236252 | BV67: 0.00044733795 | BW67: 4.6499012e-05 | BY67: 8.5514302 | BZ67: 1.4562853 | CA67: 9.6494718 | CB67: 0.050198139 | CC67: 0.073651539 | CD67: 8.0484576 | CE67: 0.025351059 | CG67: 0.0070129076 | CI67: 7.9766915 | CK67: 0.6930472 | CL67: 0.03937429 | CN67: 8.3470667 | CO67: 9.4501119 | CP67: 0.65503828 | CQ67: 0.0018771522 | CS67: 2.1942076 | CT67: 0.37159592 | CV67: 9.3094487 | CX67: 0.13604119 | CY67: 0.47001884 | CZ67: 0.16323051 | DA67: 0.0016575964 | DD67: 0.10066735 | DF67: 0.82338357 | DG67: 0.036048416 | DH67: 9.5829605 | DI67: 0.4827848 | DK67: 0.0056903834 | DL67: 0.1641752 | DM67: 1.1946556 | DN67: 15.809442 | DP67: 6.3342494 | DQ67: 0.00087887331 | DT67: 2.7828109 | DU67: 9.9609649 | DW67: 2.1797402 | DX67: 0.2202694 | DY67: 0.0093400314 | DZ67: 1.3830613 | EA67: 0.011181738 | EE67: 3.6737058 | EF67: 15.238515 | EG67: 9.408806 | EH67: 0.47127153 | EJ67: 9.0843875 | EL67: 2.9280075 | EM67: 2.7063464 | EN67: 2.7560247 | EO67: 3.4571899 | EP67: 1.172657 | EQ67: 3.4410821 | ER67: 7.0709216 | EW67: 0.010954463 | EX67: 0.73739801 | EY67: 4.6429495 | EZ67: 7.3544134 | FB67: 0.92270647 | FD67: 13.258027 | FE67: 8.2117558 | FF67: 0.10300865 | FH67: 0.00021630303
A68: 38899 | B68: 0.10025261 | D68: 0.13499848 | E68: 0.012952795 | F68: 2.597929 | H68: 3.9054523 | I68: 8.6262673 | J68: 6.4670602 | O68: 3.5414664 | P68: 9.5552615 | S68: 0.58419396 | T68: 4.9308212 | V68: 103.37299 | X68: 269.49202 | Z68: 0.0032734007 | AA68: 0.081154347 | AB68: 0.0021417543 | AD68: 8.5129377 | AE68: 0.0096091176 | AG68: 0.0082673666 | AH68: 0.74595815 | AI68: 0.0021205303 | AL68: 0.011888943 | AM68: 0.0093182622 | AN68: 1.2632385 | AP68: 0.32675273 | AQ68: 0.011625234 | AR68: 1.2794326 | AT68: 2.8756613 | AU68: 0.15639863 | AV68: 6.152376 | AZ68: 16.164623 | BA68: 0.23212896 | BC68: 9.4670758 | BD68: 9.9568739 | BF68: 0.14503116 | BG68: 3.8371254 | BH68: 9.2930675 | BI68: 1.697021 | BJ68: 9.7062088 | BK68: 2.9227328 | BL68: 0.51569397 | BM68: 0.00037121208 | BO68: 0.034730242 | BP68: 0.09873258 | BQ68: 0.78078175 | BR68: 0.7650612 | BS68: 0.038802825 | BT68: 0.10990809 | BU68: 0.11161323 | BV68: 0.00045852593 | BW68: 4.6154384e-05 | BY68: 8.5439991 | BZ68: 1.4622494 | CA68: 9.6455887 | CB68: 0.050446996 | CC68: 0.072256957 | CD68: 7.9953219 | CE68: 0.025594671 | CG68: 0.0070341602 | CI68: 7.9952162 | CK68: 0.68141332 | CL68: 0.039486559 | CN68: 8.3570435 | CO68: 9.336099 | CP68: 0.6505045 | CQ68: 0.0018940031 | CS68: 2.1833143 | CT68: 0.36759912 | CV68: 9.229299 | CX68: 0.13807146 | CY68: 0.48369944 | CZ68: 0.1611512 | DA68: 0.0016491559 | DD68: 0.097126073 | DF68: 0.80985627 | DG68: 0.035434316 | DH68: 9.531899 | DI68: 0.48045305 | DK68: 0.0057716682 | DL68: 0.16335469 | DM68: 1.1755545 | DN68: 15.89545 | DP68: 6.2954864 | DQ68: 0.00089145232 | DT68: 2.7879757 | DU68: 9.9033627 | DW68: 2.1567363 | DX68: 0.2209524 | DY68: 0.0092896569 | DZ68: 1.3800253 | EA68: 0.011281226 | EE68: 3.6956524 | EF68: 15.207873 | EG68: 9.3550115 | EH68: 0.46619837 | EJ68: 8.9990115 | EL68: 2.9212908 | EM68: 2.6745243 | EN68: 2.739159 | EO68: 3.6052401 | EP68: 1.1666665 | EQ68: 3.4299601 | ER68: 6.9627534 | EW68: 0.010664742 | EX68: 0.74260564 | EY68: 4.6330352 | EZ68: 7.3398089 | FB68: 0.92400731 | FD68: 13.183941 | FE68: 8.1856378 | FF68: 0.10294651 | FH68: 0.00021570983
A69: 38930 | B69: 0.10098149 | D69: 0.13724277 | E69: 0.01297692 | F69: 2.5819986 | H69: 3.8982572 | I69: 8.685216 | J69: 6.4687043 | O69: 3.4971375 | P69: 9.6045204 | Q69: 3.8629435 | S69: 0.58200519 | T69: 4.943434 | V69: 104.38356 | X69: 269.93086 | Z69: 0.0032107196 | AA69: 0.081573856 | AB69: 0.0021372501 | AD69: 8.5593744 | AE69: 0.009505437 | AG69: 0.0082704553 | AH69: 0.74523278 | AI69: 0.0022238604 | AL69: 0.01185737 | AM69: 0.0092951219 | AN69: 1.2631548 | AP69: 0.33194571 | AQ69: 0.011670218 | AR69: 1.2842948 | AT69: 2.8739712 | AU69: 0.15622367 | AV69: 6.1277742 | AZ69: 16.350021 | BA69: 0.23372532 | BC69: 9.5411619 | BD69: 10.028906 | BF69: 0.14424774 | BG69: 3.8289261 | BH69: 9.3092619 | BI69: 1.6937501 | BJ69: 9.671264 | BK69: 2.9073937 | BL69: 0.51422266 | BM69: 0.00036285418 | BO69: 0.034731321 | BP69: 0.10041677 | BQ69: 0.77876215 | BR69: 0.7601743 | BS69: 0.03943354 | BT69: 0.11578029 | BU69: 0.11073622 | BV69: 0.00045912199 | BW69: 4.6128337e-05 | BY69: 8.6329004 | BZ69: 1.4710371 | CA69: 9.6977748 | CB69: 0.050263431 | CC69: 0.072202025 | CD69: 7.9681268 | CE69: 0.024553278 | CG69: 0.0069545796 | CI69: 8.0076863 | CK69: 0.69383946 | CL69: 0.040014432 | CN69: 8.3829818 | CO69: 9.4861391 | CP69: 0.64671861 | CQ69: 0.001928162 | CS69: 2.1641235 | CT69: 0.3659187 | CV69: 9.2270405 | CX69: 0.13477635 | CY69: 0.48998087 | CZ69: 0.16105546 | DA69: 0.0016199163 | DD69: 0.096148543 | DF69: 0.82685079 | DG69: 0.035378723 | DH69: 9.6190389 | DI69: 0.47635066 | DK69: 0.0059232461 | DL69: 0.16309173 | DM69: 1.1720908 | DN69: 15.776516 | DP69: 6.2627688 | DQ69: 0.00089939972 | DT69: 2.8739106 | DU69: 9.9263836 | DW69: 2.1912071 | DX69: 0.22124532 | DY69: 0.0093279702 | DZ69: 1.3648199 | EA69: 0.011463713 | EE69: 3.6926368 | EF69: 15.277888 | EG69: 9.4504014 | EH69: 0.4744052 | EJ69: 9.0522605 | EL69: 2.9116119 | EM69: 2.6704824 | EN69: 2.7223626 | EO69: 3.7762177 | EP69: 1.1754205 | EQ69: 3.4484323 | ER69: 6.9621998 | EW69: 0.010772241 | EX69: 0.74481814 | EY69: 4.6157771 | EZ69: 7.6909722 | FB69: 0.91834135 | FD69: 13.496834 | FE69: 8.1514349 | FF69: 0.10302265 | FH69: 0.00021501361
A70: 38961 | B70: 0.10125044 | D70: 0.13849921 | E70: 0.013054393 | F70: 2.5735908 | H70: 3.8897787 | I70: 8.5910803 | J70: 6.5640246 | O70: 3.4964612 | P70: 9.4914314 | S70: 0.58148635 | T70: 4.9032262 | V70: 103.73959 | X70: 268.15934 | Z70: 0.0031363537 | AA70: 0.081322256 | AB70: 0.0021130686 | AD70: 8.5083875 | AE70: 0.0094617859 | AG70: 0.0082504125 | AH70: 0.75068571 | AI70: 0.0022163973 | AL70: 0.012014048 | AM70: 0.0092111364 | AN70: 1.2349037 | AP70: 0.32451428 | AQ70: 0.011473289 | AR70: 1.2774586 | AT70: 2.8796991 | AU70: 0.15269201 | AV70: 6.1483241 | AZ70: 16.149269 | BA70: 0.235093 | BC70: 9.4655881 | BD70: 9.9175772 | BF70: 0.14391287 | BG70: 3.7494115 | BH70: 9.1970863 | BI70: 1.6936476 | BJ70: 9.7389424 | BK70: 2.8966615 | BL70: 0.50942517 | BM70: 0.00036443154 | BO70: 0.034475613 | BP70: 0.10099135 | BQ70: 0.77692279 | BR70: 0.75891174 | BS70: 0.039994319 | BT70: 0.11661559 | BU70: 0.11237715 | BV70: 0.00045608249 | BW70: 4.6748816e-05 | BY70: 8.5893303 | BZ70: 1.4645431 | CA70: 9.604163 | CB70: 0.05054725 | CC70: 0.071337041 | CD70: 8.0237466 | CE70: 0.023921364 | CG70: 0.0070097063 | CI70: 7.990882 | CK70: 0.64997883 | CL70: 0.03968449 | CN70: 8.2976251 | CO70: 9.3918128 | CP70: 0.64808881 | CQ70: 0.0019615433 | CS70: 2.1648764 | CT70: 0.37288326 | CV70: 9.2025376 | CX70: 0.13257545 | CY70: 0.48933466 | CZ70: 0.1626292 | DA70: 0.0016257303 | DD70: 0.096138962 | DF70: 0.77857805 | DG70: 0.03583166 | DH70: 9.5700193 | DI70: 0.47140323 | DK70: 0.0059462511 | DL70: 0.16157941 | DM70: 1.1403595 | DN70: 15.835955 | DP70: 6.2244882 | DQ70: 0.00091615491 | DT70: 2.8055829 | DU70: 9.8791688 | DW70: 2.1746582 | DX70: 0.22109572 | DY70: 0.0094186871 | DZ70: 1.375051 | EA70: 0.011489532 | EE70: 3.6732775 | EF70: 15.09774 | EG70: 9.4006678 | EH70: 0.44300234 | EJ70: 8.9570333 | EL70: 2.9150571 | EM70: 2.6204632 | EN70: 2.7159327 | EO70: 4.0121699 | EP70: 1.190278 | EQ70: 3.4167056 | ER70: 6.8539906 | EW70: 0.01077452 | EX70: 0.74935267 | EY70: 4.6018279 | EZ70: 7.6839765 | FB70: 0.93511574 | FD70: 13.434629 | FE70: 8.0922989 | FF70: 0.1035233 | FH70: 0.00021478708
A71: 38991 | B71: 0.10314268 | D71: 0.13813966 | E71: 0.013043274 | F71: 2.5538503 | H71: 3.8110133 | I71: 8.4238021 | J71: 6.6189488 | O71: 3.4876106 | P71: 9.2973139 | S71: 0.57868443 | T71: 4.845758 | V71: 104.07777 | X71: 266.67325 | Z71: 0.003122143 | AA71: 0.079012 | AB71: 0.0020716202 | AD71: 8.3199473 | AE71: 0.0098339521 | AG71: 0.008269702 | AH71: 0.74744088 | AI71: 0.0022242705 | AL71: 0.011996953 | AM71: 0.0091377124 | AN71: 1.2094876 | AP71: 0.31757936 | AQ71: 0.011194478 | AR71: 1.2531083 | AT71: 2.8258879 | AU71: 0.14897875 | AV71: 6.1114746 | AZ71: 15.828682 | BA71: 0.23446803 | BC71: 9.3177424 | BD71: 9.7123144 | BF71: 0.14293625 | BG71: 3.842084 | BH71: 9.0364981 | BI71: 1.7046283 | BJ71: 9.611453 | BK71: 2.8779079 | BL71: 0.50403202 | BM71: 0.00036608724 | BO71: 0.033845055 | BP71: 0.10121756 | BQ71: 0.77049413 | BR71: 0.75236509 | BS71: 0.040504754 | BT71: 0.11856092 | BU71: 0.1147145 | BV71: 0.00045513279 | BW71: 4.6738538e-05 | BY71: 8.4303758 | BZ71: 1.4697346 | CA71: 9.4191991 | CB71: 0.049753867 | CC71: 0.06953831 | CD71: 7.9872208 | CE71: 0.023588327 | CG71: 0.006905892 | CI71: 7.8847893 | CK71: 0.62914901 | CL71: 0.040536443 | CN71: 8.2286334 | CO71: 9.1951934 | CP71: 0.64394685 | CQ71: 0.001979715 | CS71: 2.1404586 | CT71: 0.36668634 | CV71: 9.0691723 | CX71: 0.13091949 | CY71: 0.48915316 | CZ71: 0.16439013 | DA71: 0.0016162078 | DD71: 0.095771094 | DF71: 0.74952939 | DG71: 0.036116174 | DH71: 9.3690156 | DI71: 0.46711959 | DK71: 0.005743498 | DL71: 0.15864914 | DM71: 1.1020454 | DN71: 15.846607 | DP71: 6.1831283 | DQ71: 0.00093466397 | DT71: 2.7973216 | DU71: 9.7031887 | DW71: 2.1429135 | DX71: 0.21870736 | DY71: 0.0093605392 | DZ71: 1.3700557 | EA71: 0.011383019 | EE71: 3.6530666 | EF71: 14.850933 | EG71: 9.1506515 | EH71: 0.42935367 | EJ71: 8.8273422 | EL71: 2.8807927 | EM71: 2.5984802 | EN71: 2.728981 | EO71: 3.7917919 | EP71: 1.1796143 | EQ71: 3.3585271 | ER71: 6.7255656 | EW71: 0.010322 | EX71: 0.74750694 | EY71: 4.5506646 | EZ71: 7.7498282 | FB71: 0.95016262 | FD71: 13.244007 | FE71: 7.9723845 | FF71: 0.10266099 | FH71: 0.00021290993
A72: 39022 | B72: 0.10164571 | D72: 0.13638379 | E72: 0.013044571 | F72: 2.5005931 | H72: 3.7552597 | I72: 8.4902941 | J72: 6.6247502 | O72: 3.5021531 | P72: 9.3844583 | Q72: 3.703389 | S72: 0.57469502 | T72: 4.8793676 | V72: 102.45653 | X72: 272.29267 | Z72: 0.0031325576 | AA72: 0.0803554 | AB72: 0.0020446893 | AD72: 8.1616664 | AE72: 0.009612913 | AG72: 0.0081924392 | AH72: 0.74250641 | AI72: 0.0022687266 | AL72: 0.012139988 | AM72: 0.0091507212 | AN72: 1.2314118 | AP72: 0.32283124 | AQ72: 0.011280114 | AR72: 1.2600166 | AT72: 2.785672 | AU72: 0.14762845 | AV72: 6.0344703 | AZ72: 16.058264 | BA72: 0.23230459 | BC72: 9.3820561 | BD72: 9.7902905 | BF72: 0.140865 | BG72: 3.8384336 | BH72: 9.0988706 | BI72: 1.6811612 | BJ72: 9.6686677 | BK72: 2.8457582 | BL72: 0.50000216 | BM72: 0.00036475045 | BO72: 0.03349656 | BP72: 0.099687875 | BQ72: 0.76357386 | BR72: 0.74313044 | BS72: 0.042244259 | BT72: 0.11569106 | BU72: 0.11463736 | BV72: 0.00045182071 | BW72: 4.657473e-05 | BY72: 8.5104424 | BZ72: 1.4354373 | CA72: 9.4914919 | CB72: 0.048725335 | CC72: 0.068958838 | CD72: 7.8946531 | CE72: 0.023391017 | CG72: 0.0069049185 | CI72: 8.0159037 | CK72: 0.65607288 | CL72: 0.041010049 | CN72: 8.3520694 | CO72: 9.2685063 | CP72: 0.63637475 | CQ72: 0.0020095972 | CS72: 2.1364616 | CT72: 0.36291386 | CV72: 9.0683249 | CX72: 0.12749395 | CY72: 0.48584752 | CZ72: 0.16540333 | DA72: 0.0016009229 | DD72: 0.095256555 | DF72: 0.78243028 | DG72: 0.035902721 | DH72: 9.4183688 | DI72: 0.46207048 | DK72: 0.0056208924 | DL72: 0.16084869 | DM72: 1.1291685 | DN72: 15.671293 | DP72: 6.1008685 | DQ72: 0.00092978812 | DT72: 2.8701678 | DU72: 9.783399 | DW72: 2.1952855 | DX72: 0.21884283 | DY72: 0.0091777327 | DZ72: 1.3571269 | EA72: 0.011413022 | EE72: 3.6522023 | EF72: 15.040949 | EG72: 9.2444407 | EH72: 0.44645766 | EJ72: 8.9102582 | EL72: 2.866393 | EM72: 2.5773698 | EN72: 2.7116081 | EO72: 3.8360042 | EP72: 1.1674186 | EQ72: 3.4422106 | ER72: 6.7476119 | EW72: 0.010439151 | EX72: 0.73926075 | EY72: 4.5568874 | EZ72: 7.8340657 | FB72: 0.95345642 | FD72: 13.343039 | FE72: 7.8472443 | FF72: 0.10022088 | FH72: 0.00021079282
A73: 39052 | B73: 0.10024277 | D73: 0.13629588 | E73: 0.013133256 | F73: 2.4638636 | H73: 3.7031396 | I73: 8.6061061 | J73: 6.6733315 | O73: 3.4804557 | P73: 9.4977565 | S73: 0.57137041 | T73: 4.9428717 | V73: 101.81274 | X73: 278.39811 | Z73: 0.0032070785 | AA73: 0.081926421 | AB73: 0.0020527022 | AD73: 7.9390916 | AE73: 0.009630598 | AG73: 0.0080777996 | AH73: 0.74583537 | AI73: 0.002269359 | AL73: 0.012793711 | AM73: 0.0091052939 | AN73: 1.2462788 | AP73: 0.3295635 | AQ73: 0.011400352 | AR73: 1.2753147 | AT73: 2.7462604 | AU73: 0.14828304 | AV73: 5.9439422 | AZ73: 16.284711 | BA73: 0.22950143 | BC73: 9.491331 | BD73: 9.9178644 | BF73: 0.13911004 | BG73: 3.8384903 | BH73: 9.2643379 | BI73: 1.6582368 | BJ73: 9.8169412 | BK73: 2.806438 | BL73: 0.49929445 | BM73: 0.00037115389 | BO73: 0.033123834 | BP73: 0.10024741 | BQ73: 0.75856179 | BR73: 0.7352158 | BS73: 0.043520498 | BT73: 0.11378038 | BU73: 0.11349913 | BV73: 0.00045400376 | BW73: 4.6903299e-05 | BY73: 8.6453796 | BZ73: 1.4477798 | CA73: 9.6000207 | CB73: 0.047921038 | CC73: 0.068142005 | CD73: 7.8535954 | CE73: 0.023253051 | CG73: 0.0069005982 | CI73: 8.1278972 | CK73: 0.66717563 | CL73: 0.041245569 | CN73: 8.4567069 | CO73: 9.381674 | CP73: 0.63160571 | CQ73: 0.0020676884 | CS73: 2.1630516 | CT73: 0.36050173 | CV73: 9.1649868 | CX73: 0.1235503 | CY73: 0.48280093 | CZ73: 0.16670323 | DA73: 0.0015890509 | DD73: 0.09586986 | DF73: 0.79721961 | DG73: 0.035026946 | DH73: 9.4844899 | DI73: 0.46071606 | DK73: 0.0054962429 | DL73: 0.16246874 | DM73: 1.1486323 | DN73: 15.499191 | DP73: 6.045155 | DQ73: 0.00095645357 | DT73: 2.9100457 | DU73: 9.9095728 | DW73: 2.2888969 | DX73: 0.22012142 | DY73: 0.0091366902 | DZ73: 1.3397818 | EA73: 0.011515043 | EE73: 3.6472632 | EF73: 15.201275 | EG73: 9.3827796 | EH73: 0.45549111 | EJ73: 9.0298889 | EL73: 2.8569476 | EM73: 2.5513744 | EN73: 2.6858783 | EO73: 3.8685716 | EP73: 1.146878 | EQ73: 3.5037092 | ER73: 6.811205 | EW73: 0.010661196 | EX73: 0.73120441 | EY73: 4.5647007 | EZ73: 7.8862388 | FB73: 0.94773615 | FD73: 13.57269 | FE73: 7.7434931 | FF73: 0.097689063 | FH73: 0.00020903644
A74: 39083 | B74: 0.10013246 | C74: 0.065686633 | D74: 0.134419 | E74: 0.013191612 | F74: 2.462795 | H74: 3.7558167 | I74: 8.4439097 | J74: 7.0872933 | O74: 3.5322125 | P74: 9.3230943 | S74: 0.57964758 | T74: 4.8634979 | V74: 102.53142 | X74: 276.73924 | Z74: 0.0033307056 | AA74: 0.080863128 | AB74: 0.0020530987 | AD74: 7.7633931 | AE74: 0.0094282495 | AG74: 0.0078874775 | AH74: 0.75234684 | AI74: 0.0023052765 | AL74: 0.012399634 | AM74: 0.009150352 | AN74: 1.2246352 | AP74: 0.3257043 | AQ74: 0.01130165 | AR74: 1.2470576 | AT74: 2.750904 | AU74: 0.14661633 | AV74: 5.9455992 | AZ74: 16.107964 | BA74: 0.22811672 | BC74: 9.2942626 | BD74: 9.6973197 | BF74: 0.14026141 | BG74: 3.9541313 | BH74: 9.089736 | BI74: 1.7341604 | BJ74: 9.6042547 | BK74: 2.7961291 | BL74: 0.49953561 | BM74: 0.00020045298 | BO74: 0.03522223 | BP74: 0.10031678 | BQ74: 0.76138526 | BR74: 0.72963586 | BS74: 0.043258614 | BT74: 0.11254313 | BU74: 0.11396734 | BV74: 0.00045699465 | BW74: 4.7749809e-05 | BY74: 8.4607487 | BZ74: 1.4328055 | CA74: 9.42631 | CB74: 0.048025863 | CC74: 0.0658797 | CD74: 7.8873903 | CE74: 0.023854134 | CG74: 0.0068172979 | CI74: 8.0821671 | CK74: 0.65598478 | CL74: 0.038451569 | CN74: 8.2988772 | CO74: 9.1527946 | CP74: 0.62690665 | CQ74: 0.0020683813 | CS74: 2.1955519 | CT74: 0.36692557 | CV74: 8.8859556 | CX74: 0.12527558 | CY74: 0.48092098 | CZ74: 0.16859532 | DA74: 0.0015880246 | DC74: 0.83677175 | DD74: 0.096449346 | DF74: 0.78583051 | DG74: 0.034698095 | DH74: 9.316586 | DI74: 0.46159398 | DK74: 0.0054588097 | DL74: 0.15958507 | DM74: 1.0964843 | DN74: 15.470634 | DP74: 6.0402102 | DQ74: 0.00096224884 | DT74: 2.8191733 | DU74: 9.696235 | DW74: 2.261516 | DX74: 0.22163067 | DY74: 0.0093178238 | DZ74: 1.3478074 | EA74: 0.011317286 | EB74: 0.13910737 | EC74: 0.65164117 | ED74: 0.70222168 | EE74: 3.585137 | EF74: 15.055794 | EG74: 9.1506252 | EH74: 0.44950627 | EJ74: 8.8001549 | EL74: 2.8607314 | EM74: 2.562814 | EN74: 2.6873455 | EO74: 4.1412733 | EP74: 1.1291378 | EQ74: 3.4047207 | ER74: 6.5513602 | EW74: 0.010583515 | EX74: 0.72723376 | EY74: 4.4950072 | EZ74: 7.967641 | FB74: 0.95015152 | FD74: 13.422978 | FE74: 7.7462979 | FF74: 0.099272439 | FH74: 0.00021082217
A75: 39114 | B75: 0.10030843 | C75: 0.066269619 | D75: 0.13579478 | E75: 0.01337176 | F75: 2.4686116 | H75: 3.757117 | I75: 8.5380932 | J75: 7.222896 | O75: 3.5677116 | P75: 9.4497436 | Q75: 3.6715615 | S75: 0.58672543 | T75: 4.9164144 | V75: 105.30471 | X75: 280.57711 | Z75: 0.0032120889 | AA75: 0.08121874 | AB75: 0.0020766765 | AD75: 7.8739329 | AE75: 0.0095385164 | AG75: 0.0078671107 | AH75: 0.76509874 | AI75: 0.0023477596 | AL75: 0.012465448 | AM75: 0.0091858352 | AN75: 1.2369503 | AP75: 0.3246175 | AQ75: 0.011473875 | AR75: 1.2704631 | AT75: 2.7601596 | AU75: 0.14914107 | AV75: 5.9636682 | AZ75: 16.261739 | BA75: 0.23227488 | BC75: 9.4345514 | BD75: 9.7953192 | BF75: 0.14110992 | BG75: 3.9935996 | BH75: 9.2028779 | BI75: 1.7320423 | BJ75: 9.5598751 | BK75: 2.8039722 | BL75: 0.5014121 | BM75: 0.00039780155 | BO75: 0.035451804 | BP75: 0.10056631 | BQ75: 0.76982371 | BR75: 0.72078365 | BS75: 0.044223606 | BT75: 0.11781838 | BU75: 0.1155902 | BV75: 0.00046054739 | BW75: 4.8580395e-05 | BY75: 8.6065828 | BZ75: 1.4337473 | CA75: 9.5326074 | CB75: 0.048105092 | CC75: 0.065766604 | CD75: 7.9135992 | CE75: 0.024285237 | CG75: 0.0068750939 | CI75: 8.1899969 | CK75: 0.66061528 | CL75: 0.038917357 | CN75: 8.3929274 | CO75: 9.3567881 | CP75: 0.63650197 | CQ75: 0.0021455715 | CS75: 2.2080033 | CT75: 0.3647125 | CV75: 8.9816855 | CX75: 0.12800377 | CY75: 0.48104616 | CZ75: 0.17207856 | DA75: 0.0016183049 | DC75: 0.84054436 | DD75: 0.097572877 | DF75: 0.79176349 | DG75: 0.035342903 | DH75: 9.4355269 | DI75: 0.46632313 | DK75: 0.005514146 | DL75: 0.16066185 | DM75: 1.135088 | DN75: 15.557955 | DP75: 6.0714193 | DQ75: 0.00096354024 | DT75: 2.8372848 | DU75: 9.7739942 | DW75: 2.2894881 | DX75: 0.22581243 | DY75: 0.0095500249 | DZ75: 1.3432263 | EA75: 0.011536198 | EB75: 0.14036297 | EC75: 0.63963636 | ED75: 0.70237133 | EE75: 3.6297718 | EF75: 15.211889 | EG75: 9.209153 | EH75: 0.44951739 | EJ75: 8.8782315 | EL75: 2.8690256 | EM75: 2.5373354 | EN75: 2.6946321 | EO75: 4.1405779 | EP75: 1.1323699 | EQ75: 3.4088842 | ER75: 6.5953488 | EW75: 0.010578562 | EX75: 0.73207998 | EY75: 4.4873884 | EZ75: 8.1938831 | FB75: 0.95902092 | FD75: 13.487197 | FE75: 7.8061363 | FF75: 0.1006133 | FH75: 0.00021681017
A76: 39142 | B76: 0.099981393 | C76: 0.065987336 | D76: 0.13633883 | E76: 0.013387866 | F76: 2.4473978 | H76: 3.7576808 | I76: 8.6206054 | J76: 7.266248 | O76: 3.550794 | P76: 9.4957591 | S76: 0.58383644 | T76: 4.9454995 | V76: 105.23372 | X76: 281.74599 | Z76: 0.0031837587 | AA76: 0.082212736 | AB76: 0.0020669504 | AD76: 7.8913814 | AE76: 0.0094762497 | AG76: 0.0078927374 | AH76: 0.75825518 | AI76: 0.0023854903 | AL76: 0.012256955 | AM76: 0.0091833881 | AN76: 1.2523377 | AP76: 0.32934559 | AQ76: 0.011597612 | AR76: 1.2831999 | AT76: 2.7632926 | AU76: 0.15158751 | AV76: 5.9218164 | AZ76: 16.514841 | BA76: 0.23497873 | BC76: 9.5438818 | BD76: 9.8836326 | BF76: 0.14409462 | BG76: 3.9387512 | BH76: 9.2660676 | BI76: 1.7061764 | BJ76: 9.8262284 | BK76: 2.786853 | BL76: 0.50206569 | BM76: 0.00044022527 | BO76: 0.035037943 | BP76: 0.10138677 | BQ76: 0.7693983 | BR76: 0.72857222 | BS76: 0.045415352 | BT76: 0.11716857 | BU76: 0.11411515 | BV76: 0.00045424405 | BW76: 4.8654535e-05 | BY76: 8.7024314 | BZ76: 1.4323353 | CA76: 9.5925407 | CB76: 0.048263894 | CC76: 0.067214929 | CD76: 7.8737565 | CE76: 0.024409017 | CG76: 0.0068145129 | CI76: 8.3439494 | CK76: 0.64331661 | CL76: 0.038624205 | CN76: 8.4798491 | CO76: 9.4320291 | CP76: 0.63052816 | CQ76: 0.0021780462 | CS76: 2.1911363 | CT76: 0.35899594 | CV76: 9.0694278 | CX76: 0.1307088 | CY76: 0.47235626 | CZ76: 0.17382342 | DA76: 0.0016222577 | DC76: 0.84564981 | DD76: 0.097149755 | DF76: 0.76994191 | DG76: 0.035213859 | DH76: 9.5836624 | DI76: 0.46596908 | DK76: 0.0055304321 | DL76: 0.16202589 | DM76: 1.1419699 | DN76: 15.415199 | DP76: 6.0734641 | DQ76: 0.00096755343 | DT76: 2.8715657 | DU76: 9.9430772 | DW76: 2.3116107 | DX76: 0.22727039 | DY76: 0.0097405657 | DZ76: 1.3376576 | EA76: 0.01174714 | EB76: 0.13926078 | EC76: 0.63755547 | ED76: 0.69812926 | EE76: 3.6200204 | EF76: 15.295182 | EG76: 9.3463234 | EH76: 0.43837501 | EJ76: 8.9881172 | EL76: 2.8578773 | EM76: 2.5352963 | EN76: 2.6493899 | EO76: 4.0920407 | EP76: 1.1261507 | EQ76: 3.4067889 | ER76: 6.6713528 | EW76: 0.010620245 | EX76: 0.7275093 | EY76: 4.4920172 | EZ76: 8.133975 | FB76: 0.95302201 | FD76: 13.37844 | FE76: 7.8144462 | FF76: 0.10074273 | FH76: 0.00021436806
A77: 39173 | B77: 0.099055258 | C77: 0.066525442 | D77: 0.13518927 | E77: 0.013360003 | F77: 2.4197345 | H77: 3.7254279 | I77: 8.7420295 | J77: 7.2316394 | O77: 3.5022705 | P77: 9.6261469 | S77: 0.57603938 | T77: 4.9510735 | V77: 107.21598 | X77: 285.56203 | Z77: 0.003117311 | AA77: 0.082928497 | AB77: 0.0020486092 | AD77: 8.0720692 | AE77: 0.009431424 | AG77: 0.0079396822 | AH77: 0.75022122 | AI77: 0.0024426097 | AL77: 0.012282149 | AM77: 0.0091653842 | AN77: 1.2644729 | AP77: 0.33519122 | AQ77: 0.011716207 | AR77: 1.2966099 | AT77: 2.7254174 | AU77: 0.15368198 | AV77: 5.8543261 | AZ77: 16.755106 | BA77: 0.23538943 | BC77: 9.677948 | BD77: 10.023124 | BF77: 0.14622753 | BG77: 3.9317176 | BH77: 9.4001625 | BI77: 1.7060817 | BJ77: 9.9791862 | BK77: 2.7608222 | BL77: 0.4995325 | BM77: 0.00052582268 | BO77: 0.035044123 | BP77: 0.10362644 | BQ77: 0.76504359 | BR77: 0.71595358 | BS77: 0.046711815 | BT77: 0.11964679 | BU77: 0.11877989 | BV77: 0.00045129907 | BW77: 4.8830108e-05 | BY77: 8.859914 | BZ77: 1.4697652 | CA77: 9.6953274 | CB77: 0.047688262 | CC77: 0.065767293 | CD77: 7.7763602 | CE77: 0.02461901 | CG77: 0.0068487048 | CI77: 8.4967851 | CK77: 0.67230985 | CL77: 0.038746643 | CN77: 8.6314192 | CO77: 9.5429812 | CP77: 0.62688822 | CQ77: 0.0022713433 | CS77: 2.1995771 | CT77: 0.35837813 | CV77: 9.2169719 | CX77: 0.13259352 | CY77: 0.47236846 | CZ77: 0.1764462 | DA77: 0.0016239626 | DC77: 0.85890243 | DD77: 0.096393507 | DF77: 0.79241061 | DG77: 0.036344926 | DH77: 9.7181835 | DI77: 0.46344225 | DK77: 0.0055409232 | DL77: 0.1639863 | DM77: 1.1554068 | DN77: 15.322279 | DP77: 6.0435913 | DQ77: 0.00097699232 | DT77: 2.9620417 | DU77: 10.126028 | DW77: 2.3680419 | DX77: 0.22833293 | DY77: 0.0095956665 | DZ77: 1.3238071 | EA77: 0.011805711 | EB77: 0.14201539 | EC77: 0.62961304 | ED77: 0.69163623 | EE77: 3.6303385 | EF77: 15.468811 | EG77: 9.5352191 | EH77: 0.4522503 | EJ77: 9.1959032 | EL77: 2.8377878 | EM77: 2.4939517 | EN77: 2.6507782 | EO77: 4.0132527 | EP77: 1.1311654 | EQ77: 3.4784094 | ER77: 6.7065919 | EW77: 0.010744079 | EX77: 0.72757054 | EY77: 4.5063718 | EZ77: 8.430014 | FB77: 0.94224987 | FD77: 13.566251 | FE77: 7.7763086 | FF77: 0.10167892 | FH77: 0.00021262503
A78: 39203 | B78: 0.099953501 | C78: 0.065978377 | D78: 0.13369671 | E78: 0.014166444 | F78: 2.4059021 | H78: 3.7412418 | I78: 8.7008607 | J78: 7.1903973 | O78: 3.4881487 | P78: 9.5420657 | Q78: 3.6109134 | S78: 0.57609183 | T78: 4.9241569 | V78: 109.45397 | X78: 283.9295 | Z78: 0.0030875216 | AA78: 0.082431751 | AB78: 0.0020959702 | AD78: 8.3388594 | AE78: 0.0094452575 | AG78: 0.0080873724 | AH78: 0.75211764 | AI78: 0.0025979419 | AL78: 0.012211313 | AM78: 0.0091938446 | AN78: 1.2751872 | AP78: 0.33125994 | AQ78: 0.01167138 | AR78: 1.2898698 | AT78: 2.7323137 | AU78: 0.15471848 | AV78: 5.8137154 | AZ78: 16.748961 | BA78: 0.23283745 | BC78: 9.5952519 | BD78: 9.9712441 | BF78: 0.14685934 | BG78: 3.9904956 | BH78: 9.3288015 | BI78: 1.693655 | BJ78: 9.9278366 | BK78: 2.7483863 | BL78: 0.49574919 | BM78: 0.00061902054 | BO78: 0.035582532 | BP78: 0.10400326 | BQ78: 0.76252508 | BR78: 0.71040933 | BS78: 0.046296885 | BT78: 0.12383477 | BU78: 0.12282466 | BV78: 0.00046405709 | BW78: 4.8664342e-05 | BY78: 8.825668 | BZ78: 1.484002 | CA78: 9.6510154 | CB78: 0.047767433 | CC78: 0.064484582 | CD78: 7.6902611 | CE78: 0.025013179 | CG78: 0.0068320361 | CI78: 8.4819819 | CK78: 0.68417026 | CL78: 0.037411667 | CN78: 8.6065779 | CO78: 9.4870429 | CP78: 0.62569137 | CQ78: 0.0022800555 | CS78: 2.2099031 | CT78: 0.36087226 | CV78: 9.1701111 | CX78: 0.13603449 | CY78: 0.4736561 | CZ78: 0.1782296 | DA78: 0.0016245186 | DC78: 0.84227706 | DD78: 0.096204358 | DF78: 0.8025942 | DG78: 0.037921228 | DH78: 9.651011 | DI78: 0.46171672 | DK78: 0.0055447707 | DL78: 0.16421892 | DM78: 1.1445885 | DN78: 15.211407 | DP78: 6.0328565 | DQ78: 0.00097196955 | DT78: 2.9847734 | DU78: 10.063793 | DW78: 2.4024777 | DX78: 0.22831819 | DY78: 0.0094035199 | DZ78: 1.312968 | EA78: 0.011608601 | EB78: 0.14195457 | EC78: 0.62527492 | ED78: 0.68941396 | EE78: 3.6101676 | EF78: 15.35138 | EG78: 9.5761799 | EH78: 0.45750823 | EJ78: 9.1511833 | EL78: 2.8260556 | EM78: 2.5142184 | EN78: 2.7482521 | EO78: 4.0096147 | EP78: 1.1543577 | EQ78: 3.4602277 | ER78: 6.6200642 | EW78: 0.010782992 | EX78: 0.72713999 | EY78: 4.4990092 | EZ78: 8.5474752 | FB78: 0.9402702 | FD78: 13.457653 | FE78: 7.7672143 | FF78: 0.10211413 | FH78: 0.00021240725
A79: 39234 | B79: 0.10112399 | C79: 0.065911697 | D79: 0.13556746 | E79: 0.014298628 | F79: 2.4055056 | H79: 3.8085129 | I79: 8.6101226 | J79: 7.1657824 | O79: 3.4866117 | P79: 9.4323625 | S79: 0.5796305 | T79: 4.8505302 | V79: 112.07293 | X79: 279.52987 | Z79: 0.0030460088 | AA79: 0.081820067 | AB79: 0.0021188647 | AD79: 8.5174113 | AE79: 0.0094725699 | AG79: 0.0080532453 | AH79: 0.75566911 | AI79: 0.002702481 | AL79: 0.012016943 | AM79: 0.0092049494 | AN79: 1.2544136 | AP79: 0.32473296 | AQ79: 0.011584669 | AR79: 1.2736604 | AT79: 2.7376279 | AU79: 0.15334035 | AV79: 5.8096911 | AZ79: 16.634466 | BA79: 0.23180173 | BC79: 9.5042736 | BD79: 9.8697107 | BF79: 0.148947 | BG79: 3.9877689 | BH79: 9.2226137 | BI79: 1.6827353 | BJ79: 9.8049364 | BK79: 2.7740181 | BL79: 0.49339029 | BM79: 0.00063749097 | BO79: 0.035879543 | BP79: 0.10635945 | BQ79: 0.76205948 | BR79: 0.71083344 | BS79: 0.045556414 | BT79: 0.12455256 | BU79: 0.12323722 | BV79: 0.0004519228 | BW79: 4.9094711e-05 | BY79: 8.7469659 | BZ79: 1.4207289 | CA79: 9.5628772 | CB79: 0.047734667 | CC79: 0.063072606 | CD79: 7.6444205 | CE79: 0.02474255 | CG79: 0.006797949 | CI79: 8.4573173 | CK79: 0.67112603 | CL79: 0.038128236 | CN79: 8.5288792 | CO79: 9.3964607 | CP79: 0.62961687 | CQ79: 0.0022366804 | CS79: 2.1760316 | CT79: 0.36014528 | CV79: 9.0722573 | CX79: 0.1344232 | CY79: 0.47190616 | CZ79: 0.1785929 | DA79: 0.0016224786 | DC79: 0.83635228 | DD79: 0.096259972 | DF79: 0.78407534 | DG79: 0.037420603 | DH79: 9.50199 | DI79: 0.46237677 | DK79: 0.005623638 | DL79: 0.16191559 | DM79: 1.1399278 | DN79: 15.295152 | DP79: 6.0327811 | DQ79: 0.00095410231 | DT79: 2.9291352 | DU79: 9.9441252 | DW79: 2.4209694 | DX79: 0.22848899 | DY79: 0.0093133521 | DZ79: 1.3095031 | EA79: 0.011544085 | EB79: 0.14142602 | EC79: 0.61441589 | ED79: 0.68037189 | EE79: 3.5533309 | EF79: 15.220156 | EG79: 9.50199 | EH79: 0.44812804 | EJ79: 9.0636626 | EL79: 2.8284593 | EM79: 2.5218489 | EN79: 2.7143452 | EO79: 3.9988479 | EP79: 1.1776005 | EQ79: 3.3811814 | ER79: 6.5355051 | EW79: 0.010673273 | EX79: 0.72669246 | EY79: 4.488099 | EZ79: 8.5907877 | FB79: 0.95686349 | FD79: 13.442456 | FE79: 7.7468604 | FF79: 0.10205503 | FH79: 0.00021261597
A80: 39264 | B80: 0.10298602 | C80: 0.067961076 | D80: 0.13990455 | E80: 0.014522284 | F80: 2.4256463 | H80: 3.8153299 | I80: 8.854581 | J80: 7.2335291 | O80: 3.5253554 | P80: 9.7415622 | S80: 0.60255962 | T80: 4.9738594 | V80: 115.97862 | X80: 293.82262 | Z80: 0.0030930208 | AA80: 0.084547707 | AB80: 0.0021479845 | AD80: 8.6983012 | AE80: 0.0096998517 | AG80: 0.0083030756 | AH80: 0.77254838 | AI80: 0.0026856176 | AL80: 0.012462243 | AM80: 0.0093478634 | AN80: 1.2876167 | AP80: 0.33828954 | AQ80: 0.01185389 | AR80: 1.3050691 | AT80: 2.7627018 | AU80: 0.15197859 | AV80: 5.8696906 | AZ80: 17.296951 | BA80: 0.23753762 | BC80: 9.7647385 | BD80: 10.124198 | BF80: 0.15509566 | BG80: 4.0351521 | BH80: 9.5339629 | BI80: 1.7181548 | BJ80: 10.007556 | BK80: 2.7988545 | BL80: 0.5000295 | BM80: 0.00060107237 | BO80: 0.036345521 | BP80: 0.11002351 | BQ80: 0.77190501 | BR80: 0.71880907 | BS80: 0.0475494 | BT80: 0.1301626 | BU80: 0.12701974 | BV80: 0.00045435747 | BW80: 4.9569292e-05 | BY80: 9.0176859 | BZ80: 1.4207977 | CA80: 9.85672 | CB80: 0.048426697 | CC80: 0.063930124 | CD80: 7.6723795 | CE80: 0.025091313 | CG80: 0.0069365094 | CI80: 8.8011439 | CK80: 0.6983854 | CL80: 0.040098801 | CN80: 8.8297689 | CO80: 9.5636698 | CP80: 0.63729249 | CQ80: 0.0022781235 | CS80: 2.199521 | CT80: 0.36350874 | CV80: 9.3421436 | CX80: 0.13725747 | CY80: 0.47846773 | CZ80: 0.18348646 | DA80: 0.0016406203 | DC80: 0.85700797 | DD80: 0.09746338 | DF80: 0.81860534 | DG80: 0.037755488 | DH80: 9.7258987 | DI80: 0.46708333 | DK80: 0.0056805097 | DL80: 0.16598122 | DM80: 1.1876666 | DN80: 15.612618 | DP80: 6.0972504 | DQ80: 0.00095831374 | DT80: 3.0345093 | DU80: 10.196922 | DW80: 2.571399 | DX80: 0.23523767 | DY80: 0.0093966722 | DZ80: 1.3326632 | EA80: 0.012120209 | EB80: 0.14613962 | EC80: 0.60789962 | ED80: 0.68709725 | EE80: 3.696068 | EF80: 15.641098 | EG80: 9.7740079 | EH80: 0.46744678 | EJ80: 9.2530855 | EL80: 2.856419 | EM80: 2.5538442 | EN80: 2.7472264 | EO80: 4.081896 | EP80: 1.174334 | EQ80: 3.5290322 | ER80: 6.6701584 | EW80: 0.011146777 | EX80: 0.74315011 | EY80: 4.5106459 | EZ80: 8.8368015 | FB80: 0.97564337 | FD80: 13.782332 | FE80: 7.7923002 | FF80: 0.10401228 | FH80: 0.00021552695
A81: 39295 | B81: 0.10520356 | C81: 0.069326452 | D81: 0.14419393 | E81: 0.014736029 | F81: 2.4728135 | H81: 3.8761808 | I81: 8.8462368 | J81: 7.3525736 | O81: 3.5567923 | P81: 9.7294679 | Q81: 3.6496474 | S81: 0.61805517 | T81: 4.9964754 | V81: 112.35586 | X81: 302.88825 | Z81: 0.0030997537 | AA81: 0.084964768 | AB81: 0.0022069177 | AD81: 8.6694096 | AE81: 0.0097557147 | AG81: 0.0084002889 | AH81: 0.78762368 | AI81: 0.002559583 | AL81: 0.012325848 | AM81: 0.0094785461 | AN81: 1.2931965 | AP81: 0.34499539 | AQ81: 0.011794236 | AR81: 1.301722 | AT81: 2.7836164 | AU81: 0.15246197 | AV81: 5.9142517 | AZ81: 17.308518 | BA81: 0.24594128 | BC81: 9.7743324 | BD81: 10.165817 | BF81: 0.16760121 | BG81: 4.0950592 | BH81: 9.5242708 | BI81: 1.7389338 | BJ81: 9.9338505 | BK81: 2.8563753 | BL81: 0.50909613 | BM81: 0.00058035317 | BO81: 0.036499517 | BP81: 0.10986826 | BQ81: 0.78284891 | BR81: 0.72410855 | BS81: 0.045948082 | BT81: 0.12213812 | BU81: 0.1275739 | BV81: 0.00044676715 | BW81: 5.031527e-05 | BY81: 9.0514484 | BZ81: 1.4503862 | CA81: 9.8718252 | CB81: 0.046662334 | CC81: 0.067396542 | CD81: 7.7759207 | CE81: 0.024877819 | CG81: 0.0068787693 | CI81: 8.8331362 | CK81: 0.6839637 | CL81: 0.039630077 | CN81: 8.8606855 | CO81: 9.6813576 | CP81: 0.64504823 | CQ81: 0.002290879 | CS81: 2.1922177 | CT81: 0.37669016 | CV81: 9.3680813 | CX81: 0.14073599 | CY81: 0.47319243 | CZ81: 0.19115243 | DA81: 0.0016739997 | DC81: 0.86791985 | DD81: 0.09925693 | DF81: 0.79930289 | DG81: 0.040022327 | DH81: 9.742894 | DI81: 0.46958541 | DK81: 0.0058919441 | DL81: 0.1670915 | DM81: 1.182142 | DN81: 15.818278 | DP81: 6.150152 | DQ81: 0.001000578 | DT81: 2.9910549 | DU81: 10.148923 | DW81: 2.5204185 | DX81: 0.23637855 | DY81: 0.0095796666 | DZ81: 1.3506963 | EA81: 0.012140344 | EB81: 0.15076153 | EC81: 0.6034461 | ED81: 0.69405395 | EE81: 3.7223092 | EF81: 15.652628 | EG81: 9.8033116 | EH81: 0.45677656 | EJ81: 9.2660427 | EL81: 2.8548464 | EM81: 2.5520389 | EN81: 2.8066608 | EO81: 4.1205333 | EP81: 1.1862724 | EQ81: 3.4727981 | ER81: 6.7422993 | EW81: 0.010788564 | EX81: 0.75251615 | EY81: 4.6393921 | EZ81: 8.6644684 | FB81: 0.98883911 | FD81: 13.763513 | FE81: 7.8313456 | FF81: 0.10735085 | FH81: 0.00021684137
A82: 39326 | B82: 0.10681627 | C82: 0.069676116 | D82: 0.1443496 | E82: 0.014701924 | F82: 2.4553095 | H82: 3.8240186 | I82: 8.954665 | J82: 7.3717345 | O82: 3.551978 | P82: 9.8387894 | S82: 0.61950479 | T82: 5.0871516 | V82: 115.37452 | X82: 310.46617 | Z82: 0.0030978219 | AA82: 0.085471946 | AB82: 0.0022336946 | AD82: 8.8771948 | AE82: 0.0097626383 | AG82: 0.0085116955 | AH82: 0.78769655 | AI82: 0.0024664864 | AL82: 0.012324682 | AM82: 0.0094484381 | AN82: 1.3183999 | AP82: 0.35049534 | AQ82: 0.011855265 | AR82: 1.3227156 | AT82: 2.7583242 | AU82: 0.15099774 | AV82: 5.8990016 | AZ82: 17.679075 | BA82: 0.24909541 | BC82: 9.9224586 | BD82: 10.281897 | BF82: 0.19234115 | BG82: 4.1130115 | BH82: 9.6424397 | BI82: 1.7175352 | BJ82: 10.236112 | BK82: 2.8542271 | BL82: 0.5051457 | BM82: 0.00057707902 | BO82: 0.036193284 | BP82: 0.10807601 | BQ82: 0.77833784 | BR82: 0.72104966 | BS82: 0.047038266 | BT82: 0.12504494 | BU82: 0.12785484 | BV82: 0.00045046738 | BW82: 5.0962354e-05 | BY82: 9.17865 | BZ82: 1.478706 | CA82: 9.9735708 | CB82: 0.048474409 | CC82: 0.06774076 | CD82: 7.7987838 | CE82: 0.025672193 | CG82: 0.0068618042 | CI82: 9.0896386 | CK82: 0.69156798 | CL82: 0.040546544 | CN82: 9.0734346 | CO82: 9.7913136 | CP82: 0.64205422 | CQ82: 0.0022972434 | CS82: 2.1794212 | CT82: 0.37493388 | CV82: 9.56976 | CX82: 0.14088958 | CY82: 0.47191108 | CZ82: 0.19599496 | DA82: 0.0016839597 | DC82: 0.88317225 | DD82: 0.098484819 | DF82: 0.80722873 | DG82: 0.040477921 | DH82: 9.90096 | DI82: 0.46844258 | DK82: 0.0059010981 | DL82: 0.1702019 | DM82: 1.2230259 | DN82: 15.875492 | DP82: 6.1239925 | DQ82: 0.0010166349 | DT82: 3.0616073 | DU82: 10.299417 | DW82: 2.4793487 | DX82: 0.23863226 | DY82: 0.009578324 | DZ82: 1.3491653 | EA82: 0.012426066 | EB82: 0.15574893 | EC82: 0.58801878 | ED82: 0.68945411 | EE82: 3.6942499 | EF82: 15.85917 | EG82: 9.9382624 | EH82: 0.46214048 | EJ82: 9.392291 | EL82: 2.8326676 | EM82: 2.581236 | EN82: 2.7732875 | EO82: 4.0703488 | EP82: 1.17542 | EQ82: 3.558087 | ER82: 6.7964057 | EW82: 0.010794564 | EX82: 0.74752425 | EY82: 4.6747351 | EZ82: 9.0547414 | FB82: 1.0002744 | FD82: 13.696553 | FE82: 7.7774476 | FF82: 0.10855942 | FH82: 0.00021587235
A83: 39356 | B83: 0.10673401 | C83: 0.071915723 | D83: 0.14590527 | E83: 0.01477377 | F83: 2.4497888 | H83: 3.833126 | I83: 9.193765 | J83: 7.5073973 | O83: 3.5934783 | P83: 10.096521 | S83: 0.62624279 | T83: 5.3009537 | V83: 121.69878 | X83: 318.28022 | Z83: 0.0031519698 | AA83: 0.0875995 | AB83: 0.0022343398 | AD83: 9.2809428 | AE83: 0.010206779 | AG83: 0.0087763104 | AH83: 0.79021365 | AI83: 0.0025991814 | AL83: 0.01278933 | AM83: 0.0094693648 | AN83: 1.3513443 | AP83: 0.36335465 | AQ83: 0.012022419 | AR83: 1.3545408 | AT83: 2.7808253 | AU83: 0.15066283 | AV83: 5.8895219 | AZ83: 18.231432 | BA83: 0.25219905 | BC83: 10.157875 | BD83: 10.522306 | BF83: 0.20861715 | BG83: 4.2621337 | BH83: 9.8634297 | BI83: 1.7283888 | BJ83: 10.524677 | BK83: 2.8533161 | BL83: 0.50411306 | BM83: 0.00056097347 | BO83: 0.036012287 | BP83: 0.10896553 | BQ83: 0.78548457 | BR83: 0.73320934 | BS83: 0.048949664 | BT83: 0.13162887 | BU83: 0.13112958 | BV83: 0.00046122648 | BW83: 5.1504471e-05 | BY83: 9.3811103 | BZ83: 1.5033015 | CA83: 10.211739 | CB83: 0.04840153 | CC83: 0.067323558 | CD83: 7.8347673 | CE83: 0.027080948 | CG83: 0.0069782966 | CI83: 9.47935 | CK83: 0.73110083 | CL83: 0.040014505 | CN83: 9.4008533 | CO83: 10.051519 | CP83: 0.64626767 | CQ83: 0.0023536073 | CS83: 2.2364911 | CT83: 0.37703243 | CV83: 9.8553583 | CX83: 0.146214 | CY83: 0.48120534 | CZ83: 0.20382372 | DA83: 0.0017265701 | DC83: 0.90058912 | DD83: 0.099602358 | DF83: 0.85410038 | DG83: 0.041051918 | DH83: 10.111521 | DI83: 0.47472634 | DK83: 0.005835668 | DL83: 0.17467979 | DM83: 1.2742582 | DN83: 15.953839 | DP83: 6.1387825 | DQ83: 0.001065212 | DT83: 3.2170792 | DU83: 10.571461 | DW83: 2.551324 | DX83: 0.24619354 | DY83: 0.009576552 | DZ83: 1.3588614 | EA83: 0.012766504 | EB83: 0.16357568 | EC83: 0.53419523 | ED83: 0.68869829 | EE83: 3.852797 | EF83: 16.281361 | EG83: 10.21191 | EH83: 0.48954741 | EJ83: 9.71193 | EL83: 2.8286765 | EM83: 2.6180432 | EN83: 2.805193 | EO83: 3.9936708 | EP83: 1.1725005 | EQ83: 3.6960266 | ER83: 6.8824477 | EW83: 0.010997586 | EX83: 0.75185478 | EY83: 4.7365551 | EZ83: 9.6868956 | FB83: 1.0262313 | FD83: 13.886385 | FE83: 7.771091 | FF83: 0.11271294 | FH83: 0.0002185713
A84: 39387 | B84: 0.10845694 | C84: 0.073538096 | D84: 0.14416595 | E84: 0.014688214 | F84: 2.4585511 | H84: 3.8215015 | I84: 9.380873 | J84: 7.6403608 | O84: 3.6109164 | P84: 10.348981 | Q84: 3.6221066 | S84: 0.62745945 | T84: 5.4397088 | V84: 122.3123 | X84: 328.32689 | Z84: 0.0030791451 | AA84: 0.08892306 | AB84: 0.002246727 | AD84: 9.2332597 | AE84: 0.010240488 | AG84: 0.0086053629 | AH84: 0.79112167 | AI84: 0.0025138831 | AL84: 0.01304705 | AM84: 0.0095236485 | AN84: 1.3824842 | AP84: 0.38089927 | AQ84: 0.012217587 | AR84: 1.3831963 | AT84: 2.7529167 | AU84: 0.15117744 | AV84: 5.8237716 | AZ84: 18.771589 | BA84: 0.24823297 | BC84: 10.344672 | BD84: 10.743864 | BF84: 0.18791048 | BG84: 4.305875 | BH84: 10.068039 | BI84: 1.701777 | BJ84: 10.764295 | BK84: 2.8394154 | BL84: 0.51062152 | BM84: 0.0005378797 | BO84: 0.035442548 | BP84: 0.10647766 | BQ84: 0.78638529 | BR84: 0.72340569 | BS84: 0.049316388 | BT84: 0.1301426 | BU84: 0.12926917 | BV84: 0.00044597095 | BW84: 5.1775441e-05 | BY84: 9.573276 | BZ84: 1.5212252 | CA84: 10.408884 | CB84: 0.048885123 | CC84: 0.068800549 | CD84: 7.7699094 | CE84: 0.027399514 | CG84: 0.0068578469 | CI84: 9.7622234 | CK84: 0.73104146 | CL84: 0.040922623 | CN84: 9.6467687 | CO84: 10.245866 | CP84: 0.63872172 | CQ84: 0.0024084692 | CS84: 2.2289488 | CT84: 0.37335516 | CV84: 10.034949 | CX84: 0.14464539 | CY84: 0.47576481 | CZ84: 0.20588109 | DA84: 0.0017391035 | DC84: 0.90374166 | DD84: 0.1026113 | DF84: 0.83782909 | DG84: 0.040159733 | DH84: 10.283362 | DI84: 0.48519479 | DK84: 0.0059329333 | DL84: 0.17967017 | DM84: 1.2720944 | DN84: 15.779754 | DP84: 6.1048596 | DQ84: 0.0010743835 | DT84: 3.3310208 | DU84: 10.772455 | DW84: 2.5247174 | DX84: 0.24942997 | DY84: 0.0094429305 | DZ84: 1.3518545 | EA84: 0.013068279 | EB84: 0.1653251 | EC84: 0.52986683 | ED84: 0.67944473 | EE84: 3.8714015 | EF84: 16.615551 | EG84: 10.463813 | EH84: 0.48796289 | EJ84: 9.9330062 | EL84: 2.7792969 | EM84: 2.59117 | EN84: 2.7711263 | EO84: 3.9658556 | EP84: 1.168234 | EQ84: 3.7306102 | ER84: 7.1102375 | EW84: 0.011639787 | EX84: 0.74845555 | EY84: 4.7869547 | EZ84: 9.7782102 | FB84: 1.0334543 | FD84: 13.897149 | FE84: 7.6917125 | FF84: 0.11214238 | FH84: 0.00021727495
A85: 39417 | B85: 0.11034087 | C85: 0.073886281 | D85: 0.14319332 | E85: 0.014846748 | F85: 2.4528424 | H85: 3.8508352 | I85: 9.3039905 | J85: 7.7838804 | O85: 3.6668026 | P85: 10.21416 | S85: 0.63113047 | T85: 5.414808 | V85: 121.12337 | X85: 326.61177 | Z85: 0.0031397316 | AA85: 0.088334851 | AB85: 0.0022979162 | AD85: 8.8378741 | AE85: 0.010026109 | AG85: 0.0087068465 | AH85: 0.79812121 | AI85: 0.0025474857 | AL85: 0.012821837 | AM85: 0.0098974022 | AN85: 1.3821617 | AP85: 0.38306479 | AQ85: 0.012069859 | AR85: 1.3605538 | AT85: 2.7542507 | AU85: 0.15109483 | AV85: 5.8099109 | AZ85: 18.615238 | BA85: 0.24648069 | BC85: 10.162899 | BD85: 10.614376 | BF85: 0.17576971 | BG85: 4.3398167 | BH85: 9.9711841 | BI85: 1.6984519 | BJ85: 10.639192 | BK85: 2.8514452 | BL85: 0.51224973 | BM85: 0.00053649022 | BO85: 0.03528275 | BP85: 0.10599228 | BQ85: 0.78131141 | BR85: 0.71970999 | BS85: 0.048898905 | BT85: 0.12692021 | BU85: 0.12821842 | BV85: 0.00044390648 | BW85: 5.2397648e-05 | BY85: 9.4344886 | BZ85: 1.5206306 | CA85: 10.27614 | CB85: 0.049829101 | CC85: 0.067755944 | CD85: 7.808373 | CE85: 0.027674701 | CG85: 0.0067310294 | CI85: 9.6718698 | CJ85: 0.004010714 | CK85: 0.72119077 | CL85: 0.04080285 | CN85: 9.5410821 | CO85: 10.116125 | CP85: 0.63810506 | CQ85: 0.0023915366 | CS85: 2.2327205 | CT85: 0.37135453 | CV85: 9.8785324 | CX85: 0.14915338 | CY85: 0.47460229 | CZ85: 0.20688872 | DA85: 0.0017623409 | DC85: 0.89285972 | DD85: 0.10925752 | DF85: 0.820748 | DG85: 0.038937467 | DH85: 10.079217 | DI85: 0.48516008 | DK85: 0.0060134879 | DL85: 0.17909641 | DM85: 1.253574 | DN85: 15.788478 | DP85: 6.0824375 | DQ85: 0.0010786127 | DT85: 3.3352888 | DU85: 10.615299 | DW85: 2.4586073 | DX85: 0.24927838 | DY85: 0.0092929058 | DZ85: 1.3495442 | EA85: 0.012750424 | EB85: 0.16371861 | EC85: 0.53472758 | ED85: 0.67708315 | EE85: 3.8094045 | EF85: 16.400786 | EG85: 10.34449 | EH85: 0.47947329 | EJ85: 9.8179809 | EL85: 2.7798805 | EM85: 2.5777064 | EN85: 2.7528192 | EO85: 3.9617899 | EP85: 1.1754146 | EQ85: 3.6230647 | ER85: 6.980948 | EW85: 0.011501791 | EX85: 0.74221741 | EY85: 4.7420615 | EZ85: 9.8487322 | FB85: 1.0455119 | FD85: 13.534696 | FE85: 7.6246729 | FF85: 0.11302474 | FH85: 0.00022212789
A86: 39448 | B86: 0.11387798 | C86: 0.07331508 | D86: 0.14152344 | E86: 0.014861077 | F86: 2.4412525 | H86: 3.8596001 | I86: 9.2945035 | J86: 7.9294895 | O86: 3.7384799 | P86: 10.284142 | R86: 0.013711564 | S86: 0.6367622 | T86: 5.5015785 | V86: 121.68872 | X86: 332.19448 | Z86: 0.003194195 | AA86: 0.089059969 | AB86: 0.0023207537 | AD86: 8.6887341 | AE86: 0.010313987 | AG86: 0.0089705715 | AH86: 0.8155556 | AI86: 0.0025990039 | AL86: 0.013068261 | AM86: 0.0099215029 | AN86: 1.3913716 | AP86: 0.39907988 | AQ86: 0.012297999 | AR86: 1.3690982 | AT86: 2.7257254 | AU86: 0.15057829 | AV86: 5.8335041 | AZ86: 19.071693 | BA86: 0.24607314 | BB86: 3.5905701 | BC86: 10.297765 | BD86: 10.63111 | BF86: 0.17215924 | BG86: 4.4388357 | BH86: 9.9681518 | BI86: 1.7520198 | BJ86: 10.639437 | BK86: 2.8324406 | BL86: 0.50819852 | BM86: 0.00052916257 | BO86: 0.035599166 | BP86: 0.10602999 | BQ86: 0.7806162 | BR86: 0.70879759 | BS86: 0.048924686 | BT86: 0.12222084 | BU86: 0.12749806 | BV86: 0.00044643085 | BW86: 5.3215433e-05 | BY86: 9.4144077 | BZ86: 1.5712569 | CA86: 10.350831 | CB86: 0.050662695 | CC86: 0.069986084 | CD86: 7.8068387 | CE86: 0.02787475 | CG86: 0.0066268319 | CI86: 9.974927 | CJ86: 0.0039989708 | CK86: 0.69732783 | CL86: 0.040607539 | CN86: 9.7223421 | CO86: 10.085213 | CP86: 0.63895506 | CQ86: 0.0024217209 | CS86: 2.2698761 | CT86: 0.37466471 | CV86: 9.8099516 | CX86: 0.15284944 | CY86: 0.47039696 | CZ86: 0.2081884 | DA86: 0.0017842928 | DC86: 0.89124541 | DD86: 0.11191652 | DF86: 0.80858106 | DG86: 0.038346512 | DH86: 10.134945 | DI86: 0.48555847 | DK86: 0.0060680794 | DL86: 0.18405124 | DM86: 1.2593438 | DN86: 15.983548 | DP86: 6.1230691 | DQ86: 0.0010922352 | DT86: 3.362717 | DU86: 10.631341 | DW86: 2.3766048 | DX86: 0.25385052 | DY86: 0.0094314237 | DZ86: 1.3579589 | EA86: 0.012806361 | EB86: 0.16109999 | EC86: 0.57876375 | ED86: 0.70143782 | EE86: 3.8678869 | EF86: 16.666046 | EG86: 10.37898 | EH86: 0.46836964 | EJ86: 9.784276 | EL86: 2.7693533 | EM86: 2.5318568 | EN86: 2.7687584 | EO86: 4.0694126 | EP86: 1.1875742 | EQ86: 3.6065335 | ER86: 7.151626 | EW86: 0.011735573 | EX86: 0.75191732 | EY86: 4.769138 | EZ86: 9.8555341 | FB86: 1.0690249 | FC86: 1.7765668 | FD86: 13.016756 | FE86: 7.6068092 | FF86: 0.11570216 | FH86: 0.00022594182
A87: 39479 | B87: 0.11374899 | C87: 0.07358014 | D87: 0.1428151 | E87: 0.014979384 | F87: 2.4453976 | H87: 3.8755907 | I87: 9.3345972 | J87: 8.1120245 | O87: 3.7644836 | P87: 10.373291 | Q87: 3.6101011 | R87: 0.013717346 | S87: 0.65816316 | T87: 5.5300672 | V87: 125.50853 | X87: 336.3403 | Z87: 0.0032098309 | AA87: 0.089819993 | AB87: 0.0025131297 | AD87: 8.8195866 | AE87: 0.010374209 | AG87: 0.0092647772 | AH87: 0.84591103 | AI87: 0.0027438392 | AL87: 0.013175103 | AM87: 0.010048032 | AN87: 1.4040503 | AP87: 0.41160798 | AQ87: 0.012475448 | AR87: 1.387385 | AT87: 2.7381944 | AU87: 0.15016235 | AV87: 5.8849637 | AZ87: 19.169044 | BA87: 0.25499887 | BB87: 3.6561462 | BC87: 10.36136 | BD87: 10.669803 | BF87: 0.17560406 | BG87: 4.5528897 | BH87: 10.023709 | BI87: 1.7470186 | BJ87: 10.574263 | BK87: 2.8359526 | BL87: 0.51022336 | BM87: 0.00052397234 | BO87: 0.035921433 | BP87: 0.10611374 | BQ87: 0.78844963 | BR87: 0.72017265 | BS87: 0.048440173 | BT87: 0.11975383 | BU87: 0.1272118 | BV87: 0.00046039829 | BW87: 5.411946e-05 | BY87: 9.5439834 | BZ87: 1.627952 | CA87: 10.389071 | CB87: 0.051105556 | CC87: 0.070121175 | CD87: 8.2708368 | CE87: 0.028082983 | CG87: 0.0066315315 | CI87: 10.120845 | CJ87: 0.0040109368 | CK87: 0.64200288 | CL87: 0.040579035 | CN87: 9.8453833 | CO87: 10.213452 | CP87: 0.65534709 | CQ87: 0.0023922864 | CS87: 2.3091575 | CT87: 0.37883386 | CV87: 9.865977 | CX87: 0.15704265 | CY87: 0.47753151 | CZ87: 0.21222963 | DA87: 0.001828882 | DC87: 0.89533699 | DD87: 0.11338462 | DF87: 0.74104073 | DG87: 0.038758818 | DH87: 10.218085 | DI87: 0.49347114 | DK87: 0.0060686643 | DL87: 0.18573723 | DM87: 1.2705327 | DN87: 16.162382 | DP87: 6.1776729 | DQ87: 0.0011126674 | DT87: 3.4056742 | DU87: 10.647912 | DW87: 2.4254335 | DX87: 0.25638876 | DY87: 0.0096117299 | DZ87: 1.3704972 | EA87: 0.013016292 | EB87: 0.16004589 | EC87: 0.5915003 | ED87: 0.70271561 | EE87: 3.9488031 | EF87: 16.759883 | EG87: 10.390664 | EH87: 0.42939714 | EJ87: 9.8138558 | EL87: 2.7898188 | EM87: 2.5158933 | EN87: 2.785159 | EO87: 4.1563559 | EP87: 1.1910979 | EQ87: 3.6524484 | ER87: 7.2134421 | EW87: 0.011713171 | EX87: 0.75043431 | EY87: 4.7557176 | EZ87: 9.8103184 | FB87: 1.0963668 | FC87: 1.7852422 | FD87: 13.046603 | FE87: 7.6242577 | FF87: 0.11816286 | FH87: 0.00023433771
A88: 39508 | B88: 0.11222227 | C88: 0.076619684 | D88: 0.1460335 | E88: 0.014907289 | F88: 2.4174883 | H88: 3.8556949 | I88: 9.7843733 | J88: 8.3075255 | O88: 3.7549582 | P88: 10.869682 | R88: 0.014373921 | S88: 0.66043007 | T88: 5.8071714 | V88: 126.08622 | X88: 352.87872 | Z88: 0.0031858272 | AA88: 0.094024133 | AB88: 0.0025926883 | AD88: 8.7206267 | AE88: 0.010812836 | AG88: 0.0097374544 | AH88: 0.84058753 | AI88: 0.002816705 | AL88: 0.01374224 | AM88: 0.0099891358 | AN88: 1.4678723 | AP88: 0.43031454 | AQ88: 0.013162592 | AR88: 1.4498748 | AT88: 2.7620972 | AU88: 0.15055075 | AV88: 5.9013626 | AZ88: 20.086199 | BA88: 0.26634162 | BB88: 3.6692914 | BC88: 10.869869 | BD88: 11.182964 | BF88: 0.19046681 | BG88: 4.6767467 | BH88: 10.481002 | BI88: 1.7209447 | BJ88: 11.253206 | BK88: 2.8156124 | BL88: 0.51578263 | BM88: 0.00051884324 | BO88: 0.036245506 | BP88: 0.10415036 | BQ88: 0.78597613 | BR88: 0.71302159 | BS88: 0.051038642 | BT88: 0.11148908 | BU88: 0.12559772 | BV88: 0.00045820245 | BW88: 5.6775302e-05 | BY88: 10.025026 | BZ88: 1.6600284 | CA88: 10.863902 | CB88: 0.051411007 | CC88: 0.074051547 | CD88: 8.3116519 | CE88: 0.027840796 | CG88: 0.0063767682 | CI88: 10.683601 | CJ88: 0.0040342461 | CK88: 0.61381818 | CL88: 0.039962554 | CN88: 10.346128 | CO88: 10.704607 | CP88: 0.64832738 | CQ88: 0.0025100484 | CS88: 2.307249 | CT88: 0.37835996 | CV88: 10.333488 | CX88: 0.16376071 | CY88: 0.47728391 | CZ88: 0.22006161 | DA88: 0.0018707481 | DC88: 0.93428373 | DD88: 0.11260434 | DF88: 0.7089463 | DG88: 0.038062628 | DH88: 10.73473 | DI88: 0.49345097 | DK88: 0.0060586124 | DL88: 0.1947323 | DM88: 1.3191281 | DN88: 16.11687 | DP88: 6.1779237 | DQ88: 0.0011451282 | DT88: 3.5986037 | DU88: 11.241042 | DW88: 2.4933605 | DX88: 0.26474684 | DY88: 0.0098338524 | DZ88: 1.3710867 | EA88: 0.013594549 | EB88: 0.16860315 | EC88: 0.58636978 | ED88: 0.69873878 | EE88: 3.9768543 | EF88: 17.483548 | EG88: 10.950413 | EH88: 0.41379759 | EJ88: 10.299991 | EL88: 2.7689409 | EM88: 2.5186241 | EN88: 2.7657109 | EO88: 4.0820379 | EP88: 1.1985069 | EQ88: 3.8205219 | ER88: 7.7162788 | EW88: 0.012202806 | EX88: 0.74589177 | EY88: 4.9203189 | EZ88: 9.4086839 | FB88: 1.1248836 | FC88: 1.7733625 | FD88: 13.200242 | FE88: 7.5993361 | FF88: 0.11987676 | FH88: 0.00023947177
A89: 39539 | B89: 0.12158554 | C89: 0.07843559 | D89: 0.14695018 | E89: 0.014974423 | F89: 2.4210107 | H89: 3.8598708 | I89: 9.9063573 | J89: 8.6248033 | O89: 3.784243 | P89: 10.999802 | R89: 0.014572051 | S89: 0.67102371 | T89: 5.8371315 | V89: 127.5769 | X89: 359.33752 | Z89: 0.0033141962 | AA89: 0.096555117 | AB89: 0.0026520202 | AD89: 8.6463461 | AE89: 0.01121469 | AG89: 0.0096524064 | AH89: 0.84634876 | AI89: 0.0029030151 | AL89: 0.013658905 | AM89: 0.010048334 | AN89: 1.4973379 | AP89: 0.43869283 | AQ89: 0.013382286 | AR89: 1.4673633 | AT89: 2.7638359 | AU89: 0.15222382 | AV89: 5.9625891 | AZ89: 20.48625 | BA89: 0.26711234 | BB89: 3.65149 | BC89: 10.994843 | BD89: 11.328264 | BF89: 0.19598928 | BG89: 4.837239 | BH89: 10.560305 | BI89: 1.7496277 | BJ89: 11.433455 | BK89: 2.8245898 | BL89: 0.52726024 | BM89: 0.0005524269 | BO89: 0.036218641 | BP89: 0.10709313 | BQ89: 0.7869706 | BR89: 0.71269873 | BS89: 0.053048654 | BT89: 0.1109324 | BU89: 0.12696514 | BV89: 0.000457332 | BW89: 5.8285352e-05 | BY89: 10.133638 | BZ89: 1.6767715 | CA89: 10.992704 | CB89: 0.052037488 | CC89: 0.072404983 | CD89: 8.3527515 | CE89: 0.027997758 | CG89: 0.0063378177 | CI89: 10.952868 | CJ89: 0.0040418921 | CK89: 0.63236069 | CL89: 0.039713312 | CN89: 10.575041 | CO89: 10.834355 | CP89: 0.64369876 | CQ89: 0.0025946658 | CS89: 2.3206928 | CT89: 0.38471184 | CV89: 10.470615 | CX89: 0.16931545 | CY89: 0.48537821 | CZ89: 0.23027786 | DA89: 0.0019734296 | DC89: 0.94876796 | DD89: 0.11253362 | DF89: 0.7339759 | DG89: 0.038912853 | DH89: 10.87815 | DI89: 0.49590129 | DK89: 0.0061261071 | DL89: 0.19783331 | DM89: 1.3310427 | DN89: 16.20013 | DP89: 6.174739 | DQ89: 0.0012148344 | DT89: 3.7536983 | DU89: 11.38471 | DW89: 2.5880551 | DX89: 0.27005318 | DY89: 0.010084207 | DZ89: 1.3765421 | EA89: 0.013772191 | EB89: 0.17767511 | EC89: 0.58867197 | ED89: 0.69893015 | EE89: 4.0824604 | EF89: 17.688247 | EG89: 11.140919 | EH89: 0.4246305 | EJ89: 10.511003 | EL89: 2.757013 | EM89: 2.5236172 | EN89: 2.7497919 | EO89: 4.1728226 | EP89: 1.2361587 | EQ89: 3.8878857 | ER89: 7.7278742 | EW89: 0.012676171 | EX89: 0.7473453 | EY89: 4.9745002 | EZ89: 9.082395 | FB89: 1.1547331 | FC89: 1.7886581 | FD89: 13.09726 | FE89: 7.6092135 | FF89: 0.12386134 | FH89: 0.00024425251
A90: 39569 | B90: 0.12879944 | C90: 0.076160949 | D90: 0.14855365 | E90: 0.01497167 | F90: 2.4023589 | H90: 3.8541047 | I90: 9.7424325 | J90: 8.7639306 | O90: 3.8039682 | P90: 10.843552 | Q90: 3.6219559 | R90: 0.014369073 | S90: 0.68613408 | T90: 5.7518941 | V90: 129.37203 | X90: 352.65413 | Z90: 0.0032671711 | AA90: 0.094251342 | AB90: 0.0026432468 | AD90: 8.7612427 | AE90: 0.011088052 | AG90: 0.0091720221 | AH90: 0.8370393 | AI90: 0.0029279074 | AL90: 0.013605884 | AM90: 0.0097968956 | AN90: 1.4792698 | AP90: 0.43030358 | AQ90: 0.013229637 | AR90: 1.4390624 | AT90: 2.7605455 | AU90: 0.15110441 | AV90: 5.9600253 | AZ90: 20.134798 | BA90: 0.28377729 | BB90: 3.6155583 | BC90: 10.802219 | BD90: 11.127626 | BF90: 0.18673634 | BG90: 4.8205474 | BH90: 10.380974 | BI90: 1.7306623 | BJ90: 11.249437 | BK90: 2.8116149 | BL90: 0.53663354 | BM90: 0.00054446315 | BO90: 0.035816957 | BP90: 0.10742303 | BQ90: 0.79481268 | BR90: 0.70623411 | BS90: 0.053762641 | BT90: 0.10957125 | BU90: 0.12018919 | BV90: 0.00045439371 | BW90: 5.7515202e-05 | BY90: 9.9723115 | BZ90: 1.7343666 | CA90: 10.795702 | CB90: 0.052448134 | CC90: 0.071064818 | CD90: 8.2444972 | CE90: 0.027958279 | CG90: 0.0060157829 | CI90: 10.801607 | CJ90: 0.0040432531 | CK90: 0.64558717 | CL90: 0.040860584 | CN90: 10.415241 | CO90: 10.654565 | CP90: 0.64103944 | CQ90: 0.0026031344 | CS90: 2.2745039 | CT90: 0.38585798 | CV90: 10.275403 | CX90: 0.16047508 | CY90: 0.48306957 | CZ90: 0.23408731 | DA90: 0.0020426174 | DC90: 0.93481583 | DD90: 0.11164205 | DF90: 0.74884562 | DG90: 0.037295541 | DH90: 10.666451 | DI90: 0.5021289 | DK90: 0.0061770404 | DL90: 0.19368 | DM90: 1.3192683 | DN90: 16.195431 | DP90: 6.1596101 | DQ90: 0.0012573736 | DT90: 3.7322298 | DU90: 11.172079 | DW90: 2.5269348 | DX90: 0.26826918 | DY90: 0.0099713797 | DZ90: 1.3593047 | EA90: 0.0134418 | EB90: 0.17437819 | EC90: 0.57891692 | ED90: 0.69706159 | EE90: 4.0569686 | EF90: 17.3416 | EG90: 11.002823 | EH90: 0.43208912 | EJ90: 10.338993 | EL90: 2.7673993 | EM90: 2.5000424 | EN90: 2.8196405 | EO90: 4.1510118 | EP90: 1.2408757 | EQ90: 3.8378406 | ER90: 7.4771524 | EW90: 0.012733226 | EX90: 0.75331023 | EY90: 4.8541837 | EZ90: 9.513971 | FB90: 1.1708003 | FC90: 1.7873468 | FD90: 12.92872 | FE90: 7.5903812 | FF90: 0.12395914 | FH90: 0.00025008897
A91: 39600 | B91: 0.11987629 | C91: 0.072523532 | D91: 0.14370287 | E91: 0.014509481 | F91: 2.316078 | H91: 3.764644 | I91: 9.3734552 | J91: 8.5118843 | O91: 3.6859972 | P91: 10.460831 | R91: 0.01387051 | S91: 0.67391613 | T91: 5.5704951 | V91: 128.29399 | X91: 337.75062 | Z91: 0.0032240595 | AA91: 0.091731118 | AB91: 0.0025019407 | AD91: 8.3223506 | AE91: 0.010855942 | AG91: 0.0085080181 | AH91: 0.81051152 | AI91: 0.0029432094 | AL91: 0.012978041 | AM91: 0.0093741311 | AN91: 1.4302583 | AP91: 0.42679424 | AQ91: 0.012776607 | AR91: 1.3843122 | AT91: 2.6655866 | AU91: 0.1478763 | AV91: 5.7631728 | AZ91: 19.432308 | BA91: 0.30582728 | BB91: 3.4550758 | BC91: 10.402399 | BD91: 10.715139 | BF91: 0.17812857 | BG91: 4.710749 | BH91: 9.9801754 | BI91: 1.6513306 | BJ91: 10.782432 | BK91: 2.7320049 | BL91: 0.51918586 | BM91: 0.0005228549 | BO91: 0.034506874 | BP91: 0.10273174 | BQ91: 0.77294453 | BR91: 0.68280626 | BS91: 0.05262299 | BT91: 0.10078809 | BU91: 0.11429023 | BV91: 0.00044144628 | BW91: 5.6223583e-05 | BY91: 9.6135184 | BZ91: 1.674835 | CA91: 10.403431 | CB91: 0.05113745 | CC91: 0.066706236 | CD91: 7.9714159 | CE91: 0.027122277 | CG91: 0.0058523569 | CI91: 10.434534 | CJ91: 0.0039461772 | CK91: 0.60207702 | CL91: 0.041392701 | CN91: 10.055136 | CO91: 10.272666 | CP91: 0.62140688 | CQ91: 0.0025309367 | CS91: 2.2407628 | CT91: 0.37243267 | CV91: 9.8940552 | CX91: 0.15368519 | CY91: 0.47109873 | CZ91: 0.22783033 | DA91: 0.0019708603 | DC91: 0.8929464 | DD91: 0.10782728 | DF91: 0.69822985 | DG91: 0.035479715 | DH91: 10.215646 | DI91: 0.49018863 | DK91: 0.0061479117 | DL91: 0.18665236 | DM91: 1.2467965 | DN91: 15.731516 | DP91: 5.980742 | DQ91: 0.0012523607 | DT91: 3.6232843 | DU91: 10.772728 | DW91: 2.4331178 | DX91: 0.26096709 | DY91: 0.0097698978 | DZ91: 1.3102078 | EA91: 0.013263869 | EB91: 0.17227833 | EC91: 0.57273778 | ED91: 0.67397913 | EE91: 3.8832438 | EF91: 16.695363 | EG91: 10.652417 | EH91: 0.40457917 | EJ91: 9.9768478 | EL91: 2.6944012 | EM91: 2.4241172 | EN91: 2.7235357 | EO91: 4.1264492 | EP91: 1.2191267 | EQ91: 3.6748466 | ER91: 7.2281886 | EW91: 0.012132425 | EX91: 0.74342027 | EY91: 4.6593413 | EZ91: 9.2018894 | FB91: 1.1651649 | FC91: 1.7305756 | FD91: 12.470296 | FE91: 7.357958 | FF91: 0.12283884 | FH91: 0.00024027484
A92: 39630 | B92: 0.11953908 | C92: 0.072429964 | D92: 0.14322432 | E92: 0.014526587 | F92: 2.3104844 | H92: 3.788804 | I92: 9.3966046 | J92: 8.506527 | O92: 3.6922399 | P92: 10.551337 | R92: 0.014170993 | S92: 0.67841583 | T92: 5.5924064 | V92: 129.8388 | X92: 343.9665 | Z92: 0.0032200941 | AA92: 0.093449515 | AB92: 0.002441114 | AD92: 8.2972821 | AE92: 0.011260092 | AG92: 0.0083684379 | AH92: 0.81001495 | AI92: 0.0028102796 | AL92: 0.013496474 | AM92: 0.0091762373 | AN92: 1.4431638 | AP92: 0.44499838 | AQ92: 0.013113238 | AR92: 1.3850597 | AT92: 2.6424284 | AU92: 0.14820001 | AV92: 5.7366572 | AZ92: 19.635716 | BA92: 0.32520171 | BB92: 3.4305317 | BC92: 10.418594 | BD92: 10.728699 | BF92: 0.17774585 | BG92: 4.6608157 | BH92: 10.074874 | BI92: 1.6137835 | BJ92: 10.735105 | BK92: 2.7221306 | BL92: 0.52383459 | BM92: 0.00051693111 | BO92: 0.034192217 | BP92: 0.10171705 | BQ92: 0.78109815 | BR92: 0.68096162 | BS92: 0.055213043 | BT92: 0.10160209 | BU92: 0.11547701 | BV92: 0.00044953899 | BW92: 5.622388e-05 | BY92: 9.6233319 | BZ92: 1.6730051 | CA92: 10.492115 | CB92: 0.051707233 | CC92: 0.066203297 | CD92: 8.0398676 | CE92: 0.027174024 | CG92: 0.0058915978 | CI92: 10.501759 | CJ92: 0.0039402715 | CK92: 0.6279631 | CL92: 0.041712637 | CN92: 10.131046 | CO92: 10.257259 | CP92: 0.62075564 | CQ92: 0.0025931696 | CS92: 2.2487415 | CT92: 0.37581989 | CV92: 10.013529 | CX92: 0.15879459 | CY92: 0.47298593 | CZ92: 0.22940201 | DA92: 0.0019544906 | DC92: 0.89599952 | DD92: 0.10788728 | DF92: 0.73344018 | DG92: 0.035209418 | DH92: 10.266413 | DI92: 0.48915178 | DK92: 0.0062180867 | DL92: 0.18552406 | DM92: 1.2506185 | DN92: 15.742101 | DO92: 0.056451651 | DP92: 5.9430287 | DQ92: 0.0012457065 | DT92: 3.7624993 | DU92: 10.746779 | DW92: 2.512002 | DX92: 0.2627611 | DY92: 0.0099677682 | DZ92: 1.3167857 | EA92: 0.013417938 | EB92: 0.1749497 | EC92: 0.57790517 | ED92: 0.673484 | EE92: 3.9098679 | EF92: 16.775035 | EG92: 10.684073 | EH92: 0.42248428 | EJ92: 9.9627231 | EL92: 2.6572645 | EM92: 2.4138644 | EN92: 2.7000968 | EO92: 4.1906942 | EP92: 1.2231201 | EQ92: 3.6476154 | ER92: 7.2042016 | EW92: 0.012360944 | EX92: 0.74851639 | EY92: 4.6843734 | EZ92: 9.3146456 | FB92: 1.1491598 | FC92: 1.7320753 | FD92: 12.496668 | FE92: 7.3196568 | FF92: 0.12363638 | FH92: 0.00023813164
A93: 39661 | B93: 0.12223505 | C93: 0.069320583 | D93: 0.14750845 | E93: 0.014655037 | F93: 2.3079201 | H93: 3.8529954 | I93: 8.8953462 | J93: 8.4475644 | O93: 3.7071548 | P93: 9.9463056 | Q93: 3.5277895 | R93: 0.013680266 | S93: 0.68821095 | T93: 5.3057064 | V93: 128.34971 | X93: 326.49906 | Z93: 0.0032671917 | AA93: 0.089373303 | AB93: 0.0024471308 | AD93: 7.9452203 | AE93: 0.01043354 | AG93: 0.0081991722 | AH93: 0.80653598 | AI93: 0.0027187677 | AL93: 0.012805813 | AM93: 0.009068459 | AN93: 1.3716998 | AP93: 0.40821238 | AQ93: 0.01246714 | AR93: 1.3146015 | AT93: 2.6364481 | AU93: 0.14639628 | AV93: 5.741359 | AZ93: 18.644575 | BA93: 0.32795613 | BB93: 3.2621719 | BC93: 9.9266777 | BD93: 10.172037 | BF93: 0.1763618 | BG93: 4.8031183 | BH93: 9.5263848 | BI93: 1.5594566 | BJ93: 10.085712 | BK93: 2.7371758 | BL93: 0.52825463 | BM93: 0.00051673162 | BO93: 0.034483522 | BP93: 0.10270046 | BQ93: 0.78739237 | BR93: 0.6691004 | BS93: 0.051365672 | BT93: 0.098334659 | BU93: 0.11667189 | BV93: 0.00045106369 | BW93: 5.5444844e-05 | BY93: 9.1703526 | BZ93: 1.5965265 | CA93: 9.9653549 | CB93: 0.052333812 | CC93: 0.064821156 | CD93: 8.0797983 | CE93: 0.027417994 | CG93: 0.0057470507 | CI93: 9.9165839 | CJ93: 0.0039468794 | CK93: 0.63299393 | CL93: 0.043487463 | CN93: 9.6240626 | CO93: 9.7661543 | CP93: 0.61941356 | CQ93: 0.0025703119 | CS93: 2.1974524 | CT93: 0.37938306 | CV93: 9.4883306 | CX93: 0.15372799 | CY93: 0.48209749 | CZ93: 0.23398483 | DA93: 0.0020322989 | DC93: 0.86201189 | DD93: 0.10888061 | DF93: 0.73580997 | DG93: 0.037689333 | DH93: 9.7553018 | DI93: 0.48896987 | DK93: 0.0062840769 | DL93: 0.17588739 | DM93: 1.196484 | DN93: 15.809006 | DO93: 0.0545167 | DP93: 5.9599087 | DQ93: 0.0012485515 | DT93: 3.5299072 | DU93: 10.140999 | DW93: 2.4125543 | DX93: 0.25484769 | DY93: 0.010159325 | DZ93: 1.3218319 | EA93: 0.01289452 | EB93: 0.1706732 | EC93: 0.60903346 | ED93: 0.67383042 | EE93: 3.7965957 | EF93: 15.942305 | EG93: 10.07545 | EH93: 0.42281544 | EJ93: 9.4285333 | EL93: 2.6696097 | EM93: 2.4133517 | EN93: 2.7273819 | EO93: 4.2665621 | EP93: 1.2362528 | EQ93: 3.4856249 | ER93: 6.7869411 | EW93: 0.012123991 | EX93: 0.76247986 | EY93: 4.5061095 | EZ93: 9.551804 | FB93: 1.1458417 | FC93: 1.7366626 | FD93: 12.305847 | FE93: 7.2811341 | FF93: 0.12495934 | FH93: 0.00024171351
A94: 39692 | B94: 0.12503491 | C94: 0.067458415 | D94: 0.15301061 | E94: 0.015031817 | F94: 2.3567136 | H94: 3.895882 | I94: 8.7046895 | J94: 8.6727071 | O94: 3.8080053 | P94: 9.7218976 | R94: 0.013167425 | S94: 0.70841903 | T94: 5.1822939 | V94: 117.24253 | X94: 322.02732 | Z94: 0.0032900606 | AA94: 0.087747951 | AB94: 0.0024560651 | AD94: 8.0573684 | AE94: 0.010212184 | AG94: 0.0082132568 | AH94: 0.82274485 | AI94: 0.0024634549 | AL94: 0.012274969 | AM94: 0.0092799227 | AN94: 1.3534105 | AP94: 0.39417241 | AQ94: 0.012180255 | AR94: 1.2889779 | AT94: 2.6902923 | AU94: 0.15005107 | AV94: 5.8773855 | AZ94: 18.300043 | BA94: 0.33622597 | BB94: 3.1963215 | BC94: 9.7312531 | BD94: 9.9199362 | BF94: 0.17085071 | BG94: 4.8716032 | BH94: 9.2868649 | BI94: 1.5447423 | BJ94: 10.034503 | BK94: 2.7967735 | BL94: 0.53250706 | BM94: 0.00050673714 | BO94: 0.035334986 | BP94: 0.10519316 | BQ94: 0.80193768 | BR94: 0.67275139 | BS94: 0.049124441 | BT94: 0.090299406 | BU94: 0.11258616 | BV94: 0.00045213643 | BW94: 5.7422824e-05 | BY94: 8.9699861 | BZ94: 1.6236462 | CA94: 9.6964141 | CB94: 0.05342817 | CC94: 0.067485592 | CD94: 8.3759821 | CE94: 0.028133078 | CG94: 0.0053901177 | CI94: 9.782939 | CJ94: 0.0040438639 | CK94: 0.62033085 | CL94: 0.042788763 | CN94: 9.4387447 | CO94: 9.5408034 | CP94: 0.63416207 | CQ94: 0.0025918172 | CS94: 2.1567991 | CT94: 0.3820026 | CV94: 9.3364106 | CX94: 0.14998253 | CY94: 0.47104338 | CZ94: 0.23327948 | DA94: 0.0020827594 | DC94: 0.85170628 | DD94: 0.11084333 | DF94: 0.71648622 | DG94: 0.036770319 | DH94: 9.560925 | DI94: 0.49630464 | DK94: 0.0064620598 | DL94: 0.17096821 | DM94: 1.1586969 | DN94: 16.241863 | DO94: 0.05387327 | DP94: 6.1059344 | DQ94: 0.0012629227 | DT94: 3.3592611 | DU94: 9.9488478 | DW94: 2.3006203 | DX94: 0.24934368 | DY94: 0.010418508 | DZ94: 1.3488461 | EA94: 0.01264643 | EB94: 0.16843496 | EC94: 0.61391975 | ED94: 0.68602019 | EE94: 3.7833692 | EF94: 15.652467 | EG94: 9.8267416 | EH94: 0.41070703 | EJ94: 9.1988425 | EL94: 2.7544054 | EM94: 2.4721556 | EN94: 2.8039298 | EO94: 4.178965 | EP94: 1.2582488 | EQ94: 3.3776015 | ER94: 6.7518322 | EW94: 0.011323608 | EX94: 0.78539895 | EY94: 4.4723603 | EZ94: 9.2759982 | FB94: 1.1754324 | FC94: 1.7773741 | FD94: 11.584282 | FE94: 7.3945752 | FF94: 0.12016348 | FH94: 0.00024606796
A95: 39722 | B95: 0.12788523 | C95: 0.065075867 | D95: 0.15614394 | E95: 0.015827965 | F95: 2.4468875 | H95: 4.0243232 | I95: 8.3997978 | J95: 9.1295626 | O95: 4.0029179 | P95: 9.3727068 | R95: 0.012818668 | S95: 0.74125234 | T95: 5.035425 | V95: 101.60779 | X95: 312.6442 | Z95: 0.0035019379 | AA95: 0.085971869 | AB95: 0.0024721915 | AD95: 7.4205117 | AE95: 0.010200155 | AG95: 0.0074005227 | AH95: 0.85445451 | AI95: 0.0023242539 | AL95: 0.012212558 | AM95: 0.0097452498 | AN95: 1.3032448 | AP95: 0.37692155 | AQ95: 0.011680569 | AR95: 1.2429381 | AT95: 2.8002402 | AU95: 0.15408335 | AV95: 6.1250526 | AZ95: 17.747077 | BA95: 0.34410355 | BB95: 3.0851361 | BC95: 9.3991321 | BD95: 9.5762612 | BF95: 0.16924806 | BG95: 5.0222198 | BH95: 8.9518076 | BI95: 1.5885751 | BJ95: 9.6921645 | BK95: 2.9250806 | BL95: 0.55270409 | BM95: 0.00051533313 | BO95: 0.036689538 | BP95: 0.11280412 | BQ95: 0.84074904 | BR95: 0.70655755 | BS95: 0.044424478 | BT95: 0.076817036 | BU95: 0.11134414 | BV95: 0.0004390937 | BW95: 5.9654089e-05 | BY95: 8.6433889 | BZ95: 1.6325947 | CA95: 9.3654822 | CB95: 0.05446128 | CC95: 0.074726721 | CD95: 8.6286517 | CE95: 0.029440885 | CG95: 0.0047794715 | CI95: 9.5618058 | CJ95: 0.0041888062 | CK95: 0.53787556 | CL95: 0.043589776 | CN95: 9.2079506 | CO95: 9.200862 | CP95: 0.66545178 | CQ95: 0.0025525951 | CS95: 2.1833812 | CT95: 0.39451403 | CV95: 9.2100679 | CX95: 0.14995254 | CY95: 0.41884723 | CZ95: 0.23614236 | DA95: 0.0021531594 | DC95: 0.82904799 | DD95: 0.11572902 | DF95: 0.62390869 | DG95: 0.035876542 | DH95: 9.2131366 | DI95: 0.5148709 | DK95: 0.0066922219 | DL95: 0.16679989 | DM95: 1.0649533 | DN95: 17.013106 | DO95: 0.054779938 | DP95: 6.3612215 | DQ95: 0.0011956898 | DT95: 3.0592967 | DU95: 9.5944686 | DW95: 2.1731619 | DX95: 0.25151343 | DY95: 0.010948943 | DZ95: 1.4266224 | EA95: 0.012252621 | EB95: 0.15548587 | EC95: 0.61236846 | ED95: 0.71347859 | EE95: 3.8542656 | EF95: 15.179632 | EG95: 9.4913617 | EH95: 0.35535194 | EJ95: 8.9154767 | EL95: 2.8989941 | EM95: 2.5794738 | EN95: 2.911889 | EO95: 4.1656518 | EP95: 1.3077421 | EQ95: 3.1674034 | ER95: 6.8815518 | EW95: 0.010918386 | EX95: 0.82943434 | EY95: 4.4291714 | EZ95: 8.2870528 | FB95: 1.1997598 | FC95: 1.8540215 | FD95: 11.31977 | FE95: 7.6259218 | FF95: 0.1147851 | FH95: 0.00025572948
A96: 39753 | B96: 0.12564387 | C96: 0.063559447 | D96: 0.14635537 | E96: 0.016373796 | F96: 2.5074197 | H96: 3.9252225 | I96: 8.185758 | J96: 9.3661031 | O96: 4.1036842 | P96: 9.1054349 | Q96: 3.7202663 | R96: 0.012563835 | S96: 0.75915938 | T96: 4.8969001 | V96: 99.971654 | X96: 305.66216 | Z96: 0.0035428652 | AA96: 0.08213324 | AB96: 0.0024421764 | AD96: 7.3536791 | AE96: 0.0098355643 | AG96: 0.0071732688 | AH96: 0.86708951 | AI96: 0.0023423864 | AL96: 0.012527462 | AM96: 0.010114808 | AN96: 1.2694689 | AP96: 0.36013304 | AQ96: 0.011248604 | AR96: 1.2130783 | AT96: 2.8364758 | AU96: 0.15139961 | AV96: 6.2529448 | AZ96: 17.293229 | BA96: 0.33270293 | BB96: 3.0413344 | BC96: 9.143334 | BD96: 9.3143531 | BF96: 0.1632128 | BG96: 4.5911791 | BH96: 8.7038661 | BI96: 1.6077535 | BJ96: 9.4462054 | BK96: 2.9912535 | BL96: 0.5572197 | BM96: 0.00052013683 | BO96: 0.036861187 | BP96: 0.11434389 | BQ96: 0.85802335 | BR96: 0.73537206 | BS96: 0.042041739 | BT96: 0.067373882 | BU96: 0.1130439 | BV96: 0.00038360204 | BW96: 6.1643388e-05 | BY96: 8.3767202 | BZ96: 1.5740865 | CA96: 9.1190965 | CB96: 0.053501541 | CC96: 0.078662197 | CD96: 8.7282316 | CE96: 0.030171537 | CG96: 0.0046524397 | CI96: 9.3100937 | CJ96: 0.0042245448 | CK96: 0.5329759 | CL96: 0.044195503 | CN96: 8.9763454 | CO96: 8.9155092 | CP96: 0.67773267 | CQ96: 0.0025087062 | CS96: 2.1515607 | CT96: 0.39829912 | CV96: 8.9724869 | CX96: 0.14413679 | CY96: 0.41367866 | CZ96: 0.23995433 | DA96: 0.0021602598 | DC96: 0.82088859 | DD96: 0.11931366 | DF96: 0.6128095 | DG96: 0.036340543 | DH96: 8.9704877 | DI96: 0.52475868 | DK96: 0.0068379477 | DL96: 0.16208617 | DM96: 1.0108806 | DN96: 17.504012 | DO96: 0.056071243 | DP96: 6.4673884 | DQ96: 0.0011187114 | DT96: 2.894858 | DU96: 9.3163523 | DW96: 2.1162941 | DX96: 0.25020802 | DY96: 0.011219046 | DZ96: 1.4563254 | EA96: 0.011772229 | EB96: 0.14319685 | EC96: 0.41355585 | ED96: 0.72678566 | EE96: 3.8611766 | EF96: 14.86418 | EG96: 9.2083946 | EH96: 0.35062907 | EJ96: 8.6756032 | EL96: 2.9529486 | EM96: 2.6449074 | EN96: 2.9642447 | EO96: 4.1868919 | EP96: 1.2947459 | EQ96: 2.9909266 | ER96: 6.7004824 | EW96: 0.010657571 | EX96: 0.84686242 | EY96: 4.3305229 | EZ96: 7.9402119 | FB96: 1.044779 | FC96: 1.8925951 | FD96: 10.518038 | FE96: 7.6483336 | FF96: 0.11106308 | FH96: 0.00025987961
A97: 39783 | B97: 0.1270357 | C97: 0.070065688 | D97: 0.14455068 | E97: 0.017077 | F97: 2.5147348 | H97: 3.8465811 | I97: 8.8570187 | J97: 9.6229536 | O97: 4.1585561 | P97: 9.8488375 | R97: 0.013512888 | S97: 0.78238626 | T97: 5.3459335 | V97: 97.373521 | X97: 329.52561 | Z97: 0.0036995315 | AA97: 0.088053408 | AB97: 0.0024924536 | AD97: 7.3944155 | AE97: 0.0107879 | AG97: 0.0072975463 | AH97: 0.88620367 | AI97: 0.0024963335 | AL97: 0.013469369 | AM97: 0.010407662 | AN97: 1.3514439 | AP97: 0.3743426 | AQ97: 0.012352686 | AR97: 1.3021953 | AT97: 2.8598539 | AU97: 0.15287255 | AV97: 6.4356256 | AZ97: 18.70293 | BA97: 0.32081281 | BB97: 3.153967 | BC97: 9.8752535 | BD97: 10.072059 | BF97: 0.15841508 | BG97: 4.5081542 | BH97: 9.4735544 | BI97: 1.6395999 | BJ97: 10.192202 | BK97: 3.0523508 | BL97: 0.56450221 | BM97: 0.00051954366 | BO97: 0.038133459 | BP97: 0.11433907 | BQ97: 0.88136605 | BR97: 0.7525682 | BS97: 0.045488136 | BT97: 0.076626556 | BU97: 0.11609685 | BV97: 0.00041424473 | BW97: 6.3674258e-05 | BY97: 8.9613693 | BZ97: 1.6238603 | CA97: 9.8708985 | CB97: 0.053149687 | CC97: 0.085110768 | CD97: 8.652068 | CE97: 0.030890505 | CG97: 0.0048308584 | CI97: 10.044356 | CJ97: 0.0043066878 | CK97: 0.55399291 | CL97: 0.043619519 | CN97: 9.7233783 | CO97: 9.6082783 | CP97: 0.69364907 | CQ97: 0.0026095862 | CS97: 2.2268876 | CT97: 0.41175599 | CV97: 9.7393939 | CX97: 0.14664514 | CY97: 0.41749818 | CZ97: 0.24505179 | DA97: 0.0020849852 | DC97: 0.88481616 | DD97: 0.11781611 | DF97: 0.63745963 | DG97: 0.036640882 | DH97: 9.6537895 | DI97: 0.53506708 | DK97: 0.0065814603 | DL97: 0.17617247 | DM97: 1.0229091 | DN97: 17.962815 | DO97: 0.058066879 | DP97: 6.6097066 | DQ97: 0.0011415351 | DT97: 2.9174376 | DU97: 10.051037 | DW97: 2.2222526 | DX97: 0.25098995 | DY97: 0.011358141 | DZ97: 1.4969903 | EA97: 0.012763523 | EB97: 0.15266506 | EC97: 0.42438802 | ED97: 0.74135327 | EE97: 4.004925 | EF97: 16.080619 | EG97: 9.920355 | EH97: 0.36349404 | EJ97: 9.3563414 | EL97: 3.0127389 | EM97: 2.712936 | EN97: 3.0464667 | EO97: 4.2920879 | EP97: 1.3085348 | EQ97: 3.0030745 | ER97: 7.1038423 | EW97: 0.01191594 | EX97: 0.87092755 | EY97: 4.6073435 | EZ97: 8.3789461 | FB97: 0.86717787 | FC97: 1.9397512 | FD97: 10.435661 | FE97: 7.7676303 | FF97: 0.11189442 | FH97: 0.00026317055
A98: 39814 | B98: 0.12586579 | C98: 0.068117807 | D98: 0.14418998 | E98: 0.01730138 | F98: 2.5280359 | H98: 3.8549236 | I98: 8.7315911 | J98: 9.6356318 | O98: 3.5766786 | P98: 9.7645646 | R98: 0.013331213 | S98: 0.7901484 | T98: 5.2220846 | V98: 102.1618 | X98: 329.77247 | Z98: 0.0037594725 | AA98: 0.088520155 | AB98: 0.0024803252 | AD98: 7.4704097 | AE98: 0.010710967 | AG98: 0.0075906209 | AH98: 0.90035768 | AI98: 0.0025264162 | AL98: 0.013407819 | AM98: 0.010387712 | AN98: 1.3386013 | AP98: 0.36281356 | AQ98: 0.012227508 | AR98: 1.2927283 | AT98: 2.8677078 | AU98: 0.15383327 | AV98: 6.5215361 | AX98: 8.0786726 | AZ98: 18.417227 | BA98: 0.30003746 | BB98: 3.216571 | BC98: 9.7630728 | BD98: 9.9352138 | BF98: 0.16342171 | BG98: 4.5666956 | BH98: 9.3357148 | BI98: 1.6930819 | BJ98: 10.046538 | BK98: 3.0608607 | BL98: 0.55437831 | BM98: 0.00052325903 | BO98: 0.039468027 | BP98: 0.11163759 | BQ98: 0.88642874 | BR98: 0.75885976 | BS98: 0.04281581 | BT98: 0.077696135 | BU98: 0.11713493 | BV98: 0.0004189662 | BW98: 6.4044767e-05 | BY98: 8.7363768 | BZ98: 1.6033738 | CA98: 9.7624728 | CB98: 0.051088149 | CC98: 0.085907345 | CD98: 8.6647407 | CE98: 0.030998845 | CG98: 0.0049656493 | CI98: 10.166807 | CJ98: 0.0042878254 | CK98: 0.56397528 | CL98: 0.043905911 | CN98: 9.8913924 | CO98: 9.4093139 | CP98: 0.7016075 | CQ98: 0.0025627577 | CS98: 2.229719 | CT98: 0.42015324 | CV98: 9.4286327 | CX98: 0.14593967 | CY98: 0.40658254 | CZ98: 0.24495832 | DA98: 0.0019514897 | DC98: 0.87271606 | DD98: 0.11946717 | DF98: 0.65706358 | DG98: 0.036899808 | DH98: 9.5864027 | DI98: 0.53648137 | DK98: 0.0057772867 | DL98: 0.17485024 | DM98: 1.0331826 | DN98: 18.046933 | DO98: 0.058442951 | DP98: 6.6289954 | DQ98: 0.0011237226 | DT98: 2.7630981 | DU98: 9.8912099 | DW98: 2.0534272 | DX98: 0.23110034 | DY98: 0.011288432 | DZ98: 1.5113348 | EA98: 0.012240654 | EB98: 0.14400279 | EC98: 0.43257089 | ED98: 0.76451213 | EE98: 4.0024732 | EF98: 15.991648 | EG98: 9.7806636 | EH98: 0.37098506 | EJ98: 9.1529109 | EL98: 3.0133586 | EM98: 2.692488 | EN98: 3.056342 | EO98: 4.304044 | EP98: 1.3205238 | EQ98: 2.979126 | ER98: 7.1904668 | EW98: 0.011659965 | EX98: 0.87215548 | EY98: 4.5243918 | EZ98: 8.1801916 | FB98: 0.88440516 | FC98: 1.9512211 | FD98: 10.114567 | FE98: 7.8500486 | FF98: 0.11865031 | FH98: 0.00025981963
A99: 39845 | B99: 0.12120284 | C99: 0.065159728 | D99: 0.14614153 | E99: 0.017648963 | F99: 2.5272921 | H99: 3.9229283 | I99: 8.5479486 | J99: 9.6139968 | O99: 3.4749759 | P99: 9.5559114 | Q99: 3.8183869 | R99: 0.012731705 | S99: 0.79741947 | T99: 5.0876937 | V99: 103.50898 | X99: 322.13975 | Z99: 0.0037702701 | AA99: 0.089569874 | AB99: 0.0024896926 | AD99: 7.4831154 | AE99: 0.01032974 | AG99: 0.0077830933 | AH99: 0.90961604 | AI99: 0.0023059463 | AL99: 0.012776602 | AM99: 0.010419698 | AN99: 1.2967002 | AP99: 0.33800974 | AQ99: 0.011927502 | AR99: 1.2768595 | AT99: 2.8841847 | AU99: 0.15510543 | AV99: 6.6170642 | AX99: 8.1491511 | AZ99: 17.89967 | BA99: 0.29736761 | BB99: 3.1557278 | BC99: 9.5307828 | BD99: 9.726534 | BF99: 0.16647898 | BG99: 4.5331088 | BH99: 9.1607768 | BI99: 1.6301091 | BJ99: 9.7090259 | BK99: 3.0591423 | BL99: 0.55059069 | BM99: 0.00055714956 | BO99: 0.038810681 | BP99: 0.11109779 | BQ99: 0.90217315 | BR99: 0.76132105 | BS99: 0.039615315 | BT99: 0.085727654 | BU99: 0.11727312 | BV99: 0.00039944593 | BW99: 6.660268e-05 | BY99: 8.4892586 | BZ99: 1.546493 | CA99: 9.5423171 | CB99: 0.048952599 | CC99: 0.084605889 | CD99: 8.7361666 | CE99: 0.026411113 | CF99: 0.052584133 | CG99: 0.0047566353 | CI99: 10.022738 | CJ99: 0.0043706794 | CK99: 0.56485172 | CL99: 0.043982887 | CN99: 9.6737771 | CO99: 9.340278 | CP99: 0.69960317 | CQ99: 0.0025567071 | CS99: 2.2110273 | CT99: 0.41958167 | CV99: 9.286893 | CX99: 0.14317186 | CY99: 0.3925727 | CZ99: 0.24214209 | DA99: 0.0018388924 | DC99: 0.85748495 | DD99: 0.11824114 | DF99: 0.65732473 | DG99: 0.037204343 | DH99: 9.415645 | DI99: 0.54282924 | DK99: 0.0058240739 | DL99: 0.16890652 | DM99: 1.0654649 | DN99: 18.184198 | DO99: 0.059584528 | DP99: 6.7170026 | DQ99: 0.0011091248 | DT99: 2.4598523 | DU99: 9.6418508 | DW99: 1.999465 | DX99: 0.20879841 | DY99: 0.011528398 | DZ99: 1.5276245 | EA99: 0.01193056 | EB99: 0.1418493 | EC99: 0.44084844 | ED99: 0.76974456 | EE99: 3.9502713 | EF99: 15.596788 | EG99: 9.5894079 | EH99: 0.37393925 | EJ99: 8.9278529 | EL99: 3.0300945 | EM99: 2.7137121 | EN99: 3.05821 | EO99: 4.3116472 | EP99: 1.3198155 | EQ99: 2.8588868 | ER99: 7.056812 | EW99: 0.011311411 | EX99: 0.88177665 | EY99: 4.3576973 | EZ99: 7.9149602 | FB99: 0.90595628 | FC99: 1.9639739 | FD99: 10.282149 | FE99: 7.9675056 | FF99: 0.1197267 | FH99: 0.00026542548
A100: 39873 | B100: 0.12227313 | C100: 0.068023955 | D100: 0.15176909 | E100: 0.018395132 | F100: 2.6279021 | H100: 4.0901075 | I100: 9.0552359 | J100: 9.9279341 | O100: 3.5745089 | P100: 10.046576 | R100: 0.013353223 | S100: 0.82192965 | T100: 5.3690628 | V100: 106.62426 | X100: 340.65691 | Z100: 0.0038718719 | AA100: 0.088327399 | AB100: 0.0026184587 | AD100: 7.6463227 | AE100: 0.010853596 | AG100: 0.0080451666 | AH100: 0.93909584 | AI100: 0.0024361153 | AL100: 0.013746087 | AM100: 0.010739436 | AN100: 1.3680095 | AP100: 0.37400348 | AQ100: 0.012521436 | AR100: 1.3535687 | AT100: 3.0080366 | AU100: 0.16041613 | AV100: 6.9293348 | AX100: 8.4814731 | AZ100: 18.826954 | BA100: 0.30723955 | BB100: 3.265801 | BC100: 10.07756 | BD100: 10.303358 | BF100: 0.17145521 | BG100: 4.6798577 | BH100: 9.6667389 | BI100: 1.6337956 | BJ100: 10.4708 | BK100: 3.1554221 | BL100: 0.5597206 | BM100: 0.00056070008 | BO100: 0.040377453 | BP100: 0.11396899 | BQ100: 0.9345506 | BR100: 0.79093319 | BS100: 0.041183482 | BT100: 0.087622363 | BU100: 0.11681596 | BV100: 0.00041534663 | BW100: 6.6810159e-05 | BY100: 8.9652162 | BZ100: 1.5900207 | CA100: 10.097121 | CB100: 0.050873375 | CC100: 0.082841868 | CD100: 9.0254474 | CE100: 0.026511166 | CF100: 0.054495722 | CG100: 0.004852258 | CI100: 10.622609 | CJ100: 0.0045015888 | CK100: 0.41254192 | CL100: 0.044965301 | CN100: 10.231337 | CO100: 9.8584174 | CP100: 0.72779964 | CQ100: 0.00269581 | CS100: 2.2649005 | CT100: 0.44553617 | CV100: 9.8960492 | CX100: 0.1466012 | CY100: 0.40286005 | CZ100: 0.24291699 | DA100: 0.0017831758 | DC100: 0.90937374 | DD100: 0.1175723 | DF100: 0.68689575 | DG100: 0.037620079 | DH100: 10.055431 | DI100: 0.55713664 | DK100: 0.0060448275 | DL100: 0.17873938 | DM100: 1.1183535 | DN100: 18.69134 | DO100: 0.06148292 | DP100: 7.0038787 | DQ100: 0.0011405347 | DT100: 2.6321978 | DU100: 10.276019 | DW100: 2.1214655 | DX100: 0.22603534 | DY100: 0.012214832 | DZ100: 1.587697 | EA100: 0.012609707 | EB100: 0.14912223 | EC100: 0.46310516 | ED100: 0.78727999 | EE100: 4.0356138 | EF100: 16.447298 | EG100: 10.235842 | EH100: 0.37583837 | EJ100: 9.4555361 | EL100: 3.1329971 | EM100: 2.8007184 | EN100: 3.1512904 | EO100: 4.5426551 | EP100: 1.3689012 | EQ100: 2.9545728 | ER100: 7.2415845 | EW100: 0.01203599 | EX100: 0.91361994 | EY100: 4.5829874 | EZ100: 8.0537025 | FB100: 0.95168737 | FC100: 2.0172546 | FD100: 10.449013 | FE100: 8.273516 | FF100: 0.12116559 | FH100: 0.00027453225
...

Sheet TCRB_2001.12-100
A1: mes | B1: Afghanistan, Islamic Republic of | C1: Albania | D1: Algeria | E1: Angola | F1: Antigua and Barbuda | G1: Armenia, Republic of | H1: Aruba, Kingdom of the Netherlands | I1: Austria | J1: Azerbaijan, Republic of | K1: Bahamas, The | L1: Bahrain, Kingdom of | M1: Bangladesh | N1: Barbados | O1: Belarus, Republic of | P1: Belgium | Q1: Belize | R1: Benin | S1: Bolivia | T1: Bosnia and Herzegovina | U1: Botswana | V1: Brazil | W1: Brunei Darussalam | X1: Bulgaria | Y1: Burkina Faso | Z1: Burundi | AA1: Cabo Verde | AB1: Cambodia | AC1: Cameroon | AD1: Canada | AE1: Central African Republic | AF1: Chad | AG1: Chile | AH1: China, People's Republic of | AI1: Colombia | AJ1: Comoros, Union of the | AK1: Congo, Democratic Republic of the | AL1: Congo, Republic of | AM1: Costa Rica | AN1: Croatia, Republic of | AO1: Curaçao, Kingdom of the Netherlands | AP1: Czech Republic | AQ1: Côte d'Ivoire | AR1: Denmark | AS1: Djibouti | AT1: Dominica | AU1: Dominican Republic | AV1: Ecuador | AW1: Egypt, Arab Republic of | AX1: El Salvador | AY1: Equatorial Guinea, Republic of | AZ1: Estonia, Republic of | BA1: Ethiopia, The Federal Democratic Republic of | BB1: Fiji, Republic of | BC1: Finland | BD1: France | BE1: Gabon | BF1: Gambia, The | BG1: Georgia | BH1: Germany | BI1: Ghana | BJ1: Greece | BK1: Grenada | BL1: Guatemala | BM1: Guinea | BN1: Guinea-Bissau | BO1: Guyana | BP1: Haiti | BQ1: Honduras | BR1: Hong Kong Special Administrative Region, People's Republic of China | BS1: Hungary | BT1: Iceland | BU1: India | BV1: Indonesia | BW1: Iran, Islamic Republic of | BX1: Iraq | BY1: Ireland | BZ1: Israel | CA1: Italy | CB1: Jamaica | CC1: Japan | CD1: Jordan | CE1: Kazakhstan, Republic of | CF1: Kenya | CG1: Korea, Republic of | CH1: Kuwait | CI1: Latvia, Republic of | CJ1: Lebanon | CK1: Lesotho, Kingdom of | CL1: Liberia | CM1: Libya | CN1: Lithuania, Republic of | CO1: Luxembourg | CP1: Macao Special Administrative Region, People's Republic of China | CQ1: Madagascar, Republic of | CR1: Malawi | CS1: Malaysia | CT1: Maldives | CU1: Mali | CV1: Malta | CW1: Mauritania, Islamic Republic of | CX1: Mauritius | CY1: Mexico | CZ1: Moldova, Republic of | DA1: Mongolia | DB1: Montenegro | DC1: Morocco | DD1: Mozambique, Republic of | DE1: Myanmar | DF1: Namibia | DG1: Nepal | DH1: Netherlands, The | DI1: Nicaragua | DJ1: Niger | DK1: Nigeria | DL1: North Macedonia, Republic of | DM1: Norway | DN1: Oman | DO1: Pakistan | DP1: Panama | DQ1: Paraguay | DR1: Peru | DS1: Philippines | DT1: Poland, Republic of | DU1: Portugal | DV1: Qatar | DW1: Romania | DX1: Russian Federation | DY1: Rwanda | DZ1: Saudi Arabia | EA1: Senegal | EB1: Serbia, Republic of | EC1: Seychelles | ED1: Sierra Leone | EE1: Singapore | EF1: Slovak Republic | EG1: Slovenia, Republic of | EH1: South Africa | EI1: South Sudan, Republic of | EJ1: Spain | EK1: Sri Lanka | EL1: St. Kitts and Nevis | EM1: St. Lucia | EN1: St. Vincent and the Grenadines | EO1: Sudan | EP1: Suriname | EQ1: Sweden | ER1: Switzerland | ES1: Syrian Arab Republic | ET1: São Tomé and Príncipe, Democratic Republic of | EU1: Tanzania, United Republic of | EV1: Thailand | EW1: Togo | EX1: Trinidad and Tobago | EY1: Tunisia | EZ1: Türkiye, Republic of | FA1: Uganda | FB1: Ukraine | FC1: United Arab Emirates | FD1: United Kingdom | FE1: United States | FF1: Uruguay | FG1: Uzbekistan, Republic of | FH1: Vietnam | FI1: Zambia | FJ1: Zimbabwe
A2: 36892 | B2: =IFERROR(TCRB!B2/TCRB!B$181*100,"") -> 0 | C2: =IFERROR(TCRB!C2/TCRB!C$181*100,"") -> 0 | D2: =IFERROR(TCRB!D2/TCRB!D$181*100,"") -> 0 | E2: =IFERROR(TCRB!E2/TCRB!E$181*100,"") -> 0 | F2: =IFERROR(TCRB!F2/TCRB!F$181*100,"") -> 33.312721 | G2: =IFERROR(TCRB!G2/TCRB!G$181*100,"") -> 0 | H2: =IFERROR(TCRB!H2/TCRB!H$181*100,"") -> 32.008645 | I2: =IFERROR(TCRB!I2/TCRB!I$181*100,"") -> 29.287527 | ... FJ2: =IFERROR(TCRB!FJ2/TCRB!FJ$181*100,"")
A3: 36923 | B3: =IFERROR(TCRB!B3/TCRB!B$181*100,"") -> 0 | C3: =IFERROR(TCRB!C3/TCRB!C$181*100,"") -> 0 | D3: =IFERROR(TCRB!D3/TCRB!D$181*100,"") -> 0 | E3: =IFERROR(TCRB!E3/TCRB!E$181*100,"") -> 0 | F3: =IFERROR(TCRB!F3/TCRB!F$181*100,"") -> 33.356709 | G3: =IFERROR(TCRB!G3/TCRB!G$181*100,"") -> 0 | H3: =IFERROR(TCRB!H3/TCRB!H$181*100,"") -> 32.125639 | I3: =IFERROR(TCRB!I3/TCRB!I$181*100,"") -> 28.947784 | ... FJ3: =IFERROR(TCRB!FJ3/TCRB!FJ$181*100,"")
A4: 36951 | B4: =IFERROR(TCRB!B4/TCRB!B$181*100,"") -> 0 | C4: =IFERROR(TCRB!C4/TCRB!C$181*100,"") -> 0 | D4: =IFERROR(TCRB!D4/TCRB!D$181*100,"") -> 0 | E4: =IFERROR(TCRB!E4/TCRB!E$181*100,"") -> 0 | F4: =IFERROR(TCRB!F4/TCRB!F$181*100,"") -> 33.342791 | G4: =IFERROR(TCRB!G4/TCRB!G$181*100,"") -> 0 | H4: =IFERROR(TCRB!H4/TCRB!H$181*100,"") -> 32.108901 | I4: =IFERROR(TCRB!I4/TCRB!I$181*100,"") -> 28.56647 | ... FJ4: =IFERROR(TCRB!FJ4/TCRB!FJ$181*100,"")
A5: 36982 | B5: =IFERROR(TCRB!B5/TCRB!B$181*100,"") -> 0 | C5: =IFERROR(TCRB!C5/TCRB!C$181*100,"") -> 0 | D5: =IFERROR(TCRB!D5/TCRB!D$181*100,"") -> 0 | E5: =IFERROR(TCRB!E5/TCRB!E$181*100,"") -> 0 | F5: =IFERROR(TCRB!F5/TCRB!F$181*100,"") -> 33.059481 | G5: =IFERROR(TCRB!G5/TCRB!G$181*100,"") -> 0 | H5: =IFERROR(TCRB!H5/TCRB!H$181*100,"") -> 31.967474 | I5: =IFERROR(TCRB!I5/TCRB!I$181*100,"") -> 27.967333 | ... FJ5: =IFERROR(TCRB!FJ5/TCRB!FJ$181*100,"")
A6: 37012 | B6: =IFERROR(TCRB!B6/TCRB!B$181*100,"") -> 0 | C6: =IFERROR(TCRB!C6/TCRB!C$181*100,"") -> 0 | D6: =IFERROR(TCRB!D6/TCRB!D$181*100,"") -> 0 | E6: =IFERROR(TCRB!E6/TCRB!E$181*100,"") -> 0 | F6: =IFERROR(TCRB!F6/TCRB!F$181*100,"") -> 33.592106 | G6: =IFERROR(TCRB!G6/TCRB!G$181*100,"") -> 0 | H6: =IFERROR(TCRB!H6/TCRB!H$181*100,"") -> 32.05111 | I6: =IFERROR(TCRB!I6/TCRB!I$181*100,"") -> 27.445087 | ... FJ6: =IFERROR(TCRB!FJ6/TCRB!FJ$181*100,"")
A7: 37043 | B7: =IFERROR(TCRB!B7/TCRB!B$181*100,"") -> 0 | C7: =IFERROR(TCRB!C7/TCRB!C$181*100,"") -> 0 | D7: =IFERROR(TCRB!D7/TCRB!D$181*100,"") -> 0 | E7: =IFERROR(TCRB!E7/TCRB!E$181*100,"") -> 0 | F7: =IFERROR(TCRB!F7/TCRB!F$181*100,"") -> 33.319465 | G7: =IFERROR(TCRB!G7/TCRB!G$181*100,"") -> 0 | H7: =IFERROR(TCRB!H7/TCRB!H$181*100,"") -> 32.345453 | I7: =IFERROR(TCRB!I7/TCRB!I$181*100,"") -> 27.032862 | ... FJ7: =IFERROR(TCRB!FJ7/TCRB!FJ$181*100,"")
A8: 37073 | B8: =IFERROR(TCRB!B8/TCRB!B$181*100,"") -> 0 | C8: =IFERROR(TCRB!C8/TCRB!C$181*100,"") -> 0 | D8: =IFERROR(TCRB!D8/TCRB!D$181*100,"") -> 0 | E8: =IFERROR(TCRB!E8/TCRB!E$181*100,"") -> 0 | F8: =IFERROR(TCRB!F8/TCRB!F$181*100,"") -> 33.530952 | G8: =IFERROR(TCRB!G8/TCRB!G$181*100,"") -> 0 | H8: =IFERROR(TCRB!H8/TCRB!H$181*100,"") -> 32.510086 | I8: =IFERROR(TCRB!I8/TCRB!I$181*100,"") -> 27.385268 | ... FJ8: =IFERROR(TCRB!FJ8/TCRB!FJ$181*100,"")
A9: 37104 | B9: =IFERROR(TCRB!B9/TCRB!B$181*100,"") -> 0 | C9: =IFERROR(TCRB!C9/TCRB!C$181*100,"") -> 0 | D9: =IFERROR(TCRB!D9/TCRB!D$181*100,"") -> 0 | E9: =IFERROR(TCRB!E9/TCRB!E$181*100,"") -> 0 | F9: =IFERROR(TCRB!F9/TCRB!F$181*100,"") -> 33.70041 | G9: =IFERROR(TCRB!G9/TCRB!G$181*100,"") -> 0 | H9: =IFERROR(TCRB!H9/TCRB!H$181*100,"") -> 32.65227 | I9: =IFERROR(TCRB!I9/TCRB!I$181*100,"") -> 28.698228 | ... FJ9: =IFERROR(TCRB!FJ9/TCRB!FJ$181*100,"")
A10: 37135 | B10: =IFERROR(TCRB!B10/TCRB!B$181*100,"") -> 0 | C10: =IFERROR(TCRB!C10/TCRB!C$181*100,"") -> 0 | D10: =IFERROR(TCRB!D10/TCRB!D$181*100,"") -> 0 | E10: =IFERROR(TCRB!E10/TCRB!E$181*100,"") -> 0 | F10: =IFERROR(TCRB!F10/TCRB!F$181*100,"") -> 33.690866 | G10: =IFERROR(TCRB!G10/TCRB!G$181*100,"") -> 0 | H10: =IFERROR(TCRB!H10/TCRB!H$181*100,"") -> 32.764732 | I10: =IFERROR(TCRB!I10/TCRB!I$181*100,"") -> 29.144844 | ... FJ10: =IFERROR(TCRB!FJ10/TCRB!FJ$181*100,"")
A11: 37165 | B11: =IFERROR(TCRB!B11/TCRB!B$181*100,"") -> 0 | C11: =IFERROR(TCRB!C11/TCRB!C$181*100,"") -> 0 | D11: =IFERROR(TCRB!D11/TCRB!D$181*100,"") -> 0 | E11: =IFERROR(TCRB!E11/TCRB!E$181*100,"") -> 0 | F11: =IFERROR(TCRB!F11/TCRB!F$181*100,"") -> 33.889279 | G11: =IFERROR(TCRB!G11/TCRB!G$181*100,"") -> 0 | H11: =IFERROR(TCRB!H11/TCRB!H$181*100,"") -> 33.007962 | I11: =IFERROR(TCRB!I11/TCRB!I$181*100,"") -> 29.132928 | ... FJ11: =IFERROR(TCRB!FJ11/TCRB!FJ$181*100,"")
A12: 37196 | B12: =IFERROR(TCRB!B12/TCRB!B$181*100,"") -> 0 | C12: =IFERROR(TCRB!C12/TCRB!C$181*100,"") -> 0 | D12: =IFERROR(TCRB!D12/TCRB!D$181*100,"") -> 0 | E12: =IFERROR(TCRB!E12/TCRB!E$181*100,"") -> 0 | F12: =IFERROR(TCRB!F12/TCRB!F$181*100,"") -> 34.08827 | G12: =IFERROR(TCRB!G12/TCRB!G$181*100,"") -> 0 | H12: =IFERROR(TCRB!H12/TCRB!H$181*100,"") -> 33.140554 | I12: =IFERROR(TCRB!I12/TCRB!I$181*100,"") -> 28.634132 | ... FJ12: =IFERROR(TCRB!FJ12/TCRB!FJ$181*100,"")
A13: 37226 | B13: =IFERROR(TCRB!B13/TCRB!B$181*100,"") -> 0 | C13: =IFERROR(TCRB!C13/TCRB!C$181*100,"") -> 0 | D13: =IFERROR(TCRB!D13/TCRB!D$181*100,"") -> 0 | E13: =IFERROR(TCRB!E13/TCRB!E$181*100,"") -> 0 | F13: =IFERROR(TCRB!F13/TCRB!F$181*100,"") -> 34.129756 | G13: =IFERROR(TCRB!G13/TCRB!G$181*100,"") -> 0 | H13: =IFERROR(TCRB!H13/TCRB!H$181*100,"") -> 33.292071 | I13: =IFERROR(TCRB!I13/TCRB!I$181*100,"") -> 28.84453 | ... FJ13: =IFERROR(TCRB!FJ13/TCRB!FJ$181*100,"")
... A298: 45901 | B298: =IFERROR(TCRB!B298/TCRB!B$181*100,"") -> 0 | C298: =IFERROR(TCRB!C298/TCRB!C$181*100,"") -> 184.09156 | D298: =IFERROR(TCRB!D298/TCRB!D$181*100,"") -> 123.20019 | E298: =IFERROR(TCRB!E298/TCRB!E$181*100,"") -> 104.03892 | F298: =IFERROR(TCRB!F298/TCRB!F$181*100,"") -> 120.34516 | G298: =IFERROR(TCRB!G298/TCRB!G$181*100,"") -> 150.47042 | H298: =IFERROR(TCRB!H298/TCRB!H$181*100,"") -> 0 | I298: =IFERROR(TCRB!I298/TCRB!I$181*100,"") -> 138.37649 | ... FJ298: =IFERROR(TCRB!FJ298/TCRB!FJ$181*100,"")
A299: 45931
A300: 45962
A301: 45992

Sheet Part_norm
A1: mes | B1: Afghanistan, Islamic Republic of | C1: Albania | D1: Algeria | E1: Angola | F1: Antigua and Barbuda | G1: Armenia, Republic of | H1: Aruba, Kingdom of the Netherlands | I1: Austria | J1: Azerbaijan, Republic of | K1: Bahamas, The | L1: Bahrain, Kingdom of | M1: Bangladesh | N1: Barbados | O1: Belarus, Republic of | P1: Belgium | Q1: Belize | R1: Benin | S1: Bolivia | T1: Bosnia and Herzegovina | U1: Botswana | V1: Brazil | W1: Brunei Darussalam | X1: Bulgaria | Y1: Burkina Faso | Z1: Burundi | AA1: Cabo Verde | AB1: Cambodia | AC1: Cameroon | AD1: Canada | AE1: Central African Republic | AF1: Chad | AG1: Chile | AH1: China, People's Republic of | AI1: Colombia | AJ1: Comoros, Union of the | AK1: Congo, Democratic Republic of the | AL1: Congo, Republic of | AM1: Costa Rica | AN1: Croatia, Republic of | AO1: Curaçao, Kingdom of the Netherlands | AP1: Czech Republic | AQ1: Côte d'Ivoire | AR1: Denmark | AS1: Djibouti | AT1: Dominica | AU1: Dominican Republic | AV1: Ecuador | AW1: Egypt, Arab Republic of | AX1: El Salvador | AY1: Equatorial Guinea, Republic of | AZ1: Estonia, Republic of | BA1: Ethiopia, The Federal Democratic Republic of | BB1: Fiji, Republic of | BC1: Finland | BD1: France | BE1: Gabon | BF1: Gambia, The | BG1: Georgia | BH1: Germany | BI1: Ghana | BJ1: Greece | BK1: Grenada | BL1: Guatemala | BM1: Guinea | BN1: Guinea-Bissau | BO1: Guyana | BP1: Haiti | BQ1: Honduras | BR1: Hong Kong Special Administrative Region, People's Republic of China | BS1: Hungary | BT1: Iceland | BU1: India | BV1: Indonesia | BW1: Iran, Islamic Republic of | BX1: Iraq | BY1: Ireland | BZ1: Israel | CA1: Italy | CB1: Jamaica | CC1: Japan | CD1: Jordan | CE1: Kazakhstan, Republic of | CF1: Kenya | CG1: Korea, Republic of | CH1: Kuwait | CI1: Latvia, Republic of | CJ1: Lebanon | CK1: Lesotho, Kingdom of | CL1: Liberia | CM1: Libya | CN1: Lithuania, Republic of | CO1: Luxembourg | CP1: Macao Special Administrative Region, People's Republic of China | CQ1: Madagascar, Republic of | CR1: Malawi | CS1: Malaysia | CT1: Maldives | CU1: Mali | CV1: Malta | CW1: Mauritania, Islamic Republic of | CX1: Mauritius | CY1: Mexico | CZ1: Moldova, Republic of | DA1: Mongolia | DB1: Montenegro | DC1: Morocco | DD1: Mozambique, Republic of | DE1: Myanmar | DF1: Namibia | DG1: Nepal | DH1: Netherlands, The | DI1: Nicaragua | DJ1: Niger | DK1: Nigeria | DL1: North Macedonia, Republic of | DM1: Norway | DN1: Oman | DO1: Pakistan | DP1: Panama | DQ1: Paraguay | DR1: Peru | DS1: Philippines | DT1: Poland, Republic of | DU1: Portugal | DV1: Qatar | DW1: Romania | DX1: Russian Federation | DY1: Rwanda | DZ1: Saudi Arabia | EA1: Senegal | EB1: Serbia, Republic of | EC1: Seychelles | ED1: Sierra Leone | EE1: Singapore | EF1: Slovak Republic | EG1: Slovenia, Republic of | EH1: South Africa | EI1: South Sudan, Republic of | EJ1: Spain | EK1: Sri Lanka | EL1: St. Kitts and Nevis | EM1: St. Lucia | EN1: St. Vincent and the Grenadines | EO1: Sudan | EP1: Suriname | EQ1: Sweden | ER1: Switzerland | ES1: Syrian Arab Republic | ET1: São Tomé and Príncipe, Democratic Republic of | EU1: Tanzania, United Republic of | EV1: Thailand | EW1: Togo | EX1: Trinidad and Tobago | EY1: Tunisia | EZ1: Türkiye, Republic of | FA1: Uganda | FB1: Ukraine | FC1: United Arab Emirates | FD1: United Kingdom | FE1: United States | FF1: Uruguay | FG1: Uzbekistan, Republic of | FH1: Vietnam | FI1: Zambia | FJ1: Zimbabwe
A2: 36892
A3: 36923
A4: 36951
A5: 36982
A6: 37012
A7: 37043
A8: 37073
A9: 37104
A10: 37135
A11: 37165
A12: 37196
A13: 37226
A14: 37257 | C14: 5.8983548e-05 | D14: 0.012246044 | E14: 0.00033524532 | F14: 5.9713183e-06 | I14: 7.581999e-05 | K14: 1.5255431e-05 | M14: 0.018305213 | N14: 6.5576083e-05 | P14: 0.015140507 | Q14: 2.9986156e-05 | R14: 0.00017649551 | S14: 0.0063767104 | V14: 0.072499383 | X14: 0.0013775474 | Y14: 1.1653765e-05 | AB14: 4.8150499e-05 | AC14: 0.00013313935 | AD14: 0.0017397498 | AG14: 0.032507033 | AH14: 0.061866781 | AI14: 0.0046975735 | AK14: 7.8809973e-05 | AL14: 0.00084146986 | AM14: 0.00052308836 | AN14: 1.8899977e-05 | AP14: 4.0617125e-05 | AQ14: 8.5045989e-05 | AR14: 0.035552605 | AT14: 4.3103058e-06 | AU14: 0.009802544 | AV14: 0.0057518652 | AW14: 0.040648914 | AX14: 6.9693787e-05 | AY14: 2.7006944e-07 | AZ14: 4.2710529e-06 | BA14: 5.7627837e-07 | BB14: 0.00019460383 | BD14: 0.010989057 | BE14: 9.8153636e-05 | BF14: 7.6422569e-05 | BG14: 9.1691748e-06 | BH14: 0.021738842 | BI14: 0.00039984488 | BJ14: 0.0040826272 | BK14: 3.522764e-05 | BL14: 0.0033016094 | BM14: 8.6090127e-06 | BO14: 3.528495e-05 | BP14: 6.9291613e-05 | BQ14: 0.00015549284 | BR14: 0.0024071194 | BU14: 0.071737938 | BV14: 0.0064032671 | BW14: 0.020167897 | BY14: 0.0044553237 | BZ14: 0.0015036695 | CA14: 0.075209224 | CB14: 0.00051536286 | CC14: 0.0010225265 | CD14: 0.0077576808 | CF14: 0.00070847247 | CG14: 0.012463381 | CH14: 2.4738458e-06 | CI14: 9.0895703e-06 | CJ14: 0.0039136808 | CL14: 4.8407383e-06 | CM14: 1.4615494e-05 | CO14: 3.2933588e-05 | CQ14: 0.00039230394 | CS14: 0.028008472 | CU14: 8.0058495e-05 | CV14: 0.00014032471 | CW14: 0.00019689161 | CX14: 0.0023289233 | CY14: 0.027207537 | DC14: 0.010855317 | DD14: 0.00047961622 | DF14: 1.0737336e-05 | DH14: 0.071657298 | DI14: 5.4432178e-05 | DJ14: 0.00017450564 | DK14: 0.0020465117 | DM14: 0.00012637931 | DN14: 0.0033578895 | DO14: 0.0032761794 | DP14: 0.00041568399 | DQ14: 0.0041396806 | DR14: 0.023238174 | DS14: 0.016978104 | DT14: 0.007700319 | DU14: 0.0047202619 | DV14: 4.5052271e-06 | DW14: 0.00088096226 | DX14: 0.0030450593 | DZ14: 0.0018593468 | EA14: 0.0013190094 | ED14: 4.2395774e-05 | EE14: 0.00019096349 | EH14: 0.023891016 | EJ14: 0.066250624 | EK14: 3.0931253e-05 | EL14: 3.1933391e-05 | EM14: 1.7023678e-05 | EN14: 2.8187093e-05 | EO14: 0.00022741507 | EP14: 3.7454553e-06 | EQ14: 0.0003183315 | ER14: 0.00014147658 | ES14: 0.0063516425 | EU14: 0.00013211279 | EV14: 0.022069635 | EW14: 4.1384601e-05 | EX14: 0.00016909975 | EY14: 0.010110935 | EZ14: 0.0039600358 | FB14: 1.6809747e-05 | FC14: 0.0051569156 | FD14: 0.0093993784 | FE14: 0.047155246 | FF14: 0.0060705696 | FH14: 0.012813608 | FI14: 2.4566551e-05
